{
  "poids_LS": 0.4075,
  "poids_EM": 0.5925,
  "mae_validation": 7.368186255862367,
  "matrice_de_transition": [
    [
      0.2220941667498666,
      0.003477580127925685,
      0.012602971985997408,
      0.07062877101847288,
      0.008131477667382819,
      0.04950404564819798,
      0.08594515226655151,
      0.0523705642737381,
      0.05980745859397066,
      0.051876282996739104,
      0.019948827404645177,
      0.1698087934840401,
      0.02938760677597093,
      0.04777236162722932,
      0.00894787951557891,
      0.04424635698603145,
      0.043633438759316516,
      0.007525074887750141,
      0.012291189230594798
    ],
    [
      0.00848764893561405,
      0.5065676836255973,
      0.0029121235984794426,
      0.015433775089773671,
      0.050892264649382825,
      0.010115839491992169,
      0.03745021318954033,
      0.022000903470985014,
      0.058702292520264834,
      0.013250253695837783,
      0.003376121550872638,
      0.02007208157123266,
      0.013087173893282815,
      0.00021429672235734264,
      0.028893233774090227,
      0.06422261129134725,
      0.08029619283166735,
      0.01300535292158852,
      0.051019937176093766
    ],
    [
      0.02740766975512003,
      0.02338338542237912,
      0.3140596572473024,
      0.02062967591650016,
      0.023324606335543167,
      0.018025777322503437,
      0.0574389137183215,
      0.16993683415260097,
      0.01093801624120122,
      0.03383556911265244,
      0.00816320757631058,
      0.10513874486906484,
      0.02650720258185835,
      0.03972234413329684,
      0.02426115789476007,
      0.02701908092124206,
      0.06321384347815676,
      0.0010300566262223063,
      0.0059642566949636095
    ],
    [
      0.026791431210739725,
      0.020505464878819553,
      0.030268830563623526,
      0.17166037882374477,
      0.014685870765609843,
      0.03771780494085581,
      0.07396544882459449,
      0.04198620148909489,
      0.07039380665700655,
      0.07573244288854208,
      0.03878860942863227,
      0.08686824191977713,
      0.061294732293157364,
      0.04504475531680187,
      0.07452460764529818,
      0.05831236332530619,
      0.028460424877374123,
      0.025961425670365756,
      0.017037158480655963
    ],
    [
      0.00846168452732681,
      0.06589032909648565,
      0.012405090857732356,
      0.03242840004760548,
      0.3614747738228866,
      0.019769724139499487,
      0.06315462375479355,
      0.031587688855389894,
      0.10363452035190909,
      0.02433923870214165,
      0.0030825102771135085,
      0.022498259897492514,
      0.018342065175489978,
      0.00391058496180824,
      0.0005382905480609087,
      0.01289974508632928,
      0.038551730594034585,
      0.07780896215303122,
      0.09922177715086922
    ],
    [
      0.022125884186757244,
      0.009089065472911178,
      0.04027875141323873,
      0.01719391357281878,
      0.015602053583713875,
      0.3090795553657176,
      0.032691191020195805,
      0.016172764355501384,
      0.04002364768532907,
      0.05719588493161171,
      0.019188419482282493,
      0.08620450845173269,
      0.040769191838422605,
      0.05357258724881578,
      0.05351310984465123,
      0.05816406834342408,
      0.05776679377328196,
      0.0560049319409282,
      0.015363677488665585
    ],
    [
      0.020061042914220534,
      0.00948464083620774,
      0.05066518339772207,
      0.008912128943233106,
      0.024337428585146474,
      0.04279545069835355,
      0.234093984296581,
      0.04576509001693985,
      0.05876264428813646,
      0.03604038266415708,
      0.05926606379364455,
      0.061055956430458136,
      0.08319406193550188,
      0.013380783935825154,
      0.06798019849167145,
      0.09259854820657593,
      0.04208462955890183,
      0.03156073817560945,
      0.017961042831113754
    ],
    [
      0.013648515573112564,
      0.027358394244384295,
      0.05086559893281152,
      0.02742690991771663,
      0.027202241539167445,
      0.024639215577922615,
      0.021782800841395077,
      0.3964136037519239,
      0.006868497228407905,
      0.04414811821359016,
      0.07327125930127683,
      0.06871086742313241,
      0.011541925886449141,
      0.041452893440617616,
      0.009721367085315789,
      0.04689047293413713,
      0.03373790381328696,
      0.0354482881308298,
      0.03887112616452216
    ],
    [
      0.006078205404594346,
      0.012641660691540525,
      0.020321912193180105,
      0.026637990314264958,
      0.04646976668576159,
      0.00836955949638849,
      0.06788567025421946,
      0.036964858568851615,
      0.3614241535568562,
      0.055180451870158104,
      0.0018442796128424032,
      0.03545011391807659,
      0.07578869402254328,
      0.017641024032239685,
      0.025776845624966585,
      0.0515655784724827,
      0.05637317859921814,
      0.0364998553910766,
      0.0570862012907387
    ],
    [
      0.013899318260146246,
      0.008522290637526643,
      0.010050200602811851,
      0.014297382378370516,
      0.011963029276255204,
      0.05441590835432078,
      0.06411493634807099,
      0.06943809685237856,
      0.03188035355930601,
      0.36716123326958017,
      0.041146536974986506,
      0.059992138583320656,
      0.049906608901320725,
      0.005738006707107708,
      0.06821872059120805,
      0.04829188857070853,
      0.059818491534259104,
      0.01746274005296554,
      0.0036821185453561594
    ],
    [
      0.020692737790733287,
      0.007506510210199437,
      0.013039279263426011,
      0.04024063715655499,
      0.016439546808875834,
      0.013782033574868555,
      0.038569816936565665,
      0.10763906698218398,
      0.010624723777341482,
      0.014344533110112398,
      0.4967785832071756,
      0.1128279500055566,
      0.006865674327537984,
      0.036910891554518,
      0.011450201142781176,
      0.0317891230396797,
      0.01370629173116383,
      0.0014772832801303066,
      0.005315116100595267
    ],
    [
      0.05181406906550491,
      0.00016812628539806864,
      0.03451713937342811,
      0.025432858445788565,
      0.005666816391560333,
      0.004875376726842271,
      0.05782811726541965,
      0.050471720189743254,
      0.03172875580211094,
      0.0684310816120038,
      0.05329429383945975,
      0.43673004865944015,
      0.06124276839851392,
      0.03636110944531434,
      0.023204141037592725,
      0.023262594577700635,
      0.025918863754118088,
      0.005837892929721233,
      0.0032142262003393616
    ],
    [
      0.047649717153423865,
      0.023783353937698166,
      0.04287860383980122,
      0.0003907543723132462,
      0.034865029047060736,
      0.01866656138011907,
      0.079510405506339,
      0.04361560254366115,
      0.10453997710758728,
      0.03924441528211684,
      0.04726177664604518,
      0.04496732421428943,
      0.3183576872586994,
      0.06081478803434691,
      0.03198259756122307,
      0.03165677817993906,
      0.008478541601804748,
      0.018377123562405985,
      0.00295896277112582
    ],
    [
      0.020736461251613783,
      0.004430085994657213,
      0.01260563721192363,
      0.026819901417842868,
      0.008276137377922823,
      0.021966916793488216,
      0.04001122925091625,
      0.03515351715319405,
      0.021031254191685653,
      0.026267857838208102,
      0.00893891898104925,
      0.04512617159326585,
      0.021098841132128517,
      0.647813704670678,
      0.019269032784463746,
      0.022924666489183676,
      0.011769586765337663,
      0.003498640190723443,
      0.002261438911717163
    ],
    [
      0.03659957367462275,
      0.0018479617667714594,
      0.015259131744344796,
      0.059900345561242005,
      0.0304604892608556,
      0.04831919189254952,
      0.09335055604231768,
      0.062308247004488664,
      0.042282529688070745,
      0.09011912279585621,
      0.022685950794231618,
      0.09323365573581227,
      0.05406664217919638,
      0.05481512726173472,
      0.21108827123957263,
