{
  "poids_LS": 0.21,
  "poids_EM": 0.79,
  "mae_validation": 7.910040485836002,
  "matrice_de_transition": [
    [
      0.18042850716479228,
      0.004636773503900913,
      0.016803962647996544,
      0.08805693472436961,
      0.010841970223177093,
      0.06600539419759731,
      0.06391917405157069,
      0.04124327971578197,
      0.050206357173491006,
      0.04632037350356248,
      0.026598436539526905,
      0.1841744119635962,
      0.03918347570129457,
      0.06369648216963911,
      0.01193050602077188,
      0.04635369765489248,
      0.03317857755291252,
      0.010033433183666856,
      0.01638825230745973
    ],
    [
      0.0113168652474854,
      0.4472535229422161,
      0.0038828314646392565,
      0.020578366786364894,
      0.06785635286584377,
      0.013487785989322891,
      0.029532244013596266,
      0.028179258192078994,
      0.05981455117975092,
      0.012469320727393887,
      0.004501495401163517,
      0.011786313878001557,
      0.015887824781150063,
      0.00028572896314312354,
      0.028539793906402575,
      0.07252594459749676,
      0.09273397304920736,
      0.015289916336809354,
      0.06407790967793338
    ],
    [
      0.036543559673493375,
      0.031177847229838827,
      0.24721582392705488,
      0.023715830017780753,
      0.019260353041061506,
      0.022120014266204358,
      0.049163532536628154,
      0.16758272690919698,
      0.00676882414851464,
      0.04304616618021594,
      0.010884276768414107,
      0.11802411116107481,
      0.035342936775811136,
      0.05296312551106245,
      0.03234821052634676,
      0.02917638621713942,
      0.06534052401524727,
      0.001373408834963075,
      0.00795234225995148
    ],
    [
      0.0357219082809863,
      0.02734061983842607,
      0.04035844075149803,
      0.13139920164127322,
      0.019581161020813125,
      0.05029040658780775,
      0.05244672342776359,
      0.02340697865583676,
      0.05576649968100672,
      0.06774624593164859,
      0.051718145904843034,
      0.07273052673931343,
      0.06972993601411324,
      0.06005967375573582,
      0.09483854017654932,
      0.05755728504760696,
      0.031976261010082545,
      0.034615234227154346,
      0.022716211307541284
    ],
    [
      0.011282246036435746,
      0.08785377212864755,
      0.01654012114364314,
      0.04323786673014064,
      0.2985782429344247,
      0.026359632185999318,
      0.04830157826545325,
      0.027537618590133896,
      0.11132586329304897,
      0.015707396644119066,
      0.004110013702818011,
      0.014004879135623715,
      0.024456086900653304,
      0.005214113282410987,
      0.0007177207307478783,
      0.017199660115105705,
      0.04274561620190757,
      0.08869439001390424,
      0.11613318196478234
    ],
    [
      0.029501178915676322,
      0.01211875396388157,
      0.05370500188431831,
      0.022925218097091707,
      0.0208027381116185,
      0.2194337722369714,
      0.018147478878130695,
      0.020226646960702397,
      0.04051571084195149,
      0.05305882636231846,
      0.025584559309709994,
      0.08548065532562245,
      0.05435892245123014,
      0.07143011633175438,
      0.06312177628109586,
      0.06585771217572094,
      0.058377321299913715,
      0.07033898633531899,
      0.01501462423697273
    ],
    [
      0.026748057218960713,
      0.012646187781610318,
      0.06755357786362944,
      0.011882838590977477,
      0.028064973276567907,
      0.057060600931138065,
      0.12377075608203052,
      0.05179333065700683,
      0.06751409724750956,
      0.020098966659694247,
      0.07694116404742209,
      0.04927129784514564,
      0.08857748735008772,
      0.017841045247766873,
      0.08571203605563135,
      0.10016223726749038,
      0.048332304535033246,
      0.042080984234145934,
      0.023948057108151673
    ],
    [
      0.018198020764150086,
      0.036477858992512394,
      0.06782079857708202,
      0.03600062887452558,
      0.03626965538555659,
      0.03285228743723015,
      0.026491660288156665,
      0.26592823160817286,
      0.00881409359543576,
      0.0503008226109818,
      0.09769501240170245,
      0.07917706149744264,
      0.009545270008808459,
      0.0535025048841195,
      0.005981261684875388,
      0.0538003099819577,
      0.028378150371480965,
      0.04726438417443973,
      0.04550198686136929
    ],
    [
      0.00810427387279246,
      0.0168555475887207,
      0.02709588292424014,
      0.03551732041901994,
      0.06195968891434878,
      0.01115941266185132,
      0.048841377302144384,
      0.03527078340788276,
      0.30064286318550654,
      0.044029938580733195,
      0.002459039483789871,
      0.020592544216911136,
      0.08604389780387578,
      0.023521365376319582,
      0.03436912749995545,
      0.05541388966510985,
      0.06661744472059707,
      0.0486664738547688,
      0.0728391285214323
    ],
    [
      0.01614212185966151,
      0.011363054183368857,
      0.0134002674704158,
      0.013486672926509548,
      0.015950705701673607,
      0.0725545444724277,
      0.055874581170252444,
      0.07903732425894351,
      0.03860211669188889,
      0.28385414818475463,
      0.05486204929998201,
      0.058779023299025505,
      0.06487016707113857,
      0.005439782377788954,
      0.09095829412161073,
      0.05322472567660368,
      0.04340727643619181,
      0.023283653403954056,
      0.004909491393808212
    ],
    [
      0.020018032085669546,
      0.010008680280265917,
      0.017385705684568015,
      0.04803175384513344,
      0.010124959722854899,
      0.018376044766491406,
      0.03840850563054059,
      0.09969154701262478,
      0.014166298369788641,
      0.01912604414681653,
      0.46869590237395775,
      0.1216508978319333,
      0.009154232436717313,
      0.04921452207269067,
      0.015266934857041567,
      0.021432692144789676,
      0.010190714230481965,
      0.0019697110401737422,
      0.007086821467460357
    ],
    [
      0.06908542542067321,
      0.0002241683805307582,
      0.04602285249790415,
      0.033910477927718084,
      0.00755575518874711,
      0.006500502302456362,
      0.05382026874869929,
      0.036965030975868785,
      0.017184730061837315,
      0.06553176332326438,
      0.07105905845261301,
      0.3956128648516096,
      0.06891278578179309,
      0.04848147926041912,
      0.0309388547167903,
      0.02167736351917096,
      0.01647415646231141,
      0.005756827193807367,
      0.004285634933785815
    ],
    [
      0.06353295620456514,
      0.03171113858359756,
      0.05717147178640163,
      0.000521005829750995,
      0.046486705396080984,
      0.024888748506825428,
      0.07634806451198754,
      0.03613060150595288,
      0.11262118207297106,
      0.03047620949304404,
      0.06301570219472691,
      0.03633551445841168,
      0.2218076694516295,
      0.08108638404579588,
      0.04264346341496409,
      0.03715554788555715,
      0.010285634496934905,
      0.023836716465968397,
      0.003945283694834427
    ],
    [
      0.02764861500215171,
      0.0059067813262096164,
      0.01680751628256484,
      0.03570244625025862,
      0.008525318068112886,
      0.0258024235071671,
      0.02929360441828284,
      0.03511723351593058,
      0.019627647779788638,
      0.02773359198293779,
      0.011918558641398999,
      0.044010927452479115,
      0.028131788176171357,
      0.6306540761431744,
      0.019281578226074916,
      0.018326944383715047,
      0.007830843373660674,
      0.004664853587631257,
      0.0030152518822895505
    ],
    [
      0.04879943156616367,
      0.002463949022361946,
      0.020345508992459727,
      0.07986712741498934,
      0.0406139856811408,
      0.06442558919006602,
      0.07080718864963176,
      0.057584681441959384,
      0.0340262672153535,
      0.08359934398020409,
      0.030247934392308825,
      0.07780521827230509,
      0.06275397109595772,
      0.07308683634897963,
      0.16663559041940879,
      0.0294254739193191,
