{
  "poids_LS": 0.39,
  "poids_EM": 0.61,
  "mae_validation": 7.41589830262512,
  "matrice_de_transition": [
    [
      0.21840227286258157,
      0.0035802934650374135,
      0.012975211664908722,
      0.07217303868861562,
      0.008371647893845603,
      0.050966190456372594,
      0.08399348331079373,
      0.05138460235088123,
      0.05895672808835854,
      0.0513839872188627,
      0.020538033277356215,
      0.1710816963872919,
      0.0302555951617591,
      0.049183359649974494,
      0.00921216287679854,
      0.04443308337441154,
      0.04270705865241996,
      0.007747334483590862,
      0.012654220136139791
    ],
    [
      0.008738338988564675,
      0.5013119985017535,
      0.002998135687886008,
      0.015889624986939983,
      0.05239541170653759,
      0.010414619561375904,
      0.036748620984076934,
      0.02254835262348701,
      0.05880084708502942,
      0.013181057103697186,
      0.0034758382211515764,
      0.019337899623731173,
      0.013335332832714089,
      0.00022062616141431057,
      0.028861916317459674,
      0.06495834968556302,
      0.08139827462309493,
      0.013207782591291631,
      0.052176972714231454
    ],
    [
      0.028217178988393616,
      0.024074033936964157,
      0.308136785940445,
      0.020903132609018694,
      0.02296448262590555,
      0.0183885578111858,
      0.05670565209462716,
      0.16972824237153988,
      0.010568594157039118,
      0.03465169796674034,
      0.008404314973079247,
      0.10628048618607838,
      0.027290115738284545,
      0.04089557792626341,
      0.02497773217857155,
      0.02721023455505575,
      0.06340228352574706,
      0.0010604802396550325,
      0.006140416175405572
    ],
    [
      0.0275827393055717,
      0.021111111520810005,
      0.03116284665622,
      0.16809293274428527,
      0.015119630661640513,
      0.03883183293488953,
      0.07205872632107783,
      0.040339941238046705,
      0.06909771616546226,
      0.07502480518350088,
      0.03993426455943576,
      0.08561553297973605,
      0.06204215540767244,
      0.046375191127846646,
      0.07632457635059892,
      0.05824545765513031,
      0.028771954661284994,
      0.026728218833625503,
      0.017540365693164788
    ],
    [
      0.008711607699020006,
      0.06783645696009494,
      0.012771485946357361,
      0.0333862008928934,
      0.3559016634909976,
      0.0203536400423539,
      0.06183853111649758,
      0.03122882186986088,
      0.10431603175175694,
      0.02357439193750674,
      0.0031735548844544132,
      0.02174568185530161,
      0.018883813935947485,
      0.004026087471228737,
      0.0005541894250078554,
      0.013280750215461367,
      0.03892334071118789,
      0.07877349373564022,
      0.10072025605843113
    ],
    [
      0.022779391314636147,
      0.009357518883503491,
      0.04146841917649895,
      0.01770175068256448,
      0.016062873731756057,
      0.3011362581264616,
      0.031402507665835605,
      0.016531969143304008,
      0.040067248218194344,
      0.05682931012167433,
      0.01975516604926974,
      0.08614036956714065,
      0.04197334518386125,
      0.055154899952367296,
      0.054364510668133664,
      0.05884578361970355,
      0.05782089114905946,
      0.05727503802650712,
      0.015332748719528244
    ],
    [
      0.02065356316907093,
      0.009764777907319359,
      0.052161623413688546,
      0.009175356380375012,
      0.024667717355272425,
      0.04405945135189141,
      0.22431850837883605,
      0.046299237921755915,
      0.05953808948706826,
      0.034627852132116076,
      0.06083221191739698,
      0.060011746176063356,
      0.08367107431400948,
      0.013775996963465558,
      0.06955137397202232,
      0.09326874850311263,
      0.042638221012483095,
      0.03249291187699876,
      0.018491537767053822
    ],
    [
      0.01405163628624247,
      0.028166448082826024,
      0.05236795839496207,
      0.028186606534142736,
      0.028005683272391797,
      0.025366956122418217,
      0.02220004155186762,
      0.38485160875184476,
      0.007040891843207842,
      0.044693294552599544,
      0.07543538932283353,
      0.06963825170819787,
      0.011365007011215157,
      0.04252058053054816,
      0.00938996534097297,
      0.047502736976349075,
      0.03326298895135478,
      0.03649528398279524,
      0.03945867078323013
    ],
    [
      0.006257730458738482,
      0.01301504307483497,
      0.020922137447830995,
      0.02742476639949641,
      0.04784229144019336,
      0.008616761675606715,
      0.06619820125846598,
      0.03681475064319614,
      0.35603846959990115,
      0.054192431705272354,
      0.0018987520064706598,
      0.03413362040025181,
      0.07669738296519299,
      0.0181620669361455,
      0.026538187056927624,
      0.051906568071829404,
      0.057280898382125134,
      0.03757791019165692,
      0.05848203028586345
    ],
    [
      0.014098047693014686,
      0.008774003863107598,
      0.01034704197082739,
      0.014225547363648658,
      0.01231636769369734,
      0.056023129276178356,
      0.06338477829434022,
      0.07028866130612482,
      0.03247595282421842,
      0.35977959281902605,
      0.04236183553542914,
      0.0598846473555983,
      0.051232493802443824,
      0.00571158176653516,
      0.07023361951162348,
      0.04872897540287645,
      0.05836433323443036,
      0.01797851718533161,
      0.003790873101548113
    ],
    [
      0.02063295374091751,
      0.007728221482230644,
      0.01342440565517277,
      0.04093098926820118,
      0.01588002643416512,
      0.014189097857670578,
      0.038555523529702686,
      0.10693485635196988,
      0.010938534184267178,
      0.01476821130323808,
      0.4942902443991689,
      0.1136097301927039,
      0.007068457957465266,
      0.03800108666372317,
      0.01178839273771564,
      0.030871464605955273,
      0.013394784864014804,
      0.001520916119627826,
      0.005472102652089642
    ],
    [
      0.05334444241343121,
      0.00017309204066299051,
      0.035536632941419656,
      0.026184039918870926,
      0.005834190715361692,
      0.00501937519556757,
      0.057472991447482406,
      0.04927492494294426,
      0.030440044660567708,
      0.06817417999148259,
      0.05486838690644801,
      0.43308675389165774,
      0.06192239019196903,
      0.037435066264374255,
      0.023889495414230483,
      0.023122131066185346,
      0.025081990956109905,
      0.005830709889830131,
      0.003309161151404237
    ],
    [
      0.0490570927655503,
      0.02448581586834748,
      0.04414506049329746,
      0.0004022956406938062,
      0.03589479783748025,
      0.01921789441666267,
      0.07923019807645976,
      0.042952374603611045,
      0.10525603324376051,
      0.03846748565523697,
      0.04865769409972584,
      0.044202480311869886,
      0.30980262238971856,
      0.06261100540244997,
      0.03292723124446594,
      0.032144010938664716,
      0.008638663757069445,
      0.01886088495892417,
      0.003046358296011393
    ],
    [
      0.021348930571281698,
      0.004560932416440336,
      0.012977955610588041,
      0.02760696235236072,
      0.008298216679585232,
      0.0223067718187509,
      0.03906156629106266,
      0.035150302147360576,
      0.020906884003289716,
      0.026397733015589214,
      0.009202937685130872,
      0.04502735249218348,
      0.02172201365501839,
      0.6462932312568486,
      0.019270144405872332,
      0.02251727339123076,
      0.011420584186328311,
      0.0036019755550064135,
      0.002328232466071678
    ],
    [
      0.037680573740961815,
      0.001902542916000996,
      0.015709823399241055,
      0.061669554079928475,
      0.031360166158855556,
      0.04974634102017756,
      0.09135304247587717,
      0.06188970322046708,
      0.04155096212719706,
      0.08954142087548196,
      0.023355999973808078,
      0.09186657899853948,
      0.05483640550093472,
      0.05643413945933869,
      0.20714942610360876,
