{
  "poids_LS": 0.12,
  "poids_EM": 0.88,
  "mae_validation": 8.159054666998792,
  "matrice_de_transition": [
    [
      0.16144162431589765,
      0.005165013523332662,
      0.018718338139540453,
      0.0959988827422466,
      0.012077131387842837,
      0.07352499606820966,
      0.05388201942195918,
      0.036172618398232326,
      0.04583117171605724,
      0.04378856664591237,
      0.02962863817061225,
      0.19072076975174834,
      0.04364741597106231,
      0.0709530434294714,
      0.013289677592758549,
      0.047314004795132945,
      0.028414337003158808,
      0.011176482533704851,
      0.018255268393119698
    ],
    [
      0.012606128376945762,
      0.42022428516244736,
      0.004325179353015881,
      0.02292273768607735,
      0.07558682344549686,
      0.015024369203296386,
      0.02592405552835593,
      0.030994710976374983,
      0.06032140322711168,
      0.012113452539242238,
      0.005014323991169487,
      0.00801052100513675,
      0.017164070755368046,
      0.00031828036400753,
      0.028378732700874022,
      0.07630974205346361,
      0.09840182226226357,
      0.016330983209568214,
      0.07002837815978434
    ],
    [
      0.04070675001604325,
      0.03472975387627616,
      0.21675534292035975,
      0.025122178722161777,
      0.017408288248639485,
      0.02398574249371363,
      0.04539247275762865,
      0.16650996917802552,
      0.004868939144252402,
      0.04724340028695374,
      0.012124257666081537,
      0.12389592364857302,
      0.039369347294574426,
      0.05899689930346197,
      0.036033449700234366,
      0.03015946204818126,
      0.06630964425999739,
      0.0015298731326170963,
      0.008858305302224432
    ],
    [
      0.0397914927686936,
      0.030455373997234105,
      0.04495623779913705,
      0.1130523360897672,
      0.02181192620039943,
      0.05601969341426686,
      0.042640721981106466,
      0.014940497364731783,
      0.04910089143877896,
      0.06410696630572243,
      0.05761008657754667,
      0.06628802361910213,
      0.07357382631733364,
      0.0669019150696804,
      0.10409552208952452,
      0.05721319874384528,
      0.03357841418448131,
      0.03855874192391876,
      0.02530413411472953
    ],
    [
      0.012567565205143615,
      0.09786242971292385,
      0.01842443874228603,
      0.048163699648764255,
      0.2699165326561383,
      0.029362628257822022,
      0.04153310183993108,
      0.025692016950270402,
      0.114830779063695,
      0.01177389899742523,
      0.00457824311199981,
      0.010134477775784769,
      0.02724222338300621,
      0.0058081261880021115,
      0.0007994863836178897,
      0.019159115064927873,
      0.044656753947267404,
      0.09365483815303624,
      0.12383964491795794
    ],
    [
      0.03286207271619641,
      0.01349937150407061,
      0.059823293238227986,
      0.025536951804355317,
      0.023172670301549722,
      0.1785825292922263,
      0.011519964484278234,
      0.02207398586940159,
      0.04073994215383006,
      0.051173584482640526,
      0.028499255939930117,
      0.08515079820486335,
      0.06055171108491459,
      0.0795677245214479,
      0.06750040908757696,
      0.06936367645372962,
      0.05865553637534084,
      0.0768709604897249,
      0.014855561995694974
    ],
    [
      0.029795304243905602,
      0.014086892718755796,
      0.07524955508859987,
      0.013236579696278707,
      0.02976360123721565,
      0.06356117572076138,
      0.07349687993362776,
      0.05454037702463229,
      0.07150210112773021,
      0.012834523923483335,
      0.08499564011243464,
      0.043901073679686785,
      0.09103069386812684,
      0.019873569389917526,
      0.09379236709743585,
      0.10360898164967926,
      0.05117934629630832,
      0.04687502041271952,
      0.026676316778700596
    ],
    [
      0.020271213003103892,
      0.04063356444735557,
      0.075547218668142,
      0.039907640044717,
      0.04040164144213899,
      0.03659495309463612,
      0.028637469656301186,
      0.20646654303633688,
      0.009700694471549719,
      0.053104586640172924,
      0.10882482394113689,
      0.08394646639206499,
      0.00863540150760511,
      0.05899346706090518,
      0.004276909856826597,
      0.05694909648476201,
      0.025935731081544056,
      0.05264893427026198,
      0.04852364490043887
    ],
    [
      0.009027545579819449,
      0.018775799845663563,
      0.030182755662444712,
      0.03956359742878171,
      0.0690183876514265,
      0.012430738154973623,
      0.040162965323983585,
      0.03449879979022607,
      0.2729450599783092,
      0.03894869201846361,
      0.0027391832224494764,
      0.013822006125240798,
      0.09071715522321717,
      0.02620101459640662,
      0.03828459772146936,
      0.057167550461750066,
      0.07128571788983304,
      0.05421075568632474,
      0.08001767763921672
    ],
    [
      0.017164158942984925,
      0.012657579343499486,
      0.014926880220210005,
      0.013117235707939993,
      0.017767874705661737,
      0.08082025207055238,
      0.05211948260820854,
      0.08341165573535285,
      0.04166519862572413,
      0.24589142586761886,
      0.06111215618225844,
      0.05822621127073911,
      0.07168900370548593,
      0.005303882683415851,
      0.10132063142660436,
      0.0554726008134673,
      0.035928748037072536,
      0.025936221513265276,
      0.005468800539938262
    ],
    [
      0.019710571258045564,
      0.011148909679283552,
      0.019366355699265637,
      0.05158213613359956,
      0.007247426367199789,
      0.020469518220901817,
      0.03833499668095954,
      0.09606989234295224,
      0.01578018046254937,
      0.021304960568605754,
      0.45589873136135217,
      0.12567148165154798,
      0.010197119676343335,
      0.05482123977717441,
      0.01700620591670453,
      0.016713305914206878,
      0.008588678913715545,
      0.0021941085004467,
      0.007894180875145713
    ],
    [
      0.07695591692429421,
      0.00024970655046464206,
      0.05126596227614639,
      0.037773696932141665,
      0.008416537425439819,
      0.007241065855900757,
      0.05199390739930774,
      0.03081008399233104,
      0.010557072762472117,
      0.06421055498915527,
      0.07915439422569549,
      0.3768759203315855,
      0.07240798357670512,
      0.05400468575844155,
      0.0344635343680702,
      0.020954979745663765,
      0.012170239215412165,
      0.005719885845795985,
      0.004773871824976604
    ],
    [
      0.07077088792407257,
      0.035323799941222596,
      0.06368467743295371,
      0.0005803609242795893,
      0.05178265917538134,
      0.027724175551906805,
      0.07490699772975143,
      0.0327197149571238,
      0.11630375648757633,
      0.026480571411947575,
      0.07019470624222744,
      0.03240203153168258,
      0.177810192982585,
      0.09032407336746882,
      0.047501579500213165,
      0.039661316359003364,
      0.011109119866867634,
      0.026324632219490506,
      0.004394746394245944
    ],
    [
      0.030798457217586714,
      0.006579705781094256,
      0.01872229661855324,
      0.039750188199207566,
      0.008638868762376711,
      0.027550249351375202,
      0.024409623481892934,
      0.03510069920021558,
      0.0189880296680381,
      0.028401521466612074,
      0.013276369119533062,
      0.04350271493262693,
      0.03133667543674784,
      0.6228344985863372,
      0.01928729513617621,
      0.016231779879957192,
      0.0060359729673268555,
      0.005196292603943679,
      0.0033587615903984866
    ],
    [
      0.05435886047876459,
      0.0027446520755424206,
      0.022663351789069062,
      0.08896591408251978,
      0.04524089544228342,
      0.07176521327501026,
      0.060534261736509054,
      0.05543217055270553,
      0.030263919759431712,
      0.08062830553256516,
      0.0336939016015592,
      0.07077453790918789,
      0.06671275389346921,
      0.0814131847938001,
      0.1463786725773088,
      0.02598019981333157,
