{
  "poids_LS": 0.6575,
  "poids_EM": 0.3425,
  "mae_validation": 6.693870801134457,
  "matrice_de_transition": [
    [
      0.2748355079967961,
      0.0020102467406152695,
      0.007285262287264324,
      0.048567804302147896,
      0.004700474432200195,
      0.028616262674274782,
      0.11382613734880571,
      0.06645573460026485,
      0.07196075153128668,
      0.05890907982354496,
      0.011531600651630336,
      0.15162446629472853,
      0.016987772693282773,
      0.027615247016584042,
      0.005172402926727049,
      0.04157883715203015,
      0.056867440286410165,
      0.004349937804311263,
      0.007105033437094884
    ],
    [
      0.004906362464890822,
      0.5816488996805104,
      0.001683379464099931,
      0.008921633701683515,
      0.029418735261457583,
      0.005847552786510241,
      0.0474729589818746,
      0.01418020129238504,
      0.05729437016648496,
      0.014238776440703474,
      0.0019515976897449426,
      0.030560395106968233,
      0.009542046187121744,
      0.000123876164400658,
      0.029340626011669535,
      0.05371206280255041,
      0.06455216723984454,
      0.010113500497258348,
      0.0344908580598411
    ],
    [
      0.015843252136925928,
      0.013516978071164303,
      0.3986721044881222,
      0.016723151737663974,
      0.028469230758937675,
      0.012843198912755443,
      0.0679140797710979,
      0.17291671673918835,
      0.016215474586374106,
      0.022176585482825216,
      0.004718816193901053,
      0.08882815462601423,
      0.015322728918626979,
      0.022961861376631507,
      0.014024382411738945,
      0.024288314723903623,
      0.06052184279829535,
      0.0005954335771833585,
      0.0034476926886498503
    ],
    [
      0.015487029855997226,
      0.011853369993241684,
      0.01749717209795959,
      0.22262389424459486,
      0.008489300822314551,
      0.02180311931180273,
      0.10120434173197539,
      0.06550420507549759,
      0.08890938510763924,
      0.08584155296055916,
      0.022422107560011062,
      0.10476408392036408,
      0.05061725922865626,
      0.02603852944473357,
      0.04881076899814485,
      0.05926815861353307,
      0.024009999392933086,
      0.015007237623797928,
      0.009848484016244163
    ],
    [
      0.004891353503138282,
      0.038088502473495926,
      0.007170875305946552,
      0.018745530829206544,
      0.4410906357070156,
      0.011428068384436413,
      0.0819559471590218,
      0.03671436007723293,
      0.09389864321122571,
      0.03526562105406897,
      0.0017818730293862896,
      0.03324937478593404,
      0.010602797168954122,
      0.0022605491129440037,
      0.0003111637345330991,
      0.007456814670156587,
      0.0332430146347017,
      0.0640299395443312,
      0.07781493561427033
    ],
    [
      0.012790068074201445,
      0.005254016750163845,
      0.02328349765237851,
      0.009939097719308745,
      0.009018908611682705,
      0.4225552302122318,
      0.051100953225341514,
      0.01104126738689251,
      0.0394007829301108,
      0.06243266793071708,
      0.011092039953893256,
      0.0871207782316191,
      0.023567001189299146,
      0.030968120055222623,
      0.04135024093775929,
      0.04842527868228883,
      0.056993974119317725,
      0.037860559289800616,
      0.015805517047770463
    ],
    [
      0.011596467844929171,
      0.005482682677470297,
      0.029287468883915292,
      0.00515173698406302,
      0.019619017583347186,
      0.024738298504955427,
      0.37374364026436646,
      0.03813440566242468,
      0.04768485573196799,
      0.056219390264742944,
      0.03689251916860968,
      0.07597324577895496,
      0.07637959938539321,
      0.00773488354096222,
      0.0455348344866589,
      0.08302425825605128,
      0.03417618022202663,
      0.018243971012905043,
      0.010382543746255631
    ],
    [
      0.007889648242685322,
      0.015814767980931007,
      0.029403320902089358,
      0.01657410111162935,
      0.01572450249310523,
      0.014242922085128262,
      0.01582221926321585,
      0.5615849608959126,
      0.00440571701698024,
      0.03635988479917035,
      0.04235511613618112,
      0.055462520493625815,
      0.014069338389791776,
      0.026200220727324086,
      0.014455677718784655,
      0.03814384375968071,
      0.04052240184088948,
      0.020491204531323557,
      0.030477631611551113
    ],
    [
      0.0035135617739638202,
      0.007307626644477013,
      0.011747265698167404,
      0.01539833195381561,
      0.026862270193879063,
      0.004838099793270984,
      0.091992370193555,
      0.03910925750678687,
      0.43836249579907094,
      0.06929502565424026,
      0.0010661025610101656,
      0.05425716417271641,
      0.06280742341326162,
      0.01019755397644235,
      0.01490053945409461,
      0.04669429848181543,
      0.04340575312911824,
      0.02109907252564344,
      0.037145787074670866
    ],
    [
      0.011060326362025658,
      0.004926387414941561,
      0.005809609631161281,
      0.015323596874397058,
      0.006915337598510393,
      0.031455609470641126,
      0.07454576568708181,
      0.057287176084574835,
      0.023371792631985903,
      0.4726132397060683,
      0.023785128968663086,
      0.06152772755078287,
      0.03096539602813358,
      0.0061155058581441055,
      0.03943445029955909,
      0.042047790968309594,
      0.08059218153181265,
      0.010094495304878815,
      0.002128482028328244
    ],
    [
      0.02154679564524435,
      0.004339206324039337,
      0.007537473667043729,
      0.030378464133037963,
      0.024432695019028915,
      0.007966829534839629,
      0.03877400846317969,
      0.11769921884238549,
      0.0061417179641172276,
      0.008291987494031218,
      0.5323262804644134,
      0.101659661617738,
      0.00396876532857681,
      0.021336675708729814,
      0.006618892643717389,
      0.04489852923574303,
      0.01815638983329277,
      0.0008539570015943123,
      0.0030724510792470533
    ],
    [
      0.02995159266655769,
      9.718692447061353e-05,
      0.01995294554497743,
      0.014701694544611956,
      0.003275754622969475,
      0.0028182557450522833,
      0.06290134323595174,
      0.06756879514401476,
      0.05013891496701425,
      0.07210110476230687,
      0.030807250025341716,
      0.4887771167706181,
      0.05153388563486941,
      0.02101886917302981,
      0.013413364228481871,
      0.025269216170776168,
      0.03787418943994933,
      0.005940507785308404,
      0.0018580126136982808
    ],
    [
      0.027544351265903246,
      0.01374818349985084,
      0.0247863659327121,
      0.00022587910973381745,
      0.020154046326781944,
      0.01079037514378191,
      0.08351336879032821,
      0.0530902874015197,
      0.09431060373368373,
      0.050343409951829246,
      0.027320098736321477,
      0.055893665677425826,
      0.44057289967271196,
      0.03515453991858872,
      0.018487830657753418,
      0.024696310198144014,
      0.006191082240880499,
      0.011466246469289008,
      0.0017104552727604952
    ],
    [
      0.011986899542072103,
      0.002560851397755435,
      0.007286802945289188,
      0.015576173781873563,
      0.007960718782745528,
      0.017111845004021263,
      0.05357784296311044,
      0.03519944580795794,
      0.022807971168770487,
      0.024412498161335082,
      0.005167223208454629,
      0.0465378730372997,
      0.012196376519416064,
      0.66953475343967,
      0.019253152478626825,
      0.02874456788851106,
      0.016755337894042717,
      0.002022420700966716,
      0.0013072452780812291
    ],
    [
      0.02115671558406463,
      0.0010682310634923626,
      0.008820679531541085,
      0.034625938151435255,
      0.017607962146570538,
      0.02793134721214888,
      0.12188646413432519,
      0.06828744391908269,
      0.05273349484340903,
      0.09837200737263102,
      0.013113819657425028,
      0.11276332341113782,
      0.04307002329722,
      0.03168638158167788,
