{
  "poids_LS": 0.8025,
  "poids_EM": 0.1975,
  "mae_validation": 6.311280394728971,
  "matrice_de_transition": [
    [
      0.3054254859200152,
      0.0011591933759752281,
      0.004200990661999136,
      0.0357724436066794,
      0.002710492555794273,
      0.016501348549399327,
      0.12999710869651318,
      0.07462513338965038,
      0.07900966143492998,
      0.06298810198309235,
      0.006649609134881726,
      0.14107755652492787,
      0.009795868925323643,
      0.015924120542409777,
      0.00298262650519297,
      0.0400316756483094,
      0.0645431611721245,
      0.002508358295916714,
      0.004097063076864933
    ],
    [
      0.00282921631187135,
      0.6251960049923599,
      0.0009707078661598141,
      0.0051445916965912235,
      0.01696408821646094,
      0.003371946497330723,
      0.053286151541428475,
      0.009644194028797053,
      0.05647777520129264,
      0.014812119632725574,
      0.0011253738502908792,
      0.03664361695769487,
      0.007485872117548323,
      7.143224078578088e-05,
      0.02960011350946553,
      0.04761594467904824,
      0.055420632396587316,
      0.00843622609114685,
      0.024903992172414548
    ],
    [
      0.009135889918373344,
      0.007794461807459707,
      0.4477473238877976,
      0.014457367713938983,
      0.03145311292450649,
      0.009837303435101606,
      0.0739896760817082,
      0.17464504863940905,
      0.019276400426574383,
      0.015414374977525427,
      0.0027210691921035267,
      0.07936801228504488,
      0.008835734193952784,
      0.013240781377765612,
      0.00808705263158669,
      0.022704470329447328,
      0.05896048240397573,
      0.00034335220874076876,
      0.00198808556498787
    ],
    [
      0.008930477070246575,
      0.006835154959606518,
      0.010089610187874508,
      0.2521827331886879,
      0.004895290255203281,
      0.012572601646951937,
      0.1170028996182563,
      0.07914464715561116,
      0.09964842060900621,
      0.09170483680232906,
      0.012929536476210758,
      0.11514367228070452,
      0.04442432485124562,
      0.015014918438933956,
      0.03389674258279591,
      0.059822519880704667,
      0.021428752611957286,
      0.008653808556788586,
      0.005679052826885321
    ],
    [
      0.0028205615091089365,
      0.021963443032161887,
      0.004135030285910785,
      0.01080946668253516,
      0.48726783559981046,
      0.006589908046499829,
      0.09286071473347418,
      0.0396878293859019,
      0.08825183446962934,
      0.04160292281818682,
      0.0010275034257045028,
      0.039485021421230115,
      0.006114021725163326,
      0.0013035283206027468,
      0.00017943018268696956,
      0.004299915028776426,
      0.030163959378288627,
      0.05603810643128518,
      0.06539896752304294
    ],
    [
      0.007375294728919081,
      0.0030296884909703924,
      0.013426250471079577,
      0.005731304524272927,
      0.005200684527904625,
      0.48837112162321,
      0.06177861530432603,
      0.008064999145099363,
      0.03903952137208421,
      0.06547000207019821,
      0.006396139827427498,
      0.08765221470395321,
      0.013589730612807535,
      0.017857529082938594,
      0.03429577697176196,
      0.04277678067883038,
      0.05654573872001846,
      0.027336823152146625,
      0.01606178399205129
    ],
    [
      0.006687014304740178,
      0.0031615469454025795,
      0.01688839446590736,
      0.002970709647744369,
      0.0168823392023036,
      0.014265150232784516,
      0.45474044072568204,
      0.03370860873680588,
      0.04125973836939027,
      0.06792321467308275,
      0.023915863286089457,
      0.08462527360108313,
      0.07242721110633019,
      0.004460261311941718,
      0.032516523363751625,
      0.07747117008474698,
      0.029589279606639006,
      0.010520246058536483,
      0.005987014277037918
    ],
    [
      0.0045495051910375214,
      0.009119464748128098,
      0.016955199644270506,
      0.010279472004098724,
      0.009067413846389148,
      0.008213071859307537,
      0.012365081947871896,
      0.657384348039426,
      0.0029773044943521942,
      0.03184270941880687,
      0.02442375310042561,
      0.047778479274511995,
      0.015535237641730504,
      0.017353670553613837,
      0.017201577886196594,
      0.033070798838495986,
      0.04445741069689895,
      0.011816096043609933,
      0.025609404770827904
    ],
    [
      0.002026068468198115,
      0.004213886897180175,
      0.006773970731060035,
      0.008879330104754985,
      0.015489922228587196,
      0.00278985316546283,
      0.10597425615836961,
      0.04035300889078931,
      0.4829867342995555,
      0.0774814784490079,
      0.0006147598709474678,
      0.0651652533204075,
      0.05527828645987826,
      0.0058803413440798955,
      0.008592281874988863,
      0.043868956087228406,
      0.0358846463564603,
      0.0121666184636922,
      0.025580346829351515
    ],
    [
      0.009413711061115715,
      0.0028407635458422144,
      0.00335006686760395,
      0.015918801282092453,
      0.003987676425418402,
      0.018138636118106927,
      0.08059564670370808,
      0.050239642039248675,
      0.018436827294140243,
      0.5337754034392315,
      0.013715512324995502,
      0.06241836915191096,
      0.01997949256168504,
      0.006334455365745216,
      0.022739573530402683,
      0.038426214358918215,
      0.0926409217303937,
      0.005820913350988514,
      0.001227372848452053
    ],
    [
      0.022042149200860773,
      0.0025021700700664793,
      0.004346426421142004,
      0.02465840377939809,
      0.029068720980917704,
      0.0045940111916228515,
      0.03889243954861582,
      0.12353410692130237,
      0.0035415745924471604,
      0.004781511036704132,
      0.5529439448736113,
      0.0951820543528032,
      0.0022885581091793283,
      0.012303630518172667,
      0.003816733714260392,
      0.05250198482945976,
      0.020737446732527563,
      0.0004924277600434356,
      0.0017717053668650892
    ],
    [
      0.017271356355168303,
      5.604209513268955e-05,
      0.011505713124476038,
      0.008477619481929521,
      0.0018889387971867775,
      0.0016251255756140905,
      0.06584381429886037,
      0.07748509861749223,
      0.06081680728265819,
      0.07422971818948265,
      0.017764764613153253,
      0.5189644162751013,
      0.04590273363195558,
      0.01212036981510478,
      0.007734713679197575,
      0.026433056694759982,
      0.04480827833773145,
      0.006000024401548963,
      0.0010714087334464538
    ],
    [
      0.015883239051141286,
      0.00792778464589939,
      0.014292867946600408,
      0.00013025145743774874,
      0.011621676349020246,
      0.006222187126706357,
      0.08583508749504196,
      0.05858560461907766,
      0.08837756717681969,
      0.056780826860262444,
      0.015753925548681727,
      0.06223094372604493,
      0.5114577228728392,
      0.02027159601144897,
      0.010660865853741023,
      0.02065923876870289,
      0.004864355811544435,
      0.007457937755281161,
      0.0009863209237086067
    ],
    [
      0.006912153750537928,
      0.0014766953315524041,
      0.00420187907064121,
      0.009054811753011366,
      0.007777775997542698,
      0.014295903366130434,
      0.061446478916183066,
      0.03522608442772099,
      0.02383846701547969,
      0.023336389548748733,
      0.0029796396603497498,
      0.047356659874839335,
      0.007032947044042839,
      0.6821329617256853,
      0.01924394190124141,
      0.032120110700120934,
      0.019647073548691645,
      0.0011662133969078143,
      0.0007538129705723876
    ],
    [
      0.012199857891540917,
      0.0006159872555904865,
      0.005086377248114932,
      0.019966781853747336,
      0.0101534964202852,
      0.016106397297516506,
      0.13843729082768955,
      0.07175537812954723,
      0.058795054633505234,
      0.10315868042716042,
      0.007561983598077206,
      0.12409053066282665,
      0.0366919843456737,
