{
  "poids_LS": 0.9825,
  "poids_EM": 0.01749999999999996,
  "mae_validation": 5.847946830650192,
  "matrice_de_transition": [
    [
      0.34339925161780455,
      0.00010271333711172885,
      0.000372239678911315,
      0.019888547570925418,
      0.00024017022646278312,
      0.0014621448081746204,
      0.1500714179557362,
      0.08476645602474965,
      0.08776003234979753,
      0.06805171569839256,
      0.0005892058727110376,
      0.12798484094862356,
      0.0008679883857881689,
      0.0014109980227451668,
      0.0002642833612196296,
      0.038111061367828464,
      0.07407164227163193,
      0.00022225959584072096,
      0.0003630309055449932
    ],
    [
      0.00025069005295062536,
      0.6792544805518974,
      8.601208940656561e-05,
      0.0004558498971663099,
      0.0015031470571547636,
      0.0002987800693837343,
      0.06050252851190915,
      0.004013288460205069,
      0.05546407110657114,
      0.015523856009028872,
      9.971667027893844e-05,
      0.04419520270342449,
      0.00493338016911235,
      6.3294390569679115e-06,
      0.029922235920522636,
      0.040048349767114515,
      0.044084933970474895,
      0.0063540923456291264,
      0.01300305520871262
    ],
    [
      0.0008095092332735856,
      0.0006906485145850357,
      0.5086682859011878,
      0.011644670305176925,
      0.03515724250935053,
      0.0061058469800830475,
      0.08153179563970721,
      0.17679056410175195,
      0.02307617043509886,
      0.007019906764049823,
      0.00024110739676866638,
      0.06762438731004845,
      0.0007829131564261941,
      0.0011732337929665705,
      0.0007165742838114772,
      0.02073831866736366,
      0.05702224191447551,
      3.0423613432726277e-05,
      0.00017615948044196275
    ],
    [
      0.0007913080948319731,
      0.0006056466419904496,
      0.0008940160925964733,
      0.28887646429169994,
      0.00043375989603066945,
      0.0011140279940337135,
      0.13661490251157057,
      0.0960776097378211,
      0.11297963709346175,
      0.09898339605418136,
      0.0011456551308034822,
      0.12802867852112712,
      0.03673654424480482,
      0.0013304358110447778,
      0.015382778756845506,
      0.06051069248822802,
      0.018224446263159742,
      0.0007667931632597463,
      0.0005032072125088248
    ],
    [
      0.0002499231716931963,
      0.0019461278636092765,
      0.00036639508862500544,
      0.0009578008452879234,
      0.5445912561563834,
      0.0005839159028544139,
      0.10639766758451852,
      0.04337903266562888,
      0.08124200292833728,
      0.04946991811157449,
      9.10446073409051e-05,
      0.04722582414090801,
      0.0005417487604575086,
      0.00011550250942049627,
      1.5898876946946632e-05,
      0.0003810051291320875,
      0.026341683887568954,
      0.046117210153021164,
      0.04998604161669175
    ],
    [
      0.0006535071278789044,
      0.00026845341059231263,
      0.001189667763260213,
      0.0005078371097457012,
      0.0004608201480421809,
      0.5700736075127003,
      0.07503364409203095,
      0.0043703213277009705,
      0.038591058748327065,
      0.06924048582955407,
      0.0005667465669872454,
      0.08831192894547142,
      0.0012041533454386396,
      0.0015823127035515172,
      0.02553851135879976,
      0.035764852122813,
      0.05598930856916421,
      0.014272874843334768,
      0.016379908474606807
    ],
    [
      0.0005925202548503942,
      0.0002801370711116203,
      0.0014964400159664713,
      0.0002632274371419055,
      0.013485083281008116,
      0.0012640006535378655,
      0.5552881930224876,
      0.02821451600155496,
      0.033283730608948965,
      0.08245210014550458,
      0.007806911156064349,
      0.09536572193200085,
      0.06752079807025195,
      0.00039521302764040445,
      0.01635586128014259,
      0.07057768132036923,
      0.023895196084088858,
      0.0009321737013893066,
      0.0005304949359400675
    ],
    [
      0.000403120713129906,
      0.0008080538384417284,
      0.0015023594621505476,
      0.0024654496637158815,
      0.000803441733224353,
      0.000727740544495603,
      0.008073463211582851,
      0.7763077251830979,
      0.001204102742124275,
      0.026235181360424614,
      0.0021641300215566946,
      0.03823966948526724,
      0.017354974644137204,
      0.006371746200042492,
      0.02061028154229418,
      0.026773225832887364,
      0.04934224927677277,
      0.0010469958519654346,
      0.01956608869268875
    ],
    [
      0.00017952505414413637,
      0.000373382383294445,
      0.0006002252546508879,
      0.0007867760852314526,
      0.0013725247544317737,
      0.00024720217921822486,
      0.12333108011469121,
      0.04189697612610269,
      0.5383823407139501,
      0.08764397157354707,
      5.447239362825651e-05,
      0.07870632950374817,
      0.045931771621195466,
      0.0005210429039058123,
      0.0007613414319610366,
      0.04036163449394796,
      0.026548100017988366,
      0.001078054800580319,
      0.011223248593782669
    ],
    [
      0.00736963689446889,
      0.0002517132255809551,
      0.0002968413680155392,
      0.016657675719231563,
      0.000353338417442136,
      0.0016072209218575722,
      0.08810584382779588,
      0.041490979086429985,
      0.012310663426469763,
      0.6097008480735029,
      0.0012152985604426366,
      0.06352399320848374,
      0.006341819292990292,
      0.006606254754491422,
      0.002014898920415423,
      0.03393046408519099,
      0.10759797852863226,
      0.0005157771323660696,
      0.00010875455619195382
    ],
    [
      0.02265707085610874,
      0.00022171127203120649,
      0.00038512639174675896,
      0.01755763920246583,
      0.03482378769222792,
      0.0004070642828020239,
      0.03903945744777792,
      0.13077741626064746,
      0.00031381040692569706,
      0.00042367819312568166,
      0.5785382868988226,
      0.08714088671357381,
      0.00020278362992728178,
      0.0010901951092051705,
      0.0003381915949344643,
      0.06194075729062536,
      0.0239415173660604,
      4.36328394975195e-05,
      0.00015698655149437463
    ],
    [
      0.0015303733479263017,
      4.9657552649218474e-06,
      0.0010194935679915453,
      0.0007511814730823609,
      0.00016737432380135964,
      0.0001439984687252988,
      0.06949653699764348,
      0.0897949925845677,
      0.07407212188138859,
      0.07687213485770086,
      0.001574093066988259,
      0.5564383053151494,
      0.03891233804213153,
      0.0010739568190599146,
      0.0006853543766377582,
      0.02787782424177437,
      0.05341611283152994,
      0.006073907097571727,
      9.493495106487544e-05
    ],
    [
      0.0014073756121264398,
      0.0007024619306493113,
      0.0012664566534962356,
      1.1541268380559989e-05,
      0.001029768790419513,
      0.0005513330365436,
      0.08871722105951417,
      0.06540737771673583,
      0.08101241834760914,
      0.06477210302245538,
      0.0013959174536806562,
      0.07009790957950314,
      0.5994526758109283,
      0.001796217368103069,
      0.0009446336832428733,
      0.015647701821810453,
      0.003217385071678975,
      0.002482106248236937,
      8.739552488557255e-05
    ],
    [
      0.0006124693196679162,
      0.0001308464217831241,
      0.0003723183986644102,
      0.0009593278551134648,
      0.007550674609015046,
      0.01080025167771423,
      0.07121444078896287,
      0.035259153059151,
      0.025117703238980767,
      0.022000530581400158,
      0.0002640187040816228,
      0.04837308491454371,
      0.0006231725228898704,
      0.6977721168393595,
      0.019232508081038827,
      0.03631043970763665,
      0.023236814361359284,
      0.00010333536428297065,
      6.679355435451521e-05
    ],
    [
      0.0010810000663390661,
      5.458114922953665e-05,
      0.0004506916548962588,
      0.0017692085186864688,
      0.0008996768979999524,
      0.0014271491276280416,
      0.15898314465393495,
      0.07606039990805492,
