{
  "poids_LS": 0.075,
  "poids_EM": 0.925,
  "mae_validation": 8.284030632951323,
  "matrice_de_transition": [
    [
      0.15194818289145035,
      0.005429133533048538,
      0.01967552588531241,
      0.09996985675118511,
      0.01269471197017571,
      0.07728479700351583,
      0.04886344210715342,
      0.03363728773945751,
      0.04364357898734035,
      0.042522663217087316,
      0.031143738986154922,
      0.19399394864582445,
      0.04587938610594618,
      0.07458132405938755,
      0.013969263378751883,
      0.04779415836525318,
      0.02603221672828195,
      0.011748007208723849,
      0.019188776435949684
    ],
    [
      0.013250759941675943,
      0.406709666272563,
      0.004546353297204193,
      0.02409492313593358,
      0.0794520587353234,
      0.015792660810283132,
      0.024119961285735764,
      0.03240243736852298,
      0.06057482925079206,
      0.011935518445166413,
      0.0052707382861724725,
      0.006122624568704346,
      0.01780219374247704,
      0.00033455606443973324,
      0.028298202098109747,
      0.07820164078144703,
      0.10123574686879167,
      0.016851516645947646,
      0.07300361240070982
    ],
    [
      0.042788345187318194,
      0.03650570719949483,
      0.20152510241701221,
      0.02582535307435229,
      0.016482255852428473,
      0.024918606607468273,
      0.04350694286812891,
      0.1659735903124398,
      0.0039189966421212825,
      0.04934201734032265,
      0.012744248114915252,
      0.12683182989232214,
      0.04138255255395608,
      0.062013786199661726,
      0.03787606928717817,
      0.030650999963702175,
      0.06679420438237244,
      0.0016081052814441068,
      0.00931128682336091
    ],
    [
      0.04182628501254725,
      0.032012751076638125,
      0.04725513632295656,
      0.10387890331401417,
      0.022927308790192582,
      0.05888433682749642,
      0.037737721257777905,
      0.010707256719179298,
      0.04576808731766507,
      0.062287326492759365,
      0.06055605691389849,
      0.06306677205899648,
      0.07549577146894383,
      0.0703230357266527,
      0.10872401304601213,
      0.057041155591964446,
      0.034379490771680704,
      0.04053049577230097,
      0.026598095518323654
    ],
    [
      0.01321022478949755,
      0.102866758505062,
      0.019366597541607477,
      0.05062661610807607,
      0.25558567751699507,
      0.030864126293733377,
      0.03814886362717,
      0.024769216130338657,
      0.11658323694901801,
      0.009807150174078313,
      0.004812357816590709,
      0.008199277095865296,
      0.028635291624182664,
      0.0061051326407976746,
      0.0008403692100528954,
      0.02013884253983896,
      0.04561232281994733,
      0.09613506222260226,
      0.12769287639454577
    ],
    [
      0.034542519616456456,
      0.01418968027416513,
      0.06288243891518283,
      0.026842818657987124,
      0.024357636396515333,
      0.15815690781985375,
      0.008206207287352007,
      0.02299765532375119,
      0.040852057809769346,
      0.05023096354280156,
      0.02995660425504018,
      0.08498586964448379,
      0.06364810540175682,
      0.08363652861629468,
      0.0696897254908175,
      0.07111665859273397,
      0.05879464391305441,
      0.08013694756692788,
      0.014776030875056096
    ],
    [
      0.03131892775637805,
      0.014807245187328538,
      0.0790975437010851,
      0.013913450248929322,
      0.030612915217539526,
      0.06681146311557305,
      0.04835994185942638,
      0.05591390020844503,
      0.07349610306784055,
      0.00920230255537788,
      0.08902287814494092,
      0.041215961596957354,
      0.0922572971271464,
      0.020889831460992856,
      0.09783253261833812,
      0.10533235384077369,
      0.05260286717694586,
      0.049272038502006316,
      0.02804044661397506
    ],
    [
      0.021307809122580797,
      0.042711417174777166,
      0.07941042871367199,
      0.04186114562981272,
      0.042467634470430185,
      0.0384662859233391,
      0.02971037434037345,
      0.17673569875041895,
      0.0101439949096067,
      0.05450646865476849,
      0.11438972971085412,
      0.08633116883937618,
      0.008180467257003436,
      0.06173894814929801,
      0.003424733942802202,
      0.05852348973616417,
      0.024714521436575602,
      0.05534120931817311,
      0.050034473919973656
    ],
    [
      0.009489181433332943,
      0.019735925974134996,
      0.031726192031547,
      0.04158673593366259,
      0.07254773701996535,
      0.013066400901534775,
      0.03582375933490319,
      0.03411280798139773,
      0.25909615837471056,
      0.03640806873732883,
      0.0028792550917792793,
      0.010436737079405633,
      0.09305378393288788,
      0.027540839206450143,
      0.040242332832226314,
      0.05804438086007018,
      0.073619854474451,
      0.05698289660210271,
      0.08360695219810893
    ],
    [
      0.01767517748464663,
      0.0133048419235648,
      0.015690186595107108,
      0.012932517098655215,
      0.018676459207655805,
      0.08495310586961473,
      0.05024193332718659,
      0.08559882147355752,
      0.04319673959264175,
      0.22691006470905103,
      0.06423720962339666,
      0.05794980525659591,
      0.07509842202265964,
      0.005235932836229301,
      0.10650180007910118,
      0.05659653838189911,
      0.0321894838375129,
      0.027262505567920887,
      0.005748455113003287
    ],
    [
      0.01955684084423357,
      0.01171902437879237,
      0.02035668070661445,
      0.053357327277832635,
      0.005808659689372235,
      0.021516254948107025,
      0.038298242206169016,
      0.09425906500811597,
      0.01658712150892974,
      0.02239441877950037,
      0.4495001458550494,
      0.12768177356135535,
      0.010718563296156346,
      0.05762459862941629,
      0.017875841446536013,
      0.01435361279891548,
      0.0077876612553323355,
      0.002306307230583179,
      0.008297860578988393
    ],
    [
      0.08089116267610472,
      0.000262475635431584,
      0.05388751716526752,
      0.03970530643435346,
      0.008846928543786173,
      0.007611347632622955,
      0.05108072672461196,
      0.027732610500562173,
      0.007243244112789521,
      0.06354995082210073,
      0.08320206211223674,
      0.36750744807157354,
      0.07415558247416112,
      0.056766289007452765,
      0.036225874193710164,
      0.02059378785891017,
      0.010018280591962542,
      0.005701415171790295,
      0.005017990270571999
    ],
    [
      0.07438985378382629,
      0.03713013062003511,
      0.06694128025622977,
      0.0006100384715438865,
      0.054430636065031526,
      0.029141889074447494,
      0.07418646433863336,
      0.031014271682709267,
      0.11814504369487898,
      0.024482752371399342,
      0.0737842082659777,
      0.030435290068318032,
      0.15581145474806274,
      0.0949429180283053,
      0.0499306375428377,
      0.04091420059572648,
      0.011520862551833998,
      0.027568590096251563,
      0.004619477743951703
    ],
    [
      0.032373378325304215,
      0.006916168008536576,
      0.01967968678654744,
      0.041774059173682036,
      0.008695644109508623,
      0.028424162273479252,
      0.021967633013697977,
      0.03509243204235808,
      0.018668220612162834,
      0.02873548620844922,
      0.013955274358600092,
      0.04324860867270084,
      0.03293911906703608,
      0.6189247098079188,
      0.019290153591226853,
      0.015184197628078263,
      0.005138537764159946,
      0.00546201211209989,
      0.0035305164444529545
    ],
    [
      0.05713857493506506,
      0.0028850036021326585,
      0.023822273187373733,
      0.09351530741628498,
      0.04755435032285474,
      0.07543502531748238,
      0.05539779827994771,
      0.054355915108078606,
      0.028382746031470823,
      0.0791427863087457,
      0.035416885206184384,
      0.0672591977276293,
      0.06869214529222498,
      0.08557635901621033,
      0.1362502136562588,
