{
  "poids_LS": 0.1925,
  "poids_EM": 0.8075,
  "mae_validation": 7.958375804442138,
  "matrice_de_transition": [
    [
      0.17673661327750723,
      0.004739486841012642,
      0.017176202326907856,
      0.08960120239451236,
      0.011082140449639875,
      0.06746753900577192,
      0.0619675050958129,
      0.04025731779292509,
      0.04935562666787888,
      0.04582807772568607,
      0.027187642412237943,
      0.185447314866848,
      0.04005146408708274,
      0.06510748019238427,
      0.012194789381991509,
      0.04654042404327257,
      0.03225219744601597,
      0.010255692779507575,
      0.016751283213004724
    ],
    [
      0.011567555300436025,
      0.4419978378183721,
      0.003968843554045823,
      0.021034216683531205,
      0.06935949992299853,
      0.013786566058706626,
      0.028830651808132865,
      0.02872670734458099,
      0.05991310574451552,
      0.012400124135253288,
      0.004601212071442456,
      0.011052131930500066,
      0.016135983720581334,
      0.0002920584022000914,
      0.02850847644977202,
      0.07326168299171253,
      0.09383605484063495,
      0.015492346006512465,
      0.06523494521607107
    ],
    [
      0.03735306890676696,
      0.03186849574442386,
      0.24129295262019745,
      0.023989286710299283,
      0.018900229331423893,
      0.022482794754886713,
      0.04843027091293381,
      0.16737413512813584,
      0.006399402064352539,
      0.04386229503430385,
      0.011125384165182774,
      0.11916585247808835,
      0.03612584993223733,
      0.05413635930402902,
      0.03306478481015824,
      0.02936753985095311,
      0.06552896406283758,
      0.0014038324483958014,
      0.008128501740393443
    ],
    [
      0.03651321637581827,
      0.02794626648041652,
      0.04125245684409451,
      0.12783175556181373,
      0.020014920916843794,
      0.05140443458184146,
      0.05054000092424692,
      0.02176071840478857,
      0.054470409189462436,
      0.0670386082266074,
      0.052863801035646515,
      0.07147781779927236,
      0.07047735912862832,
      0.0613901095667806,
      0.09663850888185005,
      0.057490379377431074,
      0.03228779079399341,
      0.035382027390414086,
      0.023219418520050106
    ],
    [
      0.011532169208128941,
      0.08979989999225682,
      0.016906516232268146,
      0.04419566757542857,
      0.2930051326025357,
      0.02694354808885373,
      0.046985485627157264,
      0.02717875160460488,
      0.1120073746928968,
      0.014942549879484153,
      0.0042010583101589165,
      0.013252301093432811,
      0.02499783566111081,
      0.005329615791831483,
      0.0007336196076948249,
      0.017580665244237792,
      0.04311722631906087,
      0.08965892159651323,
      0.11763166087234427
    ],
    [
      0.03015468604355523,
      0.012387207374473883,
      0.054894669647578526,
      0.023433055206837406,
      0.02126355825966068,
      0.2114904749977154,
      0.016858795523770495,
      0.020585851748505017,
      0.04055931137481677,
      0.05269225155238108,
      0.02615130587669724,
      0.08541651644103039,
      0.05556307579666878,
      0.07301242903530589,
      0.0639731771045783,
      0.0665394274520004,
      0.05843141867569121,
      0.07160909242089791,
      0.01498369546783539
    ],
    [
      0.027340577473811106,
      0.01292632485272194,
      0.0690500178795959,
      0.012146066028119382,
      0.028395262046693858,
      0.05832460158467593,
      0.11399528016428555,
      0.05232747856182289,
      0.06828954244644135,
      0.01868643612765324,
      0.07850731217117453,
      0.04822708759075087,
      0.08905449972859533,
      0.018236258275407275,
      0.08728321153598222,
      0.10083243756402711,
      0.04888589598861451,
      0.04301315793553524,
      0.02447855204409174
    ],
    [
      0.01860114147727999,
      0.03728591283095412,
      0.06932315803923257,
      0.03676032549095169,
      0.03707309711878094,
      0.033580027981725755,
      0.02690890099862921,
      0.25436623660809365,
      0.008986488210235698,
      0.05084599894999118,
      0.09985914242325913,
      0.08010444578250808,
      0.009368351133574475,
      0.05457019197405005,
      0.005649859940532568,
      0.05441257402416965,
      0.02790323550954879,
      0.04831138002640517,
      0.04608953148007726
    ],
    [
      0.008283798926936597,
      0.017228929972015146,
      0.02769610817889103,
      0.0363040965042514,
      0.06333221366878056,
      0.011406614841069545,
      0.04715390830639089,
      0.0351206754822273,
      0.2952571792285515,
      0.043041918415847445,
      0.0025135118774181277,
      0.019276050699086347,
      0.08695258674652549,
      0.024042408280225393,
      0.035130468931916486,
      0.05575487926445656,
      0.06752516450350406,
      0.04974452865534912,
      0.07423495751655704
    ],
    [
      0.01634085129252995,
      0.011614767408949811,
      0.01369710883843134,
      0.01341483791178769,
      0.016304044119115742,
      0.07416176539428529,
      0.05514442311652168,
      0.07988788871268977,
      0.0391977159568013,
      0.27647250773420046,
      0.05607734786042464,
      0.058671532071303156,
      0.06619605197226167,
      0.005413357437216407,
      0.09297319304202616,
      0.05366181250877161,
      0.041953118136363064,
      0.023799430536320124,
      0.005018245950000166
    ],
    [
      0.01995824803585377,
      0.010230391552297123,
      0.017770832076314774,
      0.04872210595677963,
      0.009565439348144184,
      0.01878310904929343,
      0.03839421222367761,
      0.09898733638241067,
      0.014480108776714339,
      0.019549722339942212,
      0.4662075635659511,
      0.12243267801908059,
      0.009357016066644594,
      0.05030471718189584,
      0.015605126451976032,
      0.020515033711065243,
      0.00987920736333294,
      0.0020133438796712615,
      0.007243808018954731
    ],
    [
      0.07061579876859951,
      0.00022913413579568004,
      0.04704234606589569,
      0.034661659400800446,
      0.007723129512548469,
      0.00664450077118166,
      0.05346514293076205,
      0.03576823572906977,
      0.015896018920294082,
      0.06527486170274317,
      0.07263315151960126,
      0.39196957008382716,
      0.0695924075752482,
      0.04955543607947903,
      0.03162420909342806,
      0.021536900007655672,
      0.015637283664303225,
      0.005749644153916265,
      0.004380569884850691
    ],
    [
      0.0649403318166916,
      0.03241360051424687,
      0.05843792843989787,
      0.0005325470981315549,
      0.04751647418650049,
      0.025440081543369027,
      0.0760678570821083,
      0.035467373565902786,
      0.11333723820914429,
      0.02969927986616417,
      0.06441161964840757,
      0.03557067055599213,
      0.2132526045826486,
      0.08288260141389894,
      0.04358809709820696,
      0.0376427806442828,
      0.0104457566521996,
      0.024320477862486582,
      0.00403267921972
    ],
    [
      0.028261084321819625,
      0.006037627747992741,
      0.01717983468122925,
      0.03648950718477646,
      0.008547397369775295,
      0.026142278532429786,
      0.028343941458429247,
      0.03511401851009711,
      0.0195032775913927,
      0.0278634671603189,
      0.012182577345480622,
      0.04391210835139674,
      0.02875496069906123,
      0.6291336027293449,
      0.0192826898474835,
      0.01791955128576213,
      0.0074818407946513205,
      0.004768188951914228,
      0.003082045436644066
    ],
    [
      0.049880431632502734,
      0.0025185301715914825,
      0.020796200647355986,
      0.08163633593367581,
      0.041513662579140756,
      0.06585273831769407,
      0.06880967508319123,
      0.0571661376579378,
      0.033294699654479815,
      0.08302164205982986,
      0.030917983571885285,
      0.0764381415350323,
      0.06352373441769607,
      0.0747058485465836,
      0.1626967452834449,
      0.028755559509821525,
