{
  "poids_LS": 0.3375,
  "poids_EM": 0.6625,
  "mae_validation": 7.5594063468655435,
  "matrice_de_transition": [
    [
      0.20732659120072633,
      0.003888433476372601,
      0.01409193070164267,
      0.07680584169904388,
      0.009092158573233953,
      0.05535262488089647,
      0.07813847644352034,
      0.04842671658231061,
      0.05640453657152218,
      0.049907099885233466,
      0.022305650895489332,
      0.17490040509704732,
      0.03285956031912361,
      0.053416353718210005,
      0.01000501296045743,
      0.04499326253955182,
      0.03992791833173029,
      0.008414113271113027,
      0.013743312852774773
    ],
    [
      0.009490409147416553,
      0.48554494313022173,
      0.0032561719561057054,
      0.017257174678438913,
      0.05690485287800189,
      0.011310959769527108,
      0.03464384436768674,
      0.024190700080993006,
      0.059096510779323194,
      0.01297346732727539,
      0.003774988231988392,
      0.0171353537812267,
      0.014079809651007913,
      0.00023961447858521435,
      0.02876796394756802,
      0.06716556486821036,
      0.08470451999737773,
      0.013815071600400967,
      0.05564807932864451
    ],
    [
      0.03064570668821438,
      0.026145979480719266,
      0.2903681720198729,
      0.021723502686574293,
      0.021884111496992705,
      0.019476899277232874,
      0.05450586722354411,
      0.16910246702835652,
      0.009460327904552814,
      0.037100084529004054,
      0.009127637163385247,
      0.10970571013711901,
      0.029638855207563132,
      0.044415279305163126,
      0.027127455030005986,
      0.02778369545649682,
      0.06396760366851795,
      0.0011517510799532117,
      0.006668894616731462
    ],
    [
      0.029956663590067625,
      0.022928051446781356,
      0.033844894934009426,
      0.15739059450590676,
      0.016420910349732525,
      0.04217391691699068,
      0.06633855881052785,
      0.03540116048490214,
      0.0652094446908294,
      0.0729018920683773,
      0.04337122995184621,
      0.08185740615961279,
      0.06428442475121768,
      0.050366498560980986,
      0.08172448246650112,
      0.05804474064460267,
      0.029706544013017613,
      0.029028598323404747,
      0.019049987330691263
    ],
    [
      0.009461377214099596,
      0.07367484055092277,
      0.01387067121223238,
      0.03625960342875718,
      0.33918233249533053,
      0.022105387750917145,
      0.05789025320160965,
      0.030152220913273846,
      0.10636056595130045,
      0.021279851643602,
      0.0034466887064771292,
      0.01948794772872889,
      0.020509060217320015,
      0.004372594999490226,
      0.0006018860558486953,
      0.014423765602857632,
      0.040038171062647794,
      0.08166708848346722,
      0.10521569278111689
    ],
    [
      0.024739912698272866,
      0.01016287911528043,
      0.04503742246627959,
      0.019225262011801587,
      0.017445334175882603,
      0.27730636640869366,
      0.027536457602755006,
      0.01760958350671187,
      0.04019804981679018,
      0.055729585691862205,
      0.021455405750231478,
      0.0859479529133645,
      0.045585805220177175,
      0.05990183806302186,
      0.05691871313858097,
      0.06089092944854196,
      0.05798318327639195,
      0.06108535628324391,
      0.015239962412116219
    ],
    [
      0.022431123933622114,
      0.010605189120654222,
      0.056650943461587965,
      0.00996503869180073,
      0.02565858366565027,
      0.04785145331250502,
      0.1949920806256011,
      0.04790168163620409,
      0.06186442508386364,
      0.03039026053599304,
      0.0655306562886543,
      0.056879115412879024,
      0.0851021114495323,
      0.014961636046386773,
      0.07426490041307494,
      0.09527934939272281,
      0.04429899537322689,
      0.035289432981166685,
      0.020083022574874026
    ],
    [
      0.01526099842563219,
      0.030590609598151214,
      0.05687503678141372,
      0.030465696383421066,
      0.03041600847206486,
      0.02755017775590503,
      0.023451763683285255,
      0.3501656237516071,
      0.007558075687607651,
      0.0463288235696277,
      0.08192777938750362,
      0.07242040456339426,
      0.010834250385513203,
      0.045723641800339804,
      0.00839576010794451,
      0.049339529102984926,
      0.03183824436555825,
      0.03963627153869154,
      0.04122130463935405
    ],
    [
      0.006796305621170892,
      0.014135190224718307,
      0.02272281321178366,
      0.029785094655190775,
      0.05195986570348869,
      0.009358368213261392,
      0.06113579427120551,
      0.03636442686622974,
      0.339881417729036,
      0.0512283712106151,
      0.0020621691873554298,
      0.030184139846777445,
      0.07942344979314213,
      0.019725195647862938,
      0.028822211352810736,
      0.05292953686986954,
      0.06000405773084612,
      0.04081207459339788,
      0.06266951727123769
    ],
    [
      0.014694235991620012,
      0.009529143539850465,
      0.011237566074874009,
      0.014010042319483083,
      0.01337638294602375,
      0.06084479204175108,
      0.061194304133147956,
      0.0728403546673636,
      0.03426275061895564,
      0.3376346714673636,
      0.04600773121675706,
      0.05956217367243124,
      0.05521014850581312,
      0.005632306944817517,
      0.07627831627286975,
      0.050040235899380225,
      0.054001858334944114,
      0.01952584858242982,
      0.004117136770123975
    ],
    [
      0.020453601591470187,
      0.008393355298324265,
      0.01457978483041305,
      0.04300204560313975,
      0.014201465310032971,
      0.015410290706076652,
      0.03851264330911374,
      0.10482222446132755,
      0.011879965405044272,
      0.016039245882615127,
      0.48682522797514904,
      0.11595507075414581,
      0.007676808847247113,
      0.04127167199133869,
      0.012802967522519035,
      0.028118489304781974,
      0.012460264262567727,
      0.0016518146381203848,
      0.005943062306572767
    ],
    [
      0.05793556245721013,
      0.00018798930645775607,
      0.0385951136453943,
      0.028437584338118015,
      0.006336313686765772,
      0.005451370601743467,
      0.05640761399367066,
      0.04568453920254724,
      0.026573911235938007,
      0.06740347512991894,
      0.0595906661074128,
      0.42215686958831034,
      0.06396125557233438,
      0.040656936721554,
      0.025945558544143762,
      0.022700740531639483,
      0.022571372562085346,
      0.0058091607701568244,
      0.003593966004598864
    ],
    [
      0.053279219601929634,
      0.026593201660295416,
      0.04794443045378617,
      0.00043691944583548623,
      0.038984104208738796,
      0.020871893526293473,
      0.07838957578682203,
      0.04096269078346075,
      0.10740420165228025,
      0.03613669677459737,
      0.05284544646076782,
      0.04190794860461124,
      0.28413742778277595,
      0.0679996575067592,
      0.035761132294194566,
      0.03360570921484167,
      0.009119030222863537,
      0.020312169148478738,
      0.003308544870668111
    ],
    [
      0.023186338530285452,
      0.00495347168178971,
      0.014094910806581274,
      0.029968145155914273,
      0.008364454584572465,
      0.02332633689453896,
      0.03621257741150188,
      0.03514065712986016,
      0.0205337734381019,
      0.026787358547732548,
      0.009994993797375742,
      0.04473089518893637,
      0.023591531223688005,
      0.6417318110153603,
      0.019273479270098086,
      0.021295094097372014,
      0.010373576449300252,
      0.003911981647855326,
      0.002528613129135224
    ],
    [
      0.04092357393997902,
      0.0020662863636896063,
      0.017061898363929833,
      0.0669771796359879,
      0.03405919685285542,
      0.054027788403061695,
      0.08536050177655559,
      0.060634071868402334,
      0.03935625944457602,
      0.08780831511435924,
      0.025366147512537462,
      0.08776534878672113,
      0.05714569546614977,
      0.061291176052150634,
      0.19533289069571713,
