{
  "poids_LS": 0.67,
  "poids_EM": 0.32999999999999996,
  "mae_validation": 6.6605939863547405,
  "matrice_de_transition": [
    [
      0.27747257505914263,
      0.001936880071249748,
      0.007019376802327669,
      0.047464755966331644,
      0.004528924270441063,
      0.027571873525578616,
      0.11522018660291844,
      0.06715999311659121,
      0.07256841617815249,
      0.05926071966488525,
      0.011110739313979592,
      0.15071524993526297,
      0.016367780989148362,
      0.026607391286051774,
      0.004983629097284455,
      0.041445461160330085,
      0.05752914036276486,
      0.004191180950139318,
      0.006845725647419886
    ],
    [
      0.00472729814135466,
      0.585402960483256,
      0.001621942257380955,
      0.008596026632279005,
      0.028345058792061315,
      0.005634138451236144,
      0.047974096271491316,
      0.013789166183455038,
      0.057223974048795964,
      0.014288202577946758,
      0.0018803714966885575,
      0.031084810783755017,
      0.009364789801813688,
      0.00011935513650282373,
      0.0293629956235485,
      0.053186535378110564,
      0.0637649659602534,
      0.009968907876041839,
      0.03366440410402846
    ],
    [
      0.015265031256016217,
      0.013023657703603558,
      0.4029027268501631,
      0.016527825528722163,
      0.0287264619801074,
      0.012584069992268042,
      0.06843783807373671,
      0.17306571086851774,
      0.016479347503632752,
      0.021593636301333853,
      0.004546596624780575,
      0.08801262511386171,
      0.014763505235465409,
      0.022123837238798235,
      0.013512543637587885,
      0.0241517764140367,
      0.060387242764302275,
      0.000573702424731411,
      0.0033218644883341616
    ],
    [
      0.014921809788260097,
      0.011420765248962787,
      0.01685858917467639,
      0.22517207001563738,
      0.008179472325149786,
      0.02100738503035007,
      0.10256628637734444,
      0.06668010525481774,
      0.08983516403017089,
      0.08634700846416002,
      0.021603782466579995,
      0.10565887602039344,
      0.050083385575431204,
      0.02508821815113015,
      0.04752507706578717,
      0.05931594837794442,
      0.023787478118711035,
      0.014459528221469533,
      0.009489050293023573
    ],
    [
      0.004712836951928855,
      0.036698411142346433,
      0.0069091645283572605,
      0.018061387368286594,
      0.4450714288012221,
      0.011010985596683258,
      0.08289601332923321,
      0.036970693638325086,
      0.09341184935419153,
      0.035811940171665335,
      0.0017168411669999284,
      0.033786930530356106,
      0.010215833768627327,
      0.0021780473205007915,
      0.0002998073938567086,
      0.0071846681493479515,
      0.03297757883673506,
      0.06334098841389618,
      0.07674459353744037
    ],
    [
      0.012323277268573652,
      0.005062264314026478,
      0.022433734964335494,
      0.009576356926633242,
      0.008689751363081144,
      0.42822901395455754,
      0.05202144133559881,
      0.010784692538462065,
      0.03936963969234989,
      0.06269450708067235,
      0.010687220977473792,
      0.08716659172061342,
      0.02270689165684297,
      0.029837896695542963,
      0.04074209749241469,
      0.047938339199232065,
      0.05695533313661951,
      0.03695334065724424,
      0.015827609025725706
    ],
    [
      0.0111732390914646,
      0.005282584769533423,
      0.02821858315822495,
      0.004963717386104514,
      0.019383097033257225,
      0.023835440895285515,
      0.3807261230627558,
      0.03775287144469892,
      0.04713096630415957,
      0.057228340644772245,
      0.03577384193735793,
      0.07671911024637981,
      0.07603887625788777,
      0.007452588521219072,
      0.044412566286408266,
      0.08254554375852505,
      0.03378075775518286,
      0.017578132654769818,
      0.010003618792012722
    ],
    [
      0.007601704876163958,
      0.015237586667758339,
      0.028330207000553245,
      0.016031460671324983,
      0.015150615540802118,
      0.013723107410488542,
      0.015524190184306886,
      0.5698435287531121,
      0.0042825780064088565,
      0.035970473128449365,
      0.04080930897792633,
      0.05480010314715048,
      0.01419570901495891,
      0.025437587091659407,
      0.014692393250458097,
      0.03770651230095789,
      0.04086162674226961,
      0.019743350351348242,
      0.03005795688390256
    ],
    [
      0.003385329592432293,
      0.007040924942123835,
      0.011318533373416767,
      0.014836349035793138,
      0.02588189536928493,
      0.004661526808115108,
      0.09319770519052178,
      0.03921647745368363,
      0.44220941291118165,
      0.07000075434344437,
      0.0010271937084185534,
      0.0551975166854484,
      0.06215835988279754,
      0.009825380473652482,
      0.014356724145551008,
      0.046450734482282055,
      0.042757381855613244,
      0.020329033382371773,
      0.03614876636386747
    ],
    [
      0.010918376767119627,
      0.004746592253812306,
      0.0055975800825787516,
      0.015374907599198386,
      0.006662953014623151,
      0.03030759452645714,
      0.07506730715403236,
      0.05667963004618465,
      0.022946364585619897,
      0.4778858400278927,
      0.022917058568346912,
      0.061604506999155983,
      0.03001833538447422,
      0.006134380815695926,
      0.037995236784976634,
      0.04173558608818965,
      0.08163086603169033,
      0.009726083067474477,
      0.002050800202476848
    ],
    [
      0.021589498537969907,
      0.004180841129731332,
      0.007262383387224613,
      0.029885355481862108,
      0.02483235242953657,
      0.00767606933283818,
      0.03878421803951039,
      0.11820222643539557,
      0.005917567673456014,
      0.007989360213227157,
      0.5341036653272753,
      0.10110124719834707,
      0.0038239198786287503,
      0.0205579649164404,
      0.006377327218764198,
      0.045553999545546196,
      0.01837889473839922,
      0.0008227906876675123,
      0.002960317828179642
    ],
    [
      0.028858468846610325,
      9.363995642424075e-05,
      0.019224735853554893,
      0.014165136349553123,
      0.0031562015345399314,
      0.0027153996959627838,
      0.06315500453447837,
      0.06842364889172833,
      0.051059422925259425,
      0.07228460591982203,
      0.029682897834635808,
      0.491379470176177,
      0.05104844149668718,
      0.020251757159415577,
      0.012923825388026326,
      0.025369547250429947,
      0.0384719557242409,
      0.005945638528087762,
      0.0017902019343662265
    ],
    [
      0.02653908297152721,
      0.01324642497795847,
      0.02388175403735764,
      0.00021763534660484597,
      0.019418497190768002,
      0.01039656583196505,
      0.08371351695452767,
      0.05356402164441263,
      0.09379913506498855,
      0.05089835968531487,
      0.026323014840835286,
      0.056439982750582644,
      0.4466836602934126,
      0.03387152751280081,
      0.017813092312579933,
      0.02434828679905426,
      0.006076709272834286,
      0.011120702614633158,
      0.0016480298978422288
    ],
    [
      0.011549421456595016,
      0.002467389667910346,
      0.007020861231957464,
      0.015013987400075094,
      0.007944947852986665,
      0.016869091414547916,
      0.05425617364872015,
      0.03520174224069613,
      0.022896807017624726,
      0.024319730177491432,
      0.004978638419824898,
      0.04660845810950139,
      0.011751253288780438,
      0.6706208058781196,
      0.01925235846333498,
      0.02903556295847743,
      0.01700462545047797,
      0.0019486097264788792,
      0.0012595355963994322
    ],
    [
      0.02038457267953672,
      0.0010292445283284076,
      0.008498756920900897,
      0.03336221778094491,
      0.01696533579085628,
      0.026911954978128844,
      0.12331325953892558,
      0.0685864037648124,
      0.053256043101175946,
      0.09878465160146976,
      0.012635213100584696,
      0.1137398067949041,
      0.04252019235312118,
