{
  "poids_LS": 0.695,
  "poids_EM": 0.30500000000000005,
  "mae_validation": 6.594186777988616,
  "matrice_de_transition": [
    [
      0.28274670918383554,
      0.0017901467325187072,
      0.006487605832454362,
      0.045258659294699154,
      0.004185823946922802,
      0.025483095228186304,
      0.11800828511114385,
      0.06856851014924387,
      0.07378374547188409,
      0.05996399934756583,
      0.010269016638678111,
      0.14889681721633183,
      0.015127797580879551,
      0.02459167982498725,
      0.004606081438399271,
      0.04117870917692996,
      0.05885254051547422,
      0.0038736672417954317,
      0.006327110068069897
    ],
    [
      0.004369169494282338,
      0.5929110820887473,
      0.0014990678439430044,
      0.007944812493469991,
      0.0261977058532688,
      0.005207309780687953,
      0.04897637085072474,
      0.013007095965595043,
      0.05708318181341798,
      0.014387054852433325,
      0.0017379191105757884,
      0.03213364213732857,
      0.009010277031197583,
      0.0001103130807071553,
      0.02940773484730643,
      0.052135480529230886,
      0.06219056340107112,
      0.009679722633608823,
      0.0320114961924032
    ],
    [
      0.014108589494196811,
      0.01203701696848208,
      0.4113639715742451,
      0.016137173110838544,
      0.02924092442244685,
      0.012065812151293244,
      0.06948535467901434,
      0.17336369912717647,
      0.01700709333815004,
      0.020427737938351134,
      0.004202157486539624,
      0.08638156608955665,
      0.013645057869142276,
      0.020447788963131708,
      0.012488866089285776,
      0.02387869979430286,
      0.06011804269631614,
      0.0005302401198275164,
      0.0030702080877027865
    ],
    [
      0.013791369652785851,
      0.010555555760405004,
      0.015581423328110003,
      0.23026842155772237,
      0.007559815330820258,
      0.01941591646744477,
      0.10529017566808252,
      0.069031905613458,
      0.09168672187523415,
      0.08735791947136172,
      0.019967132279717883,
      0.10744846022045212,
      0.0490156382689811,
      0.023187595563923327,
      0.044953693201071857,
      0.05941152790676711,
      0.023342435570266933,
      0.013364109416812753,
      0.008770182846582396
    ],
    [
      0.004355803849510003,
      0.033918228480047476,
      0.006385742973178682,
      0.016693100446446705,
      0.453033014989635,
      0.010176820021176952,
      0.08477614566965604,
      0.037483360760509385,
      0.0924382616401232,
      0.03690457840685806,
      0.001586777442227207,
      0.03486204201920026,
      0.009441906967973744,
      0.0020130437356143684,
      0.00027709471250392774,
      0.006640375107730684,
      0.03244670724080177,
      0.061963086153026196,
      0.07460390938378048
    ],
    [
      0.011389695657318075,
      0.004678759441751746,
      0.020734209588249477,
      0.008850875341282241,
      0.00803143686587803,
      0.43957658143920886,
      0.053862417556113366,
      0.01027154284160118,
      0.039307353216828066,
      0.06321818538058288,
      0.009877583024634871,
      0.08725821869860206,
      0.020986672591930627,
      0.027577449976183655,
      0.0395258106017255,
      0.04696446023311854,
      0.05687805117122308,
      0.035138903392131486,
      0.015871792981636195
    ],
    [
      0.010326781584535467,
      0.00488238895365968,
      0.026080811706844276,
      0.004587678190187507,
      0.018911255933077298,
      0.02202972567594571,
      0.3946910886595343,
      0.0369898030092474,
      0.046023187448542724,
      0.05924624140483083,
      0.03353648747485445,
      0.0782108391812295,
      0.07535743000287691,
      0.006887998481732781,
      0.04216802988590702,
      0.08158811476347258,
      0.03298991282149535,
      0.016246455938499382,
      0.009245768883526913
    ],
    [
      0.007025818143121237,
      0.014083224041413014,
      0.026183979197481038,
      0.014946179790716257,
      0.014002841636195902,
      0.01268347806120911,
      0.014928132026488966,
      0.5863606644675109,
      0.004036299985266091,
      0.03519164978700738,
      0.03771769466141677,
      0.05347526845419983,
      0.014448450265293171,
      0.023912319820330055,
      0.015165824313804983,
      0.03683184938351225,
      0.041540076545029864,
      0.018247641991397622,
      0.029218607428605457
    ],
    [
      0.0031288652293692413,
      0.006507521537417486,
      0.0104610687239155,
      0.013712383199748207,
      0.023921145720096685,
      0.0043083808378033585,
      0.09560837518445534,
      0.039430917347477154,
      0.4499032471354031,
      0.07141221172185258,
      0.00094937600323533,
      0.057078221710912376,
      0.06086023282186938,
      0.009081033468072751,
      0.013269093528463814,
      0.04596360648321533,
      0.04146063930860326,
      0.018788955095828463,
      0.03415472494226069
    ],
    [
      0.01063447757730757,
      0.0043870019315538,
      0.005173520985413696,
      0.01547752904880104,
      0.006158183846848671,
      0.02801156463808918,
      0.07611039008793344,
      0.05546453796940427,
      0.02209550849288789,
      0.4884310406715415,
      0.021180917767714576,
      0.0617580658959022,
      0.028124214097155514,
      0.006172130730799565,
      0.035116809755811745,
      0.04111117632794976,
      0.08370823503144569,
      0.008989258592665807,
      0.001895436550774057
    ],
    [
      0.021674904323421014,
      0.0038641107411153224,
      0.006712202827586386,
      0.02889913817951041,
      0.025631667250551875,
      0.00709454892883529,
      0.038804637192171795,
      0.11920824162141572,
      0.0054692670921335906,
      0.007384105651619041,
      0.537658435052999,
      0.0999844183595652,
      0.003534228978732634,
      0.01900054333186159,
      0.005894196368857821,
      0.04686494016515253,
      0.018823904548612113,
      0.0007604580598139131,
      0.0027360513260448215
    ],
    [
      0.02667222120671561,
      8.654602033149527e-05,
      0.01776831647070983,
      0.013092019959435465,
      0.0029170953576808465,
      0.0025096875977837856,
      0.06366232713153157,
      0.07013335638715547,
      0.052900438841749754,
      0.07265160823485232,
      0.027434193453224013,
      0.4965841769872948,
      0.05007755322032273,
      0.01871753313218713,
      0.011944747707115243,
      0.0255702094097375,
      0.039667488292824016,
      0.00595590001364648,
      0.0016545805757021187
    ],
    [
      0.024528546382775157,
      0.012242907934173741,
      0.022072530246648733,
      0.00020114782034690314,
      0.01794739891874013,
      0.009608947208331336,
      0.0841138132829266,
      0.05451149013019848,
      0.09277619772759821,
      0.05200825915228611,
      0.024328847049862923,
      0.05753261689689629,
      0.4589051815348138,
      0.031305502701224994,
      0.016463615622232974,
      0.02365224000087476,
      0.005847963336741861,
      0.010429614905321462,
      0.0015231791480056966
    ],
    [
      0.01067446528564085,
      0.0022804662082201686,
      0.006488977805294022,
      0.013889614636478169,
      0.007913405993468934,
      0.016383584235601222,
      0.05561283501993956,
      0.03520633510617252,
      0.023074478715333212,
      0.02413419420980413,
      0.004601468842565437,
      0.046749628253904774,
      0.010861006827509196,
      0.6727929107550188,
      0.019250770432751287,
      0.02961755309841016,
      0.017503200563348472,
      0.0018009877775032072,
      0.0011641162330358393
    ],
    [
      0.01884028687048091,
      0.0009512714580004983,
      0.007854911699620529,
      0.030834777039964244,
      0.015680083079427778,
      0.024873170510088787,
      0.1261668503481263,
      0.06918432345627179,
      0.05430113961670977,
      0.09960994005914725,
      0.01167799998690404,
      0.11569277356243665,
      0.04142053046492354,
