{
  "poids_LS": 0.4,
  "poids_EM": 0.6,
  "mae_validation": 7.388627486075383,
  "matrice_de_transition": [
    [
      0.2205119265124587,
      0.003521600129544997,
      0.0127625032769594,
      0.07129060001996262,
      0.008234407764438297,
      0.05013067913741567,
      0.08510872271408389,
      0.0519480091639423,
      0.059442859805851185,
      0.05166529909193493,
      0.020201344207235624,
      0.17035432329971945,
      0.029759601798451572,
      0.04837707506554868,
      0.009061143813244464,
      0.04432638258105149,
      0.043236418713503706,
      0.007620329000253306,
      0.012446773904399794
    ],
    [
      0.008595087529735746,
      0.5043152471439499,
      0.0029489859225108276,
      0.015629139331416374,
      0.05153647053102058,
      0.010243888093156626,
      0.037149530815770306,
      0.02223552453634301,
      0.058744530190878226,
      0.013220598013491812,
      0.0034188572667064685,
      0.019757432165160592,
      0.013193527724467647,
      0.00021700933909604318,
      0.028879812006962845,
      0.06453792774601115,
      0.08076851359942203,
      0.013092108494318425,
      0.05151580954958134
    ],
    [
      0.027754602283665854,
      0.023679377642915563,
      0.3115212838300778,
      0.02074687164186525,
      0.023170267602841334,
      0.018181254674795876,
      0.05712465873673821,
      0.16984743767500338,
      0.010779692490846034,
      0.034185338621547254,
      0.008266539317782866,
      0.10562806257635635,
      0.02684273679175529,
      0.04022515861599679,
      0.024568261159250704,
      0.027101003907162212,
      0.0632946034985526,
      0.0010430953176934746,
      0.0060397536151530215
    ],
    [
      0.027130563251382,
      0.020765027725386888,
      0.03065198031759344,
      0.17013147336111928,
      0.0148717678639087,
      0.0381952455097274,
      0.07314828203737307,
      0.04128066138150281,
      0.06983833930348757,
      0.07542916958638157,
      0.03927960448469091,
      0.08633136665975952,
      0.0616150564850924,
      0.04561494209296391,
      0.07529602280471277,
      0.05828368946665939,
      0.028593937641907353,
      0.02629005131176279,
      0.017252818714588315
    ],
    [
      0.008568794458052465,
      0.06672438389517535,
      0.012562117324285929,
      0.032838886124157446,
      0.3590862979663628,
      0.020019973812151377,
      0.06259058405266671,
      0.03143388871873461,
      0.10392659666612959,
      0.02401144723158383,
      0.0031215293945453244,
      0.022175726450839272,
      0.01857424321568605,
      0.003960086037274167,
      0.0005451043524667429,
      0.013063032998814459,
      0.03871099207281457,
      0.07822233283129222,
      0.09986398239696719
    ],
    [
      0.022405958670133914,
      0.009204116934593597,
      0.040788609026064536,
      0.017411558048424078,
      0.01579954793287481,
      0.30567528512032216,
      0.03213889815404143,
      0.01632670926455965,
      0.04004233362798561,
      0.05703878144163854,
      0.01943131086813417,
      0.0861770203583361,
      0.04128525755789631,
      0.05425072126462357,
      0.05387799591185798,
      0.05845623203325814,
      0.057789978362900896,
      0.05654926312046202,
      0.015350422301892439
    ],
    [
      0.020314980166299273,
      0.009604699580969862,
      0.05130651483313627,
      0.009024940702008209,
      0.02447898091520045,
      0.043337165264155486,
      0.22990449461754747,
      0.0459940105475753,
      0.05909497794482152,
      0.03543501243613951,
      0.05993727013239559,
      0.060608437750003234,
      0.08339849581200513,
      0.013550160947671041,
      0.06865355941182182,
      0.09288577690509166,
      0.042321883039008086,
      0.03196024119049058,
      0.018188397803659495
    ],
    [
      0.01382128159302538,
      0.027704703032287892,
      0.05150946727373318,
      0.027752494181899245,
      0.027546573710549308,
      0.02495110438270644,
      0.02196161828874045,
      0.3914584630376043,
      0.006942380634750735,
      0.044381765216022745,
      0.0741987435962297,
      0.0691083178310176,
      0.011466103511348861,
      0.04191047362201642,
      0.009579337766311726,
      0.04715287180937082,
      0.033534368872458885,
      0.035897000638814985,
      0.03912293100111129
    ],
    [
      0.006155144713513261,
      0.01280168171295243,
      0.020579151588030486,
      0.026975180065078437,
      0.047057991580518065,
      0.008475503287482014,
      0.06716246925603939,
      0.03690052660071356,
      0.3591160032895897,
      0.05475701465663564,
      0.0018676249243973703,
      0.0348859024104374,
      0.07617813214082172,
      0.017864328133913605,
      0.026103134810092743,
      0.05171171687220272,
      0.056762201363321135,
      0.03696187887703959,
      0.05768441371722073
    ],
    [
      0.013984488017089862,
      0.008630167734204195,
      0.010177418331961367,
      0.01426659594348972,
      0.012114460026587547,
      0.05510471732083117,
      0.06380201146790065,
      0.06980262447541268,
      0.03213561038712561,
      0.36399767307648556,
      0.04166737921517621,
      0.059946070914296795,
      0.050474845287516334,
      0.0057266817325766165,
      0.06908224869995752,
      0.0484792114987805,
      0.05919528083433251,
      0.01768378739540814,
      0.0037287276408669964
    ],
    [
      0.020667116055097953,
      0.0076015293267842395,
      0.013204333431317479,
      0.04053650234726049,
      0.01619975236257124,
      0.013956489696069422,
      0.038563691190767246,
      0.10733726242637794,
      0.010759213951738207,
      0.014526109478594833,
      0.4957121522894585,
      0.11316299865719115,
      0.006952581597506819,
      0.03737811802989164,
      0.01159514039775309,
      0.031395840853797805,
      0.013572788788099963,
      0.0014959830684863863,
      0.005382396051235714
    ],
    [
      0.05246994335747332,
      0.00017025446622589228,
      0.034954065188281626,
      0.025754793362823863,
      0.005738548244618058,
      0.004937090356295971,
      0.05767592048630369,
      0.04995880794111512,
      0.03117645102716384,
      0.06832098091749471,
      0.05396890515388329,
      0.43516863661610483,
      0.061534034881423255,
      0.03682137665348287,
      0.02349786434186605,
      0.023202395929908366,
      0.025560203983543153,
      0.005834814484053617,
      0.0032549126079385936
    ],
    [
      0.04825287813004948,
      0.024084409050833585,
      0.043421370977013894,
      0.00039570063019062903,
      0.0353063585286691,
      0.018902846967209185,
      0.07939031660781934,
      0.04333136199792539,
      0.10484685830880437,
      0.03891144544202547,
      0.04786002698333689,
      0.04463953397039534,
      0.31469123088627904,
      0.06158459547781965,
      0.03238744056832715,
      0.03186559221939291,
      0.008547165382632475,
      0.018584449875199492,
      0.00299641799607678
    ],
    [
      0.020998948102900032,
      0.004486163032564265,
      0.012765202239922663,
      0.027157213246921948,
      0.008285599935778142,
      0.022112568947172218,
      0.039604230839550426,
      0.035152139293551134,
      0.02097795268237311,
      0.026323518628514293,
      0.009052069854227086,
      0.045083820549944836,
      0.02136591507050989,
      0.6471620732076082,
      0.019269509193638852,
      0.022750069447203855,
      0.011620014231476513,
      0.0035429267754161445,
      0.0022900647207262405
    ],
    [
      0.03706285941733949,
      0.0018713536878698324,
      0.015452285310728906,
      0.060658577783536206,
      0.03084606507428415,
      0.048930827232961535,
      0.09249447879955747,
      0.06212887109705084,
      0.041969000733410596,
      0.08987153625855296,
      0.022973114728335815,
      0.0926477657055525,
      0.05439654074565567,
      0.05550898963213642,
