{
  "poids_LS": 0.545,
  "poids_EM": 0.45499999999999996,
  "mae_validation": 6.995322125240413,
  "matrice_de_transition": [
    [
      0.25110190443567787,
      0.002670546764904956,
      0.00967823165169421,
      0.05849523932449413,
      0.006244425888032375,
      0.03801576501254021,
      0.10127969406179134,
      0.060117407953327824,
      0.06649176970949448,
      0.05574432125148232,
      0.015319352690487013,
      0.15980741352991873,
      0.02256769803049244,
      0.03668594859137442,
      0.006871367391710385,
      0.04277922107733074,
      0.05091213959921803,
      0.005778749491858757,
      0.009438803544169844
    ],
    [
      0.006517941376716274,
      0.5478623524557995,
      0.0022363143245707107,
      0.011852097326324083,
      0.03908182348602394,
      0.007768281803977108,
      0.04296272337532418,
      0.017699517272755025,
      0.0579279352256859,
      0.013793941205513912,
      0.002592633427252405,
      0.02584065401588723,
      0.011137353654894225,
      0.00016456541548116605,
      0.029139299504758846,
      0.058441809622508986,
      0.0716369787561648,
      0.011414834088206925,
      0.04192894366215479
    ],
    [
      0.02104724006511327,
      0.01795686137921097,
      0.3605965032297533,
      0.018481087618140254,
      0.02615414976841015,
      0.01517535919714204,
      0.06320025504734852,
      0.17157576957522405,
      0.013840618331046311,
      0.02742312811624746,
      0.006268792315985339,
      0.096167920235387,
      0.020355742067081094,
      0.0305040786171309,
      0.01863093137909845,
      0.025517159512705917,
      0.061733243104232984,
      0.000791013949250885,
      0.004580146491491042
    ],
    [
      0.020574010465631346,
      0.015746812691751724,
      0.02324441840750836,
      0.19969031230521234,
      0.011277757296797431,
      0.028964727844876612,
      0.08894683992365399,
      0.05492110346161638,
      0.08057737480485454,
      0.08129245342815147,
      0.029787033400890603,
      0.09671095502009996,
      0.05542212210768176,
      0.0345913310871643,
      0.06038199638936385,
      0.058838050733830985,
      0.026012690860931553,
      0.019936622244753448,
      0.013083387525229471
    ],
    [
      0.006498002464023119,
      0.0505993244538413,
      0.009526272304250162,
      0.024902821977486063,
      0.4052634978591576,
      0.015181813474214795,
      0.0734953516271191,
      0.034407358027403565,
      0.09827978792453324,
      0.030348748995701676,
      0.0023671597908635376,
      0.028411373086135353,
      0.014085467771895255,
      0.00300306524493291,
      0.00041337080062061335,
      0.009906133357434297,
      0.0356319368164015,
      0.0702304997182462,
      0.08744801430573981
    ],
    [
      0.01699118532485155,
      0.0069797886754001445,
      0.030931361844765606,
      0.01320376485338826,
      0.011981323849096729,
      0.3714911765313004,
      0.04281656023302595,
      0.013350441022766503,
      0.03968107206995902,
      0.060076115581119666,
      0.014735410741668412,
      0.08670845683067022,
      0.0313079869814047,
      0.04114013029233954,
      0.046823531945860655,
      0.0528077340297997,
      0.05734174296360163,
      0.04602552698280803,
      0.01560668924617327
    ],
    [
      0.015405526626110283,
      0.007283563848902145,
      0.038907440415128336,
      0.006843913365689558,
      0.021742302534156866,
      0.032864016991984574,
      0.31090129507886305,
      0.0415682136219565,
      0.0526698605822438,
      0.047138836844479316,
      0.04696061424987537,
      0.06926046557213139,
      0.07944610753294211,
      0.010275538718650539,
      0.055635248288914536,
      0.08733268873378736,
      0.037734982423620465,
      0.02423651623612202,
      0.013792868334441785
    ],
    [
      0.01048113854137758,
      0.021009399799484983,
      0.03906134601591432,
      0.021457865074368622,
      0.020889485063833223,
      0.018921254156885718,
      0.0185044809733965,
      0.4872578501811177,
      0.005513968112122689,
      0.03986458983565926,
      0.05626738056047419,
      0.061424276611903784,
      0.01293200276328759,
      0.03306392344830617,
      0.012325237933723665,
      0.0420798268881861,
      0.03746937772846835,
      0.02722189215110136,
      0.03425470416038808
    ],
    [
      0.004667651407747555,
      0.009707941965655591,
      0.015605856620923118,
      0.020456178216017813,
      0.03568564361522619,
      0.006427256659673861,
      0.081144355220854,
      0.03814427798471601,
      0.4037402417900743,
      0.06294346745140329,
      0.0014162822343346724,
      0.045793991558128494,
      0.06864899518743836,
      0.01354711550155115,
      0.019794877230986996,
      0.0488863744776157,
      0.0492410945906632,
      0.028029424815088355,
      0.04611897347190139
    ],
    [
      0.01233787271617992,
      0.006544543865104847,
      0.007717875568404036,
      0.014861800351185115,
      0.009186798853495557,
      0.041787743968296966,
      0.06985189248452695,
      0.06275509043008651,
      0.02720064504927995,
      0.4251598368096487,
      0.03159776257150862,
      0.06083671251542487,
      0.0394889418210678,
      0.0059456312401777265,
      0.05238737193080111,
      0.04485763488938911,
      0.07124402103291357,
      0.01341020544151784,
      0.0028276184609908055
    ],
    [
      0.021162469610714375,
      0.005764493072811382,
      0.010013286185415755,
      0.03481644199362062,
      0.020835778324460028,
      0.010583671352852644,
      0.03868212227620338,
      0.11317215050529482,
      0.00815907058006814,
      0.011015633021267747,
      0.5163298166986564,
      0.10668539139225636,
      0.005272374378109338,
      0.028345072839334493,
      0.008792981468296091,
      0.03899929644751454,
      0.01615384568733475,
      0.0011344538269355095,
      0.004081650338853749
    ],
    [
      0.039789707046083936,
      0.0001291096368879683,
      0.026506832767780233,
      0.019530718300141428,
      0.00435173241883536,
      0.0037439601868577777,
      0.06061839154921231,
      0.059875111414592584,
      0.04185434334280777,
      0.07044959434467049,
      0.04092641974169483,
      0.465355936120588,
      0.05590288287850943,
      0.02792287729555784,
      0.017819213792581754,
      0.02436623645389218,
      0.03249429288132527,
      0.005894331100294177,
      0.002468308727686767
    ],
    [
      0.03659176591528752,
      0.018264010196882133,
      0.032927872990902204,
      0.00030007297789456033,
      0.026773988550907398,
      0.01433465895013363,
      0.08171203531253307,
      0.04882667921548335,
      0.09891382175194033,
      0.045348862350458666,
      0.03629385379569714,
      0.05097681201901445,
      0.38557605408640633,
      0.046701651570679896,
      0.02456047576431476,
      0.027828520789951783,
      0.00722043895329641,
      0.014576141161191646,
      0.002272283647024891
    ],
    [
      0.015924202311365855,
      0.0034020069663612345,
      0.009680278365274686,
      0.020635851218059748,
      0.008102657150575312,
      0.01929662730928139,
      0.04747286679262305,
      0.03517877791331419,
      0.022008448529082313,
      0.02524741001592794,
      0.006864486306122207,
      0.04590260738748447,
      0.016202485595136665,
      0.6597602814936235,
      0.01926029861625344,
      0.026125612258813737,
      0.014511749886125445,
      0.002686719471357243,
      0.001736632413217399
    ],
    [
      0.02810600172481578,
      0.0014191098799679561,
      0.011717983027302753,
      0.045999421485848284,
      0.023391599347998813,
      0.037105877318329164,
      0.10904530549292181,
      0.06559680530751538,
      0.04803056052350681,
      0.09465820931308236,
      0.017421278668987992,
      0.10397497295724133,
      0.04801850179410937,
      0.04209431713770345,
