{
  "poids_LS": 0.8925,
  "poids_EM": 0.10750000000000004,
  "mae_validation": 6.077754977336847,
  "matrice_de_transition": [
    [
      0.3244123687689099,
      0.0006309533565434788,
      0.0022866151704552264,
      0.02783049558880242,
      0.001475331391128529,
      0.008981746678786979,
      0.14003426332612467,
      0.07969579470720001,
      0.08338484689236375,
      0.06551990884074245,
      0.003619407503796384,
      0.13453119873677571,
      0.005331928655555909,
      0.008667559282577475,
      0.0016234549332063005,
      0.03907136850806893,
      0.06930740172187821,
      0.001365308945878718,
      0.0022300469912049643
    ],
    [
      0.0015399531824109884,
      0.6522252427721287,
      0.0005283599777831902,
      0.0028002207968787682,
      0.009233617636807858,
      0.0018353632833572296,
      0.05689434002666881,
      0.006828741244501063,
      0.05597092315393189,
      0.015167987820877221,
      0.0006125452602849092,
      0.04041940983055968,
      0.0062096261433303365,
      3.8880839921374416e-05,
      0.029761174714994083,
      0.04383214722308139,
      0.04975278318353111,
      0.007395159218387988,
      0.018953523690563585
    ],
    [
      0.004972699575823468,
      0.004242555161022374,
      0.47820780489449266,
      0.013051019009557954,
      0.03330517771692851,
      0.007971575207592329,
      0.0777607358607077,
      0.17571780637058051,
      0.021176285430836623,
      0.011217140870787626,
      0.0014810882944360974,
      0.07349619979754668,
      0.004809323675189491,
      0.0072070075853660955,
      0.004401813457699086,
      0.021721394498405495,
      0.05799136215922562,
      0.00018688791108674763,
      0.001082122522714917
    ],
    [
      0.004860892582539277,
      0.0037204008007984857,
      0.005491813140235494,
      0.2705295987401939,
      0.0026645250756169767,
      0.00684331482049283,
      0.12680890106491344,
      0.08761112844671612,
      0.10631402885123398,
      0.09534411642825522,
      0.0070375958035071235,
      0.12158617540091582,
      0.04058043454802522,
      0.008172677124989371,
      0.024639760669820716,
      0.06016660618446635,
      0.01982659943755851,
      0.004710300860024169,
      0.0030911300196970744
    ],
    [
      0.0015352423404010672,
      0.011954785447885587,
      0.0022507126872678964,
      0.005883633763911545,
      0.5159295458780969,
      0.0035869119746771232,
      0.09962919115899635,
      0.041533431025765385,
      0.0847469186989833,
      0.04553642046488065,
      0.0005592740165227042,
      0.04335542278106906,
      0.003327885242810419,
      0.0007095154150116218,
      9.766452981695815e-05,
      0.002340460078954258,
      0.028252821632928794,
      0.051077658292153175,
      0.05769250456986735
    ],
    [
      0.004014400928398994,
      0.0016490709507813535,
      0.007307959117169899,
      0.0031195708170093156,
      0.0028307523379734047,
      0.5292223645679551,
      0.06840612969817848,
      0.0062176602364001675,
      0.03881529006020564,
      0.06735524394987613,
      0.0034814431972073736,
      0.08798207182471232,
      0.007396941979123091,
      0.00971992089324506,
      0.02991714416528086,
      0.039270816400821695,
      0.05626752364459133,
      0.0208048489977407,
      0.01622084623332905
    ],
    [
      0.003639767279795288,
      0.001720842008257101,
      0.00919241724093692,
      0.001616968542443138,
      0.015183711241655861,
      0.0077645754431611945,
      0.5050143168740847,
      0.030961562369180424,
      0.03727173448916962,
      0.07518765740929366,
      0.015861387221076908,
      0.08999549776654199,
      0.06997400458829107,
      0.0024277371697910624,
      0.02443619232194711,
      0.07402442570255811,
      0.026742237845363934,
      0.005726209879962898,
      0.0032587546064889944
    ],
    [
      0.002476312952083715,
      0.004963759293284916,
      0.009228779553210532,
      0.006372460833907306,
      0.004935427789806753,
      0.004470406201901572,
      0.010219272579727375,
      0.7168460366112619,
      0.002090703618238235,
      0.02903894538961574,
      0.01329394156099116,
      0.04300907437988962,
      0.016445106142933853,
      0.011862708376828167,
      0.018905929714245387,
      0.029922012335691677,
      0.04689982998683586,
      0.006431545947787687,
      0.022587746731758326
    ],
    [
      0.0011027967611711264,
      0.002293634640237311,
      0.0036870979928554635,
      0.004833053094993222,
      0.00843122349150949,
      0.0015185276723405283,
      0.11465266813653041,
      0.04112499250844601,
      0.5106845375067528,
      0.0825627250112775,
      0.0003346161322878623,
      0.07193579141207783,
      0.05060502904053687,
      0.0032006921239928553,
      0.004676811653474952,
      0.04211529529058819,
      0.03121637318722434,
      0.006622336632136263,
      0.018401797711567094
    ],
    [
      0.008391673977792304,
      0.0015462383857115854,
      0.0018234541178097456,
      0.01628823850066201,
      0.00217050742143027,
      0.009872928519982255,
      0.08435074526575198,
      0.04586531056283933,
      0.015373745360305006,
      0.5717381257563671,
      0.007465405442719073,
      0.06297118118019734,
      0.013160655927337669,
      0.006470355060118319,
      0.01237723622540906,
      0.0361783392220546,
      0.10011945012951298,
      0.003168345241677293,
      0.0006680637023220038
    ],
    [
      0.022349610028484755,
      0.0013619406710488435,
      0.0023657764064443825,
      0.02110802149093196,
      0.03194625433657281,
      0.002500537737212439,
      0.038965948498196866,
      0.12715576159097491,
      0.0019276924996864298,
      0.0026025946149149087,
      0.5657411158862169,
      0.09116147053318852,
      0.0012456708695533056,
      0.006696912813688922,
      0.002077462654597429,
      0.057221371060042554,
      0.02233948204929398,
      0.00026803029977047764,
      0.0009643459591797324
    ],
    [
      0.009400864851547307,
      3.0503925198805717e-05,
      0.0062626033462337945,
      0.004614400477505944,
      0.001028156560494069,
      0.0008845620221696951,
      0.06767017564825192,
      0.08364004560102996,
      0.06744446458202338,
      0.07555092652359176,
      0.00966942884007076,
      0.5377013607951253,
      0.042407535837043556,
      0.0065971633170823505,
      0.004210034027917669,
      0.027155440468267174,
      0.04911219558463069,
      0.006036965749560344,
      0.0005831718422556649
    ],
    [
      0.008645307331633868,
      0.004315123288274352,
      0.007779662300048326,
      7.08963629091544e-05,
      0.006325722569719882,
      0.00338676008162498,
      0.08727615427727807,
      0.06199649116790674,
      0.08469499276221441,
      0.06077646494135891,
      0.008574921501181196,
      0.06616442665277404,
      0.5554551993418837,
      0.011033906689776024,
      0.005802749768491951,
      0.01815347029525667,
      0.004040870441611705,
      0.0049700220017590505,
      0.0005368582242970899
    ],
    [
      0.0037623115351029237,
      0.0008037708766677645,
      0.0022870987346528117,
      0.005007069804062418,
      0.007664225303278872,
      0.012548077521922333,
      0.06633045985257296,
      0.03524261874343599,
      0.024478085127230226,
      0.022668460065074444,
      0.001621829182215687,
      0.04786487239469152,
      0.003828059783466357,
      0.6899525392825223,
      0.019238224991140116,
      0.03421527520387879,
      0.021441943955025463,
      0.0006347743805953928,
      0.0004103032624634516
    ],
    [
      0.006640428978939995,
      0.00033528420241001175,
      0.002768534451505597,
      0.010867995186216908,
      0.005526586659142579,
      0.00876677321257228,
      0.14871021774081222,
      0.07390788901880108,
      0.06255740208942702,
      0.10612971887479936,
      0.004116016388826835,
