{
  "poids_LS": 0.105,
  "poids_EM": 0.895,
  "mae_validation": 8.200673998735223,
  "matrice_de_transition": [
    [
      0.15827714384108188,
      0.005253053526571287,
      0.019037400721464436,
      0.0973225407452261,
      0.012282991581953794,
      0.07477826304664505,
      0.052209160317023925,
      0.03532750817864073,
      0.04510197413981827,
      0.04336659883630402,
      0.03013367177579314,
      0.19181182938310704,
      0.044391406016023593,
      0.07216247030611012,
      0.01351620618808966,
      0.04747405598517302,
      0.027620296911533185,
      0.011366990758711183,
      0.018566437740729694
    ],
    [
      0.012821005565189156,
      0.4157194121991526,
      0.004398904001078651,
      0.02331346616936276,
      0.07687523520877237,
      0.015280466405625302,
      0.025322690780815872,
      0.031463953107090985,
      0.06040587856833848,
      0.012054141174550297,
      0.005099795422837149,
      0.007381222192992615,
      0.01737677841773771,
      0.0003237055974849311,
      0.028351889166619265,
      0.07694037496279141,
      0.09934646379777294,
      0.016504494355028026,
      0.0710201229067595
    ],
    [
      0.0414006150731349,
      0.03532173831734905,
      0.21167859608591058,
      0.02535657017289195,
      0.017099610783235814,
      0.024296697198298512,
      0.04476396279446207,
      0.16633117622283028,
      0.004552291643542029,
      0.04794293930474337,
      0.012330921149026109,
      0.12487455906315606,
      0.04004041571436831,
      0.06000252826886189,
      0.03664765622921563,
      0.030323308020021564,
      0.06647116430078907,
      0.0015559505155594332,
      0.009009299142603257
    ],
    [
      0.04046975684997815,
      0.03097449969036878,
      0.045722537307076885,
      0.10999452516451619,
      0.022183720396997147,
      0.05697457455201005,
      0.04100638840666361,
      0.013529417149547623,
      0.04798995673174099,
      0.06350041970140141,
      0.05859207668966394,
      0.06521427309906691,
      0.07421447470120371,
      0.06804228862200451,
      0.10563835240835373,
      0.05715585102655167,
      0.033845439713547774,
      0.03921599320671283,
      0.025735454582594238
    ],
    [
      0.012781785066594926,
      0.09953053931030323,
      0.01873849167539318,
      0.04898467180186819,
      0.26513958094309054,
      0.029863127603125806,
      0.04040502243567738,
      0.02538441667695982,
      0.11541493169213601,
      0.011118316056309592,
      0.0046562813468634424,
      0.009489410882478278,
      0.02770657946339836,
      0.005907128338933966,
      0.0008131139924295582,
      0.019485690889898235,
      0.04497527690482738,
      0.09448157950955825,
      0.1251240554101539
    ],
    [
      0.03342222168294976,
      0.01372947442743545,
      0.060843008463879605,
      0.02597224075556592,
      0.023567658999871594,
      0.17177398880143543,
      0.010415378751969493,
      0.022381875687518125,
      0.040777314039143156,
      0.050859377502694196,
      0.028985038711633472,
      0.08509582201807016,
      0.061583842523861995,
      0.0809239925530635,
      0.06823018122199048,
      0.06994800383339773,
      0.0587019055545787,
      0.07795962284879256,
      0.014829051622148683
    ],
    [
      0.030303178748063087,
      0.014327010208280044,
      0.07653221795942827,
      0.013462203213828912,
      0.030046705897323608,
      0.06464460485236527,
      0.06511790057556063,
      0.0549982180859032,
      0.07216676844110033,
      0.011623783467448185,
      0.08633805278993674,
      0.04300603631877697,
      0.09143956162113336,
      0.020212323413609304,
      0.09513908893773661,
      0.10418343904671074,
      0.05165385325652083,
      0.04767402644248179,
      0.027131026723792084
    ],
    [
      0.020616745042929527,
      0.04132618202316277,
      0.07683495534998533,
      0.04055880857308224,
      0.04109030578490272,
      0.03721873070420378,
      0.02899510455099194,
      0.1965562616076976,
      0.00984846128423538,
      0.05357188064503811,
      0.11067979253104264,
      0.08474136720783539,
      0.008483756757404553,
      0.05990862742370279,
      0.0039928512188184655,
      0.057473894235229396,
      0.025528661199887906,
      0.05354635928623236,
      0.049027254573617125
    ],
    [
      0.009181424197657282,
      0.019095841888487376,
      0.030697234452145478,
      0.04023797693040867,
      0.07019483744093945,
      0.012642625737160672,
      0.03871656332762346,
      0.034370135853949955,
      0.2683287594437763,
      0.03810181759141869,
      0.0027858738455594106,
      0.012693583109962412,
      0.09149603145977407,
      0.02664762279975446,
      0.038937176091721676,
      0.05745982726119011,
      0.07206376341803902,
      0.05513480265825073,
      0.08121410249218079
    ],
    [
      0.01733449845687216,
      0.012873333536854591,
      0.01518131567850904,
      0.0130556628381784,
      0.018070736206326425,
      0.08219787000357316,
      0.05149363284786789,
      0.08414071098142108,
      0.04217571228136334,
      0.2395643054814296,
      0.06215384066263784,
      0.058134075932691376,
      0.07282547647787717,
      0.005281232734353668,
      0.1030476876441033,
      0.05584724666961123,
      0.034682326637219325,
      0.026378316198150478,
      0.005562018730959937
    ],
    [
      0.0196593277867749,
      0.011338947912453158,
      0.019696464035048575,
      0.05217386651501059,
      0.006767837474590605,
      0.020818430463303554,
      0.0383227451893627,
      0.09546628323134014,
      0.01604916081134283,
      0.021668113305570627,
      0.45376586952591785,
      0.1263415789548171,
      0.010370934216281005,
      0.055755692727921705,
      0.01729608442664836,
      0.01592674154244308,
      0.008321673027587809,
      0.0022315080771588597,
      0.008028740776426607
    ],
    [
      0.07826766550823104,
      0.00025396291212028934,
      0.052139813905853434,
      0.03841756676621226,
      0.00856000113155527,
      0.007364493114808157,
      0.05168951384107581,
      0.029784259495074752,
      0.00945246321257792,
      0.06399035360013709,
      0.08050361685454258,
      0.3737530962449148,
      0.0729905165425238,
      0.05492522017477862,
      0.03505098097661686,
      0.020834582450079235,
      0.01145291967426229,
      0.005713728954460756,
      0.004855244640175069
    ],
    [
      0.07197720987732381,
      0.035925910167493434,
      0.06477021170737907,
      0.000590253440034355,
      0.05266531813859807,
      0.028196746726087032,
      0.07466681993271207,
      0.03215123386565229,
      0.11691751889001055,
      0.02581463173176483,
      0.07139120691681086,
      0.0317464510438944,
      0.17047728023774422,
      0.09186368825441431,
      0.04831126551442134,
      0.04007894443791107,
      0.011246367428523089,
      0.026739284845077527,
      0.004469656844147863
    ],
    [
      0.03132343092015921,
      0.006691859856908363,
      0.019041426674551307,
      0.040424811857365725,
      0.008657793878087348,
      0.02784155365874322,
      0.023595626659161283,
      0.03509794348092975,
      0.01888142664941301,
      0.028512843047224457,
      0.013502670865888739,
      0.0434180128459849,
      0.031870823313510585,
      0.6215312356601977,
      0.019288247954526425,
      0.01588258579599755,
      0.005736827899604552,
      0.005284865773329083,
      0.0034160132084166423
    ],
    [
      0.05528543196419808,
      0.0027914359177391664,
      0.023049658921837288,
      0.09048237852710818,
      0.04601204706914053,
      0.0729884839558343,
      0.0588221072509886,
      0.05507341873782989,
      0.029636861850111416,
      0.08013313245795867,
      0.03426822946976759,
      0.06960275784866836,
      0.0673725510263878,
      0.0828009095346035,
      0.14300251960362548,
      0.02540598746233365,
