{
  "poids_LS": 0.41,
  "poids_EM": 0.5900000000000001,
  "mae_validation": 7.3613753833951305,
  "matrice_de_transition": [
    [
      0.2226215801623359,
      0.003462906794052581,
      0.012549794889010077,
      0.07040816135130964,
      0.008097167635030994,
      0.04929516781845875,
      0.08622396211737406,
      0.05251141597700337,
      0.05992899152334383,
      0.05194661096500716,
      0.019864655137115033,
      0.16962695021214697,
      0.02926360843514405,
      0.04757079048112288,
      0.008910124749690392,
      0.044219681787691444,
      0.04376577877458745,
      0.007493323516915753,
      0.0122393276726598
    ],
    [
      0.008451836070906818,
      0.5073184957861465,
      0.0028998361571356476,
      0.015368653675892772,
      0.05067752935550358,
      0.01007315662493735,
      0.03755044064746368,
      0.021922696449199013,
      0.058688213296727035,
      0.01326013892328644,
      0.003361876312261361,
      0.020176964706590014,
      0.013051722616221206,
      0.0002133925167777758,
      0.02889770769646602,
      0.06411750580645928,
      0.08013875257574912,
      0.01297643439734522,
      0.05085464638493124
    ],
    [
      0.027292025578938093,
      0.023284721348866975,
      0.3149057817197106,
      0.0205906106747118,
      0.023376052579777113,
      0.01797395153840596,
      0.05754366537884927,
      0.16996663297846687,
      0.010990790824652949,
      0.03371897927635417,
      0.008128763662486486,
      0.10497563896663434,
      0.02639535784522604,
      0.03955473930573019,
      0.024158790139929862,
      0.026991773259268673,
      0.06318692347135815,
      0.0010257103957319168,
      0.005939091054900473
    ],
    [
      0.026678387197192302,
      0.020418943929963778,
      0.03014111397896689,
      0.17217001397795328,
      0.014623905066176892,
      0.03755865808456529,
      0.0742378377536683,
      0.04222138152495892,
      0.07057896244151288,
      0.07583353398926226,
      0.038624944409946065,
      0.087047200339783,
      0.06118795756251236,
      0.04485469305808119,
      0.07426746925882666,
      0.05832192127818847,
      0.028415920622529716,
      0.025851883789900082,
      0.016965271736011846
    ],
    [
      0.008425981217084925,
      0.06561231083025576,
      0.012352748702214499,
      0.032291571355421496,
      0.3622709324417279,
      0.019686307581948857,
      0.06334263698883584,
      0.031638955567608325,
      0.10353716158050226,
      0.02444850252566092,
      0.0030695039046362365,
      0.02260577104637693,
      0.01826467249542462,
      0.003894084603319598,
      0.0005360192799256306,
      0.012845315782167552,
      0.03849864343444126,
      0.07767117192694423,
      0.09900770873550324
    ],
    [
      0.022032526025631688,
      0.009050714985683704,
      0.04010879887563013,
      0.01712136541428368,
      0.015536222133993565,
      0.3102143121141827,
      0.03287528864224726,
      0.0161214493858153,
      0.040017419037776884,
      0.05724825276160276,
      0.019107455686998603,
      0.08621367114953157,
      0.040597169931931375,
      0.05334654257687985,
      0.053391481155582315,
      0.058066680446812735,
      0.057759065576742326,
      0.055823488214416926,
      0.015368095884256635
    ],
    [
      0.019976397163527622,
      0.009444621254620365,
      0.050451406252584007,
      0.008874525023641408,
      0.02429024447512848,
      0.04261487917641957,
      0.23549048085625887,
      0.0456887831733947,
      0.05865186640257478,
      0.03624217274016294,
      0.05904232834739421,
      0.061205129323943105,
      0.0831259173100008,
      0.013324324931876526,
      0.06775574485162132,
      0.09250280530707067,
      0.042005545065533084,
      0.03142757050398241,
      0.017885257840265175
    ],
    [
      0.013590926899808294,
      0.027242957981749763,
      0.0506509761525043,
      0.02731838182965576,
      0.027087464148706823,
      0.024535252642994672,
      0.021723195025613283,
      0.39806531732336375,
      0.0068438694262936296,
      0.04407023587944596,
      0.07296209786962587,
      0.06857838395383735,
      0.011567200011482568,
      0.04130036671348468,
      0.009768710191650478,
      0.046803006642392564,
      0.03380574879356298,
      0.03529871729483474,
      0.038787191218992455
    ],
    [
      0.0060525589682880404,
      0.012588320351069892,
      0.02023616572822998,
      0.026525593730660466,
      0.046273691720842766,
      0.008334244899357315,
      0.06812673725361282,
      0.03698630255823097,
      0.36219353697927836,
      0.05532159760799892,
      0.001836497842324081,
      0.035638184420622984,
      0.07565888131645046,
      0.017566589331681714,
      0.02566808256325787,
      0.05151686567257603,
      0.05624350434451715,
      0.036345847562422276,
      0.056886797148578035
    ],
    [
      0.013870928341165042,
      0.008486331605300792,
      0.010007794693095345,
      0.014307644523330783,
      0.011912552359477756,
      0.054186305365483994,
      0.0642192446414611,
      0.06931658764470053,
      0.03179526795003281,
      0.3682157533339451,
      0.040972922894923276,
      0.060007494472995276,
      0.04971719677258886,
      0.005741781698618073,
      0.06793087788829157,
      0.048229447594684546,
      0.06002622843423464,
      0.017389057605484676,
      0.0036665821801858804
    ],
    [
      0.0207012783692784,
      0.007474837171337837,
      0.01298426120746219,
      0.040142015426319816,
      0.016519478290977364,
      0.013723881534468267,
      0.03857185885183181,
      0.107739668500786,
      0.010579893719209239,
      0.014284007653951587,
      0.497134060179748,
      0.11271626712167843,
      0.0068367052375483735,
      0.03675514939606012,
      0.011401888057790539,
      0.031920217101640336,
      0.01375079271218512,
      0.0014710500173449467,
      0.005292689450381785
    ],
    [
      0.05159544430151544,
      0.0001674168917887941,
      0.03437149743514361,
      0.025325546806776802,
      0.005642905773874425,
      0.0048548055170243715,
      0.05787884952512497,
      0.05064269093928597,
      0.03191285739375997,
      0.06846778184350684,
      0.05306942340131858,
      0.4372505193405519,
      0.06114567957087748,
      0.036207687042591495,
      0.02310623326950162,
      0.02328266079363139,
      0.0260384170109764,
      0.005838919078277105,
      0.003200664064472951
    ],
    [
      0.04744866349454866,
      0.023683002233319695,
      0.04269768146073034,
      0.00038910561968745196,
      0.03471791921985795,
      0.0185877995177557,
      0.07955043513917891,
      0.04371034939223973,
      0.10443768337384823,
      0.039355405228813964,
      0.04706235986694795,
      0.04507658762892079,
      0.3195798393828395,
      0.06055818555318933,
      0.03184764989218837,
      0.031587173500121114,
      0.008455667008195507,
      0.018308014791474817,
      0.002946477696142167
    ],
    [
      0.020648965634518367,
      0.004411393648688195,
      0.012552448869257288,
      0.026707464141483176,
      0.00827298319197105,
      0.021918366075593543,
      0.04014689538803819,
      0.03515397643974169,
      0.021049021361456505,
      0.026249304241439377,
      0.008901202023323304,
      0.04514028860770619,
      0.021009816486001396,
      0.648030915158368,
      0.01926887398140538,
      0.02298286550317695,
      0.011819444276624715,
      0.003483877995825876,
      0.0022518969753808037
    ],
    [
      0.03644514509371717,
      0.0018401644597386688,
      0.01519474722221676,
      0.059647601487143945,
      0.030331963989712753,
      0.04811531344574552,
      0.09363591512323777,
      0.062368038973634604,
      0.04238703933962412,
      0.09020165164162396,
      0.022590229482863555,
      0.09342895241256553,
      0.053956675990376624,
      0.054583839804934156,
