{
  "poids_LS": 0.15,
  "poids_EM": 0.85,
  "mae_validation": 8.075900743392797,
  "matrice_de_transition": [
    [
      0.16777058526552918,
      0.004988933516855413,
      0.018080212975692483,
      0.09335156673628761,
      0.011665410999620922,
      0.07101846211133886,
      0.05722773763182968,
      0.03786283883741554,
      0.04728956686853515,
      0.044632502265129076,
      0.028618570960250465,
      0.18853865048903096,
      0.042159435881139726,
      0.06853418967619397,
      0.012836620402096325,
      0.04699390241505279,
      0.030002417186410047,
      0.010795466083692185,
      0.01763292969789971
    ],
    [
      0.012176374000458973,
      0.4292340310890369,
      0.004177730056890339,
      0.02214128071950653,
      0.07300999991894583,
      0.014512174798638554,
      0.02712678502343604,
      0.03005622671494299,
      0.06015245254465809,
      0.012232075268626122,
      0.004843381127834163,
      0.009269118629425019,
      0.016738655430628715,
      0.00030742989705272785,
      0.02843241976938354,
      0.07504847623480798,
      0.09651253919124482,
      0.015983960918648593,
      0.06804488866583402
    ],
    [
      0.03931901990185996,
      0.033545784994130384,
      0.2269088365892581,
      0.024653395820701435,
      0.018025643179446826,
      0.023363833084543872,
      0.04664949268396182,
      0.166867555088416,
      0.005502234145673149,
      0.04584432225137448,
      0.011710930700192393,
      0.12193865281940695,
      0.03802721045498666,
      0.05698564137266213,
      0.03480503664227183,
      0.029831770104500645,
      0.06598660417841401,
      0.0014777183667324225,
      0.008556317621466782
    ],
    [
      0.0384349646061245,
      0.02941712261096476,
      0.043423638783257376,
      0.11916795794026919,
      0.021068337807203994,
      0.05410993113878049,
      0.045909389129992165,
      0.01776265779510011,
      0.05132276085285488,
      0.0653200595143645,
      0.055646106353312116,
      0.06843552465917256,
      0.0722925295495935,
      0.06462116796503221,
      0.1010098614518661,
      0.0573278941784325,
      0.03304436312634839,
      0.03724423935833062,
      0.02444149317900011
    ],
    [
      0.01213912548224099,
      0.09452621051816507,
      0.017796332876071734,
      0.046521755342556384,
      0.27947043608223376,
      0.028361629567214452,
      0.043789260648438466,
      0.026307217496891563,
      0.11366247380681299,
      0.01308506487965651,
      0.004422166642272543,
      0.011424611562397751,
      0.026313511222221905,
      0.005610121886138403,
      0.0007722311659945525,
      0.01850596341498715,
      0.044019708032147456,
      0.09200135543999223,
      0.12127082393356609
    ],
    [
      0.03174177478268971,
      0.01303916565734093,
      0.05778386278692476,
      0.024666373901934113,
      0.02238269290490598,
      0.192199610273808,
      0.01372913594889572,
      0.021458206233168527,
      0.04066519838320387,
      0.051801998442533165,
      0.02752769039652341,
      0.0852607505784497,
      0.058487448207019774,
      0.07685518845821672,
      0.06604086481874992,
      0.0681950216943934,
      0.058562798016865134,
      0.07469363577158959,
      0.01490858274278756
    ],
    [
      0.02877955523559064,
      0.013606657739707304,
      0.07268422934694305,
      0.012785332661178296,
      0.029197391916999736,
      0.06139431745755361,
      0.09025483864976201,
      0.053624694902090465,
      0.07017276650099,
      0.01525600483555364,
      0.08231081475743046,
      0.0456911484015064,
      0.0902129583621138,
      0.019196061342533974,
      0.09109892341683434,
      0.10246006685561629,
      0.0502303323758833,
      0.04527700835319499,
      0.02576689688851762
    ],
    [
      0.019580148923452622,
      0.03924832929574118,
      0.07297174530445534,
      0.03860530298798652,
      0.03902431275661152,
      0.03534739787550079,
      0.027922199866919677,
      0.22628710589361556,
      0.009405160846178401,
      0.05216999863044254,
      0.10511488676132541,
      0.08235666476052421,
      0.008938691008006226,
      0.05716314633530995,
      0.004845027132842861,
      0.05589950098382724,
      0.02674987084485636,
      0.05085408423832123,
      0.04751642555408234
    ],
    [
      0.008719788344143786,
      0.018135715760015943,
      0.02915379808304319,
      0.03821483842552779,
      0.0666654880724006,
      0.01200696299059952,
      0.04305576931670385,
      0.0347561276627783,
      0.28217766104737496,
      0.040642440872553476,
      0.0026458019762296077,
      0.016078852155797577,
      0.08915940275010337,
      0.02530779818971094,
      0.03697944098096472,
      0.056582996862869994,
      0.06972962683342104,
      0.052362661742472755,
      0.07762482793328856
    ],
    [
      0.01682347991521045,
      0.012226070956789275,
      0.014418009303611937,
      0.013240381447463177,
      0.01716215170433236,
      0.07806501620451083,
      0.05337118212888984,
      0.08195354524321641,
      0.04064417131444572,
      0.25854566663999745,
      0.05902878722149962,
      0.058410481946834576,
      0.06941605816070348,
      0.005349182581540219,
      0.09786651899160648,
      0.05472330910117943,
      0.03842159083677896,
      0.025052032143494867,
      0.005282364157894912
    ],
    [
      0.01981305820058689,
      0.01076883321294434,
      0.018706139027699763,
      0.050398675370777524,
      0.008206604152418159,
      0.019771693736098345,
      0.038359499664153224,
      0.09727711056617643,
      0.015242219764962461,
      0.02057865509467601,
      0.4601644550322207,
      0.12433128704500974,
      0.009849490596467994,
      0.052952333875679825,
      0.016426448896816877,
      0.018286434657734475,
      0.009122690685971017,
      0.0021193093470223807,
      0.007625061072583927
    ],
    [
      0.07433241975642053,
      0.00024119382715334742,
      0.049518259016732305,
      0.036485957264000474,
      0.008129610013208916,
      0.006994211338085959,
      0.052602694515771584,
      0.03286173298684362,
      0.012766291862260517,
      0.06465095776719164,
      0.07645594896800133,
      0.3831215685049269,
      0.07124291764506777,
      0.0521636169257674,
      0.033288641150976905,
      0.02119577433683283,
      0.013604878297711913,
      0.005732199628466446,
      0.0046111261945796745
    ],
    [
      0.0683582440175701,
      0.03411957948868091,
      0.06151360888410302,
      0.0005605758927700579,
      0.05001734124894789,
      0.026779033203546344,
      0.07538735332383013,
      0.03385667714006683,
      0.1150762316827079,
      0.027812450772313063,
      0.06780170489306059,
      0.033713192507258946,
      0.19247601847226647,
      0.08724484359357784,
      0.045882207471796804,
      0.03882606020118796,
      0.010834624743556722,
      0.025495326968316467,
      0.0042449254944421045
    ],
    [
      0.02974850981244171,
      0.006355397629466043,
      0.018084036506557107,
      0.03840094088289125,
      0.008601018530955436,
      0.026967640736639167,
      0.026037617127356236,
      0.035106210638787244,
      0.01920123570528828,
      0.02817887830538731,
      0.012823765626821707,
      0.04367211910591099,
      0.030268379683222345,
      0.6254410244386163,
      0.019285389499475773,
      0.016930168047876476,
      0.006634263102771461,
      0.005019146265172871,
      0.0032442583543621745
    ],
    [
      0.05250571750789761,
      0.002651084391148929,
      0.021890737523532617,
      0.08593298519334296,
      0.04369859218856921,
      0.06931867191336218,
      0.06395857070754996,
      0.05614967418245682,
      0.031518035578072305,
      0.08161865168177812,
      0.0325452458651424,
      0.07311809803022695,
      0.06539315962763205,
      0.07863773531219327,
      0.15313097852467547,
