{
  "poids_LS": 0.9075,
  "poids_EM": 0.09250000000000003,
  "mae_validation": 6.039168204233728,
  "matrice_de_transition": [
    [
      0.3275768492437256,
      0.0005429133533048539,
      0.001967552588531241,
      0.026506837585822916,
      0.0012694711970175712,
      0.007728479700351585,
      0.14170712243105993,
      0.08054090492679161,
      0.08411404446860271,
      0.0659418766503508,
      0.003114373898615493,
      0.13344013910541702,
      0.004587938610594619,
      0.0074581324059387576,
      0.0013969263378751887,
      0.038911317318028854,
      0.07010144181350383,
      0.0011748007208723852,
      0.001918877643594969
    ],
    [
      0.0013250759941675946,
      0.6567301157354235,
      0.0004546353297204194,
      0.0024094923135933584,
      0.007945205873532342,
      0.0015792660810283138,
      0.057495704774208865,
      0.006359499113785064,
      0.05588644781270509,
      0.015227299185569164,
      0.0005270738286172474,
      0.04104870864270381,
      0.005996918480960673,
      3.345560644397333e-05,
      0.02978801824924884,
      0.043201514313753575,
      0.04880814164802173,
      0.007221648072928178,
      0.017961778943588427
    ],
    [
      0.00427883451873182,
      0.003650570719949484,
      0.48328455172894186,
      0.012816627558827783,
      0.03361385518233218,
      0.007660620503007448,
      0.0783892458238743,
      0.17589659932577573,
      0.021492932931546995,
      0.010517601852997993,
      0.0012744248114915256,
      0.07251756438296364,
      0.004138255255395609,
      0.006201378619966174,
      0.003787606928717818,
      0.02155754852656519,
      0.057829842118433936,
      0.00016081052814441072,
      0.0009311286823360912
    ],
    [
      0.004182628501254726,
      0.003201275107663813,
      0.0047255136322956574,
      0.2735874096654449,
      0.002292730879019259,
      0.0058884336827496435,
      0.12844323463935628,
      0.08902220866190029,
      0.10742496355827194,
      0.09595066303257624,
      0.00605560569138985,
      0.12265992592095104,
      0.03993978616415515,
      0.007032303572665272,
      0.023096930350991512,
      0.060223953901759955,
      0.019559573908492053,
      0.004053049577230098,
      0.0026598095518323662
    ],
    [
      0.0013210224789497553,
      0.010286675850506202,
      0.001936659754160748,
      0.005062661610807608,
      0.5207064975911446,
      0.0030864126293733384,
      0.10075727056325004,
      0.041841031299075966,
      0.0841627660705423,
      0.04619200340599629,
      0.000481235781659071,
      0.04400048967437555,
      0.0028635291624182673,
      0.0006105132640797676,
      8.403692100528956e-05,
      0.0020138842539838965,
      0.02793429867536882,
      0.05025091693563117,
      0.05640809407767142
    ],
    [
      0.0034542519616456466,
      0.0014189680274165133,
      0.006288243891518284,
      0.002684281865798713,
      0.002435763639651534,
      0.536030905058746,
      0.06951071543048723,
      0.005909770418283635,
      0.038777918174892546,
      0.06766945092982245,
      0.002995660425504019,
      0.0880370480115055,
      0.006364810540175683,
      0.00836365286162947,
      0.029187372030867346,
      0.038686489021153576,
      0.05622115446535348,
      0.019716186638673045,
      0.016247356606875343
    ],
    [
      0.003131892775637806,
      0.001480724518732854,
      0.007909754370108511,
      0.0013913450248929328,
      0.014900606581547902,
      0.006681146311557307,
      0.5133932962321519,
      0.03050372130790951,
      0.036607067175799514,
      0.07639839786532882,
      0.014518974543574814,
      0.0908905351274518,
      0.06956513683528456,
      0.002088983146099286,
      0.02308947048164636,
      0.07344996830552664,
      0.02626773088515142,
      0.004927203850200633,
      0.0028040446613975065
    ],
    [
      0.00213078091225808,
      0.004271141717477718,
      0.007941042871367201,
      0.005721292305542068,
      0.0042467634470430195,
      0.003846628592333911,
      0.00986163768503662,
      0.7267563180399013,
      0.0019429368055525753,
      0.02857165138475055,
      0.011438972971085416,
      0.04221417356411922,
      0.01659675089313441,
      0.010947548014030556,
      0.01918998835225352,
      0.02939721458522429,
      0.047306899868492014,
      0.005534120931817312,
      0.022084137058580065
    ],
    [
      0.0009489181433332947,
      0.0019735925974135003,
      0.0031726192031547007,
      0.0041586735933662605,
      0.007254773701996537,
      0.0013066400901534778,
      0.11609907013289054,
      0.04125365644472212,
      0.5153008380412857,
      0.08340959943832242,
      0.00028792550917792803,
      0.07306421442735622,
      0.04982615280397997,
      0.0027540839206450147,
      0.004024233283222632,
      0.04182301849114815,
      0.03043832765901834,
      0.005698289660210272,
      0.017205372858603026
    ],
    [
      0.008221334463905067,
      0.0013304841923564804,
      0.0015690186595107112,
      0.0163498113704236,
      0.0018676459207655808,
      0.008495310586961475,
      0.08497659502609263,
      0.04513625531677111,
      0.014863231704665799,
      0.5780652461425564,
      0.006423720962339667,
      0.06306331651824508,
      0.01202418315494644,
      0.006493005009180503,
      0.010650180007910121,
      0.03580369336591067,
      0.10136587152936619,
      0.0027262505567920894,
      0.0005748455113003288
    ],
    [
      0.02240085349975542,
      0.0011719024378792373,
      0.0020356680706614455,
      0.02051629110952094,
      0.032425843229181996,
      0.002151625494810703,
      0.03897819998979371,
      0.12775937070258703,
      0.0016587121508929742,
      0.0022394418779500373,
      0.5678739777216513,
      0.0904913732299194,
      0.001071856329615635,
      0.00576245986294163,
      0.0017875841446536016,
      0.05800793543180636,
      0.022606487935421717,
      0.00023063072305831795,
      0.0008297860578988395
    ],
    [
      0.008089116267610472,
      2.6247563543158405e-05,
      0.005388751716526753,
      0.0039705306434353466,
      0.0008846928543786175,
      0.0007611347632622957,
      0.06797456920648384,
      0.08466587009828624,
      0.06854907413191758,
      0.07577112791260994,
      0.008320206211223676,
      0.5408241848817961,
      0.041825002871224884,
      0.005676628900745277,
      0.003622587419371017,
      0.02727583776385171,
      0.049829515125780564,
      0.006043122640895575,
      0.0005017990270572
    ],
    [
      0.00743898537838263,
      0.0037130130620035124,
      0.006694128025622977,
      6.1003847154388664e-05,
      0.005443063606503154,
      0.0029141889074447503,
      0.08751633207431742,
      0.06256497225937825,
      0.0840812303597802,
      0.06144240462154165,
      0.007378420826597773,
      0.06682000714056222,
      0.5627881120867245,
      0.009494291802830531,
      0.004993063754283772,
      0.017735842216348968,
      0.0039036228799562505,
      0.004555369376172032,
      0.00046194777439517037
    ],
    [
      0.0032373378325304225,
      0.0006916168008536578,
      0.0019679686786547444,
      0.004332446145904259,
      0.007645300187568234,
      0.012256773214554316,
      0.06714445667530462,
      0.03524537446272183,
      0.024584688145855318,
      0.022557138484462065,
      0.0013955274358600097,
      0.04794957448133355,
      0.003293911906703609,
      0.6912558022086619,
      0.019237272172789904,
      0.034564469287838434,
      0.021741089022747767,
      0.0005462012112099891,
      0.0003530516444452955
    ],
    [
      0.005713857493506507,
      0.0002885003602132659,
      0.002382227318737374,
      0.009351530741628502,
      0.004755435032285474,
      0.007543502531748239,
      0.15042237222633267,
      0.07426664083367672,
      0.06318445999874732,
      0.10662489194940585,
