{
  "poids_LS": 0.3025,
  "poids_EM": 0.6975,
  "mae_validation": 7.655392903197637,
  "matrice_de_transition": [
    [
      0.19994280342615622,
      0.0040938601505960594,
      0.014836410059465302,
      0.07989437703932936,
      0.00957249902615952,
      0.058276914497245716,
      0.07423513853200475,
      0.04645479273659686,
      0.05470307556029793,
      0.04892250832948064,
      0.02348406264091141,
      0.17744621090355095,
      0.03459553709069995,
      0.056238349763700346,
      0.01053357968289669,
      0.045366715316312,
      0.03807515811793718,
      0.00885863246279447,
      0.014469374663864762
    ],
    [
      0.009991789253317805,
      0.4750335728825339,
      0.0034281961349188375,
      0.018168874472771535,
      0.059911146992311426,
      0.011908519908294578,
      0.03324065995675994,
      0.025285598385997,
      0.059293619908852374,
      0.012835074142994191,
      0.00397442157254627,
      0.01566698988622372,
      0.014576127529870465,
      0.0002522733566991502,
      0.02870532903430692,
      0.06863704165664192,
      0.08690868358023292,
      0.01421993093980719,
      0.05796215040491989
    ],
    [
      0.03226472515476156,
      0.027527276509889342,
      0.2785224294061581,
      0.02227041607161136,
      0.021163864077717476,
      0.020202460254597595,
      0.053039343976155416,
      0.1686852834662343,
      0.008721483736228608,
      0.03873234223717987,
      0.009609851956922582,
      0.11198919277114608,
      0.031204681520415525,
      0.04676174689109627,
      0.028560603597628943,
      0.0281660027241242,
      0.06434448376369856,
      0.0012125983068186643,
      0.007021213577615388
    ],
    [
      0.031539279779731574,
      0.02413934473076226,
      0.03563292711920238,
      0.15025570234698774,
      0.017288430141793865,
      0.04440197290505811,
      0.06252511380349451,
      0.032108639982805755,
      0.06261726370774082,
      0.07148661665829491,
      0.04566254021345318,
      0.0793519882795306,
      0.06577927098024783,
      0.05302737018307055,
      0.08532441987710258,
      0.0579109293042509,
      0.030329603580839356,
      0.030562184649924246,
      0.020056401755708917
    ],
    [
      0.00996122355748599,
      0.07756709627814135,
      0.014603461389482394,
      0.03817520511933303,
      0.32803611183155246,
      0.02327321955662598,
      0.055258067925017695,
      0.02943448694221582,
      0.10772358875099612,
      0.019750158114332172,
      0.00362877792115894,
      0.017982791644347077,
      0.021592557738235034,
      0.00460360001833122,
      0.0006336838097425886,
      0.01518577586112181,
      0.0407813912969544,
      0.08359615164868522,
      0.10821265059624076
    ],
    [
      0.02604692695403068,
      0.010699785936465056,
      0.04741675799280003,
      0.020240936231292993,
      0.018366974471966967,
      0.2614197719301816,
      0.024959090894034607,
      0.018327993082317112,
      0.04028525088252073,
      0.05499643607198744,
      0.022588898884205972,
      0.0858196751441804,
      0.04799411191105446,
      0.0630664634701249,
      0.05862151478554584,
      0.06225436000110089,
      0.05809137802794694,
      0.06362556845440177,
      0.015178104873841537
    ],
    [
      0.023616164443322908,
      0.011165463262877465,
      0.05964382349352092,
      0.010491493566084543,
      0.026319161205902174,
      0.05037945461958076,
      0.17544112879011112,
      0.04896997744583621,
      0.06341531548172723,
      0.02756519947191102,
      0.06866295253615919,
      0.05479069490408947,
      0.08605613620654752,
      0.015752062101667585,
      0.0774072513737767,
      0.09661974998579627,
      0.04540617828038942,
      0.0371537803839453,
      0.021144012446754165
    ],
    [
      0.016067239851892005,
      0.03220671727503467,
      0.05987975570571483,
      0.03198508961627329,
      0.03202289193851357,
      0.02900565884489624,
      0.02428624510423035,
      0.3270416337514487,
      0.007902864917207524,
      0.047419176247646466,
      0.08625603943061702,
      0.07427517313352519,
      0.010480412635045233,
      0.0478590159802009,
      0.007732956619258867,
      0.05056405718740883,
      0.030888414641693895,
      0.041730263242622426,
      0.04239639387677
    ],
    [
      0.007155355729459166,
      0.0148819549913072,
      0.02392326372108544,
      0.03135864682565368,
      0.05470491521235225,
      0.009852772571697843,
      0.057760856279698534,
      0.03606421101491881,
      0.329110049815126,
      0.049252330880843596,
      0.002171113974611943,
      0.027551152811127865,
      0.08124082767844155,
      0.020767281455674566,
      0.030344894216732816,
      0.05361151606856296,
      0.0618194972966601,
      0.04296818419455853,
      0.06546117526148719
    ],
    [
      0.015091694857356893,
      0.010032569991012376,
      0.01183124881090509,
      0.01386637229003937,
      0.014083059780908024,
      0.06405923388546624,
      0.05973398802568644,
      0.07454148357485613,
      0.03545394914878045,
      0.3228713905662552,
      0.04843832833764234,
      0.05934719121698652,
      0.057861918308059326,
      0.005579457063672421,
      0.08030811411370062,
      0.05091440956371608,
      0.05109354173528662,
      0.020557402847161965,
      0.004334645882507883
    ],
    [
      0.02033403349183864,
      0.008836777842386678,
      0.01535003761390657,
      0.044382749826432144,
      0.013082424560611539,
      0.016224419271680703,
      0.038484056495387775,
      0.10341380320089935,
      0.012507586218895668,
      0.016886602268866492,
      0.4818485503591357,
      0.11751863112844041,
      0.008082376107101677,
      0.04345206220974904,
      0.013479350712387966,
      0.026283172437333108,
      0.011837250528269673,
      0.001739080317115424,
      0.006257035409561517
    ],
    [
      0.06099630915306274,
      0.0001979208169875998,
      0.04063410078137739,
      0.02993994728428274,
      0.006671062334368492,
      0.005739367539194066,
      0.05569736235779617,
      0.04329094870894923,
      0.023996488952851544,
      0.06688967188887651,
      0.06273885224138932,
      0.4148702800527454,
      0.06532049915924462,
      0.04280485035967384,
      0.027316267297419282,
      0.02241981350860891,
      0.02089762696606897,
      0.00579479469037462,
      0.0037838359067286155
    ],
    [
      0.05609397082618252,
      0.027998125521594044,
      0.050477343760778656,
      0.00046000198259660627,
      0.041043641789577825,
      0.021974559599380678,
      0.07782916092706355,
      0.039636234903360545,
      0.10883631392462675,
      0.03458283752083763,
      0.055637281368129135,
      0.04037826079977215,
      0.2670272980448142,
      0.07159209224296534,
      0.03765039966068032,
      0.03458017473229298,
      0.009439274533392931,
      0.021279691941515116,
      0.0034833359204392567
    ],
    [
      0.024411277169621288,
      0.005215164525355959,
      0.014839547603910097,
      0.03154226702494997,
      0.008408613187897287,
      0.024006046945064332,
      0.03431325149179469,
      0.035134227118193216,
      0.020285033061310027,
      0.02704710890249477,
      0.010523031205538989,
      0.044533256986771644,
      0.02483787626946775,
      0.6386908641877014,
      0.019275702512915254,
      0.02048030790146618,
      0.009675571291281543,
      0.004118652376421268,
      0.0026622002378442547
    ],
    [
      0.04308557407265716,
      0.00217544866214868,
      0.017963281673722353,
      0.07051559667336084,
      0.03585855064885533,
      0.05688208665831779,
      0.08136547464367452,
      0.05979698430035918,
      0.03789312432282867,
      0.08665291127361077,
      0.026706245871690387,
      0.08503119531217554,
      0.058685222109626456,
      0.06452920044735859,
      0.18745520042378933,
      0.03296645008380628,
