{
  "poids_LS": 0.03,
  "poids_EM": 0.97,
  "mae_validation": 8.409218850113387,
  "matrice_de_transition": [
    [
      0.14245474146700302,
      0.005693253542764412,
      0.020632713631084362,
      0.1039408307601236,
      0.01331229255250858,
      0.081044597938822,
      0.04384486479234766,
      0.031101957080682696,
      0.04145598625862346,
      0.041256759788262265,
      0.03265883980169759,
      0.1972671275399005,
      0.04811135624083004,
      0.0782096046893037,
      0.014648849164745218,
      0.04827431193537341,
      0.02365009645340509,
      0.012319531883742846,
      0.02012228447877967
    ],
    [
      0.013895391506406124,
      0.39319504738267863,
      0.004767527241392505,
      0.025267108585789805,
      0.08331729402514994,
      0.01656095241726988,
      0.022315867043115594,
      0.033810163760670975,
      0.06082825527447243,
      0.011757584351090589,
      0.005527152581175457,
      0.004234728132271942,
      0.018440316729586032,
      0.0003508317648719365,
      0.02821767149534547,
      0.08009353950943046,
      0.10406967147531977,
      0.017372050082327076,
      0.0759788466416353
    ],
    [
      0.04486994035859313,
      0.03828166052271349,
      0.18629486191366465,
      0.026528527426542808,
      0.01555622345621746,
      0.02585147072122291,
      0.04162141297862915,
      0.16543721144685405,
      0.0029690541399901627,
      0.051440634393691544,
      0.013364238563748966,
      0.12976773613607123,
      0.04339575781333772,
      0.06503067309586148,
      0.03971868887412197,
      0.03114253787922309,
      0.06727876450474748,
      0.0016863374302711173,
      0.009764268344497385
    ],
    [
      0.0438610772564009,
      0.033570128156042135,
      0.04955403484677606,
      0.09470547053826116,
      0.024042691379985735,
      0.06174898024072597,
      0.03283472053444934,
      0.006474016073626811,
      0.04243528319655118,
      0.060467686679796295,
      0.0635020272502503,
      0.05984552049889083,
      0.07741771662055404,
      0.073744156383625,
      0.11335250400249972,
      0.0568691124400836,
      0.03518056735888008,
      0.04250224962068318,
      0.027892056921917777
    ],
    [
      0.013852884373851484,
      0.10787108729720014,
      0.020308756340928918,
      0.053089532567387875,
      0.24125482237785184,
      0.03236562432964473,
      0.03476462541440892,
      0.023846415310406908,
      0.11833569483434102,
      0.007840401350731396,
      0.005046472521181608,
      0.006264076415945822,
      0.030028359865359115,
      0.006402139093593237,
      0.000881252036487901,
      0.02111857001475004,
      0.04656789169262724,
      0.09861528629216824,
      0.13154610787113355
    ],
    [
      0.0362229665167165,
      0.01487998904425965,
      0.06594158459213767,
      0.028148685511618927,
      0.02554260249148094,
      0.1377312863474812,
      0.004892450090425779,
      0.02392132477810079,
      0.04096417346570864,
      0.04928834260296258,
      0.03141395257015024,
      0.08482094108410423,
      0.06674449971859903,
      0.08770533271114143,
      0.07187904189405805,
      0.07286964073173832,
      0.058933751450767964,
      0.08340293464413083,
      0.014696499754417218
    ],
    [
      0.032842551268850495,
      0.015527597655901277,
      0.08294553231357031,
      0.014590320801579938,
      0.031462229197863394,
      0.0700617505103847,
      0.023223003785225006,
      0.057287423392257744,
      0.07549010500795085,
      0.005570081187272424,
      0.09305011617744718,
      0.038530849514227916,
      0.09348390038616596,
      0.021906093532068183,
      0.10187269813924037,
      0.10705572603186811,
      0.05402638805758339,
      0.0516690565912931,
      0.02940457644924952
    ],
    [
      0.022344405242057698,
      0.04478926990219876,
      0.08327363875920198,
      0.04381465121490842,
      0.04453362749872138,
      0.04033761875204208,
      0.03078327902444571,
      0.14700485446450098,
      0.010587295347663677,
      0.05590835066936405,
      0.11995463548057135,
      0.08871587128668737,
      0.007725533006401761,
      0.06448442923769085,
      0.002572558028777806,
      0.06009788298756632,
      0.023493311791607147,
      0.05803348436608423,
      0.051545302939508444
    ],
    [
      0.009950817286846438,
      0.020696052102606426,
      0.03326962840064929,
      0.04360987443854347,
      0.0760770863885042,
      0.013702063648095925,
      0.03148455334582279,
      0.033726816172569375,
      0.2452472567711119,
      0.03386744545619404,
      0.0030193269611090818,
      0.007051468033570466,
      0.09539041264255856,
      0.028880663816493662,
      0.04220006794298327,
      0.05892121125839029,
      0.07595399105906898,
      0.05975503751788067,
      0.08719622675700114
    ],
    [
      0.018186196026308332,
      0.013952104503630115,
      0.01645349297000421,
      0.012747798489370438,
      0.01958504370964987,
      0.08908595966867705,
      0.048364384046164645,
      0.0877859872117622,
      0.044728280559559366,
      0.20792870355048315,
      0.06736226306453487,
      0.05767339924245271,
      0.0785078403398333,
      0.0051679829890427485,
      0.11168296873159798,
      0.05772047595033091,
      0.02845021963795326,
      0.028588789622576494,
      0.006028109686068311
    ],
    [
      0.019403110430421575,
      0.012289139078301188,
      0.02134700571396326,
      0.05513251842206569,
      0.00436989301154468,
      0.02256299167531223,
      0.03826148773137849,
      0.09244823767327968,
      0.017394062555310102,
      0.02348387699039498,
      0.4431015603487465,
      0.12969206547116266,
      0.011240006915969358,
      0.060427957481658155,
      0.018745476976367494,
      0.011993919683624081,
      0.006986643596949125,
      0.002418505960719658,
      0.00870154028283107
    ],
    [
      0.08482640842791521,
      0.0002752447203985259,
      0.05650907205438863,
      0.041636915936565246,
      0.009277319662132527,
      0.007981629409345152,
      0.050167546049916176,
      0.024655137008793303,
      0.003929415463106923,
      0.06288934665504617,
      0.08724972999877799,
      0.3581389758115615,
      0.07590318137161713,
      0.059527892256463974,
      0.03798821401935011,
      0.020232595972156573,
      0.007866321968512918,
      0.005682944497784604,
      0.005262108716167393
    ],
    [
      0.07800881964357999,
      0.038936461298847626,
      0.0701978830795058,
      0.0006397160188081837,
      0.05707861295468171,
      0.03055960259698818,
      0.07346593094751531,
      0.029308828408294723,
      0.1199863309021816,
      0.022484933330851106,
      0.07737371028972798,
      0.02846854860495348,
      0.13381271651354046,
      0.09956176268914177,
      0.05235969558546223,
      0.04216708483244958,
      0.011932605236800363,
      0.028812547973012616,
      0.004844209093657461
    ],
    [
      0.03394829943302172,
      0.007252630235978896,
      0.02063707695454164,
      0.04379793014815652,
      0.008752419456640537,
      0.029298075195583303,
      0.019525642545503024,
      0.03508416488450058,
      0.01834841155628756,
      0.02906945095028636,
      0.014634179597667123,
      0.04299450241277475,
      0.03454156269732432,
      0.6150149210295002,
      0.0192930120462775,
      0.014136615376199334,
      0.004241102560993037,
      0.005727731620256101,
      0.0037022712985074224
    ],
    [
      0.05991828939136551,
      0.0030253551287228956,
      0.0249811945856784,
      0.0980647007500502,
      0.04986780520342604,
      0.07910483735995448,
      0.05026133482338635,
      0.053279659663451676,
      0.026501572303509927,
      0.07765726708492622,
      0.037139868810809565,
      0.06374385754607069,
      0.07067153669098071,
      0.08973953323862055,
      0.1261217547352088,
      0.02253492570734404,
