{
  "poids_LS": 0.255,
  "poids_EM": 0.745,
  "mae_validation": 7.785944475314499,
  "matrice_de_transition": [
    [
      0.1899219485892396,
      0.004372653494185038,
      0.015846774902224588,
      0.0840859607154311,
      0.01022438964084422,
      0.06224559326229112,
      0.06893775136637645,
      0.043778610374556784,
      0.05239394990220789,
      0.047586276932387525,
      0.025083335723984232,
      0.1809012330695201,
      0.0369515055664107,
      0.06006820153972295,
      0.011250920234778543,
      0.04587354408477224,
      0.03556069782778938,
      0.009461908508647856,
      0.015454744264629746
    ],
    [
      0.010672233682755218,
      0.4607681418321004,
      0.0036616575204509445,
      0.019406181336508666,
      0.06399111757601722,
      0.012719494382336145,
      0.03133633825621643,
      0.026771531799930998,
      0.05956112515607055,
      0.012647254821469712,
      0.004245081106160532,
      0.01367421031443396,
      0.015249701794041068,
      0.0002694532627109203,
      0.02862032450916685,
      0.07063404586951331,
      0.08990004844267925,
      0.014769382900429923,
      0.0611026754370079
    ],
    [
      0.03446196450221844,
      0.02940189390662016,
      0.2624460644304024,
      0.023012655665590236,
      0.020186385437272518,
      0.021187150152449718,
      0.0510490624261279,
      0.1681191057747827,
      0.0077187666506457605,
      0.040947549126847047,
      0.01026428631958039,
      0.11508820491732569,
      0.033329731516429484,
      0.049946238614862686,
      0.030505590939402957,
      0.0286848483016185,
      0.06485596389287222,
      0.0012951766861360645,
      0.007499360738815002
    ],
    [
      0.03368711603713265,
      0.025783242759022055,
      0.038059542227678524,
      0.14057263441702622,
      0.018465778431019972,
      0.047425763174578195,
      0.057349724151092143,
      0.027640219301389244,
      0.05909930380212061,
      0.06956588574461166,
      0.04877217556849121,
      0.07595177829941908,
      0.06780799086250304,
      0.056638553098763526,
      0.09021004922006172,
      0.0577293281994878,
      0.031175184422883154,
      0.032643480378772134,
      0.021422249903947158
    ],
    [
      0.01063958645208181,
      0.08284944333650938,
      0.015597962344321696,
      0.04077495027082883,
      0.3129090980735679,
      0.024858134150087963,
      0.05168581647821433,
      0.028460419410065642,
      0.10957340540772598,
      0.017674145467465985,
      0.0038758989982271117,
      0.015940079815543188,
      0.023063018659476846,
      0.004917106829615424,
      0.0006768379043128725,
      0.01621993264019462,
      0.04179004732922764,
      0.08621416594433823,
      0.11227995048819454
    ],
    [
      0.02782073201541628,
      0.01142844519378705,
      0.05064585620736347,
      0.021619351243459897,
      0.01961777201665289,
      0.23985939370934395,
      0.02146123607505692,
      0.0193029775063528,
      0.040403595186012206,
      0.05400144730215742,
      0.024127210994599926,
      0.08564558388600199,
      0.05126252813438792,
      0.0673613122369076,
      0.06093245987785531,
      0.06410473003671659,
      0.05823821376220015,
      0.06707299925811601,
      0.015094155357611608
    ],
    [
      0.025224433706488265,
      0.011925835313037578,
      0.06370558925114421,
      0.01120596803832686,
      0.027215659296244036,
      0.0538103135363264,
      0.14890769415623192,
      0.0504198074731941,
      0.06552009530739925,
      0.023731188027799704,
      0.07291392601491581,
      0.05195640992787507,
      0.08735088409106816,
      0.016824783176691543,
      0.08167187053472909,
      0.09843886507639595,
      0.04690878365439571,
      0.03968396614485914,
      0.02258392727287721
    ],
    [
      0.01716142464467318,
      0.0344000062650908,
      0.06395758853155203,
      0.03404712328942987,
      0.034203662357265394,
      0.030980954608527168,
      0.025418755604084405,
      0.2956590758940908,
      0.00837079315737878,
      0.048898940596386234,
      0.0921301066319852,
      0.07679235905013143,
      0.010000204259410133,
      0.05075702379572666,
      0.006833437598899783,
      0.052225916730555544,
      0.029599360016449416,
      0.044572109126528606,
      0.0439911578418345
    ],
    [
      0.007642638019278966,
      0.015895421460249266,
      0.025552446555137855,
      0.03349418191413906,
      0.05843033954580993,
      0.010523749915290169,
      0.053180583291224784,
      0.03565677521671111,
      0.3144917647891052,
      0.04657056186186799,
      0.0023189676144600682,
      0.0239778132627463,
      0.08370726909420508,
      0.02218154076627606,
      0.03241139238919849,
      0.05453705926678974,
      0.06428330813597909,
      0.04589433293899083,
      0.06924985396254009
    ],
    [
      0.015631103317999804,
      0.010715791603303541,
      0.012636961095518697,
      0.013671391535794325,
      0.015042121199679539,
      0.06842169067336537,
      0.057752130451274385,
      0.07685015852073884,
      0.03707057572497127,
      0.3028355093433225,
      0.05173699585884379,
      0.059055429313168706,
      0.06146074875396488,
      0.0055077322249755065,
      0.08577712546911392,
      0.052100788108171876,
      0.04714654063575145,
      0.021957369349298442,
      0.004629836820743187
    ],
    [
      0.02017176249948154,
      0.009438565580757098,
      0.016395380677219205,
      0.046256562700900374,
      0.011563726400682454,
      0.017329308039286197,
      0.038445260105331114,
      0.10150237434746105,
      0.013359357323408275,
      0.018036585935921917,
      0.47509448788026054,
      0.11964060592212594,
      0.0086327888169043,
      0.04641116322044879,
      0.014397299327210086,
      0.023792385260081074,
      0.010991731888865174,
      0.001857512310037263,
      0.006683141763617678
    ],
    [
      0.0651501796688627,
      0.00021139929556381626,
      0.04340129760878302,
      0.0319788684255063,
      0.007125364070400755,
      0.006130220525734163,
      0.05473344942339507,
      0.04004250446763765,
      0.020498558711519912,
      0.06619236749031893,
      0.06701139056607175,
      0.40498133711162165,
      0.06716518688433708,
      0.0457198760114079,
      0.029176514891150345,
      0.02203855540592456,
      0.018626115085761036,
      0.005775297867813058,
      0.004041516488190421
    ],
    [
      0.05991399034481144,
      0.029904807904785034,
      0.053914868963125584,
      0.0004913282824866977,
      0.043838728506430794,
      0.02347103498428474,
      0.0770685979031056,
      0.03783604478036742,
      0.11077989486566842,
      0.03247402853359227,
      0.05942620017097664,
      0.03830225592177623,
      0.24380640768615175,
      0.0764675393849594,
      0.04021440537233955,
      0.035902663648834036,
      0.009873891811968539,
      0.02259275858920734,
      0.0037205523451286685
    ],
    [
      0.026073693894434206,
      0.005570319098767296,
      0.01585012611457064,
      0.03367857527578414,
      0.008468542720980972,
      0.02492851058506305,
      0.03173559488647779,
      0.03512550067378808,
      0.01994745683566391,
      0.027399627241100646,
      0.011239653402331967,
      0.044265033712405207,
      0.026529344545883113,
      0.634563864921593,
      0.01927871977102427,
      0.019374526635593976,
      0.008728278576827583,
      0.004399134079475046,
      0.002843497028235082
    ],
    [
      0.046019717109863204,
      0.0023235974957717086,
      0.01918658759415506,
      0.07531773408122412,
      0.038300530800569485,
      0.060755777147593906,
      0.07594365210619311,
      0.0586609368865863,
      0.035907440943314384,
      0.08508486320402356,
      0.028524950787683637,
      0.08132055845386368,
      0.06077457969720197,
      0.06892366212656939,
      0.17676404934045878,
