{
  "poids_LS": 0.0825,
  "poids_EM": 0.9175,
  "mae_validation": 8.263183949713726,
  "matrice_de_transition": [
    [
      0.15353042312885823,
      0.005385113531429225,
      0.019515994594350414,
      0.09930802774969534,
      0.01259178187312023,
      0.07665816351429813,
      0.049699871659621045,
      0.03405984284925331,
      0.04400817777545983,
      0.04273364712189149,
      0.030891222183564472,
      0.1934484188301451,
      0.04550739108346553,
      0.0739766106210682,
      0.013855999081086328,
      0.047714132770233134,
      0.026429236774094755,
      0.011652753096220683,
      0.019033191762144686
    ],
    [
      0.013143321347554245,
      0.4089621027542104,
      0.004509490973172808,
      0.023899558894290872,
      0.07880785285368563,
      0.015664612209118675,
      0.02442064365950579,
      0.03216781630316498,
      0.06053259158017866,
      0.011965174127512385,
      0.005228002570338642,
      0.006437273974776413,
      0.017695839911292206,
      0.0003318434477010327,
      0.028311623865237126,
      0.07788632432678312,
      0.10076342610103699,
      0.01676476107321774,
      0.07250774002722224
    ],
    [
      0.04244141265877237,
      0.036209714978958384,
      0.20406347583423678,
      0.025708157348987206,
      0.01663659458513031,
      0.024763129255175834,
      0.043821197849712196,
      0.1660629867900374,
      0.0040773203924764695,
      0.048992247831427825,
      0.012640916373442966,
      0.12634251218503062,
      0.04104701834405913,
      0.061510971716961765,
      0.037568966022687535,
      0.030569076977782023,
      0.0667134443619766,
      0.0015950665899729384,
      0.009235789903171495
    ],
    [
      0.04148715297190497,
      0.031753188230070784,
      0.04687198656898664,
      0.10540780877663969,
      0.022741411691893722,
      0.05840689625862482,
      0.038554888044999326,
      0.01141279682677138,
      0.046323554671184056,
      0.06259059979491988,
      0.060065061857839844,
      0.06360364731901409,
      0.0751754472770088,
      0.06975284895049065,
      0.10795259788659751,
      0.057069829450611245,
      0.034245978007147466,
      0.040201870130903934,
      0.026382435284391298
    ],
    [
      0.013103114858771895,
      0.1020327037063723,
      0.019209571075053902,
      0.050216130031524094,
      0.2579741533735189,
      0.030613876621081483,
      0.03871290332929684,
      0.024923016266993947,
      0.11629116063479751,
      0.010134941644636134,
      0.0047733386991588925,
      0.008521810542518542,
      0.028403113583986585,
      0.006055631565331747,
      0.0008335554056470611,
      0.019975554627353776,
      0.04545306134116733,
      0.09572169154434125,
      0.12705067114844779
    ],
    [
      0.03426244513307978,
      0.014074628812482708,
      0.06237258130235702,
      0.02662517418238182,
      0.024160142047354397,
      0.16156117806524917,
      0.00875850015350638,
      0.022843710414692922,
      0.0408333718671128,
      0.050388067032774715,
      0.029713712869188502,
      0.08501335773788037,
      0.0631320396822831,
      0.08295839460048687,
      0.06932483942361074,
      0.07082449490289991,
      0.058771459323435485,
      0.07959261638739404,
      0.014789286061829244
    ],
    [
      0.031064990504299308,
      0.014687186442566414,
      0.07845621226567089,
      0.01380063849015422,
      0.030471362887485542,
      0.06626974854977111,
      0.05254943153845995,
      0.05568497967780956,
      0.07316376941115547,
      0.009807672783395456,
      0.08835167180618987,
      0.04166348027741225,
      0.09205286325064313,
      0.020720454449146965,
      0.09715917169818773,
      0.10504512514225794,
      0.0523656136968396,
      0.04887253548712518,
      0.027813091641429314
    ],
    [
      0.021135043102667977,
      0.042365108386873566,
      0.07876656037275032,
      0.04153556136563009,
      0.042123302299048315,
      0.03815439711855527,
      0.02953155689302807,
      0.1816908394647386,
      0.01007011150326387,
      0.05427282165233589,
      0.11346224541590125,
      0.08593371843149099,
      0.008256289632103713,
      0.0612813679678992,
      0.0035667632618062673,
      0.058261090860930474,
      0.02491805637740368,
      0.054892496810187916,
      0.04978266908338452
    ],
    [
      0.009412242124414027,
      0.01957590495272309,
      0.03146895263669662,
      0.04124954618284911,
      0.07195951212520887,
      0.012960457110441248,
      0.03654696033308326,
      0.03417713994953578,
      0.261404308641977,
      0.036831505950851294,
      0.002855909780224312,
      0.011000948587044828,
      0.09266434581460942,
      0.02731753510477622,
      0.039916043647100156,
      0.057898242460350156,
      0.073230831710348,
      0.056520873116139715,
      0.0830087397716269
    ],
    [
      0.017590007727703014,
      0.013196964826887248,
      0.01556296886595759,
      0.01296330353353601,
      0.01852502845732346,
      0.08426429690310433,
      0.05055485820735692,
      0.08523429385052342,
      0.04294148276482214,
      0.23007362490214567,
      0.06371636738320695,
      0.05799587292561977,
      0.074530185636464,
      0.005247257810760392,
      0.10563827197035171,
      0.056409215453827134,
      0.032812694537439506,
      0.027041458225478283,
      0.0057018460174924485
    ],
    [
      0.0195824625798689,
      0.011624005262207566,
      0.02019162653872298,
      0.05306146208712712,
      0.006048454135676827,
      0.021341798826906157,
      0.038304367951967434,
      0.09456086956392201,
      0.01645263133453301,
      0.02221284241101793,
      0.45056657677276646,
      0.12734672490972077,
      0.010631656026187512,
      0.05715737215404264,
      0.017730902191564098,
      0.01474689498479738,
      0.007921164198396204,
      0.0022876074422270992,
      0.008230580628347946
    ],
    [
      0.0802352883841363,
      0.0002603474546037603,
      0.05345059135041399,
      0.039383371517318154,
      0.008775196690728447,
      0.007549634003169255,
      0.05123292350372792,
      0.02824552274919032,
      0.0077955488877366206,
      0.06366005151660982,
      0.0825274507978132,
      0.36906886011490886,
      0.07386431599125179,
      0.05630602179928423,
      0.03593215088943683,
      0.020653986506702436,
      0.01037694036253748,
      0.00570449361745791,
      0.004977303862972766
    ],
    [
      0.07378669280720065,
      0.03682907550689969,
      0.06639851311901708,
      0.0006050922136665037,
      0.05398930658342316,
      0.02890560348735738,
      0.07430655323715304,
      0.03129851222844502,
      0.11783816249366186,
      0.024815722211490712,
      0.073185957928686,
      0.03076308031221212,
      0.1594779111204831,
      0.09417311058483255,
      0.04952579453573361,
      0.04070538655627262,
      0.01145223877100627,
      0.027361263783458052,
      0.004582022519000742
    ],
    [
      0.032110891474017966,
      0.006860090970629523,
      0.019520121758548406,
      0.04143674734460296,
      0.008686181551653304,
      0.028278510119795246,
      0.022374631425063803,
      0.03509380990200099,
      0.018721522121475376,
      0.028679825418143026,
      0.013842123485422254,
      0.04329095971602186,
      0.03267204512865471,
      0.6195763412709885,
      0.019289677182051747,
      0.015358794670058084,
      0.005288110298021098,
      0.005417725527407187,
      0.0035018906354438765
    ],
    [
      0.05667528919234831,
      0.0028616116810342854,
      0.023629119620989618,
      0.09275707519399078,
      0.04716877450942618,
      0.07482338997707035,
      0.056253875522707934,
      0.05453529101551643,
      0.02869627498613097,
      0.07939037284604894,
      0.03512972127208018,
      0.06784508775788906,
      0.06836224672576567,
      0.08488249664580862,
      0.13793829014310047,
