{
  "poids_LS": 0.18,
  "poids_EM": 0.8200000000000001,
  "mae_validation": 7.992917995950016,
  "matrice_de_transition": [
    [
      0.17409954621516074,
      0.004812853510378163,
      0.017442087811844514,
      0.0907042507303286,
      0.011253690611399008,
      0.06851192815446809,
      0.06057345584170019,
      0.03955305927659875,
      0.04874796202101308,
      0.04547643788434577,
      0.02760850374988869,
      0.1863565312263136,
      0.04067145579121715,
      0.06611533592291653,
      0.012383563211434103,
      0.04667380003497264,
      0.03159049736966128,
      0.010414449633679521,
      0.017010591002679723
    ],
    [
      0.011746619623972188,
      0.4382437770156265,
      0.004030280760764798,
      0.021359823752935714,
      0.0704331763923948,
      0.013999980393980723,
      0.028329514518516154,
      0.02911774245351099,
      0.05998350186220451,
      0.012350697998010004,
      0.0046724382644988405,
      0.01052771625371329,
      0.01631324010588939,
      0.0002965794300979257,
      0.028486106837893058,
      0.07378721041615237,
      0.0946232561202261,
      0.015636938627728976,
      0.06606139917188371
    ],
    [
      0.03793128978767667,
      0.032361816111984604,
      0.23706233025815648,
      0.024184612919241094,
      0.018642998110254168,
      0.022741923675374115,
      0.047906512610294986,
      0.1672251409988065,
      0.006135529147093895,
      0.04444524421579521,
      0.01129760373430325,
      0.11998138199024089,
      0.0366850736153989,
      0.05497438344186229,
      0.033576623584309295,
      0.029504078160820034,
      0.06566356409683065,
      0.0014255636008477489,
      0.008254329940709132
    ],
    [
      0.0370784364435554,
      0.02837887122469542,
      0.04189103976737771,
      0.1252835797907712,
      0.02032474941400856,
      0.05220016886329412,
      0.04917805627887788,
      0.020584818225468433,
      0.05354463026693081,
      0.06653315272300654,
      0.05368212612907758,
      0.070583025699243,
      0.07101123278185338,
      0.06234042086038402,
      0.09792420081420772,
      0.057442589613019734,
      0.03251031206821547,
      0.03592973679274249,
      0.0235788522432707
    ],
    [
      0.01171068575933837,
      0.09118999132340631,
      0.01716822700985744,
      0.04487981103634851,
      0.2890243395083293,
      0.027360630876606885,
      0.04604541945694586,
      0.02692241804351273,
      0.112494168549931,
      0.014396230761887788,
      0.004266090172545278,
      0.012714745349010733,
      0.025384799061437605,
      0.005412117584274696,
      0.0007449759483712155,
      0.01785281176504643,
      0.043382662117027515,
      0.09034787272694823,
      0.11870200294917423
    ],
    [
      0.03062147684918302,
      0.01257895981061125,
      0.05574443233562154,
      0.02379579599951291,
      0.021592715508262243,
      0.2058166912553897,
      0.015938307413513205,
      0.020842426596935464,
      0.04059045461257769,
      0.05243041240242581,
      0.026556124853116703,
      0.08537070295203608,
      0.056423185329124964,
      0.07414265239498555,
      0.0645813205499229,
      0.06702636693505717,
      0.05847005965838943,
      0.07251631105345428,
      0.014961603489880147
    ],
    [
      0.02776380622727568,
      0.013126422760658812,
      0.07011890360528625,
      0.012334085626077887,
      0.028631182596783825,
      0.05922745919434584,
      0.10701279736589626,
      0.05270901277954865,
      0.06884343187424978,
      0.017677485747623945,
      0.07962598940242628,
      0.04748122312332602,
      0.08939522285610076,
      0.018518553295150425,
      0.08840547973623286,
      0.10131115206155333,
      0.04928131845545827,
      0.04367899629367047,
      0.024857476998334647
    ],
    [
      0.018889084843801356,
      0.03786309414412679,
      0.07039627194076868,
      0.03730296593125605,
      0.03764698407108406,
      0.034099842656365474,
      0.027206930077538174,
      0.2461076687508942,
      0.009109627220807081,
      0.05123541062071218,
      0.10140494958151393,
      0.08076686312898343,
      0.009241980508407343,
      0.05533282560971473,
      0.0054131444088591244,
      0.05484990548289247,
      0.02756401060816866,
      0.04905923420638048,
      0.04650920620772582
    ],
    [
      0.008412031108468124,
      0.017495631674368323,
      0.028124840503641668,
      0.036866079422273865,
      0.06431258849337469,
      0.011583187826225421,
      0.04594857330942412,
      0.035013455535330536,
      0.2914102621164408,
      0.04233618972664334,
      0.0025524207300097394,
      0.018335698186354357,
      0.08760165027698959,
      0.02441458178301526,
      0.03567428424046009,
      0.05599844326398992,
      0.06817353577700906,
      0.050514567798620784,
      0.07523197822736044
    ],
    [
      0.016482800887435985,
      0.011794562570079067,
      0.01390913838701387,
      0.013363527186986364,
      0.016556428703002984,
      0.07530978033846927,
      0.054622881649571145,
      0.08049543475107995,
      0.039623144003167306,
      0.27119990741237604,
      0.05694541826074082,
      0.05859475262293005,
      0.06714311261592103,
      0.005394482479664587,
      0.09441240655660861,
      0.05397401738889156,
      0.04091443363648539,
      0.02416784277372446,
      0.005095927775851562
    ],
    [
      0.019915545143128217,
      0.01038875674660513,
      0.01804592235613389,
      0.049215214607955485,
      0.009165781937636529,
      0.019073869251294878,
      0.038384002647346906,
      0.09848432878940061,
      0.014704259067375552,
      0.019852349620746272,
      0.4644301787030892,
      0.12299109243847153,
      0.009501861516592654,
      0.05108342797418525,
      0.015846691876929223,
      0.019859563401262076,
      0.009656702458226491,
      0.0020445101935980614,
      0.007355941270022142
    ],
    [
      0.07170892258854689,
      0.00023268110384205284,
      0.04777055575731823,
      0.03519821759585928,
      0.007842682600978014,
      0.00674735682027116,
      0.05321148163223544,
      0.0349133819813562,
      0.014975510962048915,
      0.06509136054522802,
      0.07375750371030718,
      0.38936721667826824,
      0.07007785171343044,
      0.050322548093093264,
      0.0321137479338836,
      0.021436568928001897,
      0.015039517380011663,
      0.005744513411136907,
      0.004448380564182745
    ],
    [
      0.06594560011106762,
      0.032915359036139236,
      0.059342540335252325,
      0.0005407908612605264,
      0.04825202332251444,
      0.02583389085518589,
      0.07586770891790884,
      0.034993639323009855,
      0.11384870687783949,
      0.02914433013267855,
      0.06540870354389375,
      0.035024353482835315,
      0.207141843961948,
      0.08416561381968686,
      0.04426283544338045,
      0.03799080404337256,
      0.010560129620245814,
      0.024666021717142435,
      0.004095104594638266
    ],
    [
      0.028698562407296714,
      0.00613108947783783,
      0.017445776394560977,
      0.03705169356657493,
      0.00856316829953416,
      0.026385032121903136,
      0.027665610772819538,
      0.035111722077358916,
      0.01941444174253846,
      0.027956235144162553,
      0.012371162134110353,
      0.043841523279195056,
      0.029200083929696852,
      0.6280475502908954,
      0.019283483862775348,
      0.017628556215795763,
      0.007232553238216068,
      0.004841999926402065,
      0.0031297551183258627
    ],
    [
      0.05065257453703064,
      0.0025575167067554377,
      0.021118123257996176,
      0.08290005630416615,
      0.04215628893485501,
      0.0668721305517141,
      0.06738287967859086,
      0.0568671778122081,
      0.0327721513967129,
      0.08260899783099113,
      0.031396590128725615,
      0.07546165815126603,
      0.06407356536179488,
      0.07586228583058645,
      0.15988328447204214,
