{
  "poids_LS": 0.9375,
  "poids_EM": 0.0625,
  "mae_validation": 5.962366848225922,
  "matrice_de_transition": [
    [
      0.3339058101933572,
      0.00036683334682760386,
      0.0013294274246832708,
      0.023859521579863915,
      0.000857750808795656,
      0.005221945743480799,
      0.14505284064093046,
      0.08223112536597482,
      0.08557243962108065,
      0.06678581226956751,
      0.0021043066882537108,
      0.13125801984269964,
      0.003099958520672039,
      0.005039278652661321,
      0.0009438691472129651,
      0.0385912149379487,
      0.07168952199675507,
      0.0007937842708597195,
      0.0012965389483749787
    ],
    [
      0.0008953216176808069,
      0.665739861662013,
      0.0003071860335948779,
      0.001628035347022539,
      0.0053683823469813105,
      0.001067071676370482,
      0.058698434269288974,
      0.005421014852353066,
      0.05571749713025151,
      0.015345921914953048,
      0.0003561309652819238,
      0.04230730626699208,
      0.005571503156221344,
      2.2605139489171164e-05,
      0.029841705317758357,
      0.04194024849509795,
      0.046918858577003,
      0.006874625782008558,
      0.015978289449638104
    ],
    [
      0.0028911044045485264,
      0.0024666018378037046,
      0.49343804539784025,
      0.01234784465736744,
      0.034231210113139524,
      0.007038711093837688,
      0.07964626575020745,
      0.1762541852361662,
      0.02212622793296774,
      0.009118523817418725,
      0.0008610978456023819,
      0.07056029355379756,
      0.002796118415807843,
      0.004190120689166333,
      0.0025591938707552817,
      0.021229856582884576,
      0.05750680203685056,
      0.00010865576225973695,
      0.0006291410015784398
    ],
    [
      0.002826100338685625,
      0.0021630237213944676,
      0.0031929146164159836,
      0.27970303151594694,
      0.001549142485823823,
      0.003978671407263271,
      0.131711901788242,
      0.09184436909226862,
      0.10964683297234785,
      0.09716375624121829,
      0.004091625467155303,
      0.12480742696102147,
      0.03865848939641502,
      0.004751556468017074,
      0.02001126971333311,
      0.06033864933634718,
      0.019025522850359126,
      0.0027385470116419574,
      0.0017971686161029495
    ],
    [
      0.0008925827560471317,
      0.006950456655747432,
      0.001308553887946451,
      0.003420717304599734,
      0.53026040101724,
      0.0020854139387657686,
      0.10301342937175743,
      0.042456231845697134,
      0.0829944608136603,
      0.04750316928822757,
      0.00032515931193180465,
      0.045290623460988534,
      0.0019348170016339637,
      0.00041250896221605907,
      5.678170338195239e-05,
      0.0013607326040431728,
      0.027297252760248872,
      0.048597434222587166,
      0.05383927309327955
    ],
    [
      0.0023339540281389496,
      0.0009587621806868331,
      0.004248813440215056,
      0.0018137039633775083,
      0.0016457862430077927,
      0.5496479860403276,
      0.07171988689510471,
      0.005293990782050569,
      0.03870317440426635,
      0.06829786488971511,
      0.0020240948820973094,
      0.08814700038509186,
      0.004300547662280866,
      0.005651116798398289,
      0.027727827762040313,
      0.037517834261817345,
      0.056128416106877764,
      0.017538861920537736,
      0.01630037735396793
    ],
    [
      0.002116143767322841,
      0.0010004895396843606,
      0.005344428628451695,
      0.0009400979897925218,
      0.01433439726133199,
      0.00451428804834953,
      0.5301512549482861,
      0.02958803918536769,
      0.0352777325490593,
      0.07881987877739911,
      0.011834149188570628,
      0.09268060984927141,
      0.06874740132927151,
      0.0014114750987157334,
      0.02039602680104485,
      0.07230105351146368,
      0.025318716964726394,
      0.0033291917906761023,
      0.001894624771214531
    ],
    [
      0.0014397168326068105,
      0.002885906565863322,
      0.00536556950768054,
      0.004418955248811593,
      0.002869434761515553,
      0.002599073373198588,
      0.009146367895655113,
      0.7465768808971799,
      0.001647403180181255,
      0.027637063375020178,
      0.007729035791273927,
      0.040624371932578424,
      0.01690004039353553,
      0.00911722728843533,
      0.01975810562826978,
      0.028347619084289524,
      0.048121039631804315,
      0.003739270899876561,
      0.02107691771222354
    ],
    [
      0.0006411609076576313,
      0.0013335085117658781,
      0.0021436616237531757,
      0.002809914590112337,
      0.004901874122970632,
      0.0008828649257793766,
      0.1189918741256108,
      0.04151098431727435,
      0.5245334391103514,
      0.08510334829241228,
      0.0001945442629580594,
      0.07532106045791301,
      0.04826840033086617,
      0.0018608675139493338,
      0.002719076542717994,
      0.041238464892268074,
      0.028882236602606352,
      0.003850195716358291,
      0.01481252315267488
    ],
    [
      0.007880655436130597,
      0.0008989758056462703,
      0.0010601477429126424,
      0.016472957109946788,
      0.001261922919436203,
      0.005740074720919914,
      0.08622829454677394,
      0.043678144824634654,
      0.013842204393387385,
      0.590719486914935,
      0.004340352001580855,
      0.06324758719434055,
      0.009751237610163981,
      0.006538304907304871,
      0.0071960675729122415,
      0.035054401653622794,
      0.10385871432907262,
      0.0018420611870216814,
      0.0003884091292569788
    ],
    [
      0.022503340442296748,
      0.000791825971540025,
      0.0013754513990955708,
      0.019332830346698894,
      0.033385021014400364,
      0.0014538010100072314,
      0.03900270297298739,
      0.1289665889258112,
      0.0011207514533060634,
      0.001513136404020295,
      0.5721397013925197,
      0.08915117862338118,
      0.0007242272497402937,
      0.0038935539614470462,
      0.0012078271247659468,
      0.05958106417533396,
      0.02314049970767719,
      0.00015583156963399857,
      0.0005606662553370535
    ],
    [
      0.0054656190997368044,
      1.773484023186378e-05,
      0.00364104845711267,
      0.0026827909752941523,
      0.0005977654421477144,
      0.000514280245447497,
      0.0685833563229477,
      0.08671751909279883,
      0.07075829323170597,
      0.0762115306906463,
      0.00562176095352951,
      0.5470698330551373,
      0.04065993693958754,
      0.0038355600680711325,
      0.0024476942022777135,
      0.027516632355020772,
      0.051264154208080316,
      0.0060554364235660355,
      0.0003390533966602702
    ],
    [
      0.005026341471880154,
      0.002508792609461832,
      0.004523059476772281,
      4.1218815644857194e-05,
      0.0036777456800696977,
      0.00196904655908429,
      0.0879966876683961,
      0.06370193444232128,
      0.08285370555491178,
      0.06277428398190715,
      0.004985419477430926,
      0.06813116811613859,
      0.5774539375764061,
      0.006415062028939547,
      0.003373691725867412,
      0.016900586058533562,
      0.0036291277566453404,
      0.003726064124997994,
      0.00031212687459133124
    ],
    [
      0.00218739042738542,
      0.00046730864922544434,
      0.0013297085666586109,
      0.002983198829587941,
      0.007607449956146959,
      0.011674164599818281,
      0.06877245032076792,
      0.03525088590129349,
      0.024797894183105493,
      0.0223344953232373,
      0.0009429239431486549,
      0.04811897865461761,
      0.0022256161531781136,
      0.693862328060941,
      0.01923536653608947,
      0.03526285745575772,
      0.022339379158192372,
      0.0003690548724391817,
      0.0002385484084089834
    ],
    [
      0.0038607145226395305,
      0.0001949326758197742,
      0.0016096130532009278,
      0.006318601852451688,
      0.0032131317785712658,
      0.00509696117010016,
      0.1538466811973736,
      0.074984144463428,
      0.0644385758173879,
      0.10761523809861881,
      0.0023930327842016474,
