{
  "poids_LS": 0.215,
  "poids_EM": 0.785,
  "mae_validation": 7.896235798999091,
  "matrice_de_transition": [
    [
      0.18148333398973088,
      0.004607426836154705,
      0.016697608454021882,
      0.08761571539004312,
      0.01077335015847344,
      0.06558763853811884,
      0.06447679375321577,
      0.041524983122312495,
      0.050449423032237324,
      0.0464610294400986,
      0.02643009200446661,
      0.18381072541980997,
      0.03893547901964081,
      0.06329333987742619,
      0.011854996488994842,
      0.04630034725821246,
      0.0334432575834544,
      0.009969930441998077,
      0.016284529191589733
    ],
    [
      0.011245239518070936,
      0.44875514726331434,
      0.0038582565819516666,
      0.02044812395860309,
      0.06742688227808526,
      0.013402420255213253,
      0.029732698929442955,
      0.028022844148506997,
      0.05978639273267533,
      0.0124890911822912,
      0.004473004923940963,
      0.011996080148716268,
      0.01581692222702684,
      0.0002839205519839898,
      0.02854874175115416,
      0.07231573362772081,
      0.0924190925373709,
      0.01523207928832275,
      0.06374732809560832
    ],
    [
      0.03631227132112949,
      0.03098051908281453,
      0.24890807287187122,
      0.02363769953420403,
      0.019363245529529397,
      0.022016362698009394,
      0.049373035857683684,
      0.1676423245609287,
      0.006874373315418098,
      0.042812986507619395,
      0.010815388940765917,
      0.1176978993562138,
      0.03511924730254651,
      0.052627915855929144,
      0.03214347501668634,
      0.029121770893192653,
      0.06528668400165005,
      0.001364716373982296,
      0.007902010979825205
    ],
    [
      0.03549582025389145,
      0.027167577940714515,
      0.040103007582184755,
      0.13241847194969023,
      0.01945722962194722,
      0.04997211287522669,
      0.05299150128591121,
      0.023877338727564812,
      0.056136811250019375,
      0.06794842813308893,
      0.05139081586747061,
      0.07308844357932517,
      0.06951638655282322,
      0.05967954923829446,
      0.09432426340360626,
      0.0575764009533715,
      0.03188725250039372,
      0.034396150466222984,
      0.022572437818253046
    ],
    [
      0.011210839415951974,
      0.08729773559618775,
      0.016435436832607425,
      0.042964209345772664,
      0.3001705601721073,
      0.026192799070898054,
      0.04867760473353781,
      0.027640152014570755,
      0.1111311457502353,
      0.015925924291157613,
      0.0040840009578634665,
      0.014219901433392546,
      0.024301301540522586,
      0.005181112565433702,
      0.000713178194477322,
      0.01709080150678225,
      0.04263944188272091,
      0.08841880956173025,
      0.11570504513405037
    ],
    [
      0.029314462593425208,
      0.012042052989426623,
      0.053365096809101106,
      0.022780121780021506,
      0.020671075212177877,
      0.2217032857339017,
      0.018515674122233608,
      0.020124017021330223,
      0.040503253546847126,
      0.05316356202230057,
      0.02542263171914221,
      0.08549898072122017,
      0.05401487863824767,
      0.07097802698788251,
      0.06287851890295802,
      0.06566293638249823,
      0.05836186490683444,
      0.06997609888229643,
      0.01502346102815483
    ],
    [
      0.026578765717574886,
      0.01256614861843557,
      0.06712602357335329,
      0.011807630751794074,
      0.027970605056531924,
      0.0566994578872701,
      0.12656374920138622,
      0.051640716969916525,
      0.06729254147638619,
      0.020502546811705966,
      0.0764936931549214,
      0.04956964363211558,
      0.08844119809908554,
      0.017728127239869614,
      0.0852631287755311,
      0.09997075146847989,
      0.04817413554829574,
      0.04181464889089185,
      0.023796487126454508
    ],
    [
      0.01808284341754154,
      0.03624698646724333,
      0.06739155301646758,
      0.035783572698403834,
      0.03604010060463535,
      0.03264436156737426,
      0.02637244865659308,
      0.2692316587510526,
      0.008764837991207208,
      0.0501450579426934,
      0.09707668953840053,
      0.0789120945588525,
      0.009595818258875313,
      0.05319745142985364,
      0.006075947897544765,
      0.05362537739846857,
      0.028513840332033018,
      0.04696524250244961,
      0.04533411697030987
    ],
    [
      0.00805298100017985,
      0.01674886690777943,
      0.026924389994339888,
      0.03529252725181096,
      0.06156753898451114,
      0.01108878346778897,
      0.0493235113009311,
      0.03531367138664147,
      0.3021816300303508,
      0.04431223005641484,
      0.0024434759427532263,
      0.02096868522200393,
      0.08578427239169015,
      0.023372495975203633,
      0.034151601376538006,
      0.05531646406529651,
      0.06635809621119507,
      0.04835845819746014,
      0.07244032023711094
    ],
    [
      0.0160853420216991,
      0.011291136118917156,
      0.013315455650982789,
      0.01350719721643008,
      0.015849751868118708,
      0.07209533849475412,
      0.05608319775703265,
      0.07879430584358744,
      0.03843194547334249,
      0.2859631883134844,
      0.05451482113985554,
      0.05880973507837475,
      0.06449134281367482,
      0.005447332360809682,
      0.09038260871577776,
      0.0530998437245557,
      0.043822750236142884,
      0.02313628850899232,
      0.004878418663467654
    ],
    [
      0.020035113242759767,
      0.009945334202542714,
      0.01727566957264037,
      0.047834510384663104,
      0.010284822687057962,
      0.018259740685690827,
      0.038412589461072864,
      0.09989275004982881,
      0.014076638253524157,
      0.019004993234494907,
      0.46940685631910256,
      0.12142753206417692,
      0.009096294256738089,
      0.048903037755774904,
      0.015170308687060293,
      0.021694880268710942,
      0.010279716192524543,
      0.001957244514603022,
      0.007041968167033392
    ],
    [
      0.06864817589269427,
      0.0002227495933122091,
      0.045731568621335136,
      0.03369585464969455,
      0.007507933953375293,
      0.006459359882820562,
      0.053921733268109936,
      0.03730697247495421,
      0.01755293324513538,
      0.06560516378627045,
      0.07060931757633064,
      0.3966538062138331,
      0.0687186081265202,
      0.04817463445497343,
      0.030743039180608084,
      0.02171749595103247,
      0.016713262976028036,
      0.005758879490919111,
      0.004258510662052994
    ],
    [
      0.06313084888681474,
      0.03151043517484061,
      0.05680962702825985,
      0.0005177083244994064,
      0.04619248574167541,
      0.024731224782098684,
      0.07642812377766733,
      0.03632009520311005,
      0.11241659460549298,
      0.030698189386438285,
      0.06261686863653243,
      0.03655404128767441,
      0.22425197369990973,
      0.08057317908348072,
      0.0423735680768947,
      0.03701633852592125,
      0.01023988530971642,
      0.023698498924106054,
      0.003920313544867121
    ],
    [
      0.027473623767960878,
      0.005869396634271581,
      0.016701139597232153,
      0.03547757169753923,
      0.00851900969620934,
      0.02570532207137776,
      0.029564936692526723,
      0.035118152089025856,
      0.019663182119330335,
      0.02769648478940033,
      0.011843124725947106,
      0.04403916148135979,
      0.02795373888391711,
      0.6310884971185542,
      0.019281260619958177,
      0.018443342411701598,
      0.007930558396234775,
      0.004635329197836123,
      0.0029961680096168316
    ],
    [
      0.048490574404352504,
      0.002448354408296364,
      0.020216739948203655,
      0.07936163926679321,
      0.0403569351388551,
      0.06401783229645802,
      0.07137790681147191,
      0.057704265380251266,
      0.034235286518460264,
      0.0837644016717396,
      0.03005649176957269,
      0.0781958116258116,
      0.0625340387183182,
      0.07262426143537849,
      0.1677609747439699,
      0.029616878036318406,
