{
  "poids_LS": 0.385,
  "poids_EM": 0.615,
  "mae_validation": 7.429538284439087,
  "matrice_de_transition": [
    [
      0.21734744603764294,
      0.003609640132783622,
      0.013081565858883384,
      0.07261425802294212,
      0.008440267958549255,
      0.051383946115851065,
      0.08343586360914865,
      0.05110289894435069,
      0.05871366222961222,
      0.051243331282326575,
      0.020706377812416514,
      0.17144538293107814,
      0.03050359184341286,
      0.0495865019421874,
      0.009287672408575576,
      0.04448643377109157,
      0.04244237862187809,
      0.007810837225259639,
      0.01275794325200979
    ],
    [
      0.00880996471797914,
      0.4998103741806552,
      0.0030227105705735984,
      0.016019867814701785,
      0.0528248822942961,
      0.010499985295485542,
      0.03654816606823025,
      0.02270476666705901,
      0.058829005532105016,
      0.013161286648799871,
      0.0035043286983741304,
      0.01912813335301646,
      0.013406235386837311,
      0.00022243457257344426,
      0.028852968472708088,
      0.06516856065533896,
      0.0817131551349314,
      0.013265619639778235,
      0.052507554296556506
    ],
    [
      0.0284484673407575,
      0.024271362083988453,
      0.3064445369956287,
      0.020981263092595417,
      0.022861590137437663,
      0.018492209379380755,
      0.05649614877357163,
      0.16966864471980814,
      0.010463044990135662,
      0.03488487763933689,
      0.008473202800727437,
      0.10660669799093939,
      0.027513805211549173,
      0.04123078758139671,
      0.02518246768823197,
      0.027264849879002517,
      0.0634561235393443,
      0.0010691727006358115,
      0.006190747455531847
    ],
    [
      0.02780882733266655,
      0.02128415341852156,
      0.03141827982553328,
      0.16707366243586827,
      0.01524356206050642,
      0.03915012664747059,
      0.07151394846293022,
      0.039869581166318654,
      0.0687274045964496,
      0.07482262298206055,
      0.04026159459680818,
      0.0852576161397243,
      0.062255704868962466,
      0.04675531564528801,
      0.07683885312354198,
      0.05822634174936578,
      0.028860963170973815,
      0.02694730259455686,
      0.017684139182453023
    ],
    [
      0.008783014319503776,
      0.06839249349255473,
      0.012876170257393078,
      0.03365985827726138,
      0.354309346253315,
      0.020520473157455164,
      0.06146250464841302,
      0.031126288445424023,
      0.1045107492945706,
      0.023355864290468188,
      0.0031995676294089576,
      0.02153065955753278,
      0.019038599296078203,
      0.004059088188206021,
      0.0005587319612784115,
      0.01338960882378482,
      0.039029515030374544,
      0.07904907418781422,
      0.10114839288916311
    ],
    [
      0.022966107636887265,
      0.009434219857958438,
      0.04180832425171615,
      0.01784684699963468,
      0.01619453663119668,
      0.29886674462953133,
      0.031034312421732692,
      0.016634599082676185,
      0.04007970551329871,
      0.056724574461692226,
      0.019917093639837524,
      0.08612204417154293,
      0.042317388996843716,
      0.05560698929623916,
      0.0546077680462715,
      0.059040559412926255,
      0.05783634754213875,
      0.05763792547952968,
      0.015323911928346146
    ],
    [
      0.020822854670456758,
      0.009844817070494108,
      0.05258917770396468,
      0.009250564219558414,
      0.024762085575308408,
      0.04442059439575938,
      0.22152551525948036,
      0.04645185160884621,
      0.059759645258191635,
      0.03422427198010436,
      0.061279682809897686,
      0.059713400389093424,
      0.08380736356501164,
      0.013888914971362817,
      0.07000028125212256,
      0.09346023430212314,
      0.0427963899992206,
      0.03275924722025285,
      0.018643107748750984
    ],
    [
      0.014166813632851015,
      0.02839732060809509,
      0.05279720395557651,
      0.028403662710264482,
      0.02823523805331304,
      0.025574881992274104,
      0.022319253183431205,
      0.381548181608965,
      0.007090147447436394,
      0.04484905922088794,
      0.07605371218613544,
      0.069903218646788,
      0.011314458761148304,
      0.04282563398481403,
      0.009295279128303593,
      0.04767766955983821,
      0.03312729899080273,
      0.036794425654785363,
      0.039626540674289557
    ],
    [
      0.006309023331351092,
      0.01312172375577624,
      0.021093630377731248,
      0.0276495595667054,
      0.048234441370031016,
      0.008687390869669066,
      0.06571606725967927,
      0.03677186266443744,
      0.3544997027550568,
      0.05391014022959071,
      0.0019143155475073045,
      0.03375747939515901,
      0.07695700837737862,
      0.018310936337261444,
      0.026755713180345062,
      0.052003993671642754,
      0.05754024689152713,
      0.037885925848965586,
      0.05888083857018481
    ],
    [
      0.014154827530977099,
      0.0088459219275593,
      0.010431853790260402,
      0.014205023073728128,
      0.012417321527252237,
      0.05648233525385195,
      0.06317616170756002,
      0.0705316797214809,
      0.03264612404276482,
      0.3576705526902963,
      0.04270906369555561,
      0.05985393557624905,
      0.05161131805990756,
      0.005704031783514432,
      0.07080930491745646,
      0.04885385735492443,
      0.05794885943447929,
      0.018125882080293344,
      0.0038219458318886714
    ],
    [
      0.020615872583827292,
      0.0077915675599538456,
      0.013534441767100416,
      0.04112823272867152,
      0.015720163469962058,
      0.014305401938471157,
      0.0385514396991704,
      0.10673365331476584,
      0.011028194300531664,
      0.014889262215559704,
      0.49357929045402427,
      0.11383309596046028,
      0.00712639613744449,
      0.038312570980638935,
      0.011885018907696917,
      0.030609276482034008,
      0.013305782901972225,
      0.0015333826451985459,
      0.005516955952516606
    ],
    [
      0.05378169194141016,
      0.00017451082788153962,
      0.03582791681798867,
      0.02639866319689446,
      0.00588201195073351,
      0.00506051761520337,
      0.057371526928071764,
      0.048932983443858824,
      0.03007184147726964,
      0.06810077952847653,
      0.055318127782730375,
      0.43204581252943414,
      0.06211656784724192,
      0.037741911069819944,
      0.024085310950412702,
      0.023081998634323836,
      0.024842884442393277,
      0.0058286575927183875,
      0.0033362854231370584
    ],
    [
      0.049459200083300715,
      0.024686519277104423,
      0.044506905251439244,
      0.0004055931459453948,
      0.03618901749188583,
      0.019375418141389412,
      0.07915013881077998,
      0.04276288090645387,
      0.10546062071123859,
      0.03824550576184273,
      0.04905652765792031,
      0.043983953482607155,
      0.30735831814143827,
      0.06312421036476513,
      0.03319712658253533,
      0.032283220298300615,
      0.00868441294428793,
      0.018999102500786513,
      0.003071328445978699
    ],
    [
      0.021523921805472534,
      0.0045983171083783725,
      0.013084332295920731,
      0.027831836905080103,
      0.008304525051488779,
      0.022403873254540237,
      0.038790234016818775,
      0.0351493835742653,
      0.02087134966374802,
      0.026434840209126675,
      0.009278371600582765,
      0.04499911846330281,
      0.021900062947272637,
      0.6458588102814686,
      0.01927046201198907,
      0.022400875363244213,
      0.01132086916375421,
      0.003631499944801548,
      0.0023473163387443966
    ],
    [
      0.03798943090277298,
      0.0019181375300665782,
      0.01583859244349713,
      0.06217504222812461,
      0.03161721670114125,
      0.05015409791378558,
      0.09078232431403702,
      0.0617701192821752,
      0.0413419428240903,
      0.08937636318394647,
      0.02354744259654421,
      0.09147598564503298,
      0.05505633787857425,
      0.05689671437293983,
      0.20602404177904765,
