{
  "poids_LS": 0.225,
  "poids_EM": 0.775,
  "mae_validation": 7.868634973164389,
  "matrice_de_transition": [
    [
      0.18359298763960807,
      0.004548733500662288,
      0.016484900066072557,
      0.08673327672139011,
      0.010636110029066134,
      0.0647521272191619,
      0.06559203315650594,
      0.042088389935373574,
      0.05093555474972997,
      0.04674234131317083,
      0.026093402934346015,
      0.1830833523322375,
      0.03843948565633328,
      0.06248705529300039,
      0.011703977425440767,
      0.0461936464648524,
      0.03397261764453814,
      0.009842924958660522,
      0.016077082959849737
    ],
    [
      0.011101988059242006,
      0.4517583959055108,
      0.003809106816576486,
      0.020187638303079486,
      0.06656794110256825,
      0.013231688786993977,
      0.030133608761136323,
      0.027710016061362995,
      0.05973007583852414,
      0.01252863209208583,
      0.004416023969495855,
      0.012415612690145692,
      0.015675117118780394,
      0.00028030372966572246,
      0.02856663744065733,
      0.07189531168816893,
      0.09178933151369799,
      0.015116405191349543,
      0.06308616493095821
    ],
    [
      0.03584969461640173,
      0.030585862788765936,
      0.252292570761504,
      0.02348143856705058,
      0.019569030506465176,
      0.021809059561619475,
      0.04979204249979474,
      0.16776151986439222,
      0.007085471649225015,
      0.042346627162426306,
      0.010677613285469536,
      0.11704547574649178,
      0.03467186835601725,
      0.05195749654566253,
      0.03173400399736549,
      0.029012540245299118,
      0.06517900397445558,
      0.0013473314520207381,
      0.007801348419572654
    ],
    [
      0.03504364419970175,
      0.026821494145291398,
      0.0395921412435582,
      0.1344570125665242,
      0.019209366824215406,
      0.04933552545006457,
      0.05408105700220644,
      0.02481805887102092,
      0.056877434388044684,
      0.06835279253596961,
      0.05073615579272576,
      0.07380427725934866,
      0.06908928763024318,
      0.058919300203411726,
      0.09329570985772012,
      0.05761463276490057,
      0.031709235481016076,
      0.033957982944360275,
      0.022284890839676573
    ],
    [
      0.011068026174984435,
      0.08618566253126816,
      0.016226068210535995,
      0.04241689457703671,
      0.30335519464747246,
      0.02585913284069553,
      0.049429657669706945,
      0.027845218863444477,
      0.11074171066460797,
      0.016362979585234708,
      0.004031975467954378,
      0.014649946028930208,
      0.02399173082026115,
      0.005115111131479133,
      0.0007040931219362096,
      0.016873084290135343,
      0.04242709324434759,
      0.08786764865738224,
      0.11484877147258642
    ],
    [
      0.028941029948922975,
      0.01188865104051673,
      0.052685286658666695,
      0.022489929145881105,
      0.02040774941329663,
      0.22624231272776227,
      0.019252064610439434,
      0.019918757142585865,
      0.040478338956638396,
      0.05337303334226478,
      0.02509877653800664,
      0.08553563151241564,
      0.053326791012282736,
      0.07007384830013878,
      0.06239200414668234,
      0.06527338479605282,
      0.058330952120675864,
      0.06925032397625132,
      0.015041134610519024
    ],
    [
      0.02624018271480323,
      0.012406070292086072,
      0.06627091499280102,
      0.01165721507342727,
      0.027781868616459954,
      0.055977171799534174,
      0.13214973544009767,
      0.051335489595735924,
      0.06684942993413946,
      0.0213097071157294,
      0.07559875136992,
      0.05016633520605545,
      0.0881686195970812,
      0.017502291224075095,
      0.0843653142153306,
      0.09958777987045891,
      0.04785779757482073,
      0.04128197820438367,
      0.023493347163060185
    ],
    [
      0.01785248872432445,
      0.035785241416705194,
      0.0665330618952387,
      0.03534946034616034,
      0.03558099104279286,
      0.03222850982766249,
      0.02613402539346591,
      0.27583851303681217,
      0.008666326782750101,
      0.04983352860611661,
      0.0958400438117967,
      0.07838216068167222,
      0.009696914759009016,
      0.05258734452132189,
      0.00626532032288352,
      0.05327551223149032,
      0.02878522025313712,
      0.04636695915846936,
      0.044998377188191024
    ],
    [
      0.00795039525495463,
      0.01653550554589689,
      0.02658140413453938,
      0.034842940917392984,
      0.06078323912483583,
      0.01094752507966427,
      0.05028777929850452,
      0.035399447344158876,
      0.3052591637200394,
      0.04487681300777813,
      0.0024123488606799365,
      0.021720967232189522,
      0.08526502156731888,
      0.02307475717297174,
      0.03371654912970313,
      0.055121612865669814,
      0.06583939919239107,
      0.04774242688284281,
      0.07164270366846823
    ],
    [
      0.015971782345774278,
      0.011147299990013753,
      0.013145832012116767,
      0.01354824579627114,
      0.015647844201008915,
      0.07117692653940692,
      0.056500430930593086,
      0.0783082690128753,
      0.038091603036249685,
      0.2901812685709439,
      0.053820364819602604,
      0.05887115863707324,
      0.06373369429874734,
      0.005462432326851139,
      0.0892312379041118,
      0.05285007982045975,
      0.04465369783604503,
      0.02284155871906885,
      0.004816273202786537
    ],
    [
      0.02006927555694021,
      0.00981864204709631,
      0.01705559734878508,
      0.04744002346372242,
      0.010604548615464084,
      0.01802713252408967,
      0.03842075712213743,
      0.10029515612423688,
      0.013897318020995187,
      0.01876289140985166,
      0.470828764209392,
      0.12098080052866417,
      0.008980417896779643,
      0.048280069121943374,
      0.01497705634709774,
      0.02221925651655348,
      0.010457720116609701,
      0.0019323114634615824,
      0.006952261566179464
    ],
    [
      0.06777367683673638,
      0.0002199120188751109,
      0.045149000868197106,
      0.03326660809364749,
      0.007412291482631658,
      0.0063770750435489625,
      0.05412466230693122,
      0.03799085547312507,
      0.018289339611731514,
      0.06575196471228256,
      0.06970983582376593,
      0.39873568893828026,
      0.06833025281597442,
      0.04756094484408204,
      0.03035140810824365,
      0.02179776081475549,
      0.017191476003461284,
      0.0057629840851425975,
      0.00420426211858735
    ],
    [
      0.06232663425131391,
      0.031109028357326717,
      0.05608593751197628,
      0.0005111133139962292,
      0.045604046432864254,
      0.024416177332645197,
      0.07658824230902689,
      0.036699082597424396,
      0.11200741967053686,
      0.031142149173226785,
      0.06181920152014348,
      0.036991094946199864,
      0.22914058219647027,
      0.07954676915885038,
      0.04183377740075591,
      0.03673791980664945,
      0.01014838693527945,
      0.02342206384038138,
      0.0038703732449325073
    ],
    [
      0.02712364129957921,
      0.00579462725039551,
      0.016488386226566776,
      0.03502782259210046,
      0.008506392952402247,
      0.025511119199799082,
      0.03010760124101449,
      0.03511998923521641,
      0.01973425079841373,
      0.027622270402325406,
      0.01169225689504332,
      0.04409562953912115,
      0.02759764029940861,
      0.6319573390693138,
      0.0192806254077247,
      0.018676138467674692,
      0.008129988441382976,
      0.004576280418245853,
      0.0029580002642713944
    ],
    [
      0.04787286008073018,
      0.0024171651801652002,
      0.019959201859691505,
      0.07835066297040094,
      0.039842834054283696,
      0.06320231850924199,
      0.07251934313515221,
      0.05794343325683503,
      0.0346533251246738,
      0.08409451705481058,
      0.029673606524100428,
      0.07897699833282462,
      0.06209417396303914,
      0.07169911160817621,
      0.1700117433930921,
      0.029999686270317023,
