{
  "poids_LS": 0.9125,
  "poids_EM": 0.08750000000000002,
  "mae_validation": 6.026341138647313,
  "matrice_de_transition": [
    [
      0.3286316760686642,
      0.0005135666855586456,
      0.0018611983945565796,
      0.026065618251496416,
      0.0012008511323139187,
      0.00731072404087312,
      0.142264742132705,
      0.08082260833332215,
      0.08435711032734902,
      0.06608253258688691,
      0.0029460293635551957,
      0.13307645256163078,
      0.004339941928940856,
      0.007054990113725851,
      0.0013214168060981515,
      0.03885796692134883,
      0.0703661218440457,
      0.0011112979792036075,
      0.0018151545277249705
    ],
    [
      0.00125345026475313,
      0.6582317400565216,
      0.00043006044703282917,
      0.0022792494858315552,
      0.007515735285773837,
      0.001493900346918675,
      0.05769615969005555,
      0.006203085070213064,
      0.0558582893656295,
      0.015247069640466479,
      0.0004985833513946934,
      0.04125847491341852,
      0.005926015926837451,
      3.164719528483964e-05,
      0.029796966094000427,
      0.04299130334397764,
      0.04849326113618528,
      0.007163811024441575,
      0.01763119736126337
    ],
    [
      0.004047546166367938,
      0.0034532425729251874,
      0.48497680067375826,
      0.012738497075251059,
      0.033716747670800074,
      0.0075569689348124885,
      0.07859874914492981,
      0.17595619697750747,
      0.02159848209845045,
      0.010284422180401449,
      0.0012055369838433348,
      0.07219135257810262,
      0.003914565782130981,
      0.005866168964832868,
      0.003582871419057395,
      0.02150293320261842,
      0.05777600210483671,
      0.00015211806716363178,
      0.0008807974022098159
    ],
    [
      0.003956540474159876,
      0.0030282332099522556,
      0.0044700804629823785,
      0.2746066799738619,
      0.0021687994801533527,
      0.005570139970168581,
      0.12898801249750388,
      0.08949256873362835,
      0.1077952751272846,
      0.09615284523401658,
      0.005728275654017426,
      0.12301784276096278,
      0.03972623670286513,
      0.0066521790552239056,
      0.022582653578048444,
      0.060243069807524495,
      0.01947056539880323,
      0.0038339658162987412,
      0.0025160360625441297
    ],
    [
      0.0012496158584659849,
      0.009730639318046408,
      0.001831975443125032,
      0.004789004226439629,
      0.5222988148288272,
      0.002919579514272077,
      0.10113329703133461,
      0.041943564723512836,
      0.08396804852772863,
      0.04641053105303484,
      0.0004552230367045266,
      0.044215511972144385,
      0.0027087438022875498,
      0.0005775125471024829,
      7.949438473473337e-05,
      0.0019050256456604425,
      0.027828124356182163,
      0.04997533648345717,
      0.05597995724693944
    ],
    [
      0.00326753563939453,
      0.0013422670529615666,
      0.00594833881630108,
      0.002539185548728512,
      0.0023041007402109103,
      0.5383004185556762,
      0.06987891067459014,
      0.005807140478911457,
      0.038765460879788174,
      0.06777418658980457,
      0.0028337328349362337,
      0.08805537340710323,
      0.006020766727193213,
      0.007911563517757606,
      0.028944114652729506,
      0.03849171322793087,
      0.05620569807227419,
      0.019353299185650492,
      0.01625619339805744
    ],
    [
      0.0029626012742519784,
      0.0014006853555581051,
      0.007482200079832376,
      0.0013161371857095309,
      0.014806238361511917,
      0.006320003267689344,
      0.5161862893515076,
      0.03035110762081921,
      0.03638551140467614,
      0.07680197801734052,
      0.014071503651074117,
      0.09118888091442173,
      0.06942884758428237,
      0.0019760651382020275,
      0.02264056320154611,
      0.07325848250651613,
      0.026109561898413916,
      0.004660868506946544,
      0.002652474679700344
    ],
    [
      0.0020156035656495354,
      0.004040269192208652,
      0.0075117973107527575,
      0.005504236129420323,
      0.004017208666121775,
      0.0036387027224780238,
      0.009742426053473037,
      0.730059745182781,
      0.0018936812013240218,
      0.02841588671646216,
      0.0108206501077835,
      0.04194920662552909,
      0.016647299143201268,
      0.010642494559764685,
      0.019284674564922895,
      0.029222282001735163,
      0.04744258982904406,
      0.0052349792598271865,
      0.021916267167520643
    ],
    [
      0.0008976252707206841,
      0.0018669119164722299,
      0.0030011262732544466,
      0.003933880426157273,
      0.006862623772158886,
      0.0012360108960911276,
      0.11658120413167725,
      0.04129654442348083,
      0.5168396048861299,
      0.08369189091400407,
      0.0002723619681412832,
      0.07344035543244902,
      0.04956652739179433,
      0.002605214519529068,
      0.003806707159805193,
      0.0417255928913348,
      0.030178979149616342,
      0.005390274002901609,
      0.016806564574281667
    ],
    [
      0.008164554625942656,
      0.0012585661279047788,
      0.0014842068400776997,
      0.01637033566034413,
      0.0017666920872106845,
      0.008036104609287881,
      0.08518521161287286,
      0.044893236901415036,
      0.014693060486119396,
      0.5801742862712862,
      0.006076492802213198,
      0.06309402829759433,
      0.011645358897482697,
      0.006500554992201231,
      0.010074494602077141,
      0.035678811413862685,
      0.10178134532931726,
      0.002578885661830355,
      0.0005437727809597705
    ],
    [
      0.02241793465684564,
      0.0011085563601560353,
      0.0019256319587337995,
      0.020319047649050598,
      0.03258570619338506,
      0.0020353214140101245,
      0.03898228382032599,
      0.12796057373979103,
      0.0015690520346284891,
      0.0021183909656284135,
      0.568584931666796,
      0.09026800746216303,
      0.0010139181496364115,
      0.005450975546025866,
      0.001690957974672326,
      0.058270123555727624,
      0.022695489897464293,
      0.00021816419748759805,
      0.0007849327574718751
    ],
    [
      0.007651866739631528,
      2.48287763246093e-05,
      0.005097467839957739,
      0.0037559073654118143,
      0.0008368716190068003,
      0.0007199923436264959,
      0.06807603372589448,
      0.08500781159737167,
      0.06891727731521566,
      0.07584452837561599,
      0.007870465334941316,
      0.5418651262440195,
      0.041630825215951996,
      0.005369784095299587,
      0.0034267718831887998,
      0.02731597019571322,
      0.05006862163949719,
      0.006045174938007318,
      0.00047467475532437836
    ],
    [
      0.007036878060632217,
      0.0035123096532465653,
      0.0063322832674811945,
      5.7706341902800084e-05,
      0.005148843952097578,
      0.0027566651827180067,
      0.08759639133999719,
      0.06275446595653543,
      0.08387664289230212,
      0.0616643845149359,
      0.0069795872684032985,
      0.06703853396982494,
      0.5652324163350048,
      0.008981086840515368,
      0.004723168416214378,
      0.01759663285671307,
      0.003857873692737765,
      0.004417151834309692,
      0.00043697762442786387
    ],
    [
      0.003062346598339589,
      0.0006542321089156222,
      0.0018615919933220556,
      0.004107571593184873,
      0.007638991815664688,
      0.012159671778764976,
      0.06741578894954851,
      0.035246293035817104,
      0.02462022248539701,
      0.022520031290924603,
      0.0013200935204081173,
      0.04797780851021423,
      0.00311586261444936,
      0.6916902231840417,
      0.019236954566673164,
      0.03468086731582498,
      0.021840804045321866,
      0.0005166768214148545,
      0.00033396777177257685
    ],
    [
      0.005405000331695344,
      0.00027290574614768394,
      0.0022534582744812995,
      0.008846042593432366,
      0.004498384489999774,
      0.007135745638140226,
      0.15099309038817285,
      0.0743862247719686,
      0.06339347930185409,
      0.10678994964094134,
