{
  "poids_LS": 0.0675,
  "poids_EM": 0.9325,
  "mae_validation": 8.30488568348774,
  "matrice_de_transition": [
    [
      0.15036594265404246,
      0.00547315353466785,
      0.0198350571762744,
      0.10063168575267485,
      0.012797642067231187,
      0.07791143049273352,
      0.04802701255468579,
      0.033214732629661715,
      0.04327898019922087,
      0.04231167931228315,
      0.031396255788745366,
      0.19453947846150377,
      0.04625138112842682,
      0.07518603749770691,
      0.014082527676417439,
      0.047874183960273216,
      0.02563519668246914,
      0.011843261321227014,
      0.019344361109754682
    ],
    [
      0.013358198535797639,
      0.40445722979091564,
      0.0045832156212355785,
      0.024290287377576283,
      0.08009626461696115,
      0.01592070941144759,
      0.023819278911965735,
      0.03263705843388098,
      0.060617066921405456,
      0.011905862762820444,
      0.005313474002006303,
      0.005807975162632279,
      0.017908547573661872,
      0.00033726868117843375,
      0.02828478033098237,
      0.07851695723611095,
      0.10170806763654636,
      0.016938272218677553,
      0.0734994847741974
    ],
    [
      0.043135277715864014,
      0.036801699420031274,
      0.1989867289997876,
      0.02594254879971738,
      0.01632791711972664,
      0.025074083959760712,
      0.04319268788654561,
      0.16588419383484218,
      0.003760672891766096,
      0.04969178684921746,
      0.012847579856387537,
      0.12732114759961366,
      0.04171808676385302,
      0.06251660068236169,
      0.0381831725516688,
      0.030732922949622328,
      0.06687496440276827,
      0.0016211439729152753,
      0.009386783743550321
    ],
    [
      0.042165417053189526,
      0.03227231392320545,
      0.047638286076926474,
      0.10234999785138868,
      0.02311320588849144,
      0.059361777396368005,
      0.03692055447055648,
      0.010001716611587217,
      0.045212619964146085,
      0.06198405319059885,
      0.06104705196995712,
      0.06252989679897887,
      0.07581609566087888,
      0.07089322250281475,
      0.10949542820542672,
      0.05701248173331763,
      0.03451300353621393,
      0.040859121413698005,
      0.026813755752256006
    ],
    [
      0.013317334720223206,
      0.10370081330375168,
      0.019523624008161048,
      0.05103710218462803,
      0.2531972016604712,
      0.031114375966385267,
      0.03758482392504315,
      0.024615415993683363,
      0.11687531326323851,
      0.009479358703520496,
      0.004851376934022525,
      0.00787674364921205,
      0.02886746966437874,
      0.006154633716263601,
      0.0008471830144587296,
      0.020302130452324138,
      0.04577158429872731,
      0.09654843290086325,
      0.12833508164064372
    ],
    [
      0.034822594099833126,
      0.014304731735847549,
      0.06339229652800864,
      0.02706046313359242,
      0.02455513074567627,
      0.1547526375744583,
      0.007653914421197637,
      0.023151600232809457,
      0.04087074375242589,
      0.05007386005282839,
      0.030199495640891857,
      0.08495838155108719,
      0.06416417112123052,
      0.08431466263210247,
      0.07005461155802427,
      0.07140882228256802,
      0.058817828502673336,
      0.0806812787464617,
      0.01476277568828295
    ],
    [
      0.03157286500845679,
      0.01492730393209066,
      0.0797388751364993,
      0.014026262007704425,
      0.030754467547593502,
      0.06735317768137498,
      0.044170452180392825,
      0.05614282073908047,
      0.0738284367245256,
      0.008596932327360304,
      0.08969408448369197,
      0.040768442916502445,
      0.09246173100364966,
      0.021059208472838743,
      0.09850589353848849,
      0.10561958253928944,
      0.05284012065705211,
      0.04967154151688745,
      0.028267801586520803
    ],
    [
      0.021480575142493612,
      0.043057725962680767,
      0.08005429705459365,
      0.04218672989399533,
      0.04281196664181205,
      0.03877817472812293,
      0.029889191787718823,
      0.1717805580360993,
      0.01021787831594953,
      0.054740115657201084,
      0.115317214005807,
      0.08672861924726138,
      0.008104644881903156,
      0.06219652833069682,
      0.0032827046237981355,
      0.058785888611397864,
      0.024510986495747525,
      0.055789921826158294,
      0.05028627875656278
    ],
    [
      0.00956612074225186,
      0.019895946995546903,
      0.03198343142639738,
      0.041923925684476074,
      0.07313596191472183,
      0.0131723446926283,
      0.035100558336723126,
      0.034048476013259665,
      0.2567880081074441,
      0.03598463152380636,
      0.002902600403334246,
      0.00987252557176644,
      0.09344322205116631,
      0.02776414330812406,
      0.04056862201735247,
      0.0581905192597902,
      0.074008877238554,
      0.057444920088065704,
      0.08420516462459098
    ],
    [
      0.017760347241590244,
      0.013412719020242353,
      0.015817404324256625,
      0.01290173066377442,
      0.018827889957988148,
      0.08564191483612511,
      0.04992900844701627,
      0.08596334909659163,
      0.04345199642046135,
      0.22374650451595637,
      0.06475805186358635,
      0.05790373758757204,
      0.07566665840885523,
      0.005224607861698208,
      0.10736532818785065,
      0.056783861309971075,
      0.031566273137586295,
      0.027483552910363487,
      0.0057950642085141234
    ],
    [
      0.019531219108598237,
      0.011814043495377173,
      0.020521734874505915,
      0.05365319246853814,
      0.0055688652430676425,
      0.02169071106930789,
      0.0382921164603706,
      0.09395726045230993,
      0.016721611683326466,
      0.0225759951479828,
      0.4484337149373322,
      0.12801682221298988,
      0.010805470566125183,
      0.058091825104789926,
      0.018020780701507925,
      0.013960330613033582,
      0.007654158312268467,
      0.0023250070189392586,
      0.008365140529628837
    ],
    [
      0.08154703696807312,
      0.00026460381625940764,
      0.054324442980121034,
      0.04002724135138875,
      0.008918660396843898,
      0.007673061262076655,
      0.050928529945495994,
      0.027219698251934026,
      0.0066909393378424215,
      0.06343985012759164,
      0.08387667342666029,
      0.36594603602823816,
      0.07444684895707046,
      0.057226556215621296,
      0.03651959749798349,
      0.020533589211117902,
      0.009659620821387604,
      0.005698336726122679,
      0.005058676678171231
    ],
    [
      0.07499301476045189,
      0.03743118573317053,
      0.06748404739344242,
      0.0006149847294212693,
      0.05487196554663989,
      0.029378174661537606,
      0.0740663754401137,
      0.030730031136973507,
      0.11845192489609606,
      0.024149782531307964,
      0.07438245860326942,
      0.030107499824423935,
      0.15214499837564235,
      0.09571272547177805,
      0.05033548054994179,
      0.04112301463518033,
      0.011589486332661724,
      0.02777591640904507,
      0.004656932968902662
    ],
    [
      0.032635865176590464,
      0.0069722450464436295,
      0.019839251814546474,
      0.04211137100276112,
      0.008705106667363943,
      0.028569814427163262,
      0.02156063460233215,
      0.03509105418271516,
      0.018614919102850284,
      0.02879114699875541,
      0.014068425231777931,
      0.043206257629379824,
      0.03320619300541745,
      0.6182730783448489,
      0.019290630000401963,
      0.015009600586098442,
      0.0049889652302987945,
      0.005506298696792591,
      0.0035591422534620326
    ],
    [
      0.057601860677781794,
      0.0029083955232310312,
      0.024015426753757844,
      0.09427353963857919,
      0.047939926136283284,
      0.0760466606578944,
      0.054541721037187484,
      0.054176539200640784,
      0.02806921707681067,
      0.07889519977144245,
      0.03570404914028858,
      0.06667330769736952,
      0.06902204385868425,
      0.08627022138661203,
      0.13456213716941715,
