{
  "poids_LS": 0.0575,
  "poids_EM": 0.9425,
  "mae_validation": 8.332698405776945,
  "matrice_de_transition": [
    [
      0.14825628900416526,
      0.005531846870160266,
      0.020047765564223722,
      0.10151412442132784,
      0.012934882196638492,
      0.07874694181169045,
      0.04691177315139562,
      0.03265132581660064,
      0.04279284848172823,
      0.04203036743921091,
      0.03173294485886596,
      0.19526685154907625,
      0.04674737449173434,
      0.07599232208213272,
      0.014233546739971514,
      0.04798088475363327,
      0.02510583662138539,
      0.01197026680456457,
      0.019551807341494677
    ],
    [
      0.013501449994626569,
      0.4014539811487191,
      0.004632365386610758,
      0.02455077303309989,
      0.08095520579247817,
      0.01609144087966687,
      0.023418369080272363,
      0.032949886521024985,
      0.06067338381555665,
      0.011866321853025816,
      0.005370454956451411,
      0.005388442621202856,
      0.018050352681908313,
      0.0003408855034967012,
      0.028266884641479195,
      0.07893737917566282,
      0.10233782866021926,
      0.01705394631565076,
      0.07416064793884751
    ],
    [
      0.04359785442059178,
      0.037196355714079865,
      0.19560223111015482,
      0.026098809766870828,
      0.016122132142790856,
      0.02528138709615063,
      0.04277368124443456,
      0.16576499853137866,
      0.0035495745579591804,
      0.05015814619441055,
      0.012985355511683918,
      0.12797357120933567,
      0.04216546571038227,
      0.0631870199926283,
      0.03859264357098965,
      0.030842153597515867,
      0.06698264442996274,
      0.0016385288948768332,
      0.009487446303802872
    ],
    [
      0.042617593107379226,
      0.032618397718628574,
      0.04814915241555303,
      0.10031145723455467,
      0.023361068686223254,
      0.059998364821530134,
      0.03583099875426124,
      0.009060996468131109,
      0.04447199682612078,
      0.06157968878771817,
      0.06170171204470197,
      0.06181406311895539,
      0.0762431945834589,
      0.07165347153769748,
      0.11052398175131285,
      0.05697424992178856,
      0.034691020555591576,
      0.04129728893556072,
      0.02710130273083248
    ],
    [
      0.013460147961190747,
      0.10481288636867127,
      0.019732992630232482,
      0.05158441695336399,
      0.25001256718510606,
      0.03144804219658779,
      0.03683277098887402,
      0.02441034914480964,
      0.11726474834886585,
      0.0090423034094434,
      0.004903402423931614,
      0.00744669905367439,
      0.02917704038464017,
      0.006220635150218171,
      0.0008562680869998421,
      0.020519847668971046,
      0.045983932937100624,
      0.09709959380521126,
      0.12919135530210768
    ],
    [
      0.03519602674433536,
      0.014458133684757443,
      0.06407210667844304,
      0.027350655767732823,
      0.024818456544557513,
      0.15021361058059773,
      0.006917523932991809,
      0.02335686011155381,
      0.04089565834263463,
      0.049864388732864175,
      0.030523350822027426,
      0.08492173075989173,
      0.06485225874719545,
      0.0852188413198462,
      0.07054112631429996,
      0.07179837386901344,
      0.058848741288831906,
      0.0814070536525068,
      0.014745102105918756
    ],
    [
      0.031911448011228444,
      0.015087382258440158,
      0.08059398371705156,
      0.014176677686071228,
      0.030943203987665473,
      0.06807546376911092,
      0.038584465941681405,
      0.05644804811326108,
      0.07427154826677233,
      0.007789772023336869,
      0.09058902626869336,
      0.040171751342562574,
      0.09273430950565399,
      0.021285044488633262,
      0.099403708098689,
      0.10600255413731041,
      0.05315645863052712,
      0.050204212203395625,
      0.028570941549915126
    ],
    [
      0.021710929835710702,
      0.043519471013218895,
      0.08091278817582254,
      0.04262084224623882,
      0.043271076203654536,
      0.0391940264678347,
      0.030127615050845994,
      0.16517370375033974,
      0.010316389524406635,
      0.055051644993777876,
      0.11655385973241082,
      0.08725855312444165,
      0.00800354838176945,
      0.06280663523922855,
      0.003093332198459381,
      0.05913575377837612,
      0.024239606574643423,
      0.05638820517013854,
      0.050622018538681625
    ],
    [
      0.00966870648747708,
      0.020109308357429443,
      0.03232641728619789,
      0.04237351201889405,
      0.07392026177439713,
      0.013313603080752998,
      0.0341362903391497,
      0.033962700055742256,
      0.2537104744177555,
      0.03542004857244308,
      0.002933727485407536,
      0.009120243561580846,
      0.09396247287553758,
      0.028061882110355953,
      0.04100367426418735,
      0.05838537045941689,
      0.074527574257358,
      0.05806095140268303,
      0.08500278119323368
    ],
    [
      0.01787390691751507,
      0.013556555149145756,
      0.01598702796312265,
      0.012860682083933357,
      0.01902979762509794,
      0.0865603267914723,
      0.049511775273455835,
      0.08644938592730378,
      0.04379233885755416,
      0.21952842425849686,
      0.0654525081838393,
      0.057842314028873555,
      0.07642430692378273,
      0.005209507895656752,
      0.1085166989995166,
      0.05703362521406703,
      0.03073532553768415,
      0.027778282700286955,
      0.00585720966919524
    ],
    [
      0.019497056794417798,
      0.011940735650823577,
      0.02074180709836121,
      0.05404767938947882,
      0.005249139314661519,
      0.02192331923090905,
      0.038283948799306036,
      0.09355485437790187,
      0.016900931915855438,
      0.02281809697262605,
      0.4470118070470427,
      0.12846355374850263,
      0.010921346926083628,
      0.05871479373862146,
      0.018214033041470477,
      0.013435954365191047,
      0.00747615438818331,
      0.0023499400700806986,
      0.008454847130482767
    ],
    [
      0.08242153602403102,
      0.00026744139069650584,
      0.054907010733259064,
      0.04045648790743582,
      0.009014302867587533,
      0.007755346101348254,
      0.05072560090667471,
      0.026535815253763168,
      0.0059545329712462885,
      0.06329304920157951,
      0.084776155179225,
      0.36386415330379107,
      0.07483520426761625,
      0.057840245826512676,
      0.03691122857034792,
      0.020453324347394882,
      0.009181407793954356,
      0.0056942321318991925,
      0.005112925221636875
    ],
    [
      0.07579722939595272,
      0.03783259255068443,
      0.068207736909726,
      0.0006215797399244465,
      0.05546040485545104,
      0.029693222110991093,
      0.07390625690875412,
      0.030351043742659164,
      0.11886109983105221,
      0.023705822744519472,
      0.07518012571965836,
      0.029670446165898482,
      0.14725638987908185,
      0.09673913539640837,
      0.05087527122608057,
      0.04140143335445213,
      0.011680984707098696,
      0.028052351492769752,
      0.004706873268837275
    ],
    [
      0.03298584764497214,
      0.007047014430319701,
      0.02005200518521185,
      0.042561120108199894,
      0.008717723411171035,
      0.028764017298741937,
      0.021017970053844384,
      0.03508921703652461,
      0.01854385042376689,
      0.02886536138583033,
      0.014219293062681717,
      0.04314978957161847,
      0.03356229158992595,
      0.6174042363940893,
      0.01929126521263544,
      0.014776804530125347,
      0.004789535185150592,
      0.00556534747638286,
      0.00359730999880747
    ],
    [
      0.05821957500140412,
      0.002939584751362195,
      0.02427296484226999,
      0.09528451593497146,
      0.048454027220854685,
      0.07686217444511041,
      0.05340028471350718,
      0.05393737132405702,
      0.02765117847059714,
      0.07856508438837145,
      0.03608693438576084,
      0.0658921209903565,
      0.06946190861396331,
      0.0871953712138143,
      0.13231136852029493,
