{
  "poids_LS": 0.955,
  "poids_EM": 0.04500000000000004,
  "mae_validation": 5.9177609804543145,
  "matrice_de_transition": [
    [
      0.3375977040806422,
      0.00026412000971587504,
      0.0009571877457719558,
      0.02231525390972117,
      0.0006175805823328728,
      0.0037598009353061786,
      0.14700450959668823,
      0.0832170872888317,
      0.08642317012669275,
      0.06727810804744391,
      0.001515100815542673,
      0.12998511693944784,
      0.00223197013488387,
      0.0036282806299161546,
      0.0006795857859933354,
      0.038404488549568606,
      0.07261590210365163,
      0.0005715246750189985,
      0.0009335080428299854
    ],
    [
      0.0006446315647301816,
      0.6709955467858569,
      0.00022117394418831227,
      0.0011721854498562292,
      0.003865235289826547,
      0.0007682916069867477,
      0.05940002647475238,
      0.004873565699851069,
      0.05561894256548692,
      0.015415118507093645,
      0.00025641429500298537,
      0.04304148821449357,
      0.00532334421679007,
      1.627570043220325e-05,
      0.02987302277438891,
      0.04120451010088218,
      0.04581677678557541,
      0.006672196112305447,
      0.01482125391150042
    ],
    [
      0.0020815951712749407,
      0.0017759533232186689,
      0.4993609167046976,
      0.012074387964848906,
      0.03459133382277713,
      0.0066759306051553296,
      0.0803795273739018,
      0.17646277701722732,
      0.02249565001712984,
      0.00830239496333082,
      0.0006199904488337155,
      0.06941855223678402,
      0.0020132052593816487,
      0.0030168868961997623,
      0.0018426195869438045,
      0.021038702949070884,
      0.05731836198926027,
      7.823214882701067e-05,
      0.00045298152113647705
    ],
    [
      0.002034792243853652,
      0.001557377079404018,
      0.00229889852381951,
      0.2832704775954064,
      0.0011153825897931536,
      0.002864643413229558,
      0.13361862429175866,
      0.09349062934331681,
      0.11094292346389215,
      0.09787139394625947,
      0.0029459703363518205,
      0.12606013590106255,
      0.03791106628189995,
      0.0034211206569722966,
      0.01821130100803238,
      0.060405555006523066,
      0.01871399306644825,
      0.001971753848382211,
      0.0012939614035941249
    ],
    [
      0.0006426595843539354,
      0.005004328792138155,
      0.0009421587993214455,
      0.0024629164593118107,
      0.5358335113491292,
      0.0015014980359113548,
      0.10432952201005341,
      0.042815098831226146,
      0.08231294941381247,
      0.048268016052862475,
      0.00023411470459089957,
      0.04604320150317944,
      0.001393068241176455,
      0.0002970064527955628,
      4.0882826435005756e-05,
      0.0009797274749110854,
      0.02692564264309557,
      0.04763290263997817,
      0.052340794185717625
    ],
    [
      0.0016804469002600453,
      0.0006903087700945204,
      0.003059145676954843,
      0.001305866853631807,
      0.0011849660949656117,
      0.5575912832795837,
      0.0730085702494649,
      0.004934785994247948,
      0.03865957387140108,
      0.06866443969965248,
      0.0014573483151100641,
      0.08821113926968391,
      0.003096394316842226,
      0.004068804094846772,
      0.02687642693855788,
      0.036836118985537875,
      0.056074318731100276,
      0.016268755834958806,
      0.016331306123105266
    ],
    [
      0.001523623512472447,
      0.0007203524685727402,
      0.003847988612485224,
      0.0006768705526506163,
      0.014004108491206039,
      0.0032502873948116644,
      0.5399267308660312,
      0.02905389128055163,
      0.0345022873501275,
      0.08023240930944013,
      0.010268001064818191,
      0.09372482010366619,
      0.06827038895076391,
      0.001016262071075329,
      0.018824851320693975,
      0.07163085321492695,
      0.02476512551114513,
      0.0023970180892867957,
      0.0013641298352744635
    ],
    [
      0.0010365961194769044,
      0.0020778527274215937,
      0.003863210045529992,
      0.003659258632385486,
      0.0020659930282912,
      0.001871332828702985,
      0.008729127185182569,
      0.7581388758972591,
      0.001475008565381319,
      0.02709188703601079,
      0.005564905769717232,
      0.03969698764751296,
      0.017076959268769516,
      0.008049540198504785,
      0.020089507372612603,
      0.027735355042077574,
      0.04859595449373649,
      0.0026922750479111265,
      0.020489373093515565
    ],
    [
      0.00046163585351349497,
      0.0009601261284714331,
      0.0015434363691022878,
      0.0020231385048808848,
      0.003529349368538858,
      0.0006356627465611517,
      0.12067934312136429,
      0.041661092242929826,
      0.5299191230673065,
      0.08609136845729803,
      0.0001400718693298029,
      0.07663755397573778,
      0.04735971138821645,
      0.0013398246100435214,
      0.0019577351107569574,
      0.04089747529292136,
      0.027974516819699362,
      0.002772140915777972,
      0.013416694157550136
    ],
    [
      0.007681926003262156,
      0.0006472625800653151,
      0.0007633063748971032,
      0.016544792124668646,
      0.0009085845019940669,
      0.004132853799062341,
      0.0869584526005047,
      0.0428275803708884,
      0.013246605128474979,
      0.5981011273654891,
      0.0031250534411382184,
      0.0633550784220629,
      0.008425352709040884,
      0.0065647298478774185,
      0.005181168652496819,
      0.034617314821454866,
      0.10531287262890136,
      0.001326284054655612,
      0.000279654573065025
    ],
    [
      0.02256312449211252,
      0.0005701146995088185,
      0.000990325007348812,
      0.018642478235052704,
      0.03394454138911108,
      0.0010467367272052074,
      0.03901699637985037,
      0.1296707995560253,
      0.0008069410463803664,
      0.0010894582108946134,
      0.5746280402005264,
      0.08836939843623387,
      0.0005214436198130119,
      0.0028033588522418757,
      0.0008696355298314824,
      0.060498722609058385,
      0.023452006574826215,
      0.00011219873013647907,
      0.0004036797038426789
    ],
    [
      0.003935245751810502,
      1.2769084966941934e-05,
      0.0026215548891211247,
      0.0019316095022117914,
      0.0004303911183463547,
      0.00037028177672219814,
      0.06893848214088494,
      0.08791431433959784,
      0.07204700437324922,
      0.07646843231116751,
      0.004047667886541251,
      0.5507131278229198,
      0.03998031514613243,
      0.002761603249011218,
      0.0017623398256399552,
      0.02765709586653606,
      0.0521010270060885,
      0.006062619463457137,
      0.00024411844559539477
    ],
    [
      0.003618965859753714,
      0.0018063306788125206,
      0.003256602823276045,
      2.9677547264297207e-05,
      0.0026479768896501845,
      0.00141771352254069,
      0.08827689509827535,
      0.06436516238237137,
      0.08213764941873854,
      0.06355121360878702,
      0.00358950202375027,
      0.06889601201855813,
      0.5860090024453868,
      0.004618844660836478,
      0.002429058042624539,
      0.01641335329980791,
      0.003469005601380643,
      0.0032423027284798067,
      0.0002247313497057587
    ],
    [
      0.0015749211077175037,
      0.00033646222744232023,
      0.0009573901679942007,
      0.0021961378950700917,
      0.007585370654484548,
      0.011334309574555595,
      0.06972211328062151,
      0.03525410090712697,
      0.024922264371501437,
      0.02220462014585619,
      0.0006789052390670322,
      0.048217797755699975,
      0.001602443630288243,
      0.6953828014747704,
      0.019234254914680886,
      0.03567025055371063,
      0.022688381737201727,
      0.0002657195081562111,
      0.00017175485405446822
    ],
    [
      0.0027797144563004644,
      0.00014035152659023755,
      0.001158921398304669,
      0.00454939333376522,
      0.0023134548805713133,
      0.0036698120424721184,
      0.15584419476381411,
      0.07540268824744958,
      0.0651701433782616,
