{
  "poids_LS": 0.625,
  "poids_EM": 0.375,
  "mae_validation": 6.780601504363444,
  "matrice_de_transition": [
    [
      0.2679791336346953,
      0.002201000080965623,
      0.007976564548099625,
      0.05143572997527014,
      0.005146504852773936,
      0.03133167446088479,
      0.11020160928811268,
      0.06462466245781638,
      0.07038082344943561,
      0.05799481623606019,
      0.012625840129522264,
      0.15398842882933905,
      0.018599751124032234,
      0.030235671915967925,
      0.005663214883277791,
      0.04192561473045032,
      0.055147020087887993,
      0.0047627056251583165,
      0.007779233690249872
    ],
    [
      0.005371929706084842,
      0.5718883415933718,
      0.0018431162015692675,
      0.009768212082135234,
      0.032210294081887865,
      0.0064024300582228915,
      0.04617000202887114,
      0.015196892575603034,
      0.05747740007247634,
      0.014110268483870933,
      0.0021367857916915426,
      0.029196914347322613,
      0.010002912788922683,
      0.00013563083693502698,
      0.029282465020784222,
      0.055078434106094,
      0.0665988905667815,
      0.01048944131242127,
      0.03663963834495394
    ],
    [
      0.017346626427291158,
      0.014799611026822227,
      0.38767248634681556,
      0.017230999880912676,
      0.02780042958389639,
      0.013516934106022681,
      0.06655230818423696,
      0.172529332002932,
      0.015529405001501632,
      0.02369225335470275,
      0.005166587073614291,
      0.0909485313576108,
      0.016776710494847056,
      0.025140724134997995,
      0.01535516322453169,
      0.02464331432955762,
      0.06087180288667733,
      0.0006519345735584217,
      0.003774846009470639
    ],
    [
      0.01695660203211375,
      0.012978142328366806,
      0.0191574876984959,
      0.21599863723988433,
      0.009294854914942939,
      0.023872028443579628,
      0.09766328565401587,
      0.06244686460926524,
      0.086502359909057,
      0.08452736865119694,
      0.02454975280293182,
      0.10243762446028779,
      0.0520053307270414,
      0.028509338808102448,
      0.05215356802227478,
      0.05914390522606358,
      0.02458855470591042,
      0.016431282069851744,
      0.010783011696617696
    ],
    [
      0.00535549653628279,
      0.04170273993448459,
      0.007851323327678706,
      0.020524303827598404,
      0.43074057366207885,
      0.012512483632594612,
      0.07951177511647213,
      0.03604789281839334,
      0.09516430723951454,
      0.03384519134831841,
      0.001950955871590828,
      0.03185172985043663,
      0.011608902009803782,
      0.0024750537732963545,
      0.00034069022029171433,
      0.008164395624259036,
      0.03393314770941498,
      0.0658212124834622,
      0.08059782501402817
    ],
    [
      0.014003724168833697,
      0.005752573084120999,
      0.025492880641290336,
      0.01088222378026505,
      0.009874717458046757,
      0.40780339248218495,
      0.04870768413867257,
      0.011708361992811663,
      0.03948175534828918,
      0.06175188614083338,
      0.012144569292583857,
      0.08700166316023386,
      0.025803285973685194,
      0.03390670079038973,
      0.04293141389565524,
      0.04969132133823641,
      0.05709444067433307,
      0.0402193277344472,
      0.01574807790508683
    ],
    [
      0.012696862603937046,
      0.006002937238106163,
      0.03206657177071017,
      0.005640587938755131,
      0.020232411013581093,
      0.02708572829009718,
      0.35558918498855435,
      0.039126394628511654,
      0.049124968244269894,
      0.053596119276666784,
      0.03980107996986421,
      0.07403399816365037,
      0.07726547951690735,
      0.008468850592294401,
      0.04845273180731053,
      0.08426891594961947,
      0.0352042786358204,
      0.019975150744056612,
      0.011367748627287186
    ],
    [
      0.008638300995640863,
      0.017315439395179932,
      0.032193417046083236,
      0.017984966256420695,
      0.01721660856909332,
      0.015594440239191527,
      0.016597094868379146,
      0.5401126844671941,
      0.004725878444465837,
      0.037372355143044926,
      0.04637421474764356,
      0.05718480559446167,
      0.013740774764357234,
      0.028183068180052243,
      0.013840217336433702,
      0.039280905552360044,
      0.039640417097301164,
      0.022435625399259366,
      0.03156878590343735
    ],
    [
      0.003846965445945788,
      0.008001051070595268,
      0.012861969742519054,
      0.016859487540674022,
      0.02941124473782379,
      0.00529718955467626,
      0.08885849920144138,
      0.038830485644855285,
      0.428360511307583,
      0.06746013106230958,
      0.0011672655777483563,
      0.05181224763961323,
      0.06449498859246823,
      0.011165205083696002,
      0.016314459256307964,
      0.04732756488060217,
      0.045091518440231224,
      0.023101174298149747,
      0.039738040922759676
    ],
    [
      0.011429395308781332,
      0.0053938548338776215,
      0.0063608864574758546,
      0.01519018898991361,
      0.0075715375166172175,
      0.034440448325519485,
      0.07318975787301041,
      0.05886679578438932,
      0.024477905552537517,
      0.45890447886932484,
      0.026042112009485127,
      0.061328100985012776,
      0.03342775370164791,
      0.0060664309685093745,
      0.04317640543747345,
      0.042859523656621455,
      0.07789160183213069,
      0.011052367122130088,
      0.002330454775541873
    ],
    [
      0.021435768124157914,
      0.00475095582924015,
      0.008252708394573425,
      0.03166054662609517,
      0.023393585751709012,
      0.008722806060043388,
      0.038747463564719864,
      0.1163913991005593,
      0.00672450871983638,
      0.009078818424121771,
      0.5277050798209725,
      0.10311153910815442,
      0.004345363498441762,
      0.023361323768682277,
      0.007246962748595681,
      0.0431943064302548,
      0.01757787708001601,
      0.0009349894178039915,
      0.003363997532022321
    ],
    [
      0.03279371459842083,
      0.00010640904139118268,
      0.02184629074267602,
      0.016096745851764915,
      0.0035865926528862863,
      0.0030856814726849817,
      0.06224182385978258,
      0.06534617539995946,
      0.047745594275576834,
      0.07162400175276747,
      0.03373056572117706,
      0.482010997916165,
      0.05279604039414319,
      0.023013360408426796,
      0.01468616521366628,
      0.02500835536367635,
      0.03631999710079127,
      0.005927167854082071,
      0.0020343203799616212
    ],
    [
      0.030158048831280926,
      0.015052755656770991,
      0.027138356860633685,
      0.00024731289386914317,
      0.022066474080418185,
      0.011814279354505741,
      0.08299298356340962,
      0.05185857836999808,
      0.09564042227229119,
      0.048900540644766635,
      0.029912516864585556,
      0.05447324128721809,
      0.4246849220588903,
      0.03849037217363728,
      0.02024215035520447,
      0.025601171035777373,
      0.0064884519578006505,
      0.012364660491394215,
      0.0018727612475479874
    ],
    [
      0.013124342564312521,
      0.002803851895352666,
      0.007978251399951664,
      0.01703785837454957,
      0.008001723200118577,
      0.01774300433665197,
      0.05181418318052519,
      0.03519347508283863,
      0.02257699796174946,
      0.024653694919328575,
      0.00565754365889193,
      0.0463543518495753,
      0.01335369691906868,
      0.666711017099701,
      0.019255216918385623,
      0.027987980706598498,
      0.01610719024731106,
      0.00221432923463509,
      0.0014312904504539005
    ],
    [
      0.023164287135837184,
      0.0011695960549186453,
      0.009657678319205568,
      0.03791161111471013,
      0.019278790671427595,
      0.03058176702060096,
      0.11817679608236421,
      0.06751014832018547,
      0.05137486937321505,
      0.09729913237765028,
      0.014358196705209884,
      0.1102244666133455,
      0.04449958375187693,
      0.03469311852008526,
