{
  "poids_LS": 0.5725,
  "poids_EM": 0.4275,
  "mae_validation": 6.921289698923331,
  "matrice_de_transition": [
    [
      0.2569034519728401,
      0.00250914009230081,
      0.009093283584833571,
      0.05606853298569839,
      0.005867015532162287,
      0.03571810888540866,
      0.1043466024208393,
      0.061666776689245764,
      0.06782863193259925,
      0.05651792890243096,
      0.014393457747655382,
      0.15780713753909448,
      0.021203716281396744,
      0.034468665984203437,
      0.006456064966936681,
      0.042485793895590596,
      0.05236787976719833,
      0.005429484412680481,
      0.008868326406884853
    ],
    [
      0.006123999864936719,
      0.55612128622184,
      0.002101152469788965,
      0.011135761773634166,
      0.03671973525335216,
      0.007298770266374096,
      0.04406522541248095,
      0.016839240033109028,
      0.05777306376677012,
      0.013902678707449139,
      0.0024359358025283586,
      0.02699436850481814,
      0.010747389607216506,
      0.00015461915410593075,
      0.02918851265089257,
      0.05728564928874133,
      0.06990513594106429,
      0.011096730321530607,
      0.040110744959367
    ],
    [
      0.01977515412711192,
      0.016871556570577338,
      0.36990387242624345,
      0.018051369958468275,
      0.026720058454983542,
      0.01460527557206976,
      0.06435252331315391,
      0.17190355665974866,
      0.014421138749015325,
      0.02614063991696647,
      0.0058899092639202915,
      0.09437375530865144,
      0.019125449964125643,
      0.028660425513897716,
      0.017504886075966127,
      0.02521677523099869,
      0.061437123029448225,
      0.0007432054138566007,
      0.0043033244507965284
    ],
    [
      0.019330526316609673,
      0.014795082254338158,
      0.021839535976285327,
      0.2052962990015058,
      0.01059613460303495,
      0.027214112425680774,
      0.09194311814346588,
      0.057508083856120676,
      0.08261408843442414,
      0.08240445553607335,
      0.02798671819534227,
      0.09867949764016451,
      0.05424760007058664,
      0.03250064624123679,
      0.05755347413817698,
      0.058943188215535944,
      0.02552314405764304,
      0.018731661559630988,
      0.012292633334144175
    ],
    [
      0.006105266051362381,
      0.04754112352531243,
      0.008950508593553725,
      0.02339770636346218,
      0.4140212426664118,
      0.014264231341157858,
      0.0755634972015842,
      0.0349712918618063,
      0.09720884143905806,
      0.03155065105441368,
      0.0022240896936135436,
      0.029593995723863918,
      0.013234148291176312,
      0.002821561301557844,
      0.00038838685113255436,
      0.009307411011655302,
      0.03504797806087488,
      0.0687148072312892,
      0.08509326173671394
    ],
    [
      0.015964245552470415,
      0.006557933315897938,
      0.02906188393107098,
      0.012405735109502157,
      0.011257177902173301,
      0.383973500764417,
      0.044841634075591975,
      0.012785976356219527,
      0.03961255694688501,
      0.06065216171102125,
      0.013844808993545597,
      0.08680924650645772,
      0.02941574601000112,
      0.03865363890104429,
      0.045485616366102544,
      0.05173646716707482,
      0.05725673280166556,
      0.04402964599118399,
      0.015655291597674807
    ],
    [
      0.014474423368488233,
      0.006843348451441026,
      0.0365558918186096,
      0.006430270250180849,
      0.021223277323958945,
      0.030877730250710785,
      0.32626275723531944,
      0.04072883834295983,
      0.05145130384106527,
      0.04935852768054375,
      0.04449952434112153,
      0.07090136740046604,
      0.07869651665243016,
      0.009654489675215617,
      0.05316625824836316,
      0.08627951683922966,
      0.036865052996564195,
      0.02277167184822454,
      0.012959233435107392
    ],
    [
      0.009847663135030583,
      0.019739600910505122,
      0.03670049543253489,
      0.020264056105699025,
      0.019626933768766383,
      0.01777766187267834,
      0.017848816999796784,
      0.5054266994669565,
      0.005243062288865646,
      0.039007884160073086,
      0.05286660481231366,
      0.05996695844965806,
      0.013210018138655282,
      0.03138612944984388,
      0.012846012103405241,
      0.041117697678995896,
      0.03821567251150463,
      0.02557661295515568,
      0.03333141975956127
    ],
    [
      0.004385540608378198,
      0.009121198220478606,
      0.01466264550647172,
      0.019219815796368386,
      0.03352881900111912,
      0.006038796092330935,
      0.08379609221418093,
      0.03838016186788888,
      0.4122034594367179,
      0.06449607056765233,
      0.0013306827586331263,
      0.047862767086138874,
      0.06722105542041738,
      0.012728333795413443,
      0.01859848355219108,
      0.048350533678642296,
      0.04781467778895221,
      0.02633533869989071,
      0.04392552790813393
    ],
    [
      0.012025583607386656,
      0.006148994510620488,
      0.007251410561522474,
      0.014974683945748034,
      0.008631552768943628,
      0.039262111091092206,
      0.07099928371181813,
      0.0614184891456281,
      0.026264703347274737,
      0.4367595575176624,
      0.029688007690813048,
      0.061005627301845715,
      0.03740540840501721,
      0.00598715614679173,
      0.04922110219871973,
      0.04417078415312523,
      0.07352912693264445,
      0.0125996985192283,
      0.002656718444117735
    ],
    [
      0.02125641597471059,
      0.005416089645333771,
      0.009408087569813704,
      0.03373160296103375,
      0.02171502462757687,
      0.009943998908449462,
      0.03870458334413092,
      0.11427876720991698,
      0.0076659399406134735,
      0.010349853003498818,
      0.5202400633969526,
      0.10545687966959633,
      0.004953714388223608,
      0.026631909096297795,
      0.008261537533399076,
      0.0404413311290815,
      0.016643356478568933,
      0.0010658879362965502,
      0.003834957186505446
    ],
    [
      0.037384834642199744,
      0.00012130630718594826,
      0.02490477144665066,
      0.018350290271012003,
      0.0040887156242903665,
      0.003517676878860879,
      0.061176446405970836,
      0.06175578965956245,
      0.043879460850947134,
      0.07085329689120383,
      0.03845284492214184,
      0.47108111361281757,
      0.054834905774508544,
      0.026235230865606547,
      0.01674222834357956,
      0.02458696482913049,
      0.03380937870676671,
      0.005905618734408766,
      0.0023191252331562482
    ],
    [
      0.03438017566766025,
      0.01716014144871893,
      0.0309377268211224,
      0.00028193669901082323,
      0.02515578045167673,
      0.013468278464136544,
      0.08215236127377189,
      0.04986889454984779,
      0.09778859068081094,
      0.04656975176412703,
      0.03410026922562753,
      0.05217870957995945,
      0.3990197274519477,
      0.0438790242779465,
      0.023076051404933098,
      0.027062869311954334,
      0.0069688184235947425,
      0.013815944680948778,
      0.0021349478222047057
    ],
    [
      0.014961750523316273,
      0.003196391160702039,
      0.009095206595944897,
      0.019399041178103125,
      0.008067961105105808,
      0.018762569412440026,
      0.04896519430096441,
      0.03518383006533821,
      0.022203887396561643,
      0.02504332045147191,
      0.0064495997711368,
      0.04605789454632819,
      0.015223214487738296,
      0.6621495968582127,
      0.019258551782611377,
      0.026765801412739747,
      0.015060182510282998,
      0.002524335327484003,
      0.0016316711135174464
    ],
    [
      0.02640728733485439,
      0.0013333395026072555,
      0.011009753283894346,
      0.043219236670769545,
      0.021977821365427457,
      0.034863214403485096,
      0.11218425538304264,
      0.06625451696812072,
      0.04918016669059401,
      0.09556602661652758,
      0.016368344243939268,
      0.10612323640152714,
      0.04680887371709197,
      0.0395501551128972,
