{
  "poids_LS": 0.805,
  "poids_EM": 0.19499999999999995,
  "mae_validation": 6.304754808280046,
  "matrice_de_transition": [
    [
      0.3059528993324846,
      0.0011445200421021237,
      0.004147813565011804,
      0.03555183393951615,
      0.002676182523442446,
      0.01629247071966009,
      0.13027591854733572,
      0.07476598509291565,
      0.07913119436430315,
      0.0630584299513604,
      0.006565436867351576,
      0.14089571325303474,
      0.009671870584496759,
      0.01572254939630332,
      0.0029448717393044505,
      0.04000500044996939,
      0.06467550118739543,
      0.0024766069250823242,
      0.004045201518929932
    ],
    [
      0.002793403447164117,
      0.6259468171529091,
      0.0009584204248160188,
      0.00507947028271032,
      0.016749352922581683,
      0.003329263630275903,
      0.05338637899935182,
      0.009565987007011051,
      0.05646369597775484,
      0.01482200486017423,
      0.001111128611679602,
      0.03674850009305223,
      0.007450420840486711,
      7.052803520621402e-05,
      0.029604587431841325,
      0.04751083919416027,
      0.055263192140669076,
      0.008407307566903548,
      0.024738701381252014
    ],
    [
      0.0090202457421914,
      0.007695797733947556,
      0.4485934483602058,
      0.01441830247215062,
      0.03150455916874043,
      0.009785477651004125,
      0.07409442774223597,
      0.17467484746527492,
      0.019329175010026112,
      0.01529778514122715,
      0.0026866252782794305,
      0.07920490638261438,
      0.008723889457320467,
      0.013073176550198955,
      0.007984684876756477,
      0.022677162667473945,
      0.05893356239717712,
      0.0003390059782503792,
      0.001962919924924732
    ],
    [
      0.008817433056699148,
      0.006748634010750737,
      0.009961893603217866,
      0.25269236834289643,
      0.004833324555770327,
      0.012413454790661404,
      0.11727528854733012,
      0.0793798271914752,
      0.09983357639351254,
      0.09180592790304924,
      0.012765871457524542,
      0.11532263070071039,
      0.0443175501206006,
      0.014824856180213269,
      0.03363960419632438,
      0.05983207783358694,
      0.021384248357112876,
      0.008544266676322906,
      0.005607166082241201
    ],
    [
      0.0027848581988670503,
      0.021685424765931983,
      0.004082688130392926,
      0.010672637990351168,
      0.48806399421865176,
      0.006506491488949197,
      0.09304872796751647,
      0.039739096098120326,
      0.08815447569822249,
      0.04171218664170609,
      0.0010144970532272302,
      0.03959253257011453,
      0.006036629045097965,
      0.001287027962114104,
      0.00017715891455169142,
      0.004245485724614698,
      0.030110872218695302,
      0.055900316205198176,
      0.06518489910767697
    ],
    [
      0.007281936567793521,
      0.0029913380037429184,
      0.013256297933470971,
      0.005658756365737825,
      0.005134853078184312,
      0.4895058783716752,
      0.06196271292637749,
      0.008013684175413273,
      0.03903329272453203,
      0.06552236990018925,
      0.006315176032143603,
      0.08766137740175207,
      0.013417708706316298,
      0.017631484411002655,
      0.03417414828269304,
      0.04267939278221903,
      0.056538010523478816,
      0.027155379425635347,
      0.016066202387642343
    ],
    [
      0.006602368554047263,
      0.0031215273638152043,
      0.016674617320769285,
      0.002933105728152667,
      0.016835155092285607,
      0.01408457871085053,
      0.4561369372853599,
      0.033632301893260726,
      0.04114896048382859,
      0.06812500474908861,
      0.0236921278398391,
      0.0847744464945681,
      0.07235906648082911,
      0.004403802307993087,
      0.032292069723701494,
      0.07737542718524174,
      0.02951019511327025,
      0.010387078386909436,
      0.005911229286189335
    ],
    [
      0.004491916517733247,
      0.009004028485493563,
      0.01674057686396328,
      0.010170943916037851,
      0.008952636455928522,
      0.008109108924379592,
      0.012305476132090102,
      0.6590360616108659,
      0.002952676692237917,
      0.03176482708466267,
      0.024114591668774644,
      0.04764599580521692,
      0.015560511766763933,
      0.0172011438264809,
      0.017248920992531287,
      0.03298333254675142,
      0.044525255677174976,
      0.011666525207614869,
      0.025525469825298193
    ],
    [
      0.0020004220318918095,
      0.004160546556709539,
      0.006688224266109906,
      0.00876693352115049,
      0.015293847263668366,
      0.002754538568431654,
      0.10621532315776297,
      0.040374452880168665,
      0.48375611772197763,
      0.07762262418684873,
      0.0006069781004291452,
      0.0653533238229539,
      0.05514847375378544,
      0.00580590664352192,
      0.00848351881328014,
      0.04382024328732173,
      0.03575497210175929,
      0.012012610635037866,
      0.025380942687190832
    ],
    [
      0.009385321142134508,
      0.0028048045136163627,
      0.0033076609578874434,
      0.01592906342705272,
      0.003937199508640952,
      0.017909033129270127,
      0.0806999549970982,
      0.05011813283157063,
      0.018351741684867036,
      0.5348299235035963,
      0.013541898244932264,
      0.06243372504158558,
      0.01979008043295316,
      0.00633823035725558,
      0.022451730827486187,
      0.03836377338289422,
      0.09284865863036924,
      0.0057472309035076444,
      0.0012118364832817735
    ],
    [
      0.022050689779405885,
      0.0024704970312048775,
      0.00429140836517818,
      0.02455978204916292,
      0.029148652463019238,
      0.004535859151222561,
      0.038894481463881955,
      0.12363470843990439,
      0.003496744534314917,
      0.00472098558054332,
      0.5532994218461837,
      0.09507037146892502,
      0.0022595890191897156,
      0.012147888359714781,
      0.003768420629269753,
      0.052633078891420396,
      0.02078194771354885,
      0.00048619449725807544,
      0.0017492787166516065
    ],
    [
      0.017052731591178826,
      5.5332701523414986e-05,
      0.011360071186191527,
      0.008370307842917753,
      0.0018650281795008683,
      0.00160455436579619,
      0.06589454655856569,
      0.07765606936703494,
      0.06100090887430722,
      0.07426641842098568,
      0.017539894175012064,
      0.5194848869562131,
      0.04580564480431913,
      0.011966947412381931,
      0.0076368059111064646,
      0.026453122910690737,
      0.04492783159458976,
      0.006001050550104834,
      0.0010578465975800428
    ],
    [
      0.015682185392266075,
      0.007827432941520914,
      0.014111945567529512,
      0.00012860270481195442,
      0.011474566521817454,
      0.006143425264342983,
      0.08587511712788184,
      0.05868035146765625,
      0.08827527344308066,
      0.056891816806959566,
      0.015554508769584485,
      0.0623402071406763,
      0.5126798749969794,
      0.020014993530291382,
      0.010525918184706324,
      0.020589634088884937,
      0.0048414812179351915,
      0.0073888289843499905,
      0.0009738358487249532
    ],
    [
      0.006824658133442509,
      0.0014580029855833859,
      0.0041486907279748644,
      0.00894237447665167,
      0.007774621811590925,
      0.014247352648235762,
      0.061582145053305004,
      0.03522654371426863,
      0.023856234185250538,
      0.02331783595198,
      0.0029419227026238025,
      0.04737077688927967,
      0.0069439223979157125,
      0.6823501722133751,
      0.019243783098183042,
      0.032178309714114214,
      0.019696931059978696,
      0.0011514512020102466,
      0.0007442710342360281
    ],
    [
      0.012045429310635332,
      0.0006081899485576954,
      0.005021992725986893,
      0.019714037779649262,
      0.010024971149142347,
      0.015902518850712494,
      0.13872264990860964,
      0.07181517009869318,
      0.058899564285058624,
      0.10324120927292817,
      0.007466262286709138,
      0.1242858273395799,
