{
  "poids_LS": 0.535,
  "poids_EM": 0.46499999999999997,
  "mae_validation": 7.022292323695573,
  "matrice_de_transition": [
    [
      0.24899225078580067,
      0.0027292401003973727,
      0.009890940039643534,
      0.05937767799314713,
      0.00638166601743968,
      0.03885127633149714,
      0.10016445465850117,
      0.05955400114026675,
      0.06600563799200183,
      0.05546300937841009,
      0.015656041760607607,
      0.1605347866174912,
      0.023063691393799966,
      0.03749223317580023,
      0.00702238645526446,
      0.04288592187069079,
      0.05038277953813428,
      0.005905754975196313,
      0.00964624977590984
    ],
    [
      0.006661192835545203,
      0.544859103813603,
      0.0022854640899458915,
      0.01211258298184769,
      0.03994076466154095,
      0.007939013272196385,
      0.04256181354363081,
      0.018012345359899026,
      0.0579842521198371,
      0.013754400295719286,
      0.002649614381697513,
      0.025421121474457804,
      0.011279158763140666,
      0.00016818223779943345,
      0.029121403815255673,
      0.05886223156206086,
      0.0722667397798377,
      0.011530508185180132,
      0.0425901068268049
    ],
    [
      0.021509816769841036,
      0.01835151767325956,
      0.3572120053401205,
      0.018637348585293704,
      0.025948364791474367,
      0.015382662333531959,
      0.06278124840523747,
      0.17145657427176056,
      0.013629519997239395,
      0.02788948746144055,
      0.006406567971281721,
      0.09682034384510901,
      0.02080312101361035,
      0.031174497927397515,
      0.019040402398419295,
      0.025626390160599456,
      0.06184092313142744,
      0.0008083988712124428,
      0.004680809051743591
    ],
    [
      0.02102618651982105,
      0.016092896487174838,
      0.023755284746134916,
      0.19765177168837833,
      0.011525620094529242,
      0.029601315270038737,
      0.08785728420735876,
      0.053980383318160276,
      0.07983675166682923,
      0.08088808902527078,
      0.030441693475635453,
      0.09599512134007648,
      0.055849221030261804,
      0.03535158012204703,
      0.061410549935249976,
      0.058799818922301905,
      0.026190707880309194,
      0.02037478976661616,
      0.013370934503805944
    ],
    [
      0.00664081570499066,
      0.05171139751876089,
      0.009735640926321594,
      0.02545013674622202,
      0.4020788633837924,
      0.015515479704417318,
      0.07274329869094996,
      0.034202291178529846,
      0.09866922301016057,
      0.029911693701624584,
      0.0024191852807726264,
      0.02798132849059769,
      0.01439503849215669,
      0.0030690666788874793,
      0.0004224558731617258,
      0.010123850574081205,
      0.03584428545477482,
      0.07078166062259421,
      0.08830428796720377
    ],
    [
      0.017364617969353784,
      0.007133190624310038,
      0.03161117199520001,
      0.01349395748752866,
      0.012244649647977977,
      0.3669521495374398,
      0.042080169744820116,
      0.013555700901510858,
      0.03970598666016775,
      0.05986664426115545,
      0.015059265922803981,
      0.08667180603947476,
      0.03199607460736964,
      0.04204430898008327,
      0.04731004670213634,
      0.05319728561624511,
      0.0573726557497602,
      0.046751301888853125,
      0.015589015663809073
    ],
    [
      0.015744109628881935,
      0.0074436421752516425,
      0.03976254899568061,
      0.0069943290440563615,
      0.021931038974228836,
      0.0335863030797205,
      0.30531530884015157,
      0.04187344099613711,
      0.05311297212449054,
      0.04633167654045588,
      0.04785555603487676,
      0.06866377399819151,
      0.07971868603494646,
      0.010501374734445056,
      0.05653306284911504,
      0.08771566033180833,
      0.038051320397095474,
      0.0247691869226302,
      0.01409600829783611
    ],
    [
      0.010711493234594669,
      0.021471144850023115,
      0.03991983713714321,
      0.021891977426612114,
      0.021348594625675715,
      0.01933710589659749,
      0.018742904236523666,
      0.4806509958953582,
      0.005612479320579795,
      0.040176119172236055,
      0.057504026287078014,
      0.06195421048908405,
      0.012830906263153885,
      0.03367403035683791,
      0.012135865508384911,
      0.04242969205516435,
      0.03719799780736425,
      0.027820175495081614,
      0.034590443942506925
    ],
    [
      0.004770237152972777,
      0.009921303327538133,
      0.015948842480723625,
      0.020905764550435788,
      0.0364699434749015,
      0.006568515047798562,
      0.0801800872232806,
      0.03805850202719859,
      0.4006627081003857,
      0.062378884500040005,
      0.0014474093164079619,
      0.0450417095479429,
      0.06916824601180963,
      0.013844854303783042,
      0.020229929477821876,
      0.049081225677242386,
      0.0497597916094672,
      0.028645456129705683,
      0.046916590040544104
    ],
    [
      0.012451432392104745,
      0.00668837999400825,
      0.00788749920727006,
      0.014820751771344053,
      0.009388706520605349,
      0.04270615592364416,
      0.06943465931096651,
      0.06324112726079865,
      0.027540987486372754,
      0.4209417565521892,
      0.03229221889176156,
      0.06077528895672638,
      0.04024659033599528,
      0.005930531274136271,
      0.053538742742467074,
      0.04510739879348507,
      0.07041307343301141,
      0.013704935231441309,
      0.002889763921671922
    ],
    [
      0.021128307296533932,
      0.005891185228257785,
      0.010233358409271046,
      0.035210928914561304,
      0.020516052396053905,
      0.0108162795144538,
      0.03867395461513882,
      0.11276974443088676,
      0.00833839081259711,
      0.011257734845910994,
      0.5149079088083669,
      0.10713212292776911,
      0.005388250738067785,
      0.028968041473166024,
      0.008986233808258644,
      0.038474920199672,
      0.015975841763249593,
      0.0011593868780769494,
      0.004171356939707678
    ],
    [
      0.04066420610204182,
      0.0001319472113250665,
      0.027089400520918263,
      0.019959964856188492,
      0.004447374889578994,
      0.003826245026129377,
      0.060415462510391024,
      0.05919122841642173,
      0.04111793697621163,
      0.07030279341865837,
      0.04182590149425955,
      0.4632740533961409,
      0.05629123818905521,
      0.028536566906449224,
      0.018210844864946188,
      0.02428597159016916,
      0.03201607985389202,
      0.005890226506070691,
      0.00252255727115241
    ],
    [
      0.03739598055078834,
      0.018665417014396026,
      0.03365156250718577,
      0.0003066679883977375,
      0.027362427859718548,
      0.014649706399587117,
      0.0815519167811735,
      0.04844769182116901,
      0.09932299668689647,
      0.04490490256367017,
      0.03709152091208609,
      0.050539758360489,
      0.38068744558984585,
      0.047728061495310226,
      0.025100266440453545,
      0.028106939509223588,
      0.0073119373277333805,
      0.014852576244916324,
      0.0023222239469595043
    ],
    [
      0.016274184779747524,
      0.0034767763502373057,
      0.009893031735940064,
      0.021085600323498523,
      0.008115273894382402,
      0.019490830180860067,
      0.046930202244135286,
      0.03517694076712363,
      0.02193737984999892,
      0.02532162440300286,
      0.007015354137025992,
      0.04584613932972312,
      0.016558584179645165,
      0.6588914395428639,
      0.01926093382848692,
      0.02589281620284064,
      0.014312319840977241,
      0.002745768250947512,
      0.0017748001585628365
    ],
    [
      0.028723716048438104,
      0.0014502991080991199,
      0.011975521115814902,
      0.04701039778224056,
      0.023905700432570214,
      0.03792139110554519,
      0.10790386916924152,
      0.06535763743093162,
      0.047612521917293274,
      0.09432809393001136,
      0.017804163914460255,
      0.1031937862502283,
      0.04845836654938842,
      0.043019466964905724,
