{
  "poids_LS": 0.975,
  "poids_EM": 0.025000000000000022,
  "mae_validation": 5.8669465409494626,
  "matrice_de_transition": [
    [
      0.3418170113803966,
      0.00014673333873104166,
      0.0005317709698733088,
      0.020550376572415173,
      0.0003431003235182627,
      0.0020887782973923216,
      0.14923498840326857,
      0.08434390091495385,
      0.08739543356167805,
      0.06784073179358838,
      0.000841722675301485,
      0.1285303707643029,
      0.0012399834082688166,
      0.00201571146106453,
      0.00037754765888518637,
      0.03819108696284851,
      0.07367462222581912,
      0.00031751370834388806,
      0.000518615579349992
    ],
    [
      0.00035812864707232306,
      0.67700204407025,
      0.00012287441343795128,
      0.0006512141388090163,
      0.0021473529387925263,
      0.00042682867054819317,
      0.06020184613813912,
      0.00424790952556307,
      0.05550630877718453,
      0.0154942003266829,
      0.00014245238611276966,
      0.043880553297352416,
      0.005039734000297184,
      9.042055795668474e-06,
      0.029908814153395254,
      0.04036366622177843,
      0.04455725473822958,
      0.0064408479183590325,
      0.013498927582200204
    ],
    [
      0.0011564417618194116,
      0.0009866407351214828,
      0.5061299124839632,
      0.011761866030542011,
      0.0350029037766487,
      0.0062613243323754895,
      0.08121754065812392,
      0.17670116762415433,
      0.022917846684743674,
      0.007369676272944642,
      0.00034443913824095307,
      0.06811370501733997,
      0.0011184473663231381,
      0.0016760482756665346,
      0.0010236775483021135,
      0.020820241653283812,
      0.057103001934871354,
      4.3462304903894814e-05,
      0.00025165640063137617
    ],
    [
      0.0011304401354742509,
      0.0008652094885577878,
      0.0012771658465663945,
      0.2873475588290744,
      0.0006196569943295297,
      0.00159146856290531,
      0.1357977357243491,
      0.09537206963022903,
      0.11242416973994278,
      0.09868012275202084,
      0.0016366501868621227,
      0.1274918032611095,
      0.03705686843673985,
      0.0019006225872068314,
      0.016154193916260114,
      0.06048201862958122,
      0.01835795902769297,
      0.0010954188046567838,
      0.0007188674464411805
    ],
    [
      0.000357033102418853,
      0.002780182662298975,
      0.0005234215551785809,
      0.0013682869218398948,
      0.5422027802998595,
      0.0008341655755063082,
      0.10583362788239167,
      0.043225232528973596,
      0.08153407924255779,
      0.049142126641016665,
      0.00013006372477272199,
      0.046903290694254765,
      0.0007739268006535862,
      0.00016500358488642376,
      2.2712681352780977e-05,
      0.0005442930416172696,
      0.026500945366348942,
      0.04653058083128216,
      0.05062824686278971
    ],
    [
      0.0009335816112555806,
      0.00038350487227473357,
      0.001699525376086024,
      0.0007254815853510039,
      0.0006583144972031177,
      0.5666693372673048,
      0.07448135122587657,
      0.004524266236759238,
      0.03860974469098361,
      0.0690833823395809,
      0.0008096379528389245,
      0.08828444085207482,
      0.0017202190649123477,
      0.0022604467193593175,
      0.025903397426006523,
      0.03605701581264706,
      0.056012493158783136,
      0.014817206022868599,
      0.016366653287833658
    ],
    [
      0.0008464575069291372,
      0.0004001958158737446,
      0.00213777145138068,
      0.00037603919591700907,
      0.013626635611062097,
      0.0018057152193398137,
      0.551098703343454,
      0.028443436532190416,
      0.03361606426563402,
      0.081846729917487,
      0.0084781174948154,
      0.09491820325154593,
      0.06772523194675521,
      0.0005645900394862939,
      0.017029222200292973,
      0.07086491001888498,
      0.02413244956419511,
      0.001331676716270442,
      0.0007578499084858131
    ],
    [
      0.0005758867330427247,
      0.00115436262634533,
      0.002146227803072218,
      0.002791033927898503,
      0.0011477739046062223,
      0.0010396293492794361,
      0.00825228065892823,
      0.7713525844687782,
      0.0012779861484671056,
      0.026468828362857206,
      0.0030916143165095737,
      0.038637119893152445,
      0.017279152269036924,
      0.0068293263814413014,
      0.02046825222329011,
      0.02703562470812106,
      0.049138714335944696,
      0.0014957083599506258,
      0.01981789352927788
    ],
    [
      0.00025646436306305274,
      0.0005334034047063518,
      0.0008574646495012711,
      0.001123965836044936,
      0.0019607496491882543,
      0.00035314597031175094,
      0.12260787911651112,
      0.041832644157964644,
      0.5360741904466837,
      0.0872205343600246,
      7.781770518322383e-05,
      0.07814211799610897,
      0.04632120973947392,
      0.0007443470055797342,
      0.0010876306170871986,
      0.040507772893667984,
      0.026937122782091365,
      0.0015400782865433178,
      0.011821461020264708
    ],
    [
      0.007454806651412509,
      0.0003595903222585084,
      0.00042405909716505737,
      0.016626889284350767,
      0.0005047691677744817,
      0.0022960298883679675,
      0.08779291894762556,
      0.0418555067094641,
      0.01256592025428937,
      0.6065372878804082,
      0.0017361408006323436,
      0.06347792553945988,
      0.0069100556791859115,
      0.00659492977996033,
      0.002878427029164899,
      0.03411778701326296,
      0.10697476782870566,
      0.0007368244748086732,
      0.00015536365170279166
    ],
    [
      0.022631449120473407,
      0.0003167303886160103,
      0.0005501805596382288,
      0.01785350439317134,
      0.03458399324592333,
      0.0005815204040028931,
      0.03903333170197949,
      0.13047561170484143,
      0.00044830058132242574,
      0.0006052545616081186,
      0.5774718559811054,
      0.08747593536520837,
      0.00028969089989611775,
      0.0015574215845788198,
      0.0004831308499063791,
      0.06154747510474346,
      0.023808014422996533,
      6.233262785359949e-05,
      0.0002242665021348216
    ],
    [
      0.0021862476398947237,
      7.093936092745519e-06,
      0.0014564193828450693,
      0.001073116390117662,
      0.00023910617685908597,
      0.00020571209817899896,
      0.0693443402185275,
      0.08928208033593955,
      0.07351981710644148,
      0.07676203416319176,
      0.002248704381411806,
      0.5548768932718141,
      0.03920360452504087,
      0.0015342240272284543,
      0.0009790776809110863,
      0.0278176255939821,
      0.053057453060955,
      0.006070828651904111,
      0.0001356213586641082
    ],
    [
      0.0020105365887520634,
      0.0010035170437847336,
      0.001809223790708914,
      1.6487526257942893e-05,
      0.0014710982720278804,
      0.0007876186236337167,
      0.08859713216099449,
      0.06512313717100006,
      0.08131929954882625,
      0.06443913318236401,
      0.001994167790972372,
      0.06977011933560905,
      0.5957862194385078,
      0.002566024811575821,
      0.001349476690346966,
      0.015856515861264305,
      0.0032860088525067032,
      0.002689432561030448,
      0.0001248507498365326
    ],
    [
      0.0008749561709541688,
      0.0001869234596901779,
      0.0005318834266634448,
      0.0012966396841925468,
      0.007560137166870365,
      0.01094590383139824,
      0.07080744237759706,
      0.035257775199508075,
      0.02506440172966822,
      0.02205619137170635,
      0.0003771695772594623,
      0.048330733871222685,
      0.0008902464612712462,
      0.6971204853762897,
      0.019232984490213934,
      0.03613584266565683,
      0.02308724182749813,
      0.00014762194897567283,
      9.541936336359345e-05
    ],
    [
      0.0015442858090558135,
      7.797307032790975e-05,
      0.0006438452212803717,
      0.0025274407409806776,
      0.0012852527114285074,
      0.002038784468040066,
      0.15812706741117472,
      0.07588102400061711,
