{
  "poids_LS": 0.7075,
  "poids_EM": 0.2925,
  "mae_validation": 6.561058775956802,
  "matrice_de_transition": [
    [
      0.28538377624618205,
      0.001716780063153186,
      0.0062217203475177065,
      0.0441556109588829,
      0.00401427378516367,
      0.024438706079490138,
      0.11940233436525657,
      0.06927276866557021,
      0.07439141011874989,
      0.060315639188906124,
      0.009848155301027365,
      0.14798760085686624,
      0.01450780587674514,
      0.023583824094454982,
      0.004417307608956676,
      0.04104533318522989,
      0.05951424059182891,
      0.0037149103876234868,
      0.0060678022783949
    ],
    [
      0.004190105170746176,
      0.5966651428914931,
      0.0014376306372240284,
      0.007619205424065483,
      0.02512402938387253,
      0.004993895445413855,
      0.04947750814034145,
      0.012616060856665041,
      0.057012785695728985,
      0.014436480989676613,
      0.0016666929175194033,
      0.03265805781411535,
      0.008833020645889528,
      0.00010579205280932104,
      0.029430104459185397,
      0.05160995310479104,
      0.06140336212147998,
      0.009535130012392314,
      0.03118504223659056
    ],
    [
      0.013530368613287103,
      0.011543696600921336,
      0.4155945939362861,
      0.015941846901896733,
      0.029498155643616575,
      0.011806683230805843,
      0.07000911298165317,
      0.17351269325650584,
      0.017270966255408686,
      0.019844788756859768,
      0.004029937917419147,
      0.08556603657740411,
      0.013085834185980704,
      0.019609764825298436,
      0.011977027315134718,
      0.023742161484435937,
      0.05998344266232307,
      0.0005085089673755689,
      0.0029443798873870983
    ],
    [
      0.013226149585048724,
      0.010122951016126107,
      0.014942840404826803,
      0.2328165973287649,
      0.007249986833655492,
      0.01862018218599211,
      0.10665212031345157,
      0.07020780579277813,
      0.09261250079776578,
      0.08786337497496258,
      0.019148807186286816,
      0.10834325232048148,
      0.04848176461575604,
      0.02223728427031991,
      0.043668001268714174,
      0.05945931767117845,
      0.023119914296044878,
      0.01281640001448436,
      0.008410749123361804
    ],
    [
      0.004177287298300576,
      0.032528137148897976,
      0.006124032195589391,
      0.016008956985526755,
      0.45701380808384146,
      0.009759737233423797,
      0.08571621183986745,
      0.03773969432160154,
      0.09195146778308902,
      0.037450897524454435,
      0.0015217455798408456,
      0.035399597763622344,
      0.00905494356764695,
      0.0019305419431711564,
      0.0002657383718275372,
      0.006368228586922048,
      0.03218127144283513,
      0.061274135022591186,
      0.07353356730695054
    ],
    [
      0.010922904851690283,
      0.004487007005614378,
      0.01988444690020646,
      0.008488134548606738,
      0.00770227961727647,
      0.44525036518153466,
      0.05478290566637066,
      0.010014967993170735,
      0.03927620997906715,
      0.06348002453053816,
      0.009472764048215407,
      0.08730403218759639,
      0.02012656305947445,
      0.02644722661650399,
      0.0389176671563809,
      0.04647752075006178,
      0.05683941018852487,
      0.0342316847595751,
      0.015893884959591438
    ],
    [
      0.009903552831070896,
      0.004682291045722807,
      0.025011925981153933,
      0.004399658592229002,
      0.01867533538298733,
      0.0211268680662758,
      0.40167357145792354,
      0.036608268791521646,
      0.045469298020734294,
      0.06025519178486012,
      0.032417810243602706,
      0.07895670364865434,
      0.07501670687537149,
      0.006605703461989632,
      0.041045761685656386,
      0.08110940026594635,
      0.03259449035465158,
      0.015580617580364158,
      0.008866843929284005
    ],
    [
      0.0067378747765998726,
      0.013506042728240346,
      0.025110865295944924,
      0.01440353935041189,
      0.013428954683892788,
      0.012163663386569391,
      0.014630102947580003,
      0.5946192323247104,
      0.003913160974694707,
      0.034802238116286396,
      0.03617188750316198,
      0.05281285110772449,
      0.014574820890460305,
      0.02314968618466538,
      0.015402539845478428,
      0.03639451792478943,
      0.04187930144640999,
      0.017499787811422304,
      0.028798932700956903
    ],
    [
      0.0030006330478377146,
      0.006240819835064309,
      0.010032336399164862,
      0.013150400281725738,
      0.022940770895502553,
      0.0041318078526474825,
      0.09681371018142211,
      0.039538137294373915,
      0.4537501642475139,
      0.0721179404110567,
      0.000910467150643718,
      0.05801857422364437,
      0.060211169291405284,
      0.008708859965282882,
      0.012725278219920212,
      0.04572004248368197,
      0.040812268035098256,
      0.0180189159525568,
      0.033157704231457294
    ],
    [
      0.010492527982401538,
      0.004207206770424544,
      0.004961491436831166,
      0.015528839773602367,
      0.005905799262961429,
      0.026863549693905194,
      0.07663193155488399,
      0.054856991931014086,
      0.021670080446521883,
      0.4937036409933659,
      0.0203128473673984,
      0.061834845344275316,
      0.02717715345349615,
      0.006191005688351385,
      0.03367759624122929,
      0.040798971447829804,
      0.08474691953132336,
      0.00862084635526147,
      0.0018177547249226607
    ],
    [
      0.021717607216146566,
      0.0037057455468073167,
      0.006437112547767271,
      0.028406029528334556,
      0.02603132466105953,
      0.006803788726833842,
      0.03881484676850249,
      0.1197112492144258,
      0.0052451168014723765,
      0.007081478370814981,
      0.539435819915861,
      0.09942600394017428,
      0.0033893835287845744,
      0.018221832539572175,
      0.00565263094390463,
      0.0475204104749557,
      0.019046409453718563,
      0.0007292917458871133,
      0.0026239180749774104
    ],
    [
      0.025579097386768244,
      8.299905228512249e-05,
      0.017040106779287294,
      0.012555461764376632,
      0.002797542269251303,
      0.0024068315486942857,
      0.06391598843005816,
      0.07098821013486906,
      0.053820946799994926,
      0.07283510939236748,
      0.026309841262518105,
      0.49918653039285366,
      0.0495921090821405,
      0.0179504211185729,
      0.011455208866659699,
      0.025670540489391276,
      0.04026525457711558,
      0.005961030756425838,
      0.0015867698963700644
    ],
    [
      0.02352327808839912,
      0.011741149412281372,
      0.021167918351294272,
      0.00019290405721793165,
      0.017211849782726184,
      0.009215137896514477,
      0.08431396144712605,
      0.05498522437309141,
      0.09226472905890303,
      0.052563208885771734,
      0.023331763154376732,
      0.05807893397005311,
      0.46501594215551445,
      0.030022490295437076,
      0.015788877277059486,
      0.023304216601785006,
      0.005733590368695649,
      0.010084071050665612,
      0.0014607537730874302
    ],
    [
      0.010236987200163765,
      0.0021870044783750793,
      0.006223036091962298,
      0.0133274282546797,
      0.00789763506371007,
      0.016140830646127875,
      0.056291165705549276,
      0.03520863153891072,
      0.02316331456418745,
      0.024041426225960477,
      0.004412884053935705,
      0.046820213326106475,
      0.01041588359687357,
      0.6738789631934683,
      0.01924997641745944,
      0.02990854816837653,
      0.017752488119783725,
      0.0017271768030153703,
      0.0011164065513540422
    ],
    [
      0.018068143965953003,
      0.0009122849228365433,
      0.007532989088980342,
      0.0295710566694739,
      0.015037456723713523,
      0.023853778276068747,
      0.1275936457527267,
      0.0694832833020015,
      0.054823687874476695,
      0.10002258428798598,
      0.011199393430063709,
      0.11666925694620293,
      0.04087069952082473,
