{
  "poids_LS": 0.775,
  "poids_EM": 0.22499999999999998,
  "mae_validation": 6.383215274816655,
  "matrice_de_transition": [
    [
      0.299623938382853,
      0.0013206000485793737,
      0.004785938728859775,
      0.03819914994547515,
      0.003087902911664361,
      0.018799004676530874,
      0.1269302003374652,
      0.07307576465373243,
      0.07767279921182521,
      0.062214494332143704,
      0.007575504077713358,
      0.14307783251575215,
      0.011159850674419339,
      0.018141403149580754,
      0.003397928929966674,
      0.040325102830049545,
      0.06308742100414419,
      0.00285762337509499,
      0.004667540214149923
    ],
    [
      0.003223157823650905,
      0.6169370712263196,
      0.0011058697209415603,
      0.00586092724928114,
      0.019326176449132718,
      0.0038414580349337346,
      0.052183649504271706,
      0.010504471268443049,
      0.05663264666020842,
      0.014703382130790348,
      0.0012820714750149255,
      0.03548990246876396,
      0.00787583616522604,
      8.137850216101618e-05,
      0.029550900363331807,
      0.0487721050128159,
      0.05715247521168782,
      0.008754329857823168,
      0.02672219087520234
    ],
    [
      0.010407975856374695,
      0.008879766616093335,
      0.4384399546913074,
      0.014887085373610963,
      0.03088720423793309,
      0.010407387060173884,
      0.0728374078159028,
      0.17431726155488442,
      0.018695880008605364,
      0.01669686317680642,
      0.0030999522441685743,
      0.08116217721178046,
      0.010066026296908233,
      0.015084434480998797,
      0.009213097934719012,
      0.02300485461115456,
      0.05925660247876048,
      0.000391160744135053,
      0.002264907605682383
    ],
    [
      0.010173961219268248,
      0.007786885397020083,
      0.011494492619097539,
      0.2465767464923944,
      0.005576912948965763,
      0.014323217066147776,
      0.11400662139844442,
      0.07655766676110687,
      0.09761170697943661,
      0.0905928346944072,
      0.014729851681759089,
      0.11317512966063996,
      0.04559884688834074,
      0.017105603284861465,
      0.03672526483398277,
      0.05971738239899971,
      0.0219182994152458,
      0.009858769241911045,
      0.006469807017970617
    ],
    [
      0.003213297921769674,
      0.025021643960690752,
      0.004710793996607223,
      0.012314582296559042,
      0.4785100907925563,
      0.0075074901795567665,
      0.09079256915900907,
      0.039123895551499165,
      0.0893227809551045,
      0.04040102075947481,
      0.0011705735229544966,
      0.03830239878350155,
      0.006965341205882269,
      0.0014850322639778125,
      0.00020441413217502858,
      0.004898637374555421,
      0.03074791813381525,
      0.05755379891824219,
      0.06775372009206883
    ],
    [
      0.008402234501300218,
      0.0034515438504725987,
      0.0152957283847742,
      0.006529334268159029,
      0.0059248304748280535,
      0.47588879739009343,
      0.05975354146176,
      0.008629463811646337,
      0.03910803649515822,
      0.06489395594029661,
      0.007286741575550313,
      0.08755142502816571,
      0.015481971584211114,
      0.020344020474233837,
      0.035633692551520074,
      0.04384804754155526,
      0.056630748881954525,
      0.029332704143770656,
      0.016013181640549757
    ],
    [
      0.007618117562362228,
      0.0036017623428636976,
      0.0192399430624261,
      0.003384352763253078,
      0.01740136441250152,
      0.016251436974058307,
      0.43937897856922564,
      0.03454798401580255,
      0.0424782951105688,
      0.0657035238370183,
      0.026376953194843292,
      0.08298437177274848,
      0.07317680198684215,
      0.00508131035537664,
      0.034985513404303004,
      0.07852434197930469,
      0.030459209033695277,
      0.011985090446433967,
      0.006820649176372311
    ],
    [
      0.005182980597384517,
      0.010389263637107958,
      0.019316050227649942,
      0.011473280972768325,
      0.01032996514145599,
      0.009356664143514916,
      0.013020745921471611,
      0.6392154987535873,
      0.003248210317609237,
      0.032699415094393045,
      0.027824528848586133,
      0.04923579743675771,
      0.015257222266362815,
      0.019031464552076122,
      0.016680803716515022,
      0.03403292804768619,
      0.043711115913862675,
      0.01346137523955562,
      0.02653268917165472
    ],
    [
      0.0023081792675674726,
      0.004800630642357161,
      0.007717181845511432,
      0.010115692524404413,
      0.017646746842694273,
      0.003178313732805755,
      0.1033225191650427,
      0.04011712500761643,
      0.47452351665291187,
      0.07592887533275888,
      0.0007003593466490138,
      0.06309647779239712,
      0.056706226226899234,
      0.006699123050217601,
      0.009788675553784779,
      0.0444047968862018,
      0.03731106315817129,
      0.013860704578889847,
      0.027773792393118977
    ],
    [
      0.00972600016990898,
      0.0032363129003265727,
      0.0038165318744855124,
      0.015805917687529532,
      0.00454292250997033,
      0.020664268995311687,
      0.0794482554764169,
      0.05157624332370708,
      0.01937276899614545,
      0.5221756827312177,
      0.015625267205691077,
      0.062249454365490106,
      0.02206302597773562,
      0.006292930459131212,
      0.025905843262484067,
      0.039113065095182094,
      0.09035581583066281,
      0.006631420273278053,
      0.0013982728653251235
    ],
    [
      0.021948202836864557,
      0.0028505734975440896,
      0.004951625036744054,
      0.025743242811984958,
      0.028189474677800867,
      0.0052336836360260324,
      0.03886997848068828,
      0.12242749021668022,
      0.004034705231901828,
      0.005447291054473061,
      0.5490336981753152,
      0.09641056607546326,
      0.002607218099065057,
      0.014016794261209366,
      0.004348177649157408,
      0.051059950147892795,
      0.020247935941293375,
      0.0005609936506823948,
      0.0020183985192133926
    ],
    [
      0.019676228759052495,
      6.38454248347096e-05,
      0.01310777444560561,
      0.009658047511058948,
      0.0021519555917317718,
      0.0018514088836109888,
      0.06528575944210183,
      0.07560442037252235,
      0.058791689774518825,
      0.07382601564294931,
      0.020238339432706233,
      0.5132392387828717,
      0.046970710735956475,
      0.013808016245056075,
      0.008811699128199768,
      0.026212328319521673,
      0.043493192512290016,
      0.0059887367674343744,
      0.0012205922279769725
    ],
    [
      0.01809482929876855,
      0.009031653394062594,
      0.01628301411638021,
      0.0001483877363214859,
      0.01323988444825091,
      0.007088567612703443,
      0.08539476153380314,
      0.057543389284713226,
      0.08950279824794907,
      0.055559937446594085,
      0.01794751011875133,
      0.06102904616509993,
      0.4980140495072979,
      0.023094223304182367,
      0.012145290213122682,
      0.021424890246700343,
      0.005115976341246102,
      0.008218134235524028,
      0.0011236567485287923
    ],
    [
      0.007874605538587511,
      0.0016823111372115994,
      0.004786950839970999,
      0.010291621792967987,
      0.0078124720430122,
      0.014829961262971796,
      0.0599541514078417,
      0.035221032275696965,
      0.023643028148000355,
      0.023540479113204765,
      0.0033945261953351575,
      0.047201372715995615,
      0.008012218151441208,
      0.6797436463610961,
      0.01924568873488347,
      0.031479921546194924,
      0.01909864092453409,
      0.001328597540781054,
      0.0008587742702723402
    ],
    [
      0.013898572281502309,
      0.000701757632951187,
      0.00579460699152334,
      0.022746966668826075,
      0.011567274402856556,
      0.018349060212360574,
      0.1352983409375687,
      0.07109766646894189,
      0.057645448466418024,
      0.10225086312371519,
      0.00861491802312593,
      0.12194226721854083,
