{
  "poids_LS": 0.5975,
  "poids_EM": 0.40249999999999997,
  "mae_validation": 6.854196747707706,
  "matrice_de_transition": [
    [
      0.26217758609753306,
      0.0023624067535697687,
      0.008561512614960264,
      0.05386243631406589,
      0.005523915208644024,
      0.03362933058801634,
      0.10713470092906473,
      0.06307529372189843,
      0.06904396122633084,
      0.05722120858511155,
      0.013551735072353896,
      0.1559887048201633,
      0.01996373287312793,
      0.032452954523138906,
      0.006078517308051494,
      0.04221904191219046,
      0.05369127991990769,
      0.005111970704336593,
      0.008349710827534862
    ],
    [
      0.005765871217864396,
      0.5636294078273313,
      0.0019782780563510137,
      0.010484547634825151,
      0.034572382314559634,
      0.006871941595825903,
      0.045067499991714374,
      0.01605716981524903,
      0.057632271531392124,
      0.014001530981935708,
      0.0022934834164155893,
      0.0280431998583917,
      0.0103928768366004,
      0.00014557709831026228,
      0.0292332518746505,
      0.056234594439861646,
      0.068330733381882,
      0.01080754507909759,
      0.038457837047741736
    ],
    [
      0.018618712365292507,
      0.015884915835455857,
      0.3783651171503254,
      0.017660717540584656,
      0.027234520897322992,
      0.014087017731094961,
      0.06540003991843156,
      0.1722015449184074,
      0.014948884583532615,
      0.02497474155398375,
      0.005545470125679339,
      0.09274269628434638,
      0.018007002597802507,
      0.02698437723823118,
      0.016481208527664014,
      0.024943698611264848,
      0.06116792296146209,
      0.0006997431089527059,
      0.004051668050165152
    ],
    [
      0.018200086181135423,
      0.01392987276578037,
      0.020562370129718933,
      0.21039265054359083,
      0.00997647760870542,
      0.025622643862775466,
      0.09466700743420398,
      0.05985988421476095,
      0.0844656462794874,
      0.08341536654327505,
      0.026350068008480148,
      0.10046908184022323,
      0.053179852764136525,
      0.030600023654029956,
      0.05498209027346164,
      0.05903876774435862,
      0.025078101509198935,
      0.017636242754974205,
      0.011573765887702994
    ],
    [
      0.005748232948943528,
      0.04476094086301346,
      0.008427087038375143,
      0.022029419441622285,
      0.42198282885482474,
      0.013430065765651549,
      0.07744362954200704,
      0.03548395898399061,
      0.0962352537249897,
      0.032643289289606414,
      0.0020940259688408216,
      0.030669107212708067,
      0.012460221490522725,
      0.00265655771667142,
      0.0003656741697797734,
      0.008763117970038032,
      0.0345171064649416,
      0.06733690497041919,
      0.08295257758305405
    ],
    [
      0.015030663941214835,
      0.006174428443623204,
      0.027362358554984957,
      0.011680253524151153,
      0.010598863404970184,
      0.39532106824906843,
      0.04668261029610655,
      0.012272826659358638,
      0.03955027047136318,
      0.06117584001093179,
      0.013035171040706672,
      0.08690087348444636,
      0.027695526945088773,
      0.03639319218168498,
      0.04426932947541335,
      0.05076258820096129,
      0.057179450836269144,
      0.04221520872607123,
      0.015699475553585293
    ],
    [
      0.013627965861559095,
      0.006443152635567282,
      0.03441812036722892,
      0.00605423105426384,
      0.020751436223779014,
      0.02907201503137097,
      0.340227722832098,
      0.03996576990750832,
      0.050343524985448425,
      0.05137642844060234,
      0.04226216987861805,
      0.07239309633531574,
      0.0780150703974193,
      0.009089899635729322,
      0.0509217218478619,
      0.08532208784417719,
      0.03607420806287667,
      0.021439995131954097,
      0.012201383526621578
    ],
    [
      0.009271776401987859,
      0.018585238284159793,
      0.034554267629462676,
      0.019178775225090292,
      0.01847915986416016,
      0.016738032523398904,
      0.01725275884197886,
      0.5219438351813553,
      0.004996784267722879,
      0.0382290608186311,
      0.04977499049580408,
      0.058642123756707396,
      0.013462759388989545,
      0.029860862178514528,
      0.013319443166752128,
      0.04024303476155025,
      0.03889412231426488,
      0.024080904595205052,
      0.03249207030426416
    ],
    [
      0.0041290762453151456,
      0.008587794815772255,
      0.01380518085697045,
      0.01809584996032345,
      0.031568069351930864,
      0.005685650122019185,
      0.08620676220811446,
      0.038594601761682404,
      0.4198972936609394,
      0.06590752794606056,
      0.0012528650534499024,
      0.049743472111602856,
      0.06592292835948921,
      0.01198398678983371,
      0.01751085293510388,
      0.047863405679575574,
      0.04651793524194221,
      0.024795260413347394,
      0.04193148648652714
    ],
    [
      0.011741684417574599,
      0.00578940418836198,
      0.006827351464357417,
      0.015077305395350689,
      0.008126783601169146,
      0.03696608120272424,
      0.07204236664571922,
      0.060203397068847725,
      0.025413847254542727,
      0.44730475816131116,
      0.027951866890180702,
      0.06115918619859194,
      0.03551128711769849,
      0.00602490606189537,
      0.04634267516955483,
      0.043546374392885334,
      0.0756064959323998,
      0.011862874044419628,
      0.0025013547924149435
    ],
    [
      0.021341821760161698,
      0.00509935925671776,
      0.008857907010175475,
      0.03274538565868205,
      0.022514339448592175,
      0.00936247850444657,
      0.038725002496792324,
      0.11528478239593712,
      0.007217639359291048,
      0.0097445984418907,
      0.5237948331226763,
      0.10434005083081446,
      0.004664023488327491,
      0.025074487511718976,
      0.007778406683492696,
      0.041752271748687834,
      0.017088366288781826,
      0.0010035553084429508,
      0.003610690684370624
    ],
    [
      0.03519858700230502,
      0.00011421237109320274,
      0.02344835206380559,
      0.01727717388089434,
      0.0038496094474312803,
      0.00331196478068188,
      0.061683769003024046,
      0.0634654971549896,
      0.04572047676743747,
      0.07122029920623413,
      0.03620414054073004,
      0.4762858204239354,
      0.05386401749814408,
      0.02470100683837809,
      0.015763150662668472,
      0.02478762698843804,
      0.03500491127534983,
      0.005915880219967483,
      0.00218350387449214
    ],
    [
      0.03236963907890819,
      0.016156624404934195,
      0.029128503030413488,
      0.0002654491727528803,
      0.02368468217964885,
      0.012680659840502827,
      0.0825526576021708,
      0.05081636303563365,
      0.09676565334342058,
      0.04767965123109827,
      0.032106101434655164,
      0.05327134372627309,
      0.411241248693349,
      0.04131299946637068,
      0.021726574714586132,
      0.026366822513774826,
      0.006740072487502318,
      0.01312485697163708,
      0.002010097072368173
    ],
    [
      0.014086794352362104,
      0.0030094677010118615,
      0.008563323169281453,
      0.018274668414506194,
      0.008036419245588079,
      0.018277062233493332,
      0.050321855672183835,
      0.0351884229308146,
      0.02238155909427013,
      0.024857784483784607,
      0.006072430193877337,
      0.04619906469073158,
      0.01433296802646705,
      0.6643217017351118,
      0.019256963752027685,
      0.027347791552672487,
      0.015558757623153504,
      0.00237671337850833,
      0.001536251750153853
    ],
    [
      0.024863001525798574,
      0.0012553664322793457,
      0.010365908062613975,
      0.04069179592978887,
      0.02069256865399895,
      0.03282442993544503,
      0.11503784619224339,
      0.06685243665958013,
      0.05022526320612784,
      0.09639131507420506,
      0.015411131130258608,
      0.10807620316905969,
      0.04570921182889433,
      0.03723728054489151,
