{
  "poids_LS": 0.8775,
  "poids_EM": 0.12250000000000005,
  "mae_validation": 6.116448314885327,
  "matrice_de_transition": [
    [
      0.3212478882940941,
      0.0007189933597821039,
      0.0026056777523792117,
      0.029154153591781917,
      0.0016811915852394865,
      0.010235013657222371,
      0.13836140422118942,
      0.07885068448760842,
      0.08265564931612479,
      0.0650979410311341,
      0.004124441108977275,
      0.1356222583681344,
      0.0060759187005171985,
      0.009876986159216193,
      0.0018499835285374123,
      0.03923141969810901,
      0.06851336163025258,
      0.0015558171708850508,
      0.0025412163388149594
    ],
    [
      0.0017548303706543824,
      0.6477203698088339,
      0.0006020846258459609,
      0.003190949280164178,
      0.010522029400083373,
      0.0020914604856861457,
      0.05629297527912875,
      0.0072979833752170615,
      0.05605539849515868,
      0.01510867645618528,
      0.000698016691952571,
      0.03979011101841554,
      0.006422333805700001,
      4.43060733987755e-05,
      0.029734331180739326,
      0.044462780132409195,
      0.05069742471904048,
      0.007568670363847799,
      0.019945268437538747
    ],
    [
      0.005666564632915114,
      0.004834539602095263,
      0.47313105806004346,
      0.013285410460288126,
      0.03299650025152484,
      0.008282529912177209,
      0.07713222589754112,
      0.17553901341538525,
      0.020859637930126247,
      0.01191667988857726,
      0.001687751777380669,
      0.0744748352121297,
      0.005480392094983374,
      0.008212636550766017,
      0.005016019986680355,
      0.0218852404702458,
      0.058152882200017304,
      0.00021296529402908452,
      0.0012331163630937426
    ],
    [
      0.0055391566638238274,
      0.004239526493933159,
      0.006258112648175331,
      0.2674717878149429,
      0.003036319272214695,
      0.007798195958236015,
      0.12517456749047057,
      0.08620004823153196,
      0.10520309414419601,
      0.09473756982393419,
      0.008019585915624397,
      0.1205124248808806,
      0.04122108293189529,
      0.00931305067731347,
      0.026182590988649918,
      0.06010925846717274,
      0.020093624966624975,
      0.005367552142818238,
      0.0035224504875617825
    ],
    [
      0.001749462201852379,
      0.013622895045264972,
      0.0025647656203750453,
      0.0067046059170154815,
      0.5111525941650491,
      0.004087411319980908,
      0.09850111175474266,
      0.041225830752454805,
      0.0853310713274243,
      0.044880837523765,
      0.0006373122513863374,
      0.04271035588776256,
      0.0037922413232025706,
      0.0008085175659434761,
      0.00011129213862862673,
      0.00266703590392462,
      0.028571344590488764,
      0.05190439964867518,
      0.05897691506206329
    ],
    [
      0.0045745498951523435,
      0.0018791738741461936,
      0.008327674342821513,
      0.003554859768219918,
      0.0032257410362952752,
      0.5224138240771642,
      0.06730154396586974,
      0.006525550054516701,
      0.038852661945518736,
      0.0670410369699298,
      0.003967225968910728,
      0.08792709563791912,
      0.0084290734180705,
      0.01107618892486065,
      0.03064691629969438,
      0.03985514378048981,
      0.05631389282382919,
      0.021893511356808358,
      0.016194335859782756
    ],
    [
      0.00414764178395277,
      0.001960959497781348,
      0.010475080111765327,
      0.0018425920599933435,
      0.015466815901763818,
      0.008848004574765082,
      0.4966353375160176,
      0.03141940343045133,
      0.03793640180253974,
      0.0739769169532585,
      0.017203799898579,
      0.08910046040563217,
      0.07038287234129759,
      0.0027664911934828385,
      0.025782914162247865,
      0.07459888309958959,
      0.027216744805576443,
      0.006525215909725163,
      0.0037134645515804823
    ],
    [
      0.00282184499190935,
      0.005656376869092114,
      0.010516516235053862,
      0.0070236293622725435,
      0.0056240921325704865,
      0.005094183811469234,
      0.01057690747441813,
      0.7069357551826226,
      0.0022384704309238953,
      0.02950623939448093,
      0.015148910150896904,
      0.04380397519566002,
      0.016293461392733296,
      0.01277786873962578,
      0.018621871076237254,
      0.030446810086159064,
      0.046492760105179706,
      0.007328970963758063,
      0.02309135640493659
    ],
    [
      0.001256675379008958,
      0.002613676683061122,
      0.004201576782556226,
      0.005507432596620183,
      0.009607673281022442,
      0.0017304152545275788,
      0.11320626614017026,
      0.04099632857216989,
      0.5060682369722199,
      0.08171585058423256,
      0.0003813067553977966,
      0.07080736839679944,
      0.05138390527709376,
      0.003647300327340696,
      0.005329390023727271,
      0.04240757209002822,
      0.03199441871543033,
      0.007546383604062254,
      0.01959822256453117
    ],
    [
      0.00856201349167954,
      0.0017619925790666904,
      0.00207788957610878,
      0.016226665630900416,
      0.0024733689220949586,
      0.011250546453003036,
      0.08372489550541135,
      0.04659436580890755,
      0.01588425901594421,
      0.5654110053701777,
      0.008507089923098479,
      0.06287904584214962,
      0.014297128699728899,
      0.0064477051110561345,
      0.014104292442908,
      0.03655298507819854,
      0.09887302872965975,
      0.0036104399265624973,
      0.0007612818933436788
    ],
    [
      0.022298366557214094,
      0.0015519789042184495,
      0.00269588474222732,
      0.021699751872342982,
      0.03146666544396363,
      0.002849449979614175,
      0.03895369700660002,
      0.12655215247936283,
      0.002196672848479885,
      0.0029657473518797796,
      0.5636082540507826,
      0.09183156783645763,
      0.0014194854094909763,
      0.007631365764436214,
      0.0023673411645412567,
      0.05643480668827876,
      0.02207247616316624,
      0.00030542987648263736,
      0.0010989058604606253
    ],
    [
      0.010712613435484141,
      3.4760286854453025e-05,
      0.0071364549759408355,
      0.00525827031157654,
      0.0011716202666095207,
      0.0010079892810770945,
      0.06736578209001999,
      0.08261422110377367,
      0.06633985503212918,
      0.07533072513457358,
      0.011018651468917843,
      0.5345785367084547,
      0.04299006880286223,
      0.007517697733419423,
      0.00479748063646432,
      0.027035043172682644,
      0.04839487604348081,
      0.006030808858225115,
      0.0006645446574541299
    ],
    [
      0.009851629284885106,
      0.004917233514545193,
      0.008865196574473674,
      8.078887866392013e-05,
      0.0072083815329366105,
      0.00385933125580521,
      0.08703597648023871,
      0.06142801007643523,
      0.08530875516464863,
      0.06011052526117616,
      0.00977142217576462,
      0.06550884616498585,
      0.548122286597043,
      0.012573521576721517,
      0.00661243578270013,
      0.018571098374164374,
      0.004178118003267161,
      0.00538467462734607,
      0.0006117686741990095
    ],
    [
      0.004287285237675425,
      0.0009159249524818713,
      0.0026062287906508785,
      0.005681693462220577,
      0.0076831504189895095,
      0.01283938182929035,
      0.06551646302984132,
      0.03523986302415016,
      0.024371482108605135,
      0.022779781645686826,
      0.0018481309285713645,
      0.047780170308049486,
      0.004362207660229105,
      0.6886492763563828,
      0.019239177809490332,
      0.03386608111991915,
      0.02114279888730316,
      0.0007233475499807965,
      0.00046755488048160767
    ],
    [
      0.007567000464373483,
      0.0003820680446067576,
      0.0031548415842738197,
      0.012384459630805315,
      0.006297738285999684,
      0.009990043893396318,
      0.14699806325529177,
      0.07354913720392545,
      0.061930344180106726,
      0.10563454580019285,
      0.004690344257035231,
      0.1299494309654243,
