{
  "poids_LS": 0.3425,
  "poids_EM": 0.6575,
  "mae_validation": 7.545710190478114,
  "matrice_de_transition": [
    [
      0.20838141802566493,
      0.0038590868086263923,
      0.013985576507668008,
      0.07636462236471736,
      0.0090235385085303,
      0.054934869221418006,
      0.07869609614516543,
      0.048708419988841144,
      0.05664760243026849,
      0.05004775582176958,
      0.022137306360429036,
      0.17453671855326108,
      0.032611563637469844,
      0.053013211425997096,
      0.009929503428680393,
      0.04493991214287179,
      0.04019259836227217,
      0.008350610529444248,
      0.013639589736904776
    ],
    [
      0.009418783418002088,
      0.48704656745131997,
      0.0032315970734181155,
      0.01712693185067711,
      0.05647538229024338,
      0.01122559403541747,
      0.03484429928353343,
      0.024034286037421006,
      0.059068352332247595,
      0.012993237782172703,
      0.003746497754765838,
      0.01734512005194141,
      0.014008907096884692,
      0.00023780606742608064,
      0.028776911792319605,
      0.06695535389843442,
      0.08438963948554126,
      0.013757234551914363,
      0.05531749774631946
    ],
    [
      0.030414418335850495,
      0.02594865133369497,
      0.2920604209646893,
      0.02164537220299757,
      0.021987003985460597,
      0.019373247709037915,
      0.05471537054459964,
      0.16916206468008826,
      0.00956587707145627,
      0.03686690485640751,
      0.009058749335737058,
      0.10937949833225799,
      0.029415165734298504,
      0.04408006965002982,
      0.026922719520345563,
      0.02772908013255005,
      0.06391376365492073,
      0.0011430586189724327,
      0.0066185633366051865
    ],
    [
      0.02973057556297277,
      0.0227550095490698,
      0.03358946176469615,
      0.15840986481432376,
      0.016296978950866618,
      0.041855623204409616,
      0.06688333666867546,
      0.0358715205566302,
      0.06557975625984205,
      0.07310407426981765,
      0.043043899914473785,
      0.08221532299962453,
      0.06407087528992765,
      0.04998637404353962,
      0.08121020569355804,
      0.05806385655036721,
      0.02961753550332879,
      0.028809514562473392,
      0.01890621384140303
    ],
    [
      0.009389970593615826,
      0.07311880401846298,
      0.013765986901196663,
      0.0359859460443892,
      0.3407746497330131,
      0.021938554635815885,
      0.05826627966969422,
      0.030254754337710705,
      0.10616584840848677,
      0.021498379290640548,
      0.003420675961522585,
      0.01970297002649772,
      0.020354274857189297,
      0.004339594282512941,
      0.0005973435195781392,
      0.014314906994534178,
      0.03993199674346114,
      0.08139150803129322,
      0.10478755595038493
    ],
    [
      0.024553196376021748,
      0.010086178140825483,
      0.04469751739106239,
      0.019080165694731387,
      0.01731367127644198,
      0.27957587990562394,
      0.027904652846857923,
      0.017506953567339695,
      0.04018559252168581,
      0.05583432135184431,
      0.021293478159663693,
      0.08596627830896222,
      0.04524176140719471,
      0.05944974871914999,
      0.05667545576044313,
      0.060696153655319246,
      0.05796772688331267,
      0.06072246883022136,
      0.015248799203298316
    ],
    [
      0.022261832432236287,
      0.010525149957479473,
      0.05622338917131183,
      0.00988983085261733,
      0.025564215445614286,
      0.04749031026863706,
      0.19778507374495682,
      0.04774906794911379,
      0.06164286931274027,
      0.030793840688004757,
      0.06508318539615361,
      0.05717746119984896,
      0.08496582219853013,
      0.014848718038489516,
      0.07381599313297468,
      0.09508786359371232,
      0.04414082638648939,
      0.035023097637912594,
      0.019931452593176864
    ],
    [
      0.015145821079023646,
      0.030359737072882146,
      0.05644579122079928,
      0.03024864020729932,
      0.030186453691143617,
      0.027342251886049142,
      0.02333255205172167,
      0.3534690508944869,
      0.007508820083379097,
      0.0461730589013393,
      0.08130945652420171,
      0.07215543762480413,
      0.010884798635580055,
      0.04541858834607393,
      0.008490446320613887,
      0.0491645965194958,
      0.0319739343261103,
      0.039337129866701424,
      0.041053434748294634
    ],
    [
      0.006745012748558281,
      0.014028509543777037,
      0.02255132028188341,
      0.029560301487981788,
      0.05156771577365104,
      0.009287739019199041,
      0.061617928269992225,
      0.03640731484498845,
      0.34142018457388035,
      0.05151066268629674,
      0.002046605646318785,
      0.03056028085187024,
      0.0791638243809565,
      0.019576326246746992,
      0.028604685229393297,
      0.052832111270056194,
      0.05974470922144412,
      0.04050405893608922,
      0.062270708986916334
    ],
    [
      0.014637456153657599,
      0.009457225475398763,
      0.011152754255440997,
      0.014030566609403616,
      0.013275429112468854,
      0.06038558606407749,
      0.06140292071992817,
      0.07259733625200754,
      0.03409257940040923,
      0.3397437115960933,
      0.045660503056630594,
      0.05959288545178047,
      0.054831324248349377,
      0.005639856927838245,
      0.07570263086703678,
      0.04991535394733225,
      0.05441733213489519,
      0.019378483687468088,
      0.0040860640397834165
    ],
    [
      0.020470682748560412,
      0.008330009220601063,
      0.014469748718485404,
      0.042804802142669414,
      0.014361328274236033,
      0.015293986625276073,
      0.03851672713964602,
      0.1050234274985316,
      0.011790305288779786,
      0.015918194970293502,
      0.4875361819202938,
      0.11573170498638943,
      0.007618870667267889,
      0.04096018767442292,
      0.012706341352537759,
      0.028380677428703243,
      0.012549266224610304,
      0.001639348112549665,
      0.005898209006145802
    ],
    [
      0.05749831292923118,
      0.00018657051923920697,
      0.038303829768825286,
      0.028222961060094483,
      0.006288492451393955,
      0.005410228182107668,
      0.056509078513081304,
      0.04602648070163268,
      0.026942114419236076,
      0.067476875592925,
      0.05914092523113044,
      0.4231978109505339,
      0.06376707791706149,
      0.04035009191610831,
      0.025749743007961547,
      0.022740872963500997,
      0.02281047907580197,
      0.005811213067268568,
      0.0035668417328660424
    ],
    [
      0.05287711228417922,
      0.02639249825153847,
      0.04758258569564439,
      0.0004336219405838977,
      0.03868988455433322,
      0.02071436980156673,
      0.07846963505250182,
      0.041152184480617915,
      0.10719961418480217,
      0.03635867666799161,
      0.05244661290257334,
      0.042126475433873975,
      0.28658173203105614,
      0.06748645254444403,
      0.035491236956125174,
      0.03346649985520577,
      0.009073281035645052,
      0.020173951606616395,
      0.0032835747207008046
    ],
    [
      0.02301134729609462,
      0.004916086989851675,
      0.013988534121248586,
      0.029743270603194885,
      0.00835814621266892,
      0.02322923545874962,
      0.03648390968574576,
      0.03514157570295544,
      0.020569307777643597,
      0.026750251354195086,
      0.00991955988192385,
      0.04475912921781705,
      0.023413481931433753,
      0.6421662319907401,
      0.019273161663981346,
      0.02141149212535856,
      0.010473291471874351,
      0.0038824572580601915,
      0.0025095292564625052
    ],
    [
      0.04061471677816786,
      0.0020506917496240246,
      0.01693312931967376,
      0.06647169148779176,
      0.033802146310569714,
      0.053620031509453686,
      0.08593121993839574,
      0.060753655806694215,
      0.039565278747682786,
      0.08797337280589475,
      0.02517470488980133,
      0.08815594214022762,
      0.05692576308851024,
      0.060828601138549494,
