{
  "poids_LS": 0.55,
  "poids_EM": 0.44999999999999996,
  "mae_validation": 6.981842200985114,
  "matrice_de_transition": [
    [
      0.25215673126061644,
      0.0026412000971587474,
      0.00957187745771955,
      0.058054019990167634,
      0.006175805823328722,
      0.03759800935306175,
      0.10183731376343642,
      0.06039911135985836,
      0.06673483556824081,
      0.055884977188018437,
      0.015151008155426715,
      0.15944372698613252,
      0.022319701348838678,
      0.03628280629916151,
      0.006795857859933348,
      0.042725870680650715,
      0.051176819629759895,
      0.00571524675018998,
      0.009335080428299846
    ],
    [
      0.00644631564730181,
      0.5493639767768979,
      0.0022117394418831207,
      0.01172185449856228,
      0.038652352898265435,
      0.007682916069867469,
      0.04316317829117086,
      0.017543103229183028,
      0.0578997767786103,
      0.013813711660411225,
      0.002564142950029851,
      0.02605042028660194,
      0.011066451100771002,
      0.00016275700432203237,
      0.02914824734951043,
      0.058231598652733044,
      0.07132209824432834,
      0.011356997039720321,
      0.04159836207982974
    ],
    [
      0.02081595171274939,
      0.01775953323218667,
      0.3622887521745697,
      0.01840295713456353,
      0.026257042256878037,
      0.015071707628947079,
      0.06340975836840405,
      0.1716353672269558,
      0.013946167497949767,
      0.027189948443650917,
      0.0061999044883371485,
      0.09584170843052599,
      0.020132052593816466,
      0.030168868961997594,
      0.018426195869438024,
      0.02546254418875915,
      0.06167940309063575,
      0.000782321488270106,
      0.004529815211364766
    ],
    [
      0.020347922438536496,
      0.015573770794040166,
      0.022988985238195078,
      0.2007095826136293,
      0.011153825897931525,
      0.02864643413229555,
      0.0894916177818016,
      0.05539146353334444,
      0.08094768637386719,
      0.08149463562959182,
      0.029459703363518178,
      0.0970688718601117,
      0.055208572646391736,
      0.03421120656972293,
      0.059867719616420775,
      0.05885716663959552,
      0.025923682351242733,
      0.01971753848382209,
      0.012939614035941235
    ],
    [
      0.006426595843539348,
      0.050043287921381505,
      0.009421587993214447,
      0.024629164593118084,
      0.4068558150968402,
      0.015014980359113533,
      0.07387137809520367,
      0.03450989145184043,
      0.09808507038171956,
      0.030567276642740223,
      0.002341147045908993,
      0.02862639538390418,
      0.013930682411764537,
      0.002970064527955625,
      0.00040882826435005717,
      0.009797274749110843,
      0.03552576249721484,
      0.0699549192660722,
      0.08701987747500783
    ],
    [
      0.016804469002600436,
      0.006903087700945197,
      0.0305914567695484,
      0.013058668536318058,
      0.011849660949656107,
      0.3737606900282307,
      0.04318475547712886,
      0.013247811083394324,
      0.03966861477485466,
      0.06018085124110177,
      0.014573483151100627,
      0.08672678222626795,
      0.03096394316842223,
      0.040688040948467674,
      0.04658027456772282,
      0.05261295823657699,
      0.05732628657052234,
      0.04566263952978547,
      0.015615526037355366
    ],
    [
      0.015236235124724455,
      0.007203524685727395,
      0.0384798861248522,
      0.006768705526506156,
      0.02164793431412088,
      0.032502873948116615,
      0.31369428819821876,
      0.041415599934866196,
      0.05244830481112043,
      0.047542416996491026,
      0.04651314335737467,
      0.06955881135910133,
      0.07930981828193995,
      0.01016262071075328,
      0.05518634100881428,
      0.08714120293477687,
      0.03757681343688296,
      0.023970180892867933,
      0.013641298352744621
    ],
    [
      0.010365961194769034,
      0.020778527274215915,
      0.038632100455299884,
      0.021240808898246876,
      0.02065993028291198,
      0.018713328287029832,
      0.018385269341832915,
      0.49056127732399746,
      0.005464712507894136,
      0.03970882516737087,
      0.055649057697172266,
      0.06115930967331365,
      0.012982551013354444,
      0.0327588699940403,
      0.012419924146393044,
      0.041904894304696974,
      0.0376050676890204,
      0.02692275047911124,
      0.03408683426932866
    ],
    [
      0.004616358535134945,
      0.009601261284714321,
      0.015434363691022863,
      0.020231385048808826,
      0.03529349368538855,
      0.00635662746561151,
      0.08162648921964072,
      0.038187165963474705,
      0.4052790086349186,
      0.06322575892708493,
      0.0014007186932980275,
      0.046170132563221285,
      0.06838936977525273,
      0.013398246100435203,
      0.019577351107569557,
      0.04878894887780236,
      0.0489817460812612,
      0.027721409157779694,
      0.04572016518758003
    ],
    [
      0.01228109287821751,
      0.006472625800653145,
      0.007633063748971025,
      0.014882324641105647,
      0.00908584501994066,
      0.041328537990623374,
      0.07006050907130716,
      0.06251207201473044,
      0.027030473830733544,
      0.42726887693837845,
      0.031250534411382154,
      0.06086742429477411,
      0.039110117563604045,
      0.005953181223198455,
      0.051811686524968134,
      0.044732752937341136,
      0.07165949483286463,
      0.013262840546556106,
      0.002796545730650247
    ],
    [
      0.021179550767804596,
      0.005701146995088179,
      0.009903250073488109,
      0.03461919853315028,
      0.02099564128866309,
      0.010467367272052065,
      0.038686206106735656,
      0.11337335354249885,
      0.008069410463803656,
      0.010894582108946123,
      0.5170407706438012,
      0.1064620256245,
      0.005214436198130114,
      0.02803358852241873,
      0.008696355298314817,
      0.03926148457143581,
      0.016242847649377327,
      0.0011219873013647895,
      0.004036797038426785
    ],
    [
      0.03935245751810499,
      0.0001276908496694192,
      0.02621554889121122,
      0.019316095022117896,
      0.0043039111834635435,
      0.0037028177672219775,
      0.06071985606862295,
      0.060217052913678015,
      0.04222254652610584,
      0.07052299480767656,
      0.040476678865412466,
      0.46639687748281156,
      0.055708705223236545,
      0.02761603249011215,
      0.017623398256399535,
      0.02440636888575369,
      0.0327333993950419,
      0.0058963833974059205,
      0.002441184455953945
    ],
    [
      0.0361896585975371,
      0.018063306788125188,
      0.03256602823276042,
      0.0002967754726429718,
      0.02647976889650182,
      0.014177135225406886,
      0.08179209457821285,
      0.04901617291264052,
      0.09870923428446225,
      0.04557084224385292,
      0.03589502023750266,
      0.05119533884827718,
      0.3880203583346866,
      0.046188446608364735,
      0.024290580426245365,
      0.02768931143031588,
      0.007174689766077926,
      0.014437923619329305,
      0.0022473134970575847
    ],
    [
      0.015749211077175022,
      0.003364622274423199,
      0.009573901679941998,
      0.02041097666534036,
      0.008096348778671766,
      0.01919952587349205,
      0.047744199066866944,
      0.035179696486409465,
      0.02204398286862401,
      0.02521030282239048,
      0.006789052390670315,
      0.04593084141636515,
      0.016024436302882417,
      0.6601947024690034,
      0.0192599810101367,
      0.026242010286800288,
      0.014611464908699544,
      0.002657195081562108,
      0.0017175485405446804
    ],
    [
      0.027797144563004618,
      0.001403515265902374,
      0.01158921398304668,
      0.04549393333765215,
      0.023134548805713112,
      0.03669812042472115,
      0.10961602365476197,
      0.06571638924580726,
      0.048239579826613574,
      0.09482326700461785,
      0.01722983604625186,
      0.10436556631074784,
      0.047798569416469844,
      0.04163174222410231,
