{
  "poids_LS": 0.565,
  "poids_EM": 0.43500000000000005,
  "mae_validation": 6.941452967176909,
  "matrice_de_transition": [
    [
      0.2553212117354322,
      0.002553160093920123,
      0.009252814875795566,
      0.056730361987188144,
      0.005969945629217766,
      0.036344742374626364,
      0.10351017286837166,
      0.06124422157944996,
      0.06746403314447975,
      0.056306944997626784,
      0.014645974550245829,
      0.15835266735477382,
      0.021575711303877393,
      0.035073379422522796,
      0.006569329264602238,
      0.04256581949061063,
      0.051970859721385515,
      0.005524738525183649,
      0.009023911080689853
    ],
    [
      0.006231438459058417,
      0.5538688497401926,
      0.0021380147938203503,
      0.011331126015276874,
      0.03736394113498993,
      0.007426818867538555,
      0.043764543038710926,
      0.01707386109846703,
      0.05781530143738351,
      0.013873023025103168,
      0.00247867151836219,
      0.02667971909874607,
      0.01085374343840134,
      0.00015733177084463132,
      0.02917509088376519,
      0.057600965743405244,
      0.07037745670881898,
      0.011183485894260513,
      0.04060661733285459
    ],
    [
      0.020122086655657748,
      0.017167548791113787,
      0.3673654990090188,
      0.018168565683833363,
      0.026565719722281705,
      0.014760752924362203,
      0.06403826833157063,
      0.17181416018215104,
      0.014262814998660138,
      0.02649040942586129,
      0.005993241005392579,
      0.09486307301594296,
      0.01946098417402259,
      0.02916323999659768,
      0.017811989340456764,
      0.025298698216918845,
      0.06151788304984407,
      0.0007562441053277693,
      0.004378821370985941
    ],
    [
      0.019669658357251953,
      0.015054645100905496,
      0.022222685730255248,
      0.20376739353888032,
      0.01078203170133381,
      0.027691552994552372,
      0.09112595135624445,
      0.05680254374852859,
      0.08205862108090514,
      0.08210118223391284,
      0.028477713251400912,
      0.09814262238014691,
      0.054567924262521675,
      0.03307083301739884,
      0.05832488929759158,
      0.05891451435688913,
      0.02565665682217627,
      0.019060287201028026,
      0.01250829356807653
    ],
    [
      0.006212375982088038,
      0.04837517832400213,
      0.009107535060107301,
      0.023808192440014152,
      0.4116327668098879,
      0.014514481013809751,
      0.07499945749945734,
      0.03481749172515101,
      0.09750091775327856,
      0.031222859583855858,
      0.002263108811045361,
      0.02927146227721067,
      0.013466326331372389,
      0.0028710623770237713,
      0.00039520065553838867,
      0.009470698924140484,
      0.03520723953965487,
      0.0691281779095502,
      0.08573546698281191
    ],
    [
      0.016244320035847092,
      0.0066729847775803585,
      0.029571741543896794,
      0.01262337958510746,
      0.011454672251334239,
      0.3805692305190215,
      0.0442893412094376,
      0.012939921265277795,
      0.03963124288954156,
      0.06049505822104809,
      0.014087700379397276,
      0.08678175841306113,
      0.029931811729474827,
      0.039331772916852095,
      0.045850502433309306,
      0.052028630856908877,
      0.05727991739128449,
      0.04457397717071783,
      0.015642036410901658
    ],
    [
      0.014728360620566976,
      0.0069634071962031505,
      0.037197223254023803,
      0.006543082008955953,
      0.021364829654012926,
      0.03141944481651273,
      0.32207326755628585,
      0.04095775887359529,
      0.05178363749775033,
      0.048753157452526175,
      0.04517073067987258,
      0.07045384872001113,
      0.07890095052893342,
      0.009823866687061505,
      0.05383961916851354,
      0.08656674553774539,
      0.037102306476670455,
      0.023171174863105676,
      0.013186588407653138
    ],
    [
      0.010020429154943403,
      0.020085909698408726,
      0.03734436377345656,
      0.020589640369881645,
      0.019971265940148253,
      0.018089550677462173,
      0.018027634447142164,
      0.5004715587526367,
      0.005316945695208476,
      0.03924153116250568,
      0.05379408910726654,
      0.06036440885754325,
      0.013134195763555,
      0.031843709631242695,
      0.012703982784401173,
      0.04138009655422959,
      0.03801213757067655,
      0.026025325463140868,
      0.0335832245961504
    ],
    [
      0.004462479917297115,
      0.009281219241890513,
      0.014919884901322105,
      0.019557005547181868,
      0.0341170438958756,
      0.006144739883424462,
      0.08307289121600084,
      0.038315829899750825,
      0.40989530916945144,
      0.06407263335412985,
      0.0013540280701880936,
      0.04729855557849967,
      0.06761049353869583,
      0.012951637897087365,
      0.01892477273731724,
      0.04849667207836232,
      0.0482037005530552,
      0.02679736218585371,
      0.044523740334615966
    ],
    [
      0.012110753364330276,
      0.0062568716072980415,
      0.0073786282906719925,
      0.014943897510867239,
      0.008782983519275974,
      0.039950920057602604,
      0.07068635883164781,
      0.06178301676866221,
      0.026519960175094344,
      0.43359599732456766,
      0.030208849931002753,
      0.06095955963282185,
      0.037973644791212825,
      0.005975831172260639,
      0.05008463030746921,
      0.0443581070811972,
      0.07290591623271783,
      0.012820745861670904,
      0.002703327539628573
    ],
    [
      0.021230794239075257,
      0.005511108761918575,
      0.009573141737705173,
      0.034027468151739265,
      0.021475230181272273,
      0.010118455029650331,
      0.0386984575983325,
      0.11397696265411092,
      0.0078004301150102024,
      0.010531429371981255,
      0.5191736324792354,
      0.10579192832123088,
      0.0050406216581924445,
      0.027099135571671446,
      0.008406476788370991,
      0.0400480489431996,
      0.016509853535505065,
      0.0010845877246526301,
      0.003902237137145893
    ],
    [
      0.038040708934168166,
      0.00012343448801377193,
      0.025341697261504186,
      0.0186722251880473,
      0.004160447477348093,
      0.0035793905083145792,
      0.061024249626854876,
      0.061242877410934295,
      0.04332715607600003,
      0.07074319619669472,
      0.03912745623656539,
      0.46951970156948225,
      0.05512617225741788,
      0.026695498073775085,
      0.017035951647852886,
      0.02452676618133822,
      0.03345071893619177,
      0.00590254028874115,
      0.0023598116407554806
    ],
    [
      0.03498333664428588,
      0.017461196561854353,
      0.031480493958335076,
      0.0002868829568882061,
      0.0255971099332851,
      0.01370456405122666,
      0.08203227237525221,
      0.04958465400411203,
      0.09809547188202805,
      0.04623678192403565,
      0.03469851956291925,
      0.05185091933606536,
      0.39535327107952734,
      0.04464883172141925,
      0.02348089441203719,
      0.027271683351408182,
      0.007037442204422472,
      0.01402327099374229,
      0.0021724030471556655
    ],
    [
      0.015224237374602526,
      0.003252468198609093,
      0.009254771623943933,
      0.019736353007182208,
      0.008077423662961127,
      0.018908221566124036,
      0.04855819588959858,
      0.0351824522056953,
      0.022150585887249098,
      0.0250989812417781,
      0.006562750644314639,
      0.04601554350300718,
      0.015490288426119672,
      0.6614979653951429,
      0.019259028191786487,
      0.026591204370759926,
      0.014910609976421846,
      0.002568621912176705,
      0.0016602969225265247
    ],
    [
      0.026870573077571135,
      0.0013567314237056287,
      0.011202906850278459,
      0.043977468893063754,
      0.022363397178856013,
      0.03547484974389712,
      0.1113281781402824,
      0.06607514106068291,
      0.04886663773593386,
      0.09531844007922433,
      0.01665550817804347,
      0.10553734637126737,
      0.04713877228355126,
