{
  "poids_LS": 0.505,
  "poids_EM": 0.495,
  "mae_validation": 7.103360148271463,
  "matrice_de_transition": [
    [
      0.24266328983616914,
      0.0029053201068746227,
      0.010529065203491504,
      0.06202499399910613,
      0.006793386405661596,
      0.04135781028836793,
      0.09681873644863065,
      0.05786378070108354,
      0.06454724283952391,
      0.054619073759193386,
      0.01666610897096939,
      0.1627169058802086,
      0.024551671483722545,
      0.03991108692907766,
      0.007475443645926684,
      0.04320602425077094,
      0.04879469935488304,
      0.006286771425208978,
      0.010268588471129832
    ],
    [
      0.007090947212031991,
      0.5358493578870135,
      0.0024329133860714327,
      0.01289403994841851,
      0.04251758818809198,
      0.008451207676854217,
      0.041359084048550696,
      0.018950829621331024,
      0.05815320280229068,
      0.013635777566335404,
      0.0028205572450328365,
      0.024162523850169537,
      0.011704574087879997,
      0.00017903270475423563,
      0.029067716746746155,
      0.06012349738071648,
      0.07415602285085646,
      0.011877530476099752,
      0.04457359632075522
    ],
    [
      0.02289754688402433,
      0.01953548655540534,
      0.3470585116712221,
      0.01910613148675405,
      0.025331009860667025,
      0.01600457174270172,
      0.0615242284789043,
      0.17109898836137005,
      0.012996224995818647,
      0.02928856549701982,
      0.006819894937170864,
      0.0987776146742751,
      0.022145257853198114,
      0.03318575585819736,
      0.02026881545638183,
      0.025954082104280067,
      0.062163963213010806,
      0.0008605536370971166,
      0.004982796732501243
    ],
    [
      0.02238271468239015,
      0.017131147873444184,
      0.02528788376201459,
      0.1915361498378763,
      0.012269208487724679,
      0.03151107754552511,
      0.08458861705847304,
      0.05115822288779195,
      0.0776148822527533,
      0.07967499581662874,
      0.03240567369987,
      0.09384762030000604,
      0.057130517798001934,
      0.03763232722669523,
      0.06449621057290839,
      0.05868512348771468,
      0.026724758938442117,
      0.0216892923322043,
      0.01423357543953536
    ],
    [
      0.007069255427893283,
      0.05504761671351966,
      0.010363746792535891,
      0.027092081052429894,
      0.39252495995769693,
      0.01651647839502489,
      0.07048713988244257,
      0.03358709063190868,
      0.09983752826704256,
      0.028600527819393304,
      0.002575261750499893,
      0.02669119470398471,
      0.015323750652940992,
      0.0032670709807511877,
      0.00044971109078506294,
      0.010777002224021929,
      0.03648133136989476,
      0.0724351433356382,
      0.09087310895159564
    ],
    [
      0.018484915902860482,
      0.007593396471039718,
      0.033650602446503246,
      0.014364535389949865,
      0.013034627044621718,
      0.3533350685558581,
      0.03987099828020264,
      0.014171480537743922,
      0.03978073043079394,
      0.059238230301262795,
      0.01603083146621069,
      0.0865618536658884,
      0.03406033748526446,
      0.044756845043314446,
      0.04876959097096337,
      0.05436594037558133,
      0.05746539410823591,
      0.048928626606988435,
      0.015535994916716488
    ],
    [
      0.016759858637196902,
      0.007923877154300136,
      0.04232787473733743,
      0.007445576079156773,
      0.02249724829444475,
      0.035753161342928275,
      0.28855735012401734,
      0.04278912311867893,
      0.054442306751230754,
      0.043910195628385565,
      0.05054038138988094,
      0.0668736992763719,
      0.0805364215409595,
      0.011178882781828608,
      0.05922650652971655,
      0.0888645751258713,
      0.0390003343175205,
      0.02636719898215473,
      0.015005428188019086
    ],
    [
      0.011402557314245939,
      0.022856380001637512,
      0.04249531050082987,
      0.02319431448334259,
      0.02272592331120318,
      0.020584661115732816,
      0.019458174025905176,
      0.4608304330380795,
      0.005908012945951115,
      0.04111070718196643,
      0.0612139634668895,
      0.06354401212062484,
      0.012527616762752769,
      0.03550435108243313,
      0.011567748232368648,
      0.043479287556099123,
      0.03638385804405195,
      0.029615025527022363,
      0.03559766328886345
    ],
    [
      0.00507799438864844,
      0.010561387413185755,
      0.016977800060125153,
      0.02225452355368971,
      0.0388228430539274,
      0.006992290212172662,
      0.07728728323056032,
      0.037801174154646365,
      0.39143010703132,
      0.06068513564595014,
      0.0015407905626278304,
      0.04278486351738612,
      0.07072599848492342,
      0.014738070710478723,
      0.021535086218326515,
      0.049665779276122465,
      0.05131588266587918,
      0.030493550073557665,
      0.04930943974647225
    ],
    [
      0.012792111419879215,
      0.007119888380718461,
      0.008396370123868128,
      0.014697606031820867,
      0.009994429521934727,
      0.045461391789685716,
      0.06818295979028521,
      0.06469923775293511,
      0.028562014797651167,
      0.40828751577981054,
      0.03437558785252037,
      0.06059101828063092,
      0.04251953588077774,
      0.005885231376011903,
      0.056992855177464954,
      0.04585669050577294,
      0.06792023063330499,
      0.014589124601211716,
      0.003076200303715272
    ],
    [
      0.021025820353992603,
      0.006271261694596998,
      0.010893575080836921,
      0.03639438967738335,
      0.019556874610835537,
      0.011514103999257272,
      0.038649451631945136,
      0.11156252620766258,
      0.008876351510184021,
      0.011984040319840737,
      0.5106421851374983,
      0.10847231753430733,
      0.005735879817943126,
      0.030836947374660605,
      0.009565990828146298,
      0.0369017914561444,
      0.015441829990994117,
      0.0012341860315012688,
      0.004440476742269463
    ],
    [
      0.04328770326991549,
      0.00014045993463636115,
      0.028837103780332343,
      0.021247704524329687,
      0.0047343023018098975,
      0.0040730995439441755,
      0.059806675393927165,
      0.05713957942190914,
      0.038908717876423235,
      0.069862390640622,
      0.044524346751953714,
      0.4570284052227995,
      0.05745630412069255,
      0.03037763573912337,
      0.01938573808203949,
      0.024045176999000092,
      0.030581440771592274,
      0.005877912723400229,
      0.00268530290154934
    ],
    [
      0.03980862445729082,
      0.019869637466937706,
      0.03582263105603646,
      0.00032645301990726896,
      0.029127745786152005,
      0.015594848747947577,
      0.0810715611870948,
      0.04731072963822598,
      0.10055052149176488,
      0.04357302320330468,
      0.03948452226125294,
      0.04922859738491263,
      0.36602162010016426,
      0.050807291269201214,
      0.0267196384688699,
      0.028942195667038994,
      0.007586432451044291,
      0.01568188149609036,
      0.0024720448467633435
    ],
    [
      0.017324132184892527,
      0.003701084501865519,
      0.010531291847936199,
      0.022434847639814837,
      0.008153124125803678,
      0.020073438795596102,
      0.045302208598671984,
      0.03517142932855197,
      0.02172417381274874,
      0.025544267564227625,
      0.007467957629737346,
      0.04567673515643905,
      0.01762687993317066,
      0.6562849136905848,
      0.019262839465187347,
      0.025194428034921355,
      0.013714029705532635,
      0.0029229145897183193,
      0.0018893033945991487
    ],
    [
      0.03057685901930508,
      0.0015438667924926118,
      0.012748135381351349,
      0.05004332667141737,
      0.025448003686284425,
      0.040367932467193265,
      0.10447956019820061,
      0.06464013380118033,
      0.04635840609865268,
      0.09333774778079838,
      0.018952819650877046,
      0.10085022612918924,
      0.04977796081522559,
      0.04579491644651255,
