{
  "poids_LS": 0.285,
  "poids_EM": 0.7150000000000001,
  "mae_validation": 7.703451971102036,
  "matrice_de_transition": [
    [
      0.19625090953887114,
      0.0041965734877077885,
      0.01520864973837662,
      0.08143864470947212,
      0.009812669252622306,
      0.059739059305420346,
      0.07228346957624696,
      0.045468830813739994,
      0.05385234505468581,
      0.048430212551604235,
      0.024073268513622455,
      0.17871911380680278,
      0.03546352547648813,
      0.05764934778644552,
      0.010797863044116321,
      0.04555344170469209,
      0.03714877801104062,
      0.009080892058635192,
      0.014832405569409757
    ],
    [
      0.010242479306268433,
      0.46977788775869,
      0.0035142082243254033,
      0.01862472436993785,
      0.061414294049466196,
      0.012207299977678315,
      0.032539067751296544,
      0.025833047538499004,
      0.05939217447361697,
      0.012765877550853596,
      0.0040741382428252084,
      0.014932807938722228,
      0.01482428646930174,
      0.00025860279575611815,
      0.028674011577676364,
      0.0693727800508577,
      0.08801076537166053,
      0.014422360609510302,
      0.05911918594305758
    ],
    [
      0.03307423438803515,
      0.028217925024474382,
      0.2725995580993008,
      0.022543872764129894,
      0.02080374036807986,
      0.020565240743279957,
      0.05230608235246108,
      0.1684766916851732,
      0.008352061652066506,
      0.03954847109126779,
      0.00985095935369125,
      0.11313093408815963,
      0.03198759467684172,
      0.04793498068406285,
      0.029277177881440426,
      0.02835715635793789,
      0.06453292381128885,
      0.001243021920251391,
      0.007197373058057352
    ],
    [
      0.032330587874563554,
      0.02474499137275271,
      0.036526943211798855,
      0.14668825626752824,
      0.017722190037824537,
      0.04551600089909183,
      0.060618391299977856,
      0.030462379731757565,
      0.06132117321619653,
      0.07077897895325372,
      0.04680819534425667,
      0.07809927933948951,
      0.06652669409476292,
      0.05435780599411534,
      0.08712438858240333,
      0.05784402363407502,
      0.03064113336475023,
      0.03132897781318399,
      0.020559608968217746
    ],
    [
      0.010211146729179188,
      0.07951322414175063,
      0.014969856478107401,
      0.039133005964620965,
      0.32246300149966345,
      0.023857135459480396,
      0.05394197528672172,
      0.02907561995668681,
      0.10840510015084397,
      0.018985311349697262,
      0.0037198225284998457,
      0.01723021360215617,
      0.02213430649869255,
      0.004719102527751717,
      0.0006495826866895354,
      0.015566780990253899,
      0.0411530014141077,
      0.08456068323129423,
      0.10971112950380268
    ],
    [
      0.026700434081909585,
      0.010968239347057372,
      0.048606425756060244,
      0.020748773341038695,
      0.01882779462000915,
      0.25347647469092566,
      0.023670407539674407,
      0.018687197870119736,
      0.040328851415386016,
      0.05462986126205008,
      0.02315564545119322,
      0.08575553625958837,
      0.04919826525649311,
      0.06464877617367643,
      0.05947291560902828,
      0.06293607527738036,
      0.058145475403724445,
      0.06489567453998071,
      0.015147176104704195
    ],
    [
      0.024208684698173305,
      0.011445600333989087,
      0.0611402635094874,
      0.01075472100322645,
      0.026649449976028125,
      0.05164345527311863,
      0.16566565287236615,
      0.04950412535065228,
      0.06419076068065903,
      0.02615266893987001,
      0.07022910065991163,
      0.053746484649694684,
      0.08653314858505512,
      0.01614727512930799,
      0.07897842685412759,
      0.09728995028233299,
      0.04595976973397069,
      0.03808595408533461,
      0.021674507382694237
    ],
    [
      0.016470360565021915,
      0.03301477111347641,
      0.06138211516786538,
      0.0327447862326994,
      0.03282633367173793,
      0.02973339938939185,
      0.0247034858147029,
      0.3154796387513694,
      0.008075259532007462,
      0.04796435258665586,
      0.08842016945217374,
      0.07520255741859065,
      0.010303493759811249,
      0.048926703070131444,
      0.007401554874916047,
      0.05117632122962078,
      0.030413499779761724,
      0.04277725909458786,
      0.04298393849547798
    ],
    [
      0.007334880783603303,
      0.015255337374601647,
      0.02452348897573633,
      0.03214542291088514,
      0.056077439966784035,
      0.010099974750916068,
      0.05607338728394504,
      0.035914103089263336,
      0.323724365858171,
      0.04826431071595784,
      0.0022255863682402,
      0.02623465929330308,
      0.0821495166210913,
      0.02128832435958038,
      0.03110623564869386,
      0.05395250566790967,
      0.06272721707956709,
      0.044046238995138855,
      0.06685700425661195
    ],
    [
      0.015290424290225335,
      0.010284283216593334,
      0.012128090178920631,
      0.013794537275317511,
      0.014436398198350162,
      0.06566645480732382,
      0.05900382997195569,
      0.0753920480286024,
      0.036049548413692865,
      0.315489750115701,
      0.04965362689808499,
      0.05923969998926417,
      0.059187803209182425,
      0.0055530321230998735,
      0.08232301303411606,
      0.05135149639588401,
      0.04963938343545787,
      0.02107317997952804,
      0.004443400438699838
    ],
    [
      0.020274249442022864,
      0.009058489114417886,
      0.01573516400565333,
      0.045073101938078335,
      0.012522904185900824,
      0.01663148355448273,
      0.038469763088524796,
      0.10270959257068524,
      0.012821396625821366,
      0.017310280461992178,
      0.4793602115511291,
      0.11830041131558772,
      0.00828515973702896,
      0.04454225731895421,
      0.013817542307322433,
      0.025365514003608675,
      0.011525743661120648,
      0.001782713156612944,
      0.006414021961055893
    ],
    [
      0.06252668250098906,
      0.00020288657225252168,
      0.041653594349368946,
      0.030691128757365106,
      0.0068384366581698535,
      0.005883366007919366,
      0.055342236539858924,
      0.04209415346215023,
      0.02270777781130831,
      0.0666327702683553,
      0.0643129453083776,
      0.41122698528496293,
      0.06600012095269975,
      0.04387880717873376,
      0.028001621674057047,
      0.02227934999709362,
      0.02006075416806078,
      0.005787611650483519,
      0.0038787708577934913
    ],
    [
      0.05750134643830897,
      0.02870058745224336,
      0.0517438004142749,
      0.00047154325097716634,
      0.04207341057999735,
      0.02252589263592428,
      0.0775489534971843,
      0.03897300696331045,
      0.10955237006080001,
      0.03380590789395776,
      0.0570331988218098,
      0.039613416897352594,
      0.25847223317583323,
      0.07338830961106843,
      0.038595033343923196,
      0.03506740749101864,
      0.00959939668865763,
      0.021763453338033305,
      0.0035707314453248297
    ],
    [
      0.02502374648928921,
      0.005346010947139084,
      0.01521186600257451,
      0.03232932795946782,
      0.008430692489559697,
      0.024345901970327016,
      0.033363588531941095,
      0.03513101211235975,
      0.020160662872914088,
      0.027176984079875885,
      0.010787049909620613,
      0.04443443788568927,
      0.02546104879235762,
      0.6371703907738719,
      0.01927681413432384,
      0.02007291480351326,
      0.00932656871227219,
      0.004221987740704239,
      0.0027289937921987704
    ],
    [
      0.04416657413899623,
      0.0022300298113782173,
      0.018413973328618615,
      0.07228480519204732,
      0.03675822754685529,
      0.05830923578594584,
      0.07936796107723401,
      0.05937844051633759,
      0.037161556761954984,
      0.08607520935323654,
      0.02737629505126685,
      0.08366411857490275,
      0.05945498543136481,
      0.06614821264496258,
      0.18351635528782545,
