{
  "poids_LS": 0.2425,
  "poids_EM": 0.7575000000000001,
  "mae_validation": 7.820371865392745,
  "matrice_de_transition": [
    [
      0.1872848815268931,
      0.004446020163550559,
      0.01611266038716124,
      0.08518900905124736,
      0.010395939802603352,
      0.0632899824109873,
      0.06754370211226374,
      0.04307435185823044,
      0.05178628525534208,
      0.04723463709104724,
      0.025504197061634978,
      0.18181044942898572,
      0.037571497270545116,
      0.06107605727025522,
      0.011439694064221137,
      0.04600692007647231,
      0.0348989977514347,
      0.0096206653628198,
      0.015714052054304744
    ],
    [
      0.010851298006291381,
      0.4570140810293548,
      0.0037230947271699203,
      0.019731788405913175,
      0.06506479404541349,
      0.012932908717610242,
      0.030835200966599724,
      0.027162566908860996,
      0.05963152127375955,
      0.012597828684226427,
      0.004316307299216917,
      0.013149794637647181,
      0.015426958179349123,
      0.0002739742906087545,
      0.028597954897287885,
      0.07115957329395316,
      0.09068724972227041,
      0.014913975521646434,
      0.06192912939282053
    ],
    [
      0.03504018538312814,
      0.029895214274180903,
      0.2582154420683614,
      0.023207981874532047,
      0.019929154216102793,
      0.021446279072937117,
      0.05052530412348909,
      0.16797011164545333,
      0.0074548937333871156,
      0.04153049830833841,
      0.010436505888700869,
      0.11590373442947824,
      0.03388895519959106,
      0.05078426275269596,
      0.031017429713554017,
      0.028821386611485426,
      0.0649905639268653,
      0.001316907838588012,
      0.007625188939130691
    ],
    [
      0.034252336104869774,
      0.02621584750330095,
      0.03869812515096172,
      0.13802445864598373,
      0.018775606928184738,
      0.048221497456030854,
      0.055987779505723104,
      0.02646431912206911,
      0.058173524879588975,
      0.06906043024101081,
      0.04959050066192228,
      0.07505698619938975,
      0.0683418645157281,
      0.05758886439236695,
      0.09149574115241939,
      0.05768153843507646,
      0.031397705697105205,
      0.03319118978110053,
      0.02178168362716775
    ],
    [
      0.010818103003291238,
      0.08423953466765888,
      0.015859673121910986,
      0.04145909373174878,
      0.3089283049793615,
      0.025275216937841117,
      0.05074575030800292,
      0.028204085848973492,
      0.11006019926476013,
      0.017127826349869618,
      0.0039409308606134725,
      0.015402524071121113,
      0.023449982059803642,
      0.004999608622058636,
      0.0006881942449892631,
      0.016492079161003256,
      0.042055483127194294,
      0.08690311707477323,
      0.1133502925650245
    ],
    [
      0.028287522821044072,
      0.011620197629924417,
      0.051495618895406485,
      0.021982092036135402,
      0.01994692926525445,
      0.23418560996701823,
      0.020540747964799634,
      0.019559552354783245,
      0.04043473842377312,
      0.05373960815220216,
      0.024532029971019394,
      0.08559977039700768,
      0.05212263766684409,
      0.06849153559658727,
      0.06154060332319992,
      0.06459166951977335,
      0.05827685474489837,
      0.06798021789067239,
      0.015072063379656366
    ],
    [
      0.025647662459952838,
      0.01212593322097445,
      0.06477447497683456,
      0.011393987636285366,
      0.027451579846334003,
      0.05471317114599631,
      0.14192521135784264,
      0.050801341690919856,
      0.06607398473520766,
      0.022722237647770413,
      0.07403260324616757,
      0.05121054546045023,
      0.0876916072185736,
      0.01710707819643469,
      0.08279413873497972,
      0.09891757957392219,
      0.047304206121239464,
      0.040349804502994364,
      0.022962852227120117
    ],
    [
      0.017449368011194545,
      0.034977187578263465,
      0.06503070243308814,
      0.034589763729734234,
      0.03477754930956851,
      0.03150076928316689,
      0.025716784682993366,
      0.2874005080368914,
      0.008493932167950165,
      0.049288352267107226,
      0.09367591379024,
      0.07745477639660676,
      0.009873833634243,
      0.05151965743139135,
      0.00659672206722634,
      0.05266324818927837,
      0.029260135115069294,
      0.045319963306503924,
      0.04441083256948305
    ],
    [
      0.007770870200810492,
      0.016162123162602442,
      0.025981178879888493,
      0.03405616483216153,
      0.05941071437040406,
      0.010700322900446046,
      0.051975248294258,
      0.03554955526981435,
      0.3106448476769944,
      0.04586483317266388,
      0.0023578764670516804,
      0.02303746075001431,
      0.08435633262466916,
      0.02255371426906593,
      0.032955207697742094,
      0.0547806232663231,
      0.06493167940948408,
      0.04666437208226249,
      0.07024687467334348
    ],
    [
      0.015773052912905833,
      0.010895586764432797,
      0.012848990644101227,
      0.013620080810992998,
      0.01529450578356678,
      0.06956970561754935,
      0.057230588984323844,
      0.07745770455912902,
      0.037496003771337286,
      0.29756290902149807,
      0.05260506625915996,
      0.058978649864795604,
      0.06240780939762424,
      0.005488857267423686,
      0.08721633898369638,
      0.05241299298829182,
      0.04610785613587377,
      0.02232578158670278,
      0.004707518646594583
    ],
    [
      0.020129059606755983,
      0.009596930775065104,
      0.01667047095703832,
      0.04674967135207623,
      0.0111640689901748,
      0.017620068241287645,
      0.03843505052900041,
      0.100999366754451,
      0.01358350761406949,
      0.018339213216725977,
      0.4733171030173987,
      0.12019902034151687,
      0.00877763426685236,
      0.047189874012738206,
      0.014638864752163276,
      0.02313691495027791,
      0.010769226983758727,
      0.001888678623964063,
      0.006795275014685089
    ],
    [
      0.06624330348881008,
      0.00021494626361018905,
      0.04412950730020556,
      0.03251542662056513,
      0.007244917158830299,
      0.006233076574823663,
      0.05447978812486847,
      0.03918765071992407,
      0.019578050753274744,
      0.06600886633280378,
      0.06813574275677767,
      0.40237898370606273,
      0.06765063102251931,
      0.04648698802502213,
      0.02966605373160589,
      0.02193822432627078,
      0.018028348801469474,
      0.0057701671250337,
      0.004109327167522475
    ],
    [
      0.06091925863918747,
      0.030406566426677405,
      0.05481948085848005,
      0.0004995720456156692,
      0.04457427764244474,
      0.023864844296101598,
      0.07686844973890614,
      0.0373623105374745,
      0.11129136353436361,
      0.03191907880010665,
      0.06042328406646283,
      0.037755938848619414,
      0.23769564706545115,
      0.07775055179074732,
      0.04088914371751304,
      0.036250687047923794,
      0.009988264780014753,
      0.02293830244386319,
      0.003782977720046935
    ],
    [
      0.026511171979911295,
      0.0056637808286123855,
      0.016116067827902366,
      0.03424076165758261,
      0.008484313650739837,
      0.025171264174536398,
      0.031057264200868087,
      0.03512320424104989,
      0.019858620986809666,
      0.0274923952249443,
      0.011428238190961698,
      0.04419444864020351,
      0.02697446777651874,
      0.6334778124831433,
      0.019279513786316115,
      0.019083531565627608,
      0.00847899102039233,
      0.004472945053962883,
      0.002891206709916879
    ],
    [
      0.04679186001439111,
      0.0023625840309356634,
      0.019508510204795246,
      0.07658145445171446,
      0.03894315715628374,
      0.06177516938161395,
      0.07451685670159273,
      0.058361977040856605,
      0.035384892685547474,
      0.08467221897518482,
      0.029003557344523968,
      0.08034407507009741,
      0.061324410641300786,
      0.07008009941057224,
      0.173950588529056,
