{
  "poids_LS": 0.3725,
  "poids_EM": 0.6275,
  "mae_validation": 7.463661545916528,
  "matrice_de_transition": [
    [
      0.2147103789752965,
      0.003683006802149142,
      0.013347451343820036,
      0.07371730635875837,
      0.008611818120308385,
      0.05242833526454722,
      0.08204181435503592,
      0.050398640428024354,
      0.05810599758274641,
      0.05089169144098628,
      0.021127239150067253,
      0.1723545992905437,
      0.031123583547547268,
      0.05059435767271966,
      0.009476446238018169,
      0.04461980976279163,
      0.041780678545523406,
      0.007969594079431583,
      0.013017251041684785
    ],
    [
      0.0089890290415153,
      0.49605631337790956,
      0.003084147777292574,
      0.01634547488410629,
      0.05389855876369235,
      0.010713399630759637,
      0.03604702877861354,
      0.02309580177598901,
      0.05889940164979401,
      0.013111860511556585,
      0.003575554891430515,
      0.01860371767622968,
      0.013583491772145363,
      0.00022695560047127848,
      0.028830598860829122,
      0.0656940880797788,
      0.08250035641452252,
      0.013410212260994743,
      0.053334008252369135
    ],
    [
      0.029026688221667204,
      0.024764682451549194,
      0.30221391463358765,
      0.02117658930153723,
      0.022604358916267935,
      0.018751338299868154,
      0.055972390470932804,
      0.16951965059047874,
      0.010199172072877018,
      0.03546782682082825,
      0.008645422369847913,
      0.10742222750309191,
      0.02807302889471074,
      0.04206881171922998,
      0.025694306462383024,
      0.027401388188869436,
      0.06359072357333735,
      0.001090903853087759,
      0.006316575655847535
    ],
    [
      0.02837404740040367,
      0.021716758162800453,
      0.03205686274881647,
      0.16452548666482575,
      0.015553390557671182,
      0.039945860928923244,
      0.07015200381756116,
      0.03869368098699851,
      0.06780162567391798,
      0.07431716747845968,
      0.04107991969023924,
      0.08436282403969494,
      0.06278957852218751,
      0.047705626938891424,
      0.07812454505589964,
      0.05817855198495443,
      0.029083484445195866,
      0.02749501199688525,
      0.01804357290567361
    ],
    [
      0.008961530870713202,
      0.06978258482370421,
      0.013137881034982367,
      0.03434400173818133,
      0.3503285531591086,
      0.020937555945208314,
      0.0605224384782016,
      0.03086995488433187,
      0.10499754315160477,
      0.02280954517287182,
      0.0032645994917953184,
      0.020993103813110703,
      0.019425562696404993,
      0.004141589980649233,
      0.0005700883019548019,
      0.013661755344593454,
      0.03929495082834119,
      0.07973802531824922,
      0.10221873496599305
    ],
    [
      0.023432898442515053,
      0.009625972294095803,
      0.04265808693975916,
      0.018209587792310182,
      0.016523693879798237,
      0.2931929608872056,
      0.030113824311475402,
      0.016891173931106628,
      0.04011084875105962,
      0.05646273531173695,
      0.020321912616256984,
      0.0860762306825486,
      0.04317749852929989,
      0.056737212655918814,
      0.0552159114916161,
      0.05952749889598301,
      0.057874988524836954,
      0.05854514411208605,
      0.015301819950390903
    ],
    [
      0.021246083423921324,
      0.010044914978430979,
      0.05365806342965502,
      0.009438583817516917,
      0.024998006125398372,
      0.045323452005429275,
      0.21454303246109108,
      0.04683338582657197,
      0.06031353468600005,
      0.03321532160007506,
      0.062398360041149424,
      0.058967535921668576,
      0.08414808669251708,
      0.014171209991105962,
      0.07112254945237319,
      0.09393894879964935,
      0.04319181246606435,
      0.03342508557838807,
      0.01902203270299389
    ],
    [
      0.014454756999372376,
      0.02897450192126775,
      0.05387031785711261,
      0.028946303150568845,
      0.02880912500561615,
      0.02609469666691382,
      0.022617282262340166,
      0.3732896137517655,
      0.007213286458007778,
      0.04523847089160892,
      0.07759951934439022,
      0.07056563599326333,
      0.011188088135981171,
      0.0435882676204787,
      0.009058563596630148,
      0.048115001018561025,
      0.03278807408942261,
      0.03754227983476067,
      0.040046215401938104
    ],
    [
      0.006437255512882618,
      0.013388425458129415,
      0.02152236270248188,
      0.028211542484727865,
      0.04921481619462514,
      0.00886396385482494,
      0.06451073226271248,
      0.03666464271754068,
      0.3506527856429461,
      0.0532044115403866,
      0.001953224400098916,
      0.032817126882427015,
      0.07760607190784269,
      0.01868310984005131,
      0.02729952848888866,
      0.052247557671176115,
      0.058188618165032124,
      0.03865596499223724,
      0.0598778592809882
    ],
    [
      0.014296777125883127,
      0.009025717088688552,
      0.01064388333884293,
      0.0141537123489268,
      0.012669706111139475,
      0.057630350198035925,
      0.06265462024060947,
      0.07113922575987108,
      0.03307155208913082,
      0.3523979523684718,
      0.04357713409587178,
      0.059777156127875944,
      0.052558378703566916,
      0.005685156825962613,
      0.0722485184320389,
      0.04916606223504437,
      0.05691017493460161,
      0.01849429431769768,
      0.003899627657740067
    ],
    [
      0.020573169691101737,
      0.00794993275426185,
      0.01380953204691953,
      0.04162134137984737,
      0.015320506059454403,
      0.014596162140472602,
      0.0385412301228397,
      0.10623064572175576,
      0.011252344591192875,
      0.015191889496363761,
      0.4918019055911623,
      0.1143915103798512,
      0.007271241587392548,
      0.03909128177292834,
      0.012126584332650105,
      0.029953806172230837,
      0.013083277996865778,
      0.0015645489591253456,
      0.005629089203584016
    ],
    [
      0.05487481576135751,
      0.00017805779592791236,
      0.0365561265094112,
      0.026935221391953288,
      0.006001565039163052,
      0.005163373664292869,
      0.057117865629545156,
      0.04807812969614525,
      0.029151333519024474,
      0.06791727837096137,
      0.05644247997343627,
      0.4294434591238752,
      0.06260201198542414,
      0.038509023083434166,
      0.02457484979086824,
      0.022981667554670057,
      0.024245118158101715,
      0.005823526849939028,
      0.0034040961024691123
    ],
    [
      0.05046446837767674,
      0.02518827779899679,
      0.045411517146793694,
      0.0004138369090743662,
      0.03692456662789976,
      0.01976922745320627,
      0.07894999064658052,
      0.04228914666356094,
      0.10597208937993376,
      0.0376905560283571,
      0.05005361155340649,
      0.043437636409450336,
      0.3012475575207377,
      0.06440722277055305,
      0.033871864927708814,
      0.032631243697390365,
      0.008798785912334142,
      0.01934464635544236,
      0.0031337538208969654
    ],
    [
      0.021961399890949616,
      0.004691778838223461,
      0.013350274009252452,
      0.028394023286878567,
      0.008320295981247644,
      0.022646626844013584,
      0.03811190333120906,
      0.0351470871415271,
      0.02078251381489378,
      0.02652760819297032,
      0.009466956389212494,
      0.044928533391101116,
      0.022345186177908257,
      0.6447727578430191,
      0.019271256027280914,
      0.022109880293277845,
      0.011071581607318958,
      0.003705310919289384,
      0.002395026020426193
    ],
    [
      0.038761573807300886,
      0.001957124065230533,
      0.016160515054137313,
      0.06343876259861495,
      0.0322598430568555,
      0.0511734901478056,
      0.08935552890943663,
      0.061471159436445495,
      0.040819394566323386,
      0.08896371895510771,
      0.02402604915338454,
      0.0904995022612667,
      0.055606168822673066,
      0.05805315165694267,
      0.20321058096764488,
