{
  "poids_LS": 0.9525,
  "poids_EM": 0.04749999999999999,
  "mae_validation": 5.924128589105463,
  "matrice_de_transition": [
    [
      0.33707029066817296,
      0.00027879334358897883,
      0.0010103648427592855,
      0.02253586357688442,
      0.0006518906146846983,
      0.003968678765045406,
      0.14672569974586572,
      0.08307623558556644,
      0.08630163719731959,
      0.06720778007917586,
      0.0015992730830728197,
      0.13016696021134094,
      0.002355968475710749,
      0.003829851776022603,
      0.0007173405518818533,
      0.038431163747908614,
      0.07248356208838069,
      0.0006032760458533867,
      0.0009853696007649836
    ],
    [
      0.000680444429437413,
      0.6702447346253079,
      0.00023346138553210713,
      0.0012373068637371294,
      0.004079970583705795,
      0.000810974474041566,
      0.05929979901682903,
      0.004951772721637066,
      0.05563302178902472,
      0.015405233279644989,
      0.000270659533614262,
      0.042936605079136214,
      0.00535879549385168,
      1.717990601177008e-05,
      0.029868548852013115,
      0.04130961558577014,
      0.04597421704149363,
      0.006701114636548747,
      0.014986544702662943
    ],
    [
      0.0021972393474568794,
      0.001874617396730815,
      0.4985147922322894,
      0.01211345320663727,
      0.03453988757854319,
      0.0067277563892528085,
      0.08027477571337405,
      0.17643297819136147,
      0.022442875433678115,
      0.00841898479962909,
      0.00065443436265781,
      0.06958165813921452,
      0.00212504999601396,
      0.003184491723766412,
      0.0019449873417740134,
      0.02106601061104427,
      0.05734528199605888,
      8.257837931740006e-05,
      0.0004781471611996141
    ],
    [
      0.002147836257401074,
      0.0016438980282597949,
      0.002426615108476147,
      0.2827608424411979,
      0.0011773482892261052,
      0.0030237902695200852,
      0.13334623536268483,
      0.09325544930745278,
      0.11075776767938583,
      0.09777030284553931,
      0.0031096353550380293,
      0.12588117748105668,
      0.038017841012544955,
      0.0036111829156929755,
      0.01846843939450391,
      0.06039599705364079,
      0.01875849732129266,
      0.002081295728847887,
      0.0013658481482382411
    ],
    [
      0.0006783628945958199,
      0.005282347058368047,
      0.0009945009548393024,
      0.0025997451514957973,
      0.5350373527302879,
      0.0015849145934619837,
      0.10414150877601112,
      0.042763832119007715,
      0.08241030818521929,
      0.04815875222934321,
      0.00024712107706817145,
      0.045935690354295025,
      0.001470460921241812,
      0.0003135068112842048,
      4.315409457028381e-05,
      0.001034156779072811,
      0.026978729802688898,
      0.04777069286606517,
      0.05255486260108361
    ],
    [
      0.001773805061385601,
      0.0007286592573219929,
      0.003229098214563442,
      0.001378415012166906,
      0.0012507975446859221,
      0.5564565265311185,
      0.07282447262741346,
      0.004986100963934037,
      0.038665802518953254,
      0.06861207186966142,
      0.0015383121103939546,
      0.08820197657188505,
      0.003268416223333457,
      0.0042948487667826985,
      0.026998055627626798,
      0.036933506882149233,
      0.05608204692763991,
      0.016450199561470077,
      0.01632688772751422
    ],
    [
      0.0016082692631653587,
      0.0007603720501601138,
      0.004061765757623287,
      0.0007144744722423163,
      0.01405129260122403,
      0.003430858916745642,
      0.5385302343063534,
      0.02913019812409678,
      0.03461306523568919,
      0.08003061923343428,
      0.010491736511068536,
      0.09357564721018123,
      0.06833853357626499,
      0.001072721075023957,
      0.0190493049607441,
      0.07172659611443219,
      0.02484421000451388,
      0.002530185760913837,
      0.001439914826123043
    ],
    [
      0.0010941847927811758,
      0.002193288990056124,
      0.004077832825837209,
      0.0037677867204463566,
      0.0021807704187518195,
      0.001975295763630926,
      0.00878873300096436,
      0.7564871623258193,
      0.001499636367495595,
      0.027169769370154986,
      0.005874067201368183,
      0.039829471116808034,
      0.01705168514373609,
      0.008202066925637717,
      0.020042164266277914,
      0.027822821333822138,
      0.04852810951346047,
      0.0028418458839061856,
      0.020573308039045272
    ],
    [
      0.0004872822898197997,
      0.001013466468942067,
      0.0016291828340524131,
      0.0021355350884853757,
      0.0037254243334576788,
      0.000670977343592326,
      0.12043827612197093,
      0.04163964825355047,
      0.5291497396448843,
      0.08595022271945721,
      0.0001478536398481251,
      0.0764494834731914,
      0.04748952409430927,
      0.0014142593106014933,
      0.002066498172465675,
      0.04094618809282804,
      0.028104191074400355,
      0.0029261487444323005,
      0.013616098299710812
    ],
    [
      0.007710315922243361,
      0.0006832216122911653,
      0.0008057122846136081,
      0.01653452997970838,
      0.000959061418771514,
      0.004362456787899133,
      0.08685414430711459,
      0.042949089578566434,
      0.013331690737748179,
      0.5970466073011242,
      0.0032986675212014487,
      0.06333972253238829,
      0.008614764837772751,
      0.006560954856367054,
      0.005469011355413302,
      0.03467975579747885,
      0.10510513572892582,
      0.0013999665021364775,
      0.0002951909382353038
    ],
    [
      0.022554583913567412,
      0.0006017877383704188,
      0.0010453430633126336,
      0.018741099965287875,
      0.033864609907009555,
      0.0011048887676054955,
      0.03901495446458424,
      0.12957019803742328,
      0.000851771104512608,
      0.001149983667055424,
      0.5742725632279541,
      0.08848108132011205,
      0.000550412709802623,
      0.0029591010106997545,
      0.0009179486148221194,
      0.060367628547097756,
      0.023407505593804927,
      0.00011843199292183888,
      0.0004261063540561605
    ],
    [
      0.00415387051579997,
      1.347847857621647e-05,
      0.0027671968274056284,
      0.0020389211412235554,
      0.0004543017360322628,
      0.00039085298654009757,
      0.06888774988117961,
      0.08774334359005512,
      0.07186290278160018,
      0.0764317320796645,
      0.004272538324682426,
      0.5501926571418081,
      0.040077403973768876,
      0.00291502565173406,
      0.0018602475937310617,
      0.027637029650605303,
      0.05198147374923019,
      0.006061593314901266,
      0.0002576805814618053
    ],
    [
      0.003820019518628916,
      0.0019066823831909916,
      0.0034375252023469325,
      3.1326299890091456e-05,
      0.0027950867168529694,
      0.00149647538490406,
      0.08823686546543547,
      0.0642704155337928,
      0.08223994315247757,
      0.06344022366208989,
      0.0037889188028475025,
      0.06878674860392676,
      0.5847868503212468,
      0.004875447141994054,
      0.0025640057116592323,
      0.01648295797962586,
      0.0034918801949898855,
      0.0033114114994109746,
      0.00023721642468941168
    ],
    [
      0.0016624167248129188,
      0.0003551545734113376,
      0.001010578510660544,
      0.0023085751714297825,
      0.007588524840436321,
      0.011382860292450265,
      0.06958644714349957,
      0.035253641620579326,
      0.024904497201730585,
      0.02222317374262492,
      0.0007166221967929775,
      0.04820368074125964,
      0.0016914682764153659,
      0.6951655909870804,
      0.019234413717739256,
      0.03561205153971737,
      0.022638524225914676,
      0.000280481703053778,
      0.00018129679039082734
    ],
    [
      0.0029341430372060422,
      0.00014814883362302835,
      0.0012233059204327047,
      0.004802137407863282,
      0.0024419801517141615,
      0.003873690489276121,
      0.15555883568289405,
      0.07534289627830365,
      0.06506563372670822,
