{
  "poids_LS": 0.2525,
  "poids_EM": 0.7475,
  "mae_validation": 7.792828350081487,
  "matrice_de_transition": [
    [
      0.1893945351767703,
      0.0043873268280581424,
      0.01589995199921192,
      0.08430657038259437,
      0.010258699673196047,
      0.06245447109203036,
      0.0686589415155539,
      0.043637758671291514,
      0.05227241697283473,
      0.04751594896411948,
      0.025167507991514383,
      0.18108307634141324,
      0.037075503907237586,
      0.060269772685829406,
      0.011288675000667063,
      0.04590021928311226,
      0.03542835781251845,
      0.009493659879482245,
      0.015506605822564745
    ],
    [
      0.010708046547462451,
      0.4600173296715513,
      0.00367394496179474,
      0.01947130275038957,
      0.06420585286989648,
      0.012762177249390964,
      0.031236110798293092,
      0.026849738821717,
      0.05957520437960835,
      0.012637369594021057,
      0.004259326344771809,
      0.013569327179076605,
      0.01528515307110268,
      0.00027035746829048716,
      0.02861585058679106,
      0.07073915135440129,
      0.09005748869859748,
      0.014798301424673227,
      0.06126796622817043
    ],
    [
      0.03457760867840038,
      0.02950055798013231,
      0.26159993995799424,
      0.023051720907378597,
      0.020134939193038576,
      0.021238975936547198,
      0.050944310765600145,
      0.16808930694891683,
      0.007665992067194032,
      0.04106413896314532,
      0.010298730233404487,
      0.11525131081975622,
      0.0334415762530618,
      0.05011384344242934,
      0.030607958694233172,
      0.02871215596359189,
      0.06488288389967084,
      0.001299522916626454,
      0.007524526378878141
    ],
    [
      0.033800160050680074,
      0.025869763707877833,
      0.038187258812335166,
      0.14006299926281773,
      0.018527744130452925,
      0.047584910030868725,
      0.05707733522201834,
      0.02740503926552522,
      0.058914148017614285,
      0.06946479464389149,
      0.048935840587177426,
      0.07577281987941323,
      0.06791476559314806,
      0.056828615357484215,
      0.09046718760653324,
      0.05771977024660553,
      0.031219688677727564,
      0.03275302225923781,
      0.02149413664859128
    ],
    [
      0.010675289762323696,
      0.08312746160273929,
      0.015650304499839555,
      0.040911778963012825,
      0.3121129394547267,
      0.024941550707638593,
      0.05149780324417205,
      0.02840915269784721,
      0.10967076417913281,
      0.017564881643946713,
      0.003888905370704384,
      0.015832568666658775,
      0.023140411339542206,
      0.004933607188104067,
      0.0006791091724481506,
      0.016274361944356348,
      0.04184313448882098,
      0.08635195617042524,
      0.11249401890356053
    ],
    [
      0.02791409017654184,
      0.011466795681014524,
      0.050815808744972074,
      0.021691899401995,
      0.0196836034663732,
      0.2387246369608788,
      0.021277138453005464,
      0.01935429247603889,
      0.04040982383356439,
      0.05394907947216637,
      0.024208174789883824,
      0.08563642118820314,
      0.05143455004087916,
      0.06758735690884354,
      0.061054088566924236,
      0.06420211793332795,
      0.0582459419587398,
      0.0672544429846273,
      0.01508973696202056
    ],
    [
      0.025309079457181183,
      0.011965854894624954,
      0.06391936639628228,
      0.011243571957918561,
      0.027262843406262033,
      0.053990885058260385,
      0.14751119759655407,
      0.050496114316739255,
      0.06563087319296093,
      0.023529397951793846,
      0.07313766146116617,
      0.05180723703439011,
      0.08741902871656926,
      0.016881242180640174,
      0.08189632417477923,
      0.09853460797590119,
      0.04698786814776446,
      0.03981713381648619,
      0.022659712263725793
    ],
    [
      0.017219013317977455,
      0.034515442527725336,
      0.06417221131185925,
      0.03415565137749074,
      0.03431843974772602,
      0.031084917543455114,
      0.025478361419866195,
      0.2940073623226509,
      0.008395420959493059,
      0.048976822930530434,
      0.09243926806363617,
      0.0769248425194265,
      0.009974930134376708,
      0.05090955052285961,
      0.006786094492565095,
      0.05231338302230011,
      0.0295315150361734,
      0.04472167996252367,
      0.04407509278736421
    ],
    [
      0.007668284455585272,
      0.015948761800719902,
      0.025638193020087983,
      0.03360657849774355,
      0.05862641451072876,
      0.010559064512321345,
      0.052939516291831426,
      0.03563533122733176,
      0.31372238136668307,
      0.046429416124027165,
      0.0023267493849783907,
      0.023789742760199906,
      0.08383708180029789,
      0.022255975466834034,
      0.032520155450907216,
      0.05458577206669642,
      0.06441298239068008,
      0.04604834076764516,
      0.06944925810470076
    ],
    [
      0.01565949323698101,
      0.010751750635529394,
      0.012679367005235205,
      0.01366112939083406,
      0.015092598116456989,
      0.06865129366220217,
      0.05764782215788428,
      0.07697166772841688,
      0.03715566133424447,
      0.3017809892789576,
      0.051910609938907025,
      0.059040073423494085,
      0.06165016088269676,
      0.0055039572334651425,
      0.08606496817203041,
      0.052163229084195864,
      0.046938803735775914,
      0.022031051796779312,
      0.004645373185913466
    ],
    [
      0.020163221920936426,
      0.009470238619618699,
      0.01645039873318303,
      0.046355184431135545,
      0.011483794918580923,
      0.017387460079686487,
      0.03844321819006497,
      0.10140177282885905,
      0.01340418738154052,
      0.01809711139208273,
      0.4747390109076882,
      0.11975228880600414,
      0.008661757906893913,
      0.046566905378906676,
      0.014445612412200725,
      0.023661291198120445,
      0.010947230907843886,
      0.001863745572822623,
      0.006705568413831161
    ],
    [
      0.06536880443285219,
      0.00021210868917309085,
      0.04354693954706754,
      0.03208618006451806,
      0.007149274688086665,
      0.006150791735552064,
      0.05468271716368975,
      0.03987153371809493,
      0.020314457119870878,
      0.06615566725881591,
      0.06723626100421294,
      0.4044608664305098,
      0.06726227571197352,
      0.04587329841413075,
      0.029274422659241454,
      0.0220184891899938,
      0.018506561828902722,
      0.005774271719257187,
      0.0040550786240568315
    ],
    [
      0.06011504400368665,
      0.03000515960916351,
      0.054095791342196484,
      0.000492977035112492,
      0.043985838333633585,
      0.02354979684664811,
      0.0770285682702657,
      0.03774129793178884,
      0.11088218859940746,
      0.032363038586895154,
      0.05962561695007388,
      0.03819299250714487,
      0.24258425556201163,
      0.076724141866117,
      0.04034935304137425,
      0.035972268328651996,
      0.009896766405577783,
      0.022661867360138508,
      0.003733037420112322
    ],
    [
      0.026161189511529626,
      0.005589011444736315,
      0.015903314457236986,
      0.03379101255214384,
      0.008471696906932745,
      0.02497706130295772,
      0.031599928749355854,
      0.035125041387240444,
      0.01992968966589306,
      0.02741818083786938,
      0.011277370360057914,
      0.04425091669796487,
      0.02661836919201024,
      0.634346654433903,
      0.01927887857408264,
      0.019316327621600703,
      0.008678421065540533,
      0.004413896274372614,
      0.002853038964571442
    ],
    [
      0.04617414569076879,
      0.0023313948028044996,
      0.0192509721162831,
      0.0755704781553222,
      0.03842905607171234,
      0.06095965559439792,
      0.07565829302527304,
      0.05860114491744037,
      0.03580293129176101,
      0.08500233435825581,
      0.028620672099051704,
      0.08112526177711044,
      0.06088454588602174,
      0.06915494958336997,
      0.17620135717817825,
