{
  "poids_LS": 0.525,
  "poids_EM": 0.475,
  "mae_validation": 7.0492783117175755,
  "matrice_de_transition": [
    [
      0.24688259713592348,
      0.0027879334358897894,
      0.010103648427592857,
      0.06026011666180014,
      0.006518906146846986,
      0.039686787650454074,
      0.099049215255211,
      0.05899059432720568,
      0.0655195062745092,
      0.05518169750533785,
      0.0159927308307282,
      0.16126215970506366,
      0.023559684757107492,
      0.03829851776022604,
      0.007173405518818534,
      0.042992622664050836,
      0.049853419477050534,
      0.006032760458533868,
      0.009853696007649838
    ],
    [
      0.0068044442943741325,
      0.5418558551714066,
      0.002334613855321072,
      0.012373068637371296,
      0.040799705837057956,
      0.008109744740415661,
      0.04216090371193744,
      0.01832517344704302,
      0.05804056901398829,
      0.013714859385924658,
      0.0027065953361426207,
      0.025001588933028385,
      0.011420963871387111,
      0.00017179906011770084,
      0.0291035081257525,
      0.059282653501612735,
      0.07289650080351062,
      0.011646182282153339,
      0.043251269991455
    ],
    [
      0.0219723934745688,
      0.018746173967308155,
      0.35382750745048774,
      0.018793609552447153,
      0.025742579814538587,
      0.01558996546992188,
      0.06236224176312641,
      0.17133737896829704,
      0.013418421663432479,
      0.028355846806633642,
      0.006544343626578102,
      0.09747276745483105,
      0.021250499960139606,
      0.031844917237664125,
      0.01944987341774014,
      0.025735620808492995,
      0.0619486031586219,
      0.0008257837931740007,
      0.004781471611996142
    ],
    [
      0.02147836257401075,
      0.016438980282597954,
      0.024266151084761475,
      0.19561323107154432,
      0.011773482892261055,
      0.03023790269520086,
      0.08676772849106351,
      0.05303966317470416,
      0.07909612852880392,
      0.08048372462239012,
      0.0310963535503803,
      0.095279287660053,
      0.056276319952841845,
      0.036111829156929766,
      0.06243910348113611,
      0.058761587110772825,
      0.026368724899686835,
      0.020812957288478876,
      0.013658481482382415
    ],
    [
      0.0067836289459582005,
      0.052823470583680476,
      0.009945009548393027,
      0.025997451514957977,
      0.3988942289084273,
      0.015849145934619842,
      0.07199124575478083,
      0.03399722432965613,
      0.0990586580957879,
      0.02947463840754749,
      0.0024712107706817152,
      0.02755128389506003,
      0.014704609212418123,
      0.0031350681128420486,
      0.00043154094570283815,
      0.010341567790728113,
      0.03605663409314813,
      0.0713328215269422,
      0.08916056162866773
    ],
    [
      0.017738050613856016,
      0.007286592573219931,
      0.032290982145634424,
      0.013784150121669062,
      0.012507975446859224,
      0.36241312254357927,
      0.04134377925661429,
      0.013760960780255214,
      0.03973090125037648,
      0.05965717294119123,
      0.015383121103939551,
      0.0866351552482793,
      0.03268416223333458,
      0.042948487667826996,
      0.04779656145841201,
      0.053586837202690515,
      0.05740356853591877,
      0.04747707679489823,
      0.015571342081444877
    ],
    [
      0.016082692631653593,
      0.00760372050160114,
      0.04061765757623288,
      0.007144744722423165,
      0.02211977541430081,
      0.034308589167456424,
      0.2997293226014402,
      0.042178668370317716,
      0.05355608366673728,
      0.04552451623643244,
      0.048750497819878155,
      0.06806708242425165,
      0.0799912645369508,
      0.010727210750239573,
      0.05743087740931554,
      0.08809863192982934,
      0.03836765837057048,
      0.025301857609138376,
      0.014399148261230435
    ],
    [
      0.010941847927811759,
      0.021932889900561248,
      0.0407783282583721,
      0.022326089778855605,
      0.021807704187518203,
      0.019752957636309267,
      0.018981327499650837,
      0.4740441416095986,
      0.005710990529036902,
      0.04048764850881285,
      0.05874067201368184,
      0.06248414436626431,
      0.01272980976302018,
      0.034284137265369656,
      0.011946493083046157,
      0.04277955722214261,
      0.03692661788626015,
      0.028418458839061862,
      0.03492618372462577
    ],
    [
      0.004872822898197998,
      0.010134664689420673,
      0.016291828340524134,
      0.021355350884853762,
      0.037254243334576796,
      0.0067097734359232615,
      0.07921581922570717,
      0.03797272606968118,
      0.3975851744106971,
      0.06181430154867672,
      0.0014785363984812514,
      0.0442894275377573,
      0.06968749683618089,
      0.014142593106014937,
      0.020664981724656754,
      0.04927607687686908,
      0.05027848862827118,
      0.02926148744432301,
      0.04771420660918682
    ],
    [
      0.012564992068029569,
      0.006832216122911653,
      0.008057122846136081,
      0.014779703191502992,
      0.009590614187715141,
      0.04362456787899134,
      0.06901742613740608,
      0.0637271640915108,
      0.027881329923465557,
      0.4167236762947296,
      0.032986675212014496,
      0.060713865398027894,
      0.04100423885092277,
      0.005915431308094815,
      0.05469011355413303,
      0.04535716269758103,
      0.06958212583310927,
      0.013999665021364778,
      0.002951909382353039
    ],
    [
      0.021094144982353485,
      0.0060178773837041896,
      0.010453430633126337,
      0.03560541583550199,
      0.020196326467647782,
      0.011048887676054959,
      0.03866578695407426,
      0.11236733835647869,
      0.00851771104512608,
      0.011499836670554242,
      0.5134860009180773,
      0.10757885446328186,
      0.005504127098026231,
      0.02959101010699755,
      0.009179486148221195,
      0.037950543951829466,
      0.015797837839164434,
      0.0011843199292183892,
      0.004261063540561607
    ],
    [
      0.04153870515799971,
      0.00013478478576216474,
      0.02767196827405629,
      0.020389211412235556,
      0.004543017360322629,
      0.003908529865400977,
      0.06021253347156973,
      0.05850734541825087,
      0.0403815306096155,
      0.07015599249264624,
      0.04272538324682427,
      0.4611921706716938,
      0.05667959349960099,
      0.029150256517340607,
      0.018602475937310622,
      0.024205706726446136,
      0.031537866826458774,
      0.005886121911847203,
      0.0025768058146180533
    ],
    [
      0.03820019518628917,
      0.01906682383190992,
      0.03437525202346933,
      0.00031326299890091464,
      0.0279508671685297,
      0.014964753849040604,
      0.08139179824981393,
      0.04806870442685466,
      0.0997321716218526,
      0.04446094277688167,
      0.03788918802847504,
      0.05010270470196354,
      0.3757988370932853,
      0.048754471419940555,
      0.02564005711659233,
      0.02838535822849539,
      0.00740343570217035,
      0.015129011328641005,
      0.0023721642468941175
    ],
    [
      0.016624167248129193,
      0.003551545734113377,
      0.010105785106605442,
      0.021535349428937294,
      0.008127890638189493,
      0.019685033052438745,
      0.04638753769564752,
      0.03517510362093308,
      0.021866311170915524,
      0.025395838790077785,
      0.007166221967929777,
      0.04578967127196176,
      0.01691468276415366,
      0.6580225975921041,
      0.01926156904072039,
      0.025660020146867548,
      0.01411288979582904,
      0.002804817030537781,
      0.001812967903908274
    ],
    [
      0.02934143037206043,
      0.0014814883362302838,
      0.012233059204327051,
      0.04802137407863283,
      0.02441980151714162,
      0.038736904892761215,
      0.10676243284556121,
      0.06511846955434786,
      0.04719448331107974,
      0.09399797854694036,
      0.01818704915993252,
      0.10241259954321527,
      0.04889823130466748,
      0.043944616792108,
