{
  "poids_LS": 0.8525,
  "poids_EM": 0.14749999999999996,
  "mae_validation": 6.1811456922870915,
  "matrice_de_transition": [
    [
      0.31597375416940116,
      0.0008657266985131449,
      0.0031374487222525184,
      0.03136025026341441,
      0.0020242919087577475,
      0.012323791954614683,
      0.135573305712964,
      0.07744216745495573,
      0.0814403200223932,
      0.06439466134845352,
      0.0049661637842787565,
      0.13744069108706555,
      0.00731590210878601,
      0.011892697620280715,
      0.002227531187422597,
      0.03949817168150914,
      0.06718996147754323,
      0.0018733308792289376,
      0.003059831918164949
    ],
    [
      0.002112959017726704,
      0.6402122482033427,
      0.0007249590392839117,
      0.003842163418973191,
      0.012669382338875889,
      0.0025182891562343366,
      0.05529070069989533,
      0.008080053593077056,
      0.056196190730536666,
      0.015009824181698713,
      0.0008404690780653399,
      0.03874127966484199,
      0.006776846576316107,
      5.334812919444393e-05,
      0.029689591956981395,
      0.04551383498128887,
      0.05227182727822276,
      0.007857855606280816,
      0.021598176349164007
    ],
    [
      0.006823006394734521,
      0.005821180337216741,
      0.4646698133359616,
      0.013676062878171743,
      0.03248203780918539,
      0.008800787753152005,
      0.07608470929226348,
      0.17524102515672652,
      0.02033189209560896,
      0.013082578251559979,
      0.0020321909156216207,
      0.07610589423643477,
      0.006598839461306507,
      0.009888684826432542,
      0.006039697534982463,
      0.022158317089979646,
      0.058422082268003446,
      0.00025642759893297916,
      0.0014847727637251175
    ],
    [
      0.006669596799298073,
      0.005104735982490943,
      0.007535278494741719,
      0.2623754362728579,
      0.0036559762665442216,
      0.009389664521141318,
      0.1224506781997325,
      0.0838482478728917,
      0.10335153629913275,
      0.09372665881673249,
      0.009656236102486513,
      0.11872284068082192,
      0.0422888302383454,
      0.011213673264520293,
      0.02875397485336524,
      0.06001367893835004,
      0.020538667515069078,
      0.006462970947475018,
      0.00424131793400296
    ],
    [
      0.0021064953042712305,
      0.016403077707563937,
      0.0030881871755536238,
      0.00807289283885537,
      0.5031910079766363,
      0.004921576895487213,
      0.09662097941431982,
      0.0407131636302705,
      0.08630465904149265,
      0.04378819928857228,
      0.0007673759761590588,
      0.04163524439891842,
      0.004566168123856153,
      0.0009735211508298992,
      0.0001340048199814076,
      0.0032113289455418872,
      0.02910221618642205,
      0.05328230190954518,
      0.06111759921572317
    ],
    [
      0.005508131506407919,
      0.0022626787464209257,
      0.01002719971890753,
      0.004280341353570918,
      0.00388405553349839,
      0.5110662565925128,
      0.06546056774535518,
      0.007038699751377586,
      0.03891494842104056,
      0.06651735867001927,
      0.004776863921749649,
      0.0878354686599305,
      0.01014929248298284,
      0.013336635644219958,
      0.03186320319038357,
      0.04082902274660333,
      0.05639117478922561,
      0.023707948621921104,
      0.01615015190387227
    ],
    [
      0.004994099290881904,
      0.0023611553136550904,
      0.012612851563145998,
      0.002218631255910351,
      0.015938657001943746,
      0.010653719794104888,
      0.4826703719192391,
      0.03218247186590285,
      0.039044180658156576,
      0.07195901619319993,
      0.01944115436108248,
      0.08760873147078249,
      0.07106431859630846,
      0.00333108123296913,
      0.028027450562749114,
      0.07555631209464206,
      0.028007589739263962,
      0.0078568926259956,
      0.004471314460066292
    ],
    [
      0.003397731724952072,
      0.006810739495437438,
      0.01266274403812607,
      0.008108910242881268,
      0.006771866037176703,
      0.006133813160748666,
      0.01117296563223605,
      0.6904186194682238,
      0.0024847484520666607,
      0.030285062735922907,
      0.018240524467406462,
      0.04512880988861067,
      0.01604072014239903,
      0.014303136010955127,
      0.018148440012890368,
      0.0313214730036047,
      0.045814310302419455,
      0.008824679323708682,
      0.023930705860233693
    ],
    [
      0.0015131397420720097,
      0.0031470800877674717,
      0.005059041432057493,
      0.006631398432665114,
      0.011568422930210688,
      0.0020835612248393284,
      0.11079559614623671,
      0.040781888678376364,
      0.49837440274799844,
      0.08030439320582435,
      0.0004591244605810201,
      0.06892666337133546,
      0.05268203233802193,
      0.004391647332920427,
      0.006417020640814465,
      0.04289470008909495,
      0.03329116126244031,
      0.009086461890605566,
      0.021592263986137943
    ],
    [
      0.008845912681491597,
      0.0021215829013251975,
      0.0025019486732738355,
      0.016124044181297762,
      0.0029781380898694382,
      0.013546576341370993,
      0.08268181257151026,
      0.047809457885687925,
      0.01673511510867622,
      0.554865804726529,
      0.010243230723730816,
      0.06272548694540339,
      0.016191249987047608,
      0.006409955195952496,
      0.016982719472072885,
      0.037177394838438425,
      0.09679565972990442,
      0.004347264401371167,
      0.0009166455450464698
    ],
    [
      0.022212960771762984,
      0.0018687092928344586,
      0.0032460653018655462,
      0.022685969174694683,
      0.030667350622948317,
      0.0034309703836170654,
      0.03893327785393862,
      0.12554613729334269,
      0.002644973429802309,
      0.0035710019134878954,
      0.5600534843250589,
      0.09294839667523949,
      0.0017091763093870927,
      0.009188787349015027,
      0.002850472014447634,
      0.05512386606867243,
      0.021627466352953352,
      0.00036776250433623656,
      0.001323172362595446
    ],
    [
      0.012898861075378855,
      4.185422294719851e-05,
      0.008592874358785899,
      0.006331386701694198,
      0.0014107264434686055,
      0.0012137013792560924,
      0.06685845949296679,
      0.08090451360834652,
      0.06449883911563885,
      0.07496372281954326,
      0.01326735585032964,
      0.5293738298973368,
      0.043960957079226676,
      0.00905192176064787,
      0.005776558317375402,
      0.02683438101337509,
      0.047199343474897695,
      0.006020547372666398,
      0.0008001660161182374
    ],
    [
      0.01186216587363716,
      0.005920750558329922,
      0.01067442036518258,
      9.727640492186296e-05,
      0.008679479804964484,
      0.004646949879438924,
      0.0866356801518398,
      0.060480541590649375,
      0.08633169250203898,
      0.059000625794204925,
      0.011765589966736982,
      0.0644162120186722,
      0.5359007653556417,
      0.015139546388297327,
      0.007961912473047091,
      0.019267145172343878,
      0.0044068639393595845,
      0.006075762336657765,
      0.0007366194240355416
    ],
    [
      0.00516224140862959,
      0.0011028484121720485,
      0.003138112217314321,
      0.006806066225817503,
      0.007714692278507239,
      0.013324889008237042,
      0.06415980165862191,
      0.03523527015867377,
      0.024193810410896653,
      0.022965317613374128,
      0.002225300505830825,
      0.0476390001636461,
      0.005252454121500346,
      0.6864771714794836,
      0.019240765840074028,
      0.033284090979986414,
      0.020644223774432657,
      0.0008709694989564687,
      0.0005629742438452007
    ],
    [
      0.00911128627342929,
      0.000460041114934667,
      0.003798686805554189,
      0.014911900371785981,
      0.007582990997428186,
      0.012028828361436376,
      0.14414447244609105,
      0.07295121751246603,
      0.0608852476645729,
      0.10480925734251538,
      0.005647557370715887,
      0.12799646419789176,
