{
  "poids_LS": 0.3975,
  "poids_EM": 0.6025,
  "mae_validation": 7.395444159434503,
  "matrice_de_transition": [
    [
      0.21998451309998945,
      0.0035362734634181016,
      0.01281568037394673,
      0.07151120968712589,
      0.008268717796790124,
      0.050339556967154905,
      0.08482991286326136,
      0.05180715746067703,
      0.05932132687647802,
      0.05159497112366687,
      0.020285516474765772,
      0.17053616657161255,
      0.029883600139278457,
      0.04857864621165514,
      0.009098898579132984,
      0.04435305777939151,
      0.04310407869823277,
      0.0076520803710876965,
      0.012498635462334795
    ],
    [
      0.008630900394442979,
      0.5035644349834009,
      0.002961273363854623,
      0.015694260745297277,
      0.05175120582489984,
      0.010286570960211447,
      0.037049303357846966,
      0.02231373155812901,
      0.05875860941441603,
      0.013210712786043155,
      0.0034331025053177455,
      0.019652549029803238,
      0.013228979001529258,
      0.00021791354467561003,
      0.028875338084587053,
      0.06464303323089912,
      0.08092595385534027,
      0.013121027018561727,
      0.05168110034074388
    ],
    [
      0.027870246459847797,
      0.023778041716427712,
      0.31067515935766965,
      0.020785936883653607,
      0.023118821358607388,
      0.01823308045889336,
      0.05701990707621045,
      0.1698176388491375,
      0.010726917907394306,
      0.03430192845784553,
      0.008300983231606962,
      0.10579116847878686,
      0.026954581528387606,
      0.04039276344356345,
      0.024670628914080915,
      0.027128311569135595,
      0.06332152350535122,
      0.0010474415481838643,
      0.00606491925521616
    ],
    [
      0.027243607264929425,
      0.02085154867424267,
      0.030779696902250082,
      0.1696218382069108,
      0.014933733563341656,
      0.03835439236601794,
      0.07287589310829926,
      0.04104548134563879,
      0.06965318351898125,
      0.0753280784856614,
      0.03944326950337712,
      0.08615240823975366,
      0.06172183121573742,
      0.0458050043516846,
      0.07555316119118433,
      0.058274131513777125,
      0.028638441896751767,
      0.02639959319222847,
      0.017324705459232433
    ],
    [
      0.008604497768294351,
      0.06700240216140525,
      0.012614459479803788,
      0.032975714816341435,
      0.3582901393475215,
      0.02010339036970201,
      0.06240257081862444,
      0.031382622006516175,
      0.10402395543753643,
      0.02390218340806456,
      0.003134535767022597,
      0.022068215301954856,
      0.01865163589575141,
      0.0039765863957628095,
      0.0005473756206020211,
      0.013117462302976187,
      0.038764079232407905,
      0.07836012305737922,
      0.10007805081233317
    ],
    [
      0.022499316831259476,
      0.009242467421821072,
      0.04095856156367314,
      0.01748410620695918,
      0.01586537938259512,
      0.3045405283718571,
      0.03195480053198998,
      0.01637802423424574,
      0.0400485622755378,
      0.056986413611647496,
      0.019512274663418063,
      0.08616785766053725,
      0.04145727946438755,
      0.05447676593655951,
      0.05399962460092691,
      0.058553619929869495,
      0.05779770655944054,
      0.056730706846973296,
      0.015346003906301392
    ],
    [
      0.020399625916992188,
      0.009644719162557236,
      0.051520291978274346,
      0.009062544621599911,
      0.024526165025218444,
      0.04351773678608947,
      0.22850799805786962,
      0.046070317391120455,
      0.059205755830383205,
      0.03523322236013365,
      0.06016100557864595,
      0.060459264856518265,
      0.08346664043750623,
      0.01360661995161967,
      0.06887801305187194,
      0.0929815198045969,
      0.04240096753237685,
      0.03209340886211763,
      0.01826418279450808
    ],
    [
      0.013878870266329654,
      0.027820139294922427,
      0.051724090054040404,
      0.02786102226996012,
      0.027661351101009934,
      0.025055067317634388,
      0.022021224104522247,
      0.38980674946616434,
      0.006967008436865011,
      0.044459647550166945,
      0.07450790502788066,
      0.06924080130031268,
      0.011440829386315436,
      0.04206300034914936,
      0.009531994659977037,
      0.047240338101115394,
      0.03346652389218286,
      0.03604657147481005,
      0.03920686594664101
    ],
    [
      0.006180791149819566,
      0.012855022053423065,
      0.020664898052980614,
      0.027087576648682932,
      0.047254066545436894,
      0.00851081788451319,
      0.06692140225664604,
      0.0368790826113342,
      0.35834661986716765,
      0.054615868918794816,
      0.0018754066949156927,
      0.034697831907891,
      0.07630794484691454,
      0.01793876283447158,
      0.026211897871801466,
      0.05176042967210939,
      0.05689187561802214,
      0.03711588670569393,
      0.05788381785938142
    ],
    [
      0.01401287793607107,
      0.008666126766430046,
      0.010219824241677873,
      0.014256333798529456,
      0.012164936943364997,
      0.05533432030966797,
      0.06369770317451055,
      0.06992413368309072,
      0.03222069599639882,
      0.36294315301212066,
      0.041840993295239444,
      0.05993071502462217,
      0.050664257416248214,
      0.0057229067410662525,
      0.069370091402874,
      0.048541652474804485,
      0.05898754393435697,
      0.01775746984288901,
      0.003744264006037276
    ],
    [
      0.020658575476552844,
      0.007633202365645841,
      0.013259351487281303,
      0.04063512407749567,
      0.01611982088046971,
      0.014014641736469711,
      0.038561649275501104,
      0.10723666090777592,
      0.010804044009870452,
      0.014586634934755646,
      0.4953566753168861,
      0.11327468154106934,
      0.006981550687496432,
      0.037533860188349526,
      0.011643453482743728,
      0.031264746791837175,
      0.013528287807078673,
      0.0015022163312717464,
      0.005404822701449196
    ],
    [
      0.052688568121462796,
      0.00017096385983516685,
      0.03509970712656614,
      0.02586210500183563,
      0.005762458862303967,
      0.0049576615661138706,
      0.05762518822659837,
      0.0497878371915724,
      0.030992349435514807,
      0.06828428068599168,
      0.05419377559202448,
      0.43464816593499306,
      0.0616311237090597,
      0.036974799056205716,
      0.02359577210995716,
      0.023182329713977615,
      0.025440650726684843,
      0.005833788335497745,
      0.003268474743805005
    ],
    [
      0.04845393178892469,
      0.02418476075521206,
      0.04360229335608479,
      0.0003973493828164234,
      0.03545346835587189,
      0.018981608829572557,
      0.07935028697497945,
      0.043236615149346805,
      0.10494915204254342,
      0.038800455495328345,
      0.04805944376243413,
      0.04453027055576397,
      0.3134690787621389,
      0.06184119795897724,
      0.03252238823736185,
      0.031935196899210865,
      0.008570039976241717,
      0.018653558646130664,
      0.0030089030710604334
    ],
    [
      0.02108644371999545,
      0.004504855378533284,
      0.012818390582589009,
      0.02726965052328164,
      0.008288754121729915,
      0.02216111966506689,
      0.03946856470242849,
      0.0351516800070035,
      0.020960185512602265,
      0.026342072225283023,
      0.009089786811953033,
      0.045069703535504504,
      0.021454939716637016,
      0.6469448627199184,
      0.019269667996697222,
      0.02269187043321058,
      0.011570156720189463,
      0.003557688970313712,
      0.0022996066570626
    ],
    [
      0.03721728799824508,
      0.0018791509949026234,
      0.015516669832856945,
      0.06091132185763428,
      0.030974590345427003,
      0.04913470567976555,
      0.09220911971863738,
      0.06206907912790491,
      0.04186449108185722,
      0.08978900741278521,
      0.02306883603970388,
      0.09245246902879925,
      0.05450650693447544,
      0.055740277088936994,
