{
  "poids_LS": 0.97,
  "poids_EM": 0.030000000000000027,
  "mae_validation": 5.879624782265463,
  "matrice_de_transition": [
    [
      0.340762184555458,
      0.00017608000647725,
      0.0006381251638479705,
      0.020991595906741673,
      0.00041172038822191525,
      0.0025065339568707858,
      0.14867736870162349,
      0.08406219750842331,
      0.08715236770293171,
      0.06770007585705226,
      0.0010100672103617822,
      0.12889405730808914,
      0.0014879800899225799,
      0.0024188537532774364,
      0.0004530571906622236,
      0.03824443735952853,
      0.07340994219527724,
      0.00038101645001266567,
      0.0006223386952199904
    ],
    [
      0.00042975437648678773,
      0.6755004197491518,
      0.00014744929612554153,
      0.0007814569665708194,
      0.0025768235265510313,
      0.0005121944046578318,
      0.060001391222292436,
      0.00440432356913507,
      0.05553446722426013,
      0.015474429871785588,
      0.00017094286333532358,
      0.04367078702663771,
      0.0051106365544204045,
      1.0850466954802168e-05,
      0.02989986630864367,
      0.040573877191554364,
      0.04487213525006604,
      0.006498684966845636,
      0.013829509164525257
    ],
    [
      0.001387730114183294,
      0.0011839688821457793,
      0.5044376635391468,
      0.011839996514118736,
      0.03490001128818081,
      0.006364975900570448,
      0.08100803733706838,
      0.17664156997242259,
      0.022812297517840214,
      0.0076028559455411865,
      0.00041332696588914367,
      0.06843991682220098,
      0.0013421368395877657,
      0.0020112579307998415,
      0.0012284130579625363,
      0.020874856977230582,
      0.05715684194846858,
      5.215476588467378e-05,
      0.00030198768075765135
    ],
    [
      0.0013565281625691013,
      0.0010382513862693453,
      0.0015325990158796736,
      0.28632828852065745,
      0.0007435883931954357,
      0.001909762275486372,
      0.1352529578662015,
      0.09490170955850097,
      0.11205385817093012,
      0.09847794055058051,
      0.0019639802242345473,
      0.12713388642109777,
      0.03727041789802988,
      0.0022807471046481977,
      0.01666847068920318,
      0.06046290272381668,
      0.018446967537381793,
      0.0013145025655881407,
      0.0008626409357294165
    ],
    [
      0.00042843972290262364,
      0.0033362191947587704,
      0.000628105866214297,
      0.0016419443062078737,
      0.5406104630621769,
      0.0010009986906075697,
      0.1054576014143071,
      0.043122699104536734,
      0.08172879678537145,
      0.048923598993978114,
      0.00015607646972726636,
      0.04668826839648593,
      0.0009287121607843035,
      0.00019800430186370853,
      2.7255217623337173e-05,
      0.0006531516499407236,
      0.0266071196855356,
      0.04680616128345617,
      0.051056383693521695
    ],
    [
      0.0011202979335066968,
      0.0004602058467296803,
      0.002039430451303229,
      0.0008705779024212047,
      0.0007899773966437412,
      0.5643998237703745,
      0.07411315598177365,
      0.004626896176131416,
      0.03862220198608798,
      0.0689786466795988,
      0.0009715655434067094,
      0.0882661154564771,
      0.0020642628778948175,
      0.002712536063231181,
      0.02614665480414436,
      0.03625179160586976,
      0.05602794955186242,
      0.015180093475891152,
      0.01635781649665156
    ],
    [
      0.0010157490083149646,
      0.0004802349790484935,
      0.002565325741656816,
      0.00045124703510041086,
      0.013721003831098082,
      0.0021668582632077766,
      0.5483057102240982,
      0.02859605021928072,
      0.033837620036757395,
      0.08144314976547529,
      0.008925588387316098,
      0.094619857464576,
      0.06786152119775739,
      0.0006775080473835527,
      0.017478129480393224,
      0.07105639581789548,
      0.02429061855093262,
      0.0015980120595245305,
      0.0009094198901829757
    ],
    [
      0.0006910640796512697,
      0.0013852351516143958,
      0.0025754733636866615,
      0.0030080901040202487,
      0.0013773286855274668,
      0.0012475552191353232,
      0.008371492290491814,
      0.7680491573258985,
      0.001327241752695659,
      0.026624593031145605,
      0.003709937179811488,
      0.03890208683174257,
      0.01722860401897007,
      0.0071343798357071725,
      0.020373566010620733,
      0.02721055729161019,
      0.04900302437539264,
      0.001794850031940751,
      0.019985763420337303
    ],
    [
      0.0003077572356756633,
      0.0006400840856476221,
      0.0010289575794015253,
      0.0013487590032539231,
      0.0023528995790259052,
      0.0004237751643741011,
      0.12212574511772442,
      0.04178975617920593,
      0.5345354236018394,
      0.08693824288434297,
      9.33812462198686e-05,
      0.07776597699101617,
      0.046580835151659554,
      0.000893216406695681,
      0.0013051567405046383,
      0.04060519849348133,
      0.027196471291493364,
      0.0018480939438519815,
      0.012220269304586065
    ],
    [
      0.007511586489374921,
      0.0004315083867102101,
      0.0005088709165980688,
      0.016606364994430238,
      0.000605723001329378,
      0.002755235866041561,
      0.08758430236084534,
      0.04209852512482017,
      0.012736091472835772,
      0.6044282477516785,
      0.0020833689607588123,
      0.06344721376011064,
      0.007288879936649654,
      0.006587379796939602,
      0.003454112434997879,
      0.03424266896531093,
      0.10655929402875457,
      0.0008841893697704078,
      0.00018643638204335
    ],
    [
      0.022614367963383186,
      0.00038007646633921233,
      0.0006602166715658746,
      0.01805074785364168,
      0.03442413028172027,
      0.0006978244848034717,
      0.039029247871447216,
      0.1302744086676374,
      0.0005379606975869108,
      0.0007263054739297422,
      0.5767609020359606,
      0.08769930113296474,
      0.0003476290798753413,
      0.0018689059014945838,
      0.000579757019887655,
      0.06128528698082219,
      0.023719012460953953,
      7.479915342431938e-05,
      0.0002691198025617859
    ],
    [
      0.0026234971678736683,
      8.512723311294622e-06,
      0.001747703259414083,
      0.0012877396681411943,
      0.00028692741223090314,
      0.00024685451781479876,
      0.06924287569911687,
      0.08894013883685412,
      0.07315161392314341,
      0.07668863370018571,
      0.002698445257694167,
      0.5538359519095905,
      0.039397782180313756,
      0.0018410688326741453,
      0.0011748932170933036,
      0.02777749316212059,
      0.052818346547238375,
      0.006068776354792368,
      0.00016274563039692984
    ],
    [
      0.0024126439065024763,
      0.0012042204525416803,
      0.0021710685488506966,
      1.978503150953147e-05,
      0.0017653179264334564,
      0.0009451423483604601,
      0.08851707289531471,
      0.0649336434738429,
      0.08152388701630432,
      0.06421715328896975,
      0.0023930013491668465,
      0.06955159250634631,
      0.5933419151902276,
      0.0030792297738909853,
      0.0016193720284163591,
      0.015995725220900207,
      0.003331758039725188,
      0.0028276501028927873,
      0.00014982089980383913
    ],
    [
      0.0010499474051450025,
      0.00022430815162821348,
      0.0006382601119961338,
      0.001521514236911933,
      0.007566445538773911,
      0.01104300526718758,
      0.07053611010335317,
      0.0352568566264128,
      0.02502886739012652,
      0.02209329856524381,
      0.0004526034927113548,
      0.04830249984234201,
      0.0010682957535254954,
      0.6966860644009099,
      0.01923330209633067,
      0.03601944463767028,
      0.02298752680492403,
      0.00017714633877080737,
      0.00011450323603631214
    ],
    [
      0.0018531429708669763,
      9.35676843934917e-05,
      0.000772614265536446,
      0.003032928889176813,
      0.001542303253714209,
      0.002446541361648079,
      0.15755634924933457,
      0.07576144006232523,
