{
  "poids_LS": 0.6325,
  "poids_EM": 0.36750000000000005,
  "mae_validation": 6.760559708250282,
  "matrice_de_transition": [
    [
      0.26956137387210316,
      0.002156980079346311,
      0.007817033257137633,
      0.0507739009737804,
      0.005043574755718458,
      0.030705040971667104,
      0.11103803884058029,
      0.06504721756761218,
      0.07074542223755509,
      0.058205800140864364,
      0.01237332332693182,
      0.1534428990136597,
      0.01822775610155159,
      0.029630958477648572,
      0.0055499505856122355,
      0.04184558913543028,
      0.0555440401337008,
      0.004667451512655151,
      0.0076236490164448755
    ],
    [
      0.005264491111963146,
      0.5741407780750191,
      0.0018062538775378823,
      0.00957284784049253,
      0.03156608820025011,
      0.006274381457058434,
      0.04647068440264117,
      0.014962271510245036,
      0.057435162401862944,
      0.014139924166216903,
      0.002094050075857712,
      0.029511563753394678,
      0.00989655895773785,
      0.00013291822019632647,
      0.029295886787911604,
      0.0547631176514301,
      0.06612656979902681,
      0.010402685739691366,
      0.03614376597146637
    ],
    [
      0.01699969389874534,
      0.014503618806285784,
      0.39021085976404013,
      0.017113804155547592,
      0.02795476831659822,
      0.013361456753730242,
      0.06686656316582026,
      0.17261872848052962,
      0.015687728751856818,
      0.02334248384580794,
      0.005063255332142006,
      0.0904592136503193,
      0.016441176284950117,
      0.02463790965229804,
      0.015048059960041058,
      0.024561391343637468,
      0.06079104286628149,
      0.0006388958820872533,
      0.0036993490892812263
    ],
    [
      0.016617469991471477,
      0.01271857948179947,
      0.018774337944525987,
      0.21752754270250982,
      0.009108957816644081,
      0.02339458787470804,
      0.0984804524412373,
      0.06315240471685732,
      0.08705782726257598,
      0.08483064195335745,
      0.024058757746873185,
      0.10297449972030538,
      0.051685006535106374,
      0.0279391520319404,
      0.051382152862860186,
      0.05917257908471039,
      0.02445504194137719,
      0.016102656428454713,
      0.010567351462685344
    ],
    [
      0.0052483866055571355,
      0.040868685135794905,
      0.007694296861125133,
      0.02011381775104644,
      0.43312904951860276,
      0.012262233959942722,
      0.08007581481859898,
      0.03620169295504863,
      0.09487223092529404,
      0.034172982818876235,
      0.0019119367541590116,
      0.03217426329708988,
      0.011376723969607708,
      0.0024255526978304276,
      0.0003338764158858801,
      0.008001107711773857,
      0.03377388623063499,
      0.0654078418052012,
      0.07995561976793021
    ],
    [
      0.013723649685457025,
      0.005637521622438579,
      0.024983023028464533,
      0.01066457930465975,
      0.009677223108885823,
      0.41120766272758036,
      0.04925997700482694,
      0.011554417083753397,
      0.03946306940563263,
      0.061908989630806543,
      0.011901677906732182,
      0.08702915125363046,
      0.025287220254211495,
      0.03322856677458194,
      0.04256652782844848,
      0.04939915764840236,
      0.05707125608471414,
      0.03967499655491338,
      0.015761333091859977
    ],
    [
      0.012442925351858307,
      0.005882878493344041,
      0.03142524033529597,
      0.005527776179980029,
      0.020090858683527116,
      0.02654401372429524,
      0.3597786746675879,
      0.038897474097876195,
      0.04879263458758484,
      0.05420148950468436,
      0.039129873631113164,
      0.07448151684410528,
      0.07706104564040409,
      0.008299473580448514,
      0.04777937088716015,
      0.08398168725110373,
      0.03496702515571415,
      0.019575647729175485,
      0.011140393654741444
    ],
    [
      0.008465534975728047,
      0.016969130607276336,
      0.03154954870516158,
      0.017659381992238078,
      0.016872276397711453,
      0.0152825514344077,
      0.016418277421033772,
      0.5450678251815138,
      0.004651995038123007,
      0.037138708140612334,
      0.045446730452690695,
      0.05678735518657648,
      0.013816597139457513,
      0.027725487998653438,
      0.013982246655437769,
      0.03901850667712635,
      0.03984395203812924,
      0.021986912891274184,
      0.031316981066848215
    ],
    [
      0.0037700261370268726,
      0.007841030049183365,
      0.012604730347668675,
      0.016522297789860543,
      0.02882301984306732,
      0.005191245763582735,
      0.08958170019962144,
      0.03889481761299334,
      0.4306686615748494,
      0.06788356827583204,
      0.0011439202661933895,
      0.052376459147252426,
      0.06410555047418978,
      0.010941900982022084,
      0.015988170071181806,
      0.04718142648088215,
      0.04470249567612823,
      0.022639150812186756,
      0.039139828496277645
    ],
    [
      0.011344225551837716,
      0.00528597773720007,
      0.006233668728326338,
      0.015220975424794402,
      0.007420106766284874,
      0.03375163935900909,
      0.07350268275318073,
      0.05850226816135521,
      0.024222648724717914,
      0.46206803906241944,
      0.02552126976929543,
      0.06137416865403665,
      0.032859517315452294,
      0.006077755943040466,
      0.042312877328723984,
      0.04267220072854949,
      0.07851481253205729,
      0.010831319779687489,
      0.002283845680031036
    ],
    [
      0.021461389859793248,
      0.004655936712655347,
      0.008087654226681958,
      0.03136468143538967,
      0.023633380198013604,
      0.008548349938842521,
      0.03875358931051828,
      0.11669320365636535,
      0.006590018545439654,
      0.008897242055639337,
      0.5287715107386897,
      0.10277649045651985,
      0.004258456228472927,
      0.022894097293308636,
      0.0071020234936237684,
      0.0435875886161367,
      0.017711380023079877,
      0.0009162896294479117,
      0.003296717581381875
    ],
    [
      0.03213784030645241,
      0.00010428086056335904,
      0.0214093649278225,
      0.015774810934729617,
      0.003514860799828561,
      0.0030239678432312823,
      0.06239402063889854,
      0.0658590876485876,
      0.048297899050523924,
      0.07173410244727657,
      0.03305595440675352,
      0.48357240995950024,
      0.05250477391123386,
      0.02255309320025826,
      0.014392441909392957,
      0.025068554011468614,
      0.0366786568713662,
      0.005930246299749687,
      0.001993633972362389
    ],
    [
      0.02955488785465531,
      0.014751700543635574,
      0.026595589723421013,
      0.00024236663599176033,
      0.021625144598809824,
      0.011577993767415628,
      0.08311307246192928,
      0.05214281891573384,
      0.09533354107107408,
      0.04923351048485801,
      0.02931426652729385,
      0.05480103153111218,
      0.42835137843131066,
      0.03772056473016454,
      0.019837307348100384,
      0.02539235699632352,
      0.006419828176972925,
      0.012157334178600706,
      0.0018353060225970279
    ],
    [
      0.012861855713026272,
      0.002747774857445613,
      0.007818686371952634,
      0.016700546545470492,
      0.007992260642263257,
      0.01759735218296796,
      0.052221181591891014,
      0.03519485294248155,
      0.022630299471062,
      0.024598034129022388,
      0.005544392785714091,
      0.04639670289289632,
      0.01308662298068731,
      0.6673626485627707,
      0.019254740509210517,
      0.02816257774857832,
      0.01625676278117221,
      0.002170042649942389,
      0.0014026646414448227
    ],
    [
      0.02270100139312044,
      0.0011462041338202724,
      0.009464524752821456,
      0.037153378892415934,
      0.018893214857999045,
      0.029970131680188947,
      0.11903287332512442,
      0.06768952422762328,
      0.0516883983278752,
      0.09754671891495353,
      0.014071032771105689,
      0.11081035664360528,
      0.04416968518541764,
