{
  "poids_LS": 0.8125,
  "poids_EM": 0.1875,
  "mae_validation": 6.285187686009411,
  "matrice_de_transition": [
    [
      0.3075351395698924,
      0.0011005000404828115,
      0.0039882822740498125,
      0.03489000493802641,
      0.002573252426386968,
      0.015665837230442396,
      0.13111234809980332,
      0.07518854020271146,
      0.07949579315242263,
      0.06326941385616458,
      0.006312920064761132,
      0.1403501834373554,
      0.009299875562016117,
      0.015117835957983963,
      0.0028316074416388955,
      0.03992497485494935,
      0.06507252123320824,
      0.0023813528125791582,
      0.003889616845124936
    ],
    [
      0.002685964853042421,
      0.6281992536345565,
      0.0009215581007846337,
      0.004884106041067617,
      0.016105147040943932,
      0.0032012150291114458,
      0.05368706137312185,
      0.009331365941653052,
      0.056421458307141445,
      0.014851660542520202,
      0.0010683928958457713,
      0.037063149499124294,
      0.00734406700930188,
      6.781541846751349e-05,
      0.029618009198968703,
      0.04719552273949637,
      0.0547908713729144,
      0.008320551994173642,
      0.02424282900776444
    ],
    [
      0.008673313213645579,
      0.007399805513411114,
      0.4511318217774304,
      0.014301106746785534,
      0.031658897901442266,
      0.009630000298711685,
      0.07440868272381926,
      0.17476424394287254,
      0.019487498760381295,
      0.014948015632332334,
      0.0025832935368071456,
      0.07871558867532286,
      0.008388355247423528,
      0.012570362067498998,
      0.007677581612265845,
      0.022595239681553792,
      0.05885280237678127,
      0.00032596728677921087,
      0.0018874230047353194
    ],
    [
      0.008478301016056875,
      0.006489071164183403,
      0.00957874384924795,
      0.2542212738055219,
      0.0046474274574714695,
      0.011936014221789814,
      0.11809245533455155,
      0.08008536729906726,
      0.10038904374703153,
      0.09210920120520974,
      0.01227487640146591,
      0.115859505960728,
      0.043997225928665576,
      0.014254669404051224,
      0.03286818903690978,
      0.05986075169223374,
      0.021250735592579645,
      0.008215641034925872,
      0.005391505848308848
    ],
    [
      0.002677748268141395,
      0.020851369967242295,
      0.003925661663839353,
      0.010262151913799202,
      0.4904524700751757,
      0.006256241816297306,
      0.09361276766964331,
      0.03989289623477562,
      0.08786239938400199,
      0.042039978112263905,
      0.000975477935795414,
      0.03991506601676778,
      0.005804451004901891,
      0.0012375268866481773,
      0.00017034511014585717,
      0.004082197812129518,
      0.029951610739915313,
      0.055486945526937184,
      0.06454269386157899
    ],
    [
      0.007001862084416849,
      0.0028762865420604994,
      0.012746440320645168,
      0.005441111890132525,
      0.004937358729023378,
      0.4929101486170706,
      0.06251500579253186,
      0.007859739266355007,
      0.03901460678187548,
      0.06567947339016242,
      0.006072284646291929,
      0.08768886549514868,
      0.012901642986842597,
      0.016953350395194865,
      0.03380926221548629,
      0.04238722909238497,
      0.05651482593385989,
      0.02661104824610152,
      0.01607945757441549
    ],
    [
      0.006348431301968523,
      0.0030014686190530816,
      0.016033285885355086,
      0.0028202939693775654,
      0.01669360276223163,
      0.01354286414504859,
      0.46032642696439346,
      0.03340338136262527,
      0.040816626827143536,
      0.06873037497710618,
      0.02302092150108806,
      0.085221965175023,
      0.07215463260432584,
      0.0042344252961472005,
      0.031618708803551124,
      0.07708819848672599,
      0.029272941633163997,
      0.009987575372028306,
      0.005683874313643593
    ],
    [
      0.0043191504978204315,
      0.008657719697589966,
      0.016096708523041618,
      0.009845359651855234,
      0.00860830428454666,
      0.0077972201195957635,
      0.012126658684744728,
      0.6639912023251856,
      0.0028787932858950877,
      0.031531180082230076,
      0.02318710737382178,
      0.047248545397331726,
      0.01563633414186421,
      0.016743563645082095,
      0.01739095031153535,
      0.03272093367151773,
      0.04472879061800305,
      0.011217812699629683,
      0.02527366498870906
    ],
    [
      0.001923482722972894,
      0.004000525535297634,
      0.006430984871259527,
      0.008429743770337011,
      0.014705622368911896,
      0.00264859477733813,
      0.10693852415594304,
      0.04043878484830672,
      0.48606426798924407,
      0.0780460614003712,
      0.0005836327888741782,
      0.0659175353305931,
      0.05475903563550699,
      0.005582602541848001,
      0.008157229628153982,
      0.04367410488760171,
      0.0353659493376563,
      0.011550587149074873,
      0.0247827302607088
    ],
    [
      0.009300151385190893,
      0.0026969274169388107,
      0.0031804432287379273,
      0.015959849861933516,
      0.0037857687583086087,
      0.017220224162759742,
      0.08101287987726853,
      0.04975360520853653,
      0.018096484857047436,
      0.5379934836966909,
      0.013021056004742564,
      0.06247979271060944,
      0.01922184404675755,
      0.006349555331786672,
      0.021588202718736724,
      0.03817645045482226,
      0.09347186933029585,
      0.005526183561065044,
      0.0011652273877709365
    ],
    [
      0.022076311515041216,
      0.002375477914620075,
      0.004126354197286713,
      0.024263916858457406,
      0.029388446909323827,
      0.004361403030021694,
      0.03890060720968038,
      0.12393651299571043,
      0.00336225435991819,
      0.004539409212060886,
      0.5543658527639008,
      0.09473532281729047,
      0.002172681749220881,
      0.011680661884341139,
      0.0036234813742978406,
      0.05302636107730229,
      0.020915450656612718,
      0.00046749470890199575,
      0.0016819987660111604
    ],
    [
      0.016396857299210414,
      5.320452069559134e-05,
      0.01092314537133801,
      0.008048372925882457,
      0.0017932963264431431,
      0.0015428407363424909,
      0.06604674333768165,
      0.07816898161566307,
      0.06155321364925432,
      0.07437651911549477,
      0.01686528286058853,
      0.5210462989995484,
      0.0455143783214098,
      0.011506680204213398,
      0.00734308260683314,
      0.026513321558483002,
      0.045286491365164695,
      0.00600412899577245,
      0.0010171601899808106
    ],
    [
      0.015079024415640463,
      0.0075263778283854955,
      0.013569178430316842,
      0.00012365644693457158,
      0.011033237040209093,
      0.005907139677252871,
      0.08599520602640151,
      0.058964592013392006,
      0.08796839224186355,
      0.05722478664705094,
      0.014956258432292778,
      0.06266799738457039,
      0.5163463313693998,
      0.01924518608681864,
      0.010121075177602235,
      0.020380820049431085,
      0.004772857437107465,
      0.007181502671556482,
      0.0009363806237739937
    ],
    [
      0.0065621712821562605,
      0.001401925947676333,
      0.003989125699975832,
      0.008605062647572593,
      0.007765159253735606,
      0.014101700494551755,
      0.06198914346467083,
      0.035227921573911546,
      0.02390953569456308,
      0.023262175161673813,
      0.002828771829445965,
      0.04741312793260069,
      0.00667684845953434,
      0.6830018036764449,
      0.019243306689007936,
      0.032352906756094035,
      0.019846503593839847,
      0.001107164617317545,
      0.0007156452252269503
    ],
    [
      0.011582143567918592,
      0.0005847980274593227,
      0.004828839159602784,
      0.018955805557355064,
      0.009639395335713797,
      0.01529088351030048,
      0.13957872715136985,
      0.07199454600613099,
      0.059213093239718774,
      0.1034887958102314,
      0.007179098352604942,
      0.12487171736983967,
