{
  "poids_LS": 0.4675,
  "poids_EM": 0.5325,
  "mae_validation": 7.204983627966025,
  "matrice_de_transition": [
    [
      0.2347520886491297,
      0.0031254201149711848,
      0.011326721658301467,
      0.06533413900655488,
      0.007308036890938989,
      0.044490977734456406,
      0.09263658868629254,
      0.05575100515210452,
      0.06272424889892651,
      0.05356415423517251,
      0.017928692983921614,
      0.16544455495860533,
      0.02641164659612577,
      0.04293465412067445,
      0.008041765134254463,
      0.043606152225871136,
      0.046809599125818994,
      0.00676304198772481,
      0.011046511840154817
    ],
    [
      0.007628140182640474,
      0.5245871754787765,
      0.0026172250062283593,
      0.013870861156632032,
      0.04573861759628076,
      0.009091450682676505,
      0.03985567217970056,
      0.020123934948121015,
      0.05836439115535766,
      0.013487499154605549,
      0.0030342358242019907,
      0.0225892768198092,
      0.012236343243804158,
      0.0001925957884477383,
      0.029000607911109262,
      0.061700079654036004,
      0.07651762668962986,
      0.012311308339749277,
      0.04705295818819313
    ],
    [
      0.024632209526753445,
      0.021015447658087563,
      0.3343666445850991,
      0.019692110113579474,
      0.02455931619715785,
      0.01678195850416392,
      0.059952953570987844,
      0.17065200597338195,
      0.012204606244042715,
      0.031037413041493902,
      0.007336553644532293,
      0.10122420321073268,
      0.02382292890268282,
      0.035699828271697154,
      0.021804331778835,
      0.026363697033880834,
      0.06256776331499002,
      0.0009257470944529588,
      0.005360281333448307
    ],
    [
      0.024078374885601522,
      0.018428962106280863,
      0.02720363253186418,
      0.1838916225247488,
      0.013198693979218972,
      0.03389828038988307,
      0.08050278312236592,
      0.04763052234983155,
      0.0748375454851584,
      0.07815862930582618,
      0.03486064898016318,
      0.091163243999918,
      0.058732138757677105,
      0.04048326110750547,
      0.06835328636998138,
      0.05854175419448065,
      0.02739232276110827,
      0.023332420539189477,
      0.015311876609197129
    ],
    [
      0.007604805081521562,
      0.05921789070696812,
      0.011148879125303763,
      0.029144511435189733,
      0.3805825806750776,
      0.017767726758284346,
      0.06766694137180834,
      0.03281808994863222,
      0.10129790983814507,
      0.026961570466604207,
      0.0027703573376589756,
      0.02507852747071848,
      0.01648464085392137,
      0.003514576358080823,
      0.00048378011281423436,
      0.011593441786447832,
      0.037277638763794696,
      0.07450199672694321,
      0.09408413518208547
    ],
    [
      0.01988528831974385,
      0.008168653779451817,
      0.03619989051063228,
      0.01545275776797637,
      0.014022098790426393,
      0.33631371732888105,
      0.037109533949430784,
      0.014941205083035255,
      0.03987416014407669,
      0.05845271285139699,
      0.017245288395469075,
      0.08642441319890543,
      0.03664066608263297,
      0.04814751512235342,
      0.05059402130699716,
      0.05582675882475162,
      0.057581317056330544,
      0.05165028250465757,
      0.015469718982850756
    ],
    [
      0.018029544897590604,
      0.008524170878110752,
      0.04553453191440844,
      0.008009634873032285,
      0.023205009944714645,
      0.038461734171937996,
      0.2676099017288496,
      0.043933725771856204,
      0.05610397503465603,
      0.04088334448829769,
      0.05389641308363617,
      0.06463610587409738,
      0.0815585909234758,
      0.012025767841058048,
      0.06259331113046843,
      0.09030071861844999,
      0.04018660171805178,
      0.02836471405656039,
      0.016142203050747803
    ],
    [
      0.012266387413810025,
      0.024587923941155502,
      0.045714652205438196,
      0.02482223580425568,
      0.02444758416811251,
      0.022144105139651968,
      0.02035226126263206,
      0.4360547294664812,
      0.006277429977665265,
      0.0422789421941294,
      0.06585138494165385,
      0.06553126416005083,
      0.012148504887251374,
      0.037792251989427164,
      0.01085760163734832,
      0.044791281932267585,
      0.03536618333991157,
      0.0318585880669483,
      0.036856687471809105
    ],
    [
      0.0054626909332430185,
      0.011361492520245282,
      0.018263997034377057,
      0.023940472307757112,
      0.04176396752770978,
      0.0075220091676402884,
      0.07367127823965999,
      0.037479514313956075,
      0.3798893556949877,
      0.05856794957833782,
      0.001657517120402666,
      0.03996380597919015,
      0.07267318907631568,
      0.015854591218848323,
      0.023166532143957308,
      0.05039647127472255,
      0.053260996486394166,
      0.03280366750337264,
      0.05230050187888242
    ],
    [
      0.013217960204597303,
      0.007659273864106223,
      0.009032458769615713,
      0.014543673857416888,
      0.010751583273596448,
      0.04890543662223766,
      0.06661833538943358,
      0.06652187586810566,
      0.02983829893674918,
      0.39246971481433734,
      0.03697979905346888,
      0.060360679935511585,
      0.0453607178117558,
      0.005828606503356443,
      0.0613104957212123,
      0.04679330514613278,
      0.06480417713367197,
      0.015694361313424724,
      0.0033092457812694594
    ],
    [
      0.020897711675815944,
      0.006746357277521013,
      0.011718845920294263,
      0.0378737156309109,
      0.018357902379312577,
      0.01238638460526161,
      0.03861882290295303,
      0.11005350342863235,
      0.009548802382167659,
      0.012891922162252913,
      0.5053100305489127,
      0.11014756079248014,
      0.006170416167787302,
      0.03317307975152883,
      0.010290687103005866,
      0.03493538052673491,
      0.014774315275674778,
      0.0013276849732816677,
      0.004776876495471696
    ],
    [
      0.046567074729757574,
      0.0001511008387754794,
      0.031021732854599946,
      0.022857379109506176,
      0.005092961567098526,
      0.004381667691212674,
      0.059045691498347354,
      0.05457501817876842,
      0.036147194001687734,
      0.06931188716807654,
      0.04789740332407142,
      0.4492213450061229,
      0.05891263653523923,
      0.032678971779966044,
      0.02085435460340612,
      0.023744183760038763,
      0.028788141918717588,
      0.005862520495062154,
      0.0028887349395455017
    ],
    [
      0.04282442934041891,
      0.021374913032614806,
      0.03853646674209983,
      0.0003511843092941833,
      0.03133439319419382,
      0.01677627668339815,
      0.08047111669449641,
      0.0458895269095472,
      0.10208492749785042,
      0.04190817400284782,
      0.04247577394771149,
      0.04758964616544217,
      0.3476893382380624,
      0.05465632848656494,
      0.02874385350439035,
      0.02998626586430825,
      0.007929551355182926,
      0.01671851306005791,
      0.002659320971518142
    ],
    [
      0.018636566441323776,
      0.003981469691400785,
      0.011329116987931364,
      0.02412140678521023,
      0.008200436915080272,
      0.020801699564016146,
      0.04326721654184286,
      0.03516454003033738,
      0.021457666266186014,
      0.025822571515758577,
      0.00803371199562654,
      0.04546497993983398,
      0.018962249625077525,
      0.6530267563752361,
      0.019265221511062885,
      0.02432144282502225,
      0.012966167036226876,
      0.0031443475131818282,
      0.0020324324396445385
    ],
    [
      0.0328932877328888,
      0.0016608263979844761,
      0.013713903213271905,
      0.05383448778288838,
      0.027375882753427182,
      0.043426109169253366,
      0.10019917398439948,
      0.06374325426399123,
      0.04479076132535193,
      0.09209981509428217,
      0.020388639321398037,
      0.0979207759778904,
      0.05142745364752205,
      0.049264228298521076,
