{
  "poids_LS": 0.5175,
  "poids_EM": 0.48250000000000004,
  "mae_validation": 7.069546234552177,
  "matrice_de_transition": [
    [
      0.2453003568985156,
      0.002831953437509102,
      0.010263179718554852,
      0.060921945663289886,
      0.006621836243902465,
      0.04031342113967177,
      0.09821278570274336,
      0.05856803921740987,
      0.06515490748638972,
      0.054970713600533676,
      0.01624524763331865,
      0.16180768952074304,
      0.02393167977958814,
      0.038903231198545406,
      0.007286669816484091,
      0.04307264825907088,
      0.049456399431237724,
      0.006128014571037035,
      0.010009280681454836
    ],
    [
      0.00691188288849583,
      0.5396034186897591,
      0.0023714761793524573,
      0.012568432879014003,
      0.04144391171869572,
      0.00823779334158012,
      0.041860221338167414,
      0.018559794512401025,
      0.05808280668460169,
      0.013685203703578687,
      0.002749331051976452,
      0.024686939526956313,
      0.011527317702571944,
      0.0001745116768564014,
      0.029090086358625124,
      0.05959796995627664,
      0.07336882157126531,
      0.011732937854883245,
      0.04374714236494259
    ],
    [
      0.022319326003114627,
      0.0190421661878446,
      0.3512891340332631,
      0.018910805277812238,
      0.02558824108183675,
      0.01574544282221432,
      0.06204798678154311,
      0.17124798249069945,
      0.013260097913077291,
      0.02870561631552846,
      0.006647675368050388,
      0.09796208516212257,
      0.021586034170036548,
      0.03234773172036409,
      0.019756976682230774,
      0.025817543794413145,
      0.06202936317901774,
      0.0008388224846451693,
      0.004856968532185556
    ],
    [
      0.021817494614653026,
      0.016698543129165293,
      0.024649300838731396,
      0.1940843256089188,
      0.011959379990559916,
      0.030715343264072457,
      0.08595056170384208,
      0.052334123067112076,
      0.07854066117528494,
      0.08018045132022959,
      0.03158734860643894,
      0.09474241240003539,
      0.056596644144776886,
      0.03668201593309182,
      0.06321051864055072,
      0.05873291325212602,
      0.026502237664220066,
      0.02114158292987591,
      0.013874141716314771
    ],
    [
      0.006890738876683858,
      0.05365752538237018,
      0.010102036014946603,
      0.026407937591509948,
      0.3965057530519034,
      0.016099395607271735,
      0.07142720605265399,
      0.033843424193000834,
      0.0993507344100084,
      0.029146846936989667,
      0.002510229888113532,
      0.027228750448406783,
      0.0149367872526142,
      0.0031845691883079764,
      0.0004383547501086725,
      0.010504855703213295,
      0.03621589557192812,
      0.0717461922052032,
      0.0898027668747657
    ],
    [
      0.018018125097232694,
      0.007401644034902352,
      0.03280083975846024,
      0.014001794597274365,
      0.01270546979602016,
      0.35900885229818386,
      0.040791486390459916,
      0.013914905689313481,
      0.03974958719303303,
      0.059500069451218066,
      0.01562601248979123,
      0.08660766715488272,
      0.03320022795280828,
      0.04362662168363479,
      0.048161447525618774,
      0.05387900089252457,
      0.0574267531255377,
      0.048021407974432065,
      0.015558086894671731
    ],
    [
      0.016336629883732336,
      0.007723779246363264,
      0.04125898901164709,
      0.007257556481198269,
      0.02226132774435479,
      0.03485030373325838,
      0.2955398329224066,
      0.042407588900953176,
      0.05388841732342234,
      0.04491914600841486,
      0.049421704158629204,
      0.06761956374379674,
      0.08019569841345406,
      0.010896587762085463,
      0.05810423832946592,
      0.08838586062834508,
      0.03860491185067674,
      0.025701360624019513,
      0.01462650323377618
    ],
    [
      0.011114613947724578,
      0.022279198688464848,
      0.04142219659929377,
      0.02265167404303823,
      0.02215203635890007,
      0.0200648464410931,
      0.019160144946996215,
      0.4690890008952789,
      0.005784873935379733,
      0.04072129551124544,
      0.05966815630863472,
      0.06288159477414951,
      0.012653987387919901,
      0.03474171744676847,
      0.01180446376404209,
      0.04304195609737631,
      0.03672308294543207,
      0.028867171347047055,
      0.0351779885612149
    ],
    [
      0.004949762207116915,
      0.01029468571083258,
      0.01654906773537452,
      0.021692540635667244,
      0.03784246822933328,
      0.006815717227016788,
      0.0784926182275271,
      0.03790839410154312,
      0.39527702414343063,
      0.061390864335154255,
      0.0015018817100362187,
      0.043725216030118114,
      0.07007693495445935,
      0.014365897207688858,
      0.02099127090978292,
      0.049422215276589104,
      0.05066751139237419,
      0.02972351093028601,
      0.04831241903566886
    ],
    [
      0.012650161824973187,
      0.0069400932195892075,
      0.0081843405752856,
      0.014748916756622195,
      0.009742044938047487,
      0.04431337684550174,
      0.06870450125723575,
      0.06409169171454493,
      0.028136586751285164,
      0.41356011610163496,
      0.033507517452204205,
      0.06066779772900403,
      0.041572475237118385,
      0.005904106333563723,
      0.05555364166288251,
      0.045544485625653,
      0.06895891513318267,
      0.014220712363807382,
      0.0029985184778638764
    ],
    [
      0.021068523246718155,
      0.006112896500288993,
      0.010618484801017807,
      0.0359012810262075,
      0.01995653202134319,
      0.011223343797255828,
      0.03865966120827583,
      0.11206553380067265,
      0.00865220121952281,
      0.011681413039036678,
      0.5124195700003602,
      0.10791390311491642,
      0.0055910343679950675,
      0.0300582365823712,
      0.00932442540319311,
      0.037557261765947564,
      0.015664334896100564,
      0.001203019717574469,
      0.004328343491202053
    ],
    [
      0.042194579449968135,
      0.0001369129665899884,
      0.028108894088909812,
      0.020711146329270857,
      0.0046147492133803555,
      0.003970243494854676,
      0.06006033669245378,
      0.05799443316962272,
      0.0398292258346684,
      0.07004589179813715,
      0.043399994561247816,
      0.45963075862835845,
      0.056970859982510336,
      0.029610523725509146,
      0.01889619924158395,
      0.02414550807865387,
      0.031179207055883833,
      0.005883043466179588,
      0.002617492222217286
    ],
    [
      0.03880335616291479,
      0.019367878945045342,
      0.03491801916068201,
      0.0003182092567782976,
      0.02839219665013807,
      0.01520103943613072,
      0.08127170935129427,
      0.047784463881118906,
      0.10003905282306971,
      0.0441279729367903,
      0.03848743836576675,
      0.04977491445806945,
      0.3721323807208649,
      0.049524278863413304,
      0.026044900123696424,
      0.02859417226794924,
      0.007472059482998079,
      0.015336337641434515,
      0.0024096194718450773
    ],
    [
      0.016886654099415446,
      0.0036076227720204307,
      0.010265350134604476,
      0.021872661258016374,
      0.008137353196044812,
      0.019830685206122755,
      0.04598053928428169,
      0.03517372576129016,
      0.02181300966160298,
      0.025451499580383972,
      0.007279372841107617,
      0.045747320228640746,
      0.017181756702535037,
      0.6573709661290345,
      0.0192620454498955,
      0.025485423104887724,
      0.013963317261967886,
      0.0028491036152304833,
      0.001841593712917352
    ],
    [
      0.02980471611477718,
      0.001504880257328657,
      0.012426212770711164,
      0.048779606300927036,
      0.024805377330570175,
      0.03934854023317324,
      0.10590635560280098,
      0.06493909364691004,
      0.04688095435641959,
      0.09375039200963711,
      0.01847421309403672,
      0.10182670951295551,
      0.04922812987112677,
      0.04463847916250971,
