{
  "poids_LS": 0.6925,
  "poids_EM": 0.3075,
  "mae_validation": 6.600818661943983,
  "matrice_de_transition": [
    [
      0.2822192957713663,
      0.001804820066391811,
      0.006540782929441692,
      0.0454792689618624,
      0.004220133979274628,
      0.025691973057925532,
      0.11772947526032132,
      0.0684276584459786,
      0.07366221254251093,
      0.05989367137929777,
      0.010353188906208257,
      0.14907866048822493,
      0.01525179592170643,
      0.0247932509710937,
      0.004643836204287788,
      0.041205384375269966,
      0.05872020050020328,
      0.0039054186126298196,
      0.006378971626004895
    ],
    [
      0.00440498235898957,
      0.5921602699281983,
      0.0015113552852867992,
      0.008009933907350893,
      0.02641244114714805,
      0.005249992647742771,
      0.0488761433928014,
      0.013085302987381042,
      0.05709726103695578,
      0.01437716962498467,
      0.0017521643491870652,
      0.03202875900197122,
      0.009045728308259194,
      0.00011121728628672213,
      0.029403260924930636,
      0.05224058601411885,
      0.06234800365698935,
      0.009708641157852124,
      0.03217678698356572
    ],
    [
      0.01422423367037875,
      0.012135681041994226,
      0.4105178471018369,
      0.016176238352626906,
      0.029189478178212908,
      0.012117637935390722,
      0.06938060301848659,
      0.1733339003013106,
      0.016954318754698314,
      0.020544327774649405,
      0.004236601400363718,
      0.08654467199198715,
      0.013756902605774586,
      0.020615393790698357,
      0.012591233844115986,
      0.02390600745627624,
      0.06014496270311475,
      0.0005345863503179057,
      0.0030953737277659237
    ],
    [
      0.013904413666333274,
      0.01064207670926078,
      0.01570913991276664,
      0.22975878640351388,
      0.00762178103025321,
      0.019575063323735296,
      0.10501778673900872,
      0.06879672557759398,
      0.09150156609072783,
      0.08725682837064155,
      0.02013079729840409,
      0.10726950180044625,
      0.04912241299962611,
      0.023377657822644005,
      0.045210831587543375,
      0.05940196995388484,
      0.023386939825111343,
      0.01347365129727843,
      0.008842069591226511
    ],
    [
      0.004391507159751888,
      0.034196246746277366,
      0.006438085128696539,
      0.01682992913863069,
      0.45223685637079375,
      0.010260236578727582,
      0.08458813243561376,
      0.037432094048290954,
      0.09253562041153002,
      0.03679531458333879,
      0.0015997838147044788,
      0.034754530870315846,
      0.009519299648039102,
      0.0020295440941030104,
      0.00027936598063920575,
      0.00669480441189241,
      0.0324997944003951,
      0.06210087637911319,
      0.07481797779914647
    ],
    [
      0.011483053818443632,
      0.004717109928979219,
      0.020904162125858074,
      0.00892342349981734,
      0.00809726831559834,
      0.4384418246907438,
      0.05367831993406191,
      0.010322857811287268,
      0.03931358186438025,
      0.06316581755059184,
      0.009958546819918762,
      0.0872490560008032,
      0.021158694498421858,
      0.02780349464811958,
      0.039647439290794416,
      0.0470618481297299,
      0.056885779367762734,
      0.03532034711864276,
      0.015867374586045147
    ],
    [
      0.010411427335228379,
      0.004922408535247054,
      0.02629458885198234,
      0.004625282109779207,
      0.018958440043095288,
      0.02221029719787969,
      0.3932945920998564,
      0.03706610985279256,
      0.0461339653341044,
      0.05904445132882497,
      0.033760222921104796,
      0.07806166628774452,
      0.075425574628378,
      0.0069444574856814085,
      0.042392483525957134,
      0.08168385766297782,
      0.033068997314864096,
      0.016379623610126424,
      0.009321553874375492
    ],
    [
      0.0070834068164255075,
      0.014198660304047544,
      0.026398601977788254,
      0.015054707878777128,
      0.01411761902665652,
      0.012787440996137052,
      0.014987737842270756,
      0.584708950896071,
      0.004060927787380366,
      0.03526953212115158,
      0.03802685609306772,
      0.05360775192349489,
      0.014423176140259746,
      0.02406484654746299,
      0.015118481207470296,
      0.03691931567525682,
      0.04147223156475384,
      0.018397212827392682,
      0.029302542374135168
    ],
    [
      0.003154511665675546,
      0.00656086187788812,
      0.010546815188865624,
      0.0138247797833527,
      0.024117220685015508,
      0.004343695434834533,
      0.09536730818506198,
      0.0394094733580978,
      0.449133863712981,
      0.07127106598401176,
      0.0009571577737536522,
      0.05689015120836598,
      0.06099004552796219,
      0.009155468168630722,
      0.013377856590172531,
      0.04601231928312201,
      0.041590313563304254,
      0.018942962924482793,
      0.03435412908442136
    ],
    [
      0.010662867496288773,
      0.00442296096377965,
      0.005215926895130201,
      0.015467266903840773,
      0.0062086607636261185,
      0.028241167626925974,
      0.07600608179454332,
      0.05558604717708231,
      0.022180594102161087,
      0.4873765206071766,
      0.021354531847777806,
      0.06174271000622758,
      0.02831362622588738,
      0.006168355739289201,
      0.03540465245872823,
      0.041173617303973745,
      0.08350049813147015,
      0.009062941040146672,
      0.0019109729159443357
    ],
    [
      0.0216663637448759,
      0.0038957837799769228,
      0.006767220883550208,
      0.028997759909745582,
      0.025551735768450348,
      0.007152700969235579,
      0.038802595276905646,
      0.1191076401028137,
      0.005514097150265832,
      0.007444631107779852,
      0.5373029580804267,
      0.1000961012434434,
      0.003563198068722245,
      0.019156285490319468,
      0.005942509453848458,
      0.0467338461031919,
      0.018779403567590825,
      0.0007666913225992729,
      0.002758477976258303
    ],
    [
      0.02689084597070508,
      8.725541394076981e-05,
      0.017913958408994336,
      0.01319933159844723,
      0.002941005975366755,
      0.002530258807601685,
      0.06361159487182624,
      0.06996238563761277,
      0.05271633725010073,
      0.0726149080033493,
      0.027659063891365188,
      0.496063706306183,
      0.05017464204795917,
      0.018870955534909972,
      0.012042655475206351,
      0.025550143193806746,
      0.0395479350359657,
      0.005954873865090608,
      0.0016681427115685292
    ],
    [
      0.024729600041650358,
      0.012343259638552212,
      0.022253452625719622,
      0.0002027965729726974,
      0.018094508745942914,
      0.009687709070694706,
      0.0840737836500867,
      0.0544167432816199,
      0.09287849146133724,
      0.051897269205588986,
      0.024528263828960156,
      0.05742335348226492,
      0.4576830294106737,
      0.03156210518238257,
      0.016598563291267666,
      0.02372184468069271,
      0.005870837930351104,
      0.010498723676252632,
      0.0015356642229893496
    ],
    [
      0.010761960902736267,
      0.0022991585541891862,
      0.006542166147960366,
      0.014002051912837859,
      0.007916560179420707,
      0.01643213495349589,
      0.05547716888281762,
      0.03520587581962488,
      0.02305671154556236,
      0.02415274780657286,
      0.004639185800291382,
      0.04673551123946444,
      0.010950031473636318,
      0.6725757002673288,
      0.019250929235809656,
      0.02955935408441689,
      0.017453343052061424,
      0.001815749972400774,
      0.0011736581693721983
    ],
    [
      0.01899471545138649,
      0.0009590687650332891,
      0.007919296221748565,
      0.031087521114062305,
      0.015808608350570626,
      0.02507704895689279,
      0.12588149126720624,
      0.06912453148712586,
      0.054196629965156395,
      0.09952741121337949,
      0.011773721298272106,
      0.1154974768856834,
      0.04153049665374331,
      0.028448357186469916,
