{
  "poids_LS": 0.1325,
  "poids_EM": 0.8674999999999999,
  "mae_validation": 8.124393206723928,
  "matrice_de_transition": [
    [
      0.16407869137824413,
      0.005091646853967141,
      0.018452452654603796,
      0.09489583440643035,
      0.011905581226083704,
      0.07248060691951348,
      0.05527606867607189,
      0.03687687691455867,
      0.04643883636292303,
      0.04414020648725266,
      0.029207776832961503,
      0.18981155339228276,
      0.0430274242669279,
      0.06994518769893913,
      0.013100903763315954,
      0.04718062880343288,
      0.029076037079513492,
      0.011017725679532906,
      0.017995960603444702
    ],
    [
      0.0124270640534096,
      0.42397834596519296,
      0.004263742146296905,
      0.02259713061667284,
      0.07451314697610059,
      0.014810954868022287,
      0.02642519281797264,
      0.03060367586744498,
      0.06025100710942268,
      0.012162878676485522,
      0.004943097798113102,
      0.008534936681923528,
      0.01698681437005999,
      0.00031375933610969573,
      0.028401102312752988,
      0.07578421462902377,
      0.09761462098267243,
      0.016186390588351706,
      0.0692019242039717
    ],
    [
      0.040128529135133546,
      0.034236433508715414,
      0.22098596528240072,
      0.024926852513219966,
      0.01766551946980921,
      0.02372661357322623,
      0.045916231060267466,
      0.16665896330735488,
      0.005132812061511047,
      0.04666045110546238,
      0.011952038096961059,
      0.1230803941364205,
      0.03881012361141285,
      0.0581588751656287,
      0.03552161092608331,
      0.030022923738314333,
      0.06617504422600431,
      0.0015081419801651487,
      0.008732477101908744
    ],
    [
      0.03922627270095647,
      0.03002276925295521,
      0.04431765487585385,
      0.11560051186080969,
      0.021502097703234663,
      0.0552239591328142,
      0.044002666626475506,
      0.01611639754405192,
      0.05002667036131059,
      0.06461242180932329,
      0.0567917614841156,
      0.06718281571913148,
      0.07303995266410858,
      0.06595160377607699,
      0.10280983015716684,
      0.05726098850825662,
      0.03335589291025926,
      0.03801103252159037,
      0.024944700391508937
    ],
    [
      0.012389048653934188,
      0.09647233838177435,
      0.01816272796469674,
      0.04747955618784431,
      0.27389732575034476,
      0.028945545470068865,
      0.04247316801014249,
      0.02594835051136255,
      0.11434398520666082,
      0.012320218115021597,
      0.0045132112496134484,
      0.010672033520206846,
      0.026855259982679413,
      0.005725624395558899,
      0.0007881300429414992,
      0.018886968544119236,
      0.04439131814930076,
      0.09296588702260124,
      0.122769302841128
    ],
    [
      0.03239528191056862,
      0.013307619067933242,
      0.05897353055018497,
      0.025174211011679812,
      0.022843513052948163,
      0.18425631303455198,
      0.012440452594535523,
      0.021817411020971147,
      0.04070879891606915,
      0.05143542363259579,
      0.028094436963510654,
      0.08519661169385766,
      0.05969160155245841,
      0.07843750116176824,
      0.06689226564223236,
      0.06887673697067286,
      0.05861689539264263,
      0.07596374185716853,
      0.014877653973650217
    ],
    [
      0.029372075490441032,
      0.013886794810818923,
      0.07418066936290953,
      0.013048560098320202,
      0.029527680687125683,
      0.06265831811109147,
      0.08047936273201704,
      0.054158842806906526,
      0.07094821169992178,
      0.013843474303512631,
      0.08387696288118289,
      0.044646938147111626,
      0.09068997074062139,
      0.01959127437017438,
      0.09267009889718522,
      0.10313026715215301,
      0.050783923829464554,
      0.0462091820545843,
      0.02629739182445769
    ],
    [
      0.019983269636582528,
      0.04005638313418291,
      0.07447410476660589,
      0.039364999604412636,
      0.03982775448983587,
      0.0360751384199964,
      0.028339440577392225,
      0.21472511089353635,
      0.009577555460978335,
      0.05271517496945193,
      0.1072790167828821,
      0.08328404904558966,
      0.008761772132772242,
      0.05823083342524049,
      0.004513625388500041,
      0.05651176502603919,
      0.02627495598292418,
      0.05190108009028666,
      0.04810397017279031
    ],
    [
      0.008899313398287922,
      0.018509098143310386,
      0.029754023337694075,
      0.03900161451075924,
      0.06803801282683236,
      0.012254165169817746,
      0.04136830032095037,
      0.03460601973712283,
      0.2767919770904199,
      0.039654420707667726,
      0.0027002743698578643,
      0.014762358637972792,
      0.09006809169275308,
      0.02582884109361675,
      0.03774078241292576,
      0.0569239864622167,
      0.07063734661632803,
      0.053440716543053074,
      0.07902065692841331
    ],
    [
      0.017022209348078892,
      0.01247778418237023,
      0.014714850671627476,
      0.013168546432741318,
      0.017515490121774495,
      0.0796722371263684,
      0.05264102407515908,
      0.08280410969696265,
      0.04123977057935812,
      0.2511640261894433,
      0.060244085781942264,
      0.05830299071911221,
      0.07074194306182657,
      0.005322757640967671,
      0.0998814179120219,
      0.055160395933347345,
      0.036967432536950215,
      0.025567809275860935,
      0.0053911187140868655
    ],
    [
      0.019753274150771116,
      0.010990544484975545,
      0.019091265419446522,
      0.051089027482423714,
      0.007647083777707444,
      0.02017875801890037,
      0.03834520625729024,
      0.09657289993596231,
      0.015556030171888158,
      0.021002333287801694,
      0.45767611622421406,
      0.12511306723215704,
      0.010052274226395276,
      0.054042528984885,
      0.016764640491751342,
      0.017368776224010042,
      0.008811183818821991,
      0.0021629421865199,
      0.007782047624078302
    ],
    [
      0.07586279310434683,
      0.0002461595824182693,
      0.05053775258472385,
      0.03723713873708283,
      0.008296984337010274,
      0.007138209806811257,
      0.05224756869783434,
      0.03166493774004461,
      0.011477580720717286,
      0.06439405614667043,
      0.07803004203498959,
      0.3794782737371444,
      0.07192253943852288,
      0.053237573744827314,
      0.03397399552761466,
      0.021055310825317544,
      0.012768005499703727,
      0.005725016588575344,
      0.0047060611456445495
    ],
    [
      0.06976561962969653,
      0.03482204141933022,
      0.06278006553759925,
      0.0005721171611506178,
      0.0510471100393674,
      0.027330366240089943,
      0.07510714589395089,
      0.033193449200016725,
      0.11579228781888115,
      0.027035521145433193,
      0.06919762234674125,
      0.032948348604839396,
      0.1839209536032856,
      0.0890410609616809,
      0.04682684115503968,
      0.03931329295991361,
      0.01099474689882142,
      0.025979088364834653,
      0.004332321019327678
    ],
    [
      0.03036097913210963,
      0.006486244051249167,
      0.018456354905221517,
      0.0391880018174091,
      0.008623097832617846,
      0.027307495761901855,
      0.02508795416750264,
      0.03510299563295377,
      0.01907686551689234,
      0.02830875348276842,
      0.013087784330903329,
      0.04357330000482862,
      0.030891552206112213,
      0.6239205510247868,
      0.01928650112088436,
      0.01652277494992356,
      0.0062852605237621074,
      0.005122481629455842,
      0.0033110519087166893
    ],
    [
      0.05358671757423668,
      0.002705665540378466,
      0.022341429178428875,
      0.08770219371202943,
      0.044598269086569164,
      0.07074582104099021,
      0.06196105714110943,
      0.05573113039843523,
      0.030786468017198625,
      0.08104094976140389,
      0.033215295044718866,
      0.07175102129295416,
      0.06616292294937039,
      0.08025674750979724,
      0.14919213338871157,
