{
  "poids_LS": 0.7925,
  "poids_EM": 0.20750000000000002,
  "mae_validation": 6.3374016471081065,
  "matrice_de_transition": [
    [
      0.30331583227013803,
      0.0012178867114676448,
      0.0044136990499484595,
      0.03665488227533241,
      0.002847732685201578,
      0.017336859868356255,
      0.128881869293223,
      0.07406172657658931,
      0.07852352971743734,
      0.06270679011002012,
      0.00698629820500232,
      0.14180492961250032,
      0.01029186228863117,
      0.016730405126835587,
      0.0031336455687470443,
      0.040138376441669454,
      0.06401380111104074,
      0.002635363779254269,
      0.00430450930860493
    ],
    [
      0.002972467770700279,
      0.6221927563501635,
      0.0010198576315349948,
      0.00540507735211483,
      0.017823029391977954,
      0.0035426779655500003,
      0.052885241709735104,
      0.009957022115941051,
      0.056534092095443834,
      0.014772578722930946,
      0.001182354804735987,
      0.03622408441626545,
      0.007627677225794766,
      7.504906310404828e-05,
      0.02958221781996236,
      0.04803636661860012,
      0.05605039342026022,
      0.008551900188120057,
      0.025565155337064653
    ],
    [
      0.009598466623101109,
      0.0081891181015083,
      0.4443628259981648,
      0.01461362868109243,
      0.031247327947570708,
      0.010044606571491525,
      0.07357066943959714,
      0.17452585333594553,
      0.019065302092767467,
      0.015880734322718516,
      0.002858844847399908,
      0.08002043589476691,
      0.009283113140482038,
      0.013911200688032227,
      0.008496523650907535,
      0.022813700977340867,
      0.05906816243117018,
      0.0003607371307023267,
      0.00208874812524042
    ],
    [
      0.009382653124436275,
      0.007181238755029633,
      0.010600476526501066,
      0.2501441925718539,
      0.005143153052935093,
      0.013209189072114063,
      0.11591334390196108,
      0.07820392701215505,
      0.0989077974709809,
      0.09130047239944838,
      0.013584196550955607,
      0.11442783860068104,
      0.044851423773825665,
      0.015775167473816687,
      0.034925296128682046,
      0.059784288069175594,
      0.021606769631334927,
      0.009091976078651299,
      0.005966599805461793
    ],
    [
      0.0029633747500764774,
      0.023075516097081476,
      0.004344398907982217,
      0.011356781451271118,
      0.4840832011244453,
      0.006923574276702352,
      0.09210866179730505,
      0.03948276253702817,
      0.08864126955525667,
      0.04116586752410972,
      0.0010795289156135916,
      0.03905497682569245,
      0.00642359244542476,
      0.0013695297545573161,
      0.00018851525522808196,
      0.004517632245423334,
      0.030376308016661947,
      0.05658926733563319,
      0.0662552411845069
    ],
    [
      0.007748727373421313,
      0.003183090439880286,
      0.014106060621513986,
      0.006021497158413328,
      0.005464010326785872,
      0.48383209462934945,
      0.0610422248161202,
      0.008270259023843717,
      0.03906443596229294,
      0.06526053075023398,
      0.006719995008563068,
      0.08761556391275775,
      0.014277818238772475,
      0.01876170777068232,
      0.03478229172803764,
      0.043166332265275796,
      0.05657665150617703,
      0.02806259805819173,
      0.016044110409687097
    ],
    [
      0.0070255973075118335,
      0.0033216252717520774,
      0.01774350304645963,
      0.0031211253261111726,
      0.017071075642375574,
      0.014987436320520442,
      0.4491544544869706,
      0.03401383611098649,
      0.041702849911637016,
      0.0671160543690593,
      0.02481080507109085,
      0.08402858202714325,
      0.07269978960833454,
      0.004686097327736235,
      0.033414337923952125,
      0.07785414168276797,
      0.029905617580114015,
      0.01105291674504466,
      0.006290154240432244
    ],
    [
      0.004779859884254611,
      0.00958120979866623,
      0.017813690765499393,
      0.010713584356342218,
      0.009526523408231636,
      0.008628923599019312,
      0.012603505210999066,
      0.6507774937536666,
      0.003075815702809301,
      0.03215423875538366,
      0.02566039882702944,
      0.04830841315169226,
      0.0154341411415968,
      0.01796377746214558,
      0.01701220546085784,
      0.03342066400547425,
      0.044186030775794846,
      0.012414379387590184,
      0.025945144552946747
    ],
    [
      0.002128654213423336,
      0.004427248259062716,
      0.0071169565908605435,
      0.00932891643917296,
      0.0162742220882625,
      0.0029311115535875306,
      0.1050099881607962,
      0.040267232933271904,
      0.47990920060986686,
      0.07691689549764463,
      0.0006458869530207573,
      0.0644129713102219,
      0.05579753728424952,
      0.006178080146311789,
      0.009027334121823742,
      0.04406380728685509,
      0.0364033433752643,
      0.012782649778309528,
      0.026377963397994232
    ],
    [
      0.009527270737040539,
      0.0029845996747456176,
      0.003519690506469973,
      0.01587775270225139,
      0.004189584092528194,
      0.019057048073454114,
      0.08017841353014767,
      0.05072567886996082,
      0.018777169731233046,
      0.5295573231817718,
      0.014409968645248438,
      0.06235694559321246,
      0.020737141076612526,
      0.00631935539970376,
      0.023890944342068645,
      0.03867597826301417,
      0.09180997413049156,
      0.006115643140911983,
      0.0012895183091331697
    ],
    [
      0.02200798688668033,
      0.002628862225512883,
      0.004566498644997296,
      0.02505289070033877,
      0.02874899505251158,
      0.004826619353224009,
      0.03888427188755126,
      0.12313170084689432,
      0.0037208948249761306,
      0.00502361286134738,
      0.5515220369833218,
      0.09562878588831596,
      0.002404434469137775,
      0.012926599152004194,
      0.004009986054222944,
      0.05197760858161723,
      0.0205594428084424,
      0.0005173608111848753,
      0.0018614119677190179
    ],
    [
      0.01814585541112619,
      5.887966956978776e-05,
      0.012088280877614065,
      0.008906866037976587,
      0.001984581267930412,
      0.00170741041488569,
      0.06564088526003908,
      0.07680121561932136,
      0.06008040091606205,
      0.07408291726347052,
      0.018664246365717972,
      0.5168825335506542,
      0.04629108894250136,
      0.012734059425996161,
      0.00812634475156201,
      0.026352791831036962,
      0.04433006531029819,
      0.005995919807325476,
      0.0011256572769120972
    ],
    [
      0.016687453686642113,
      0.008329191463413283,
      0.015016557462883974,
      0.0001368464679409259,
      0.012210115657831398,
      0.006537234576159843,
      0.08567496896368239,
      0.05820661722476332,
      0.08878674211177581,
      0.05633686707347395,
      0.016551592665070676,
      0.06179389006751947,
      0.5065691143762787,
      0.0212980059360793,
      0.011200656529879808,
      0.02093765748797469,
      0.004955854185981405,
      0.00773437283900584,
      0.0010362612236432197
    ],
    [
      0.007262136218919595,
      0.0015514647154284754,
      0.004414632441306588,
      0.009504560858450138,
      0.007790392741349789,
      0.014490106237709112,
      0.06090381436769529,
      0.03522424728153044,
      0.023767398336396295,
      0.023410603935823653,
      0.0031305074912535346,
      0.04730019181707798,
      0.007389045628551338,
      0.6812641197749256,
      0.019244577113474888,
      0.03188731464414784,
      0.01944764350354344,
      0.0012252621764980835,
      0.000791980715917825
    ],
    [
      0.012817572215163242,
      0.0006471764837216504,
      0.005343915336627081,
      0.020977758150139608,
      0.010667597504856604,
      0.016921911084732535,
      0.13729585450400922,
      0.07151621025296347,
      0.05837701602729171,
      0.10282856504408942,
      0.00794486884354947,
      0.12330934395581361,
      0.037131849100952755,
