{
  "poids_LS": 0.88,
  "poids_EM": 0.12,
  "mae_validation": 6.109993085175915,
  "matrice_de_transition": [
    [
      0.3217753017065634,
      0.0007043200259089994,
      0.0025525006553918797,
      0.028933543924618662,
      0.0016468815528876595,
      0.010026135827483134,
      0.138640214072012,
      0.07899153619087367,
      0.08277718224549796,
      0.06516826899940216,
      0.004040268841447124,
      0.1354404150962413,
      0.005951920359690314,
      0.009675415013109737,
      0.001812228762648893,
      0.039204744499769004,
      0.06864570164552353,
      0.0015240658000506614,
      0.002489354780879959
    ],
    [
      0.0017190175059471492,
      0.648471181969383,
      0.0005897971845021656,
      0.003125827866283275,
      0.010307294106204117,
      0.0020487776186313253,
      0.056393202737052096,
      0.007219776353431059,
      0.05604131927162088,
      0.015118561683633938,
      0.0006837714533412937,
      0.0398949941537729,
      0.00638688252863839,
      4.340186781920863e-05,
      0.029738805103115114,
      0.044357674647521224,
      0.050539984463122245,
      0.007539751839604498,
      0.019779977646376214
    ],
    [
      0.00555092045673317,
      0.004735875528583113,
      0.4739771825324517,
      0.013246345218499763,
      0.03304794649575879,
      0.008230704128079726,
      0.07723697755806888,
      0.17556881224125112,
      0.020912412513577977,
      0.011800090052278986,
      0.0016533078635565732,
      0.0743117293096992,
      0.005368547358351058,
      0.00804503172319936,
      0.004913652231850141,
      0.021857932808272414,
      0.05812596219321869,
      0.00020861906353869492,
      0.0012079507230306043
    ],
    [
      0.0054261126502764,
      0.004153005545077378,
      0.006130396063518688,
      0.2679814229691514,
      0.0029743535727817403,
      0.007639049101945481,
      0.12544695641954437,
      0.086435228267396,
      0.10538824992870234,
      0.09483866092465437,
      0.00785592089693818,
      0.12069138330088648,
      0.041114308201250276,
      0.009122988418592782,
      0.025925452602178378,
      0.060118816420054996,
      0.02004912071178056,
      0.005258010262352558,
      0.003450563742917663
    ],
    [
      0.0017137588916104928,
      0.01334487677903507,
      0.002512423464857186,
      0.006567777224831489,
      0.5119487527838905,
      0.0040039947624302755,
      0.09868912498878495,
      0.041277097464673236,
      0.08523371255601747,
      0.04499010134728428,
      0.0006243058789090649,
      0.04281786703664699,
      0.0037148486431372103,
      0.0007920172074548334,
      0.00010902087049334858,
      0.0026126065997628917,
      0.028518257430895436,
      0.05176660942258818,
      0.05876284664669729
    ],
    [
      0.004481191734026783,
      0.0018408233869187194,
      0.008157721805212906,
      0.0034823116096848157,
      0.003159909586574962,
      0.5235485808256294,
      0.0674856415879212,
      0.0064742350848306105,
      0.038846433297966554,
      0.06709340479992086,
      0.003886262173626834,
      0.087936258335718,
      0.008257051511579261,
      0.010850144252924713,
      0.030525287610625458,
      0.03975775588387845,
      0.056306164627289546,
      0.021712067630297077,
      0.016198754255373805
    ],
    [
      0.004062996033259855,
      0.0019209399161939722,
      0.010261302966627254,
      0.0018049881404016417,
      0.015419631791745823,
      0.008667433052831098,
      0.4980318340756955,
      0.03134309658690618,
      0.03782562391697805,
      0.07417870702926438,
      0.016980064452328646,
      0.08924963329911714,
      0.07031472771579651,
      0.002710032189534208,
      0.025558460522197735,
      0.07450314020008433,
      0.02713766031220769,
      0.006392048238098116,
      0.0036376795607318993
    ],
    [
      0.002764256318605076,
      0.005540940606457578,
      0.010301893454746636,
      0.006915101274211668,
      0.005509314742109862,
      0.004990220876541288,
      0.010517301658636336,
      0.7085874687540625,
      0.002213842628809618,
      0.02942835706033673,
      0.014839748719245939,
      0.04367149172636495,
      0.016318735517766723,
      0.012625342012492841,
      0.018669214182571944,
      0.030359343794414496,
      0.04656060508545574,
      0.007179400127762997,
      0.02300742145940688
    ],
    [
      0.0012310289427026522,
      0.002560336342590486,
      0.004115830317606097,
      0.005395036013015687,
      0.009411598316103612,
      0.001695100657496403,
      0.11344733313956362,
      0.041017772561549246,
      0.5068376203946421,
      0.08185699632207338,
      0.00037352498487947406,
      0.07099543889934584,
      0.05125409257100094,
      0.003572865626782721,
      0.005220626962018549,
      0.04235885929012155,
      0.03186474446072933,
      0.007392375775407919,
      0.019398818422370484
    ],
    [
      0.008533623572698332,
      0.001726033546840839,
      0.0020354836663922732,
      0.01623692777586068,
      0.0024228920053175093,
      0.011020943464166233,
      0.08382920379880145,
      0.04647285660122951,
      0.01579917340667101,
      0.5664655254345428,
      0.00833347584303524,
      0.06289440173182423,
      0.014107716570997023,
      0.0064514801025664995,
      0.013816449739991504,
      0.036490544102174546,
      0.09908076562963529,
      0.0035367574790816283,
      0.0007457455281733992
    ],
    [
      0.0223069071357592,
      0.0015203058653568478,
      0.0026408666862634956,
      0.02160113014210781,
      0.03154659692606516,
      0.002791297939213884,
      0.03895573892186616,
      0.12665275399796486,
      0.0021518427903476417,
      0.0029052218957189664,
      0.5639637310233551,
      0.09171988495257945,
      0.0013905163195013638,
      0.007475623605978328,
      0.0023190280795506177,
      0.056565900750239394,
      0.022116977144187533,
      0.00029919661369727724,
      0.0010764792102471426
    ],
    [
      0.010493988671494665,
      3.405089324517846e-05,
      0.006990813037656325,
      0.005150958672564772,
      0.0011477096489236115,
      0.0009874180712591942,
      0.06741651434972531,
      0.08278519185331638,
      0.06652395662377822,
      0.0753674253660766,
      0.010793781030776658,
      0.5350990073895664,
      0.04289297997522578,
      0.007364275330696574,
      0.00469957286837321,
      0.0270551093886134,
      0.04851442930033913,
      0.0060318350067809865,
      0.0006509825215877187
    ],
    [
      0.009650575626009895,
      0.004816881810166717,
      0.00868427419540278,
      7.914012603812581e-05,
      0.0070612717057338195,
      0.003780569393441837,
      0.0870760061130786,
      0.06152275692501381,
      0.08520646143090958,
      0.06022151520787329,
      0.009572005396667378,
      0.06561810957961721,
      0.5493444387211831,
      0.012316919095563929,
      0.006477488113665431,
      0.01850149369434642,
      0.004155243409657917,
      0.005315565856414899,
      0.000599283599215356
    ],
    [
      0.004199789620580006,
      0.000897232606512853,
      0.0025530404479845326,
      0.005569256185860881,
      0.007679996233037736,
      0.012790831111395678,
      0.06565212916696327,
      0.0352403223106978,
      0.024389249278375984,
      0.022761228048918097,
      0.0018104139708454174,
      0.04779428732248983,
      0.004273183014101978,
      0.6888664868440728,
      0.019239019006431962,
      0.03392428013391243,
      0.02119265639859021,
      0.0007085853550832288,
      0.00045801294414524814
    ],
    [
      0.007412571883467898,
      0.0003742707375739665,
      0.003090457062145781,
      0.01213171555670724,
      0.00616921301485683,
      0.009786165446592308,
      0.1472834223362119,
      0.07360892917307138,
      0.06203485383166011,
      0.10571707464596061,
      0.004594622945667163,
      0.13014472764217758,
