{
  "poids_LS": 0.69,
  "poids_EM": 0.31000000000000005,
  "mae_validation": 6.60745408351643,
  "matrice_de_transition": [
    [
      0.281691882358897,
      0.0018194934002649155,
      0.006593960026429024,
      0.04569987862902566,
      0.004254444011626455,
      0.025900850887664768,
      0.11745066540949878,
      0.06828680674271334,
      0.07354067961313777,
      0.05982334341102971,
      0.010437361173738407,
      0.14926050376011807,
      0.015375794262533314,
      0.024994822117200156,
      0.004681590970176308,
      0.04123205957360998,
      0.05858786048493235,
      0.003937169983464209,
      0.006430833183939895
    ],
    [
      0.004440795223696803,
      0.5914094577676491,
      0.0015236427266305946,
      0.008075055321231796,
      0.026627176441027304,
      0.005292675514797591,
      0.04877591593487805,
      0.013163510009167042,
      0.05711134026049358,
      0.014367284397536012,
      0.0017664095877983424,
      0.03192387586661386,
      0.009081179585320804,
      0.000112121491866289,
      0.029398787002554844,
      0.05234569149900682,
      0.06250544391290758,
      0.009737559682095427,
      0.03234207777472825
    ],
    [
      0.014339877846560694,
      0.012234345115506376,
      0.4096717226294287,
      0.016215303594415267,
      0.02913803193397896,
      0.012169463719488204,
      0.06927585135795883,
      0.17330410147544473,
      0.01690154417124658,
      0.02066091761094768,
      0.004271045314187815,
      0.08670777789441766,
      0.013868747342406902,
      0.020782998618265016,
      0.012693601598946199,
      0.02393331511824963,
      0.06017188270991336,
      0.0005389325808082953,
      0.0031205393678290618
    ],
    [
      0.014017457679880703,
      0.01072859765811656,
      0.015836856497423283,
      0.22924915124930537,
      0.007683746729686164,
      0.01973421018002583,
      0.1047453978099349,
      0.06856154554172994,
      0.0913164103062215,
      0.08715573726992137,
      0.020294462317090305,
      0.10709054338044038,
      0.049229187730271115,
      0.023567720081364693,
      0.04546796997401492,
      0.05939241200100257,
      0.023431444079955753,
      0.013583193177744111,
      0.00891395633587063
    ],
    [
      0.004427210469993774,
      0.03447426501250727,
      0.0064904272842143985,
      0.016966757830814683,
      0.4514406977519524,
      0.010343653136278214,
      0.08440011920157148,
      0.03738082733607253,
      0.09263297918293686,
      0.036686050759819525,
      0.0016127901871817514,
      0.03464701972143143,
      0.009596692328104462,
      0.0020460444525916533,
      0.0002816372487744839,
      0.006749233716054138,
      0.03255288155998843,
      0.062238666605200194,
      0.07503204621451247
    ],
    [
      0.011576411979569191,
      0.004755460416206693,
      0.021074114663466682,
      0.008995971658352442,
      0.008163099765318654,
      0.4373070679422786,
      0.05349422231201045,
      0.010374172780973356,
      0.03931981051193243,
      0.06311344972060078,
      0.010039510615202656,
      0.08723989330300433,
      0.021330716404913096,
      0.028029539320055516,
      0.039769067979863335,
      0.04715923602634125,
      0.05689350756430237,
      0.035501790845154035,
      0.015862956190454098
    ],
    [
      0.010496073085921294,
      0.00496242811683443,
      0.026508365997120413,
      0.004662886029370909,
      0.019005624153113285,
      0.022390868719813672,
      0.3918980955401785,
      0.03714241669633771,
      0.046244743219666096,
      0.0588426612528191,
      0.033983958367355155,
      0.07791249339425955,
      0.0754937192538791,
      0.007000916489630039,
      0.04261693716600727,
      0.08177960056248307,
      0.03314808180823285,
      0.01651279128175347,
      0.009397338865224075
    ],
    [
      0.007140995489729781,
      0.01431409656668208,
      0.02661322475809548,
      0.015163235966838004,
      0.014232396417117146,
      0.012891403931064999,
      0.015047343658052551,
      0.5830572373246311,
      0.0040855555894946435,
      0.03534741445529578,
      0.038336017524718685,
      0.053740235392789965,
      0.014397902015226319,
      0.024217373274595926,
      0.015071138101135605,
      0.03700678196700138,
      0.041404386584477815,
      0.018546783663387745,
      0.02938647731966488
    ],
    [
      0.003180158101981852,
      0.006614202218358757,
      0.010632561653815754,
      0.013937176366957195,
      0.024313295649934338,
      0.004379010031865709,
      0.09512624118566862,
      0.03938802936871845,
      0.44836448029055886,
      0.07112992024617094,
      0.0009649395442719749,
      0.05670208070581958,
      0.06111985823405501,
      0.009229902869188697,
      0.013486619651881254,
      0.04606103208302868,
      0.041719987818005254,
      0.019096970753137127,
      0.03455353322658205
    ],
    [
      0.01069125741526998,
      0.004458919996005502,
      0.005258332804846708,
      0.015457004758880509,
      0.006259137680403567,
      0.028470770615762777,
      0.07590177350115322,
      0.055707556384760354,
      0.02226567971143429,
      0.48632200054281177,
      0.021528145927841042,
      0.06172735411655296,
      0.02850303835461926,
      0.006164580747778837,
      0.03569249516164472,
      0.04123605827999774,
      0.08329276123149461,
      0.00913662348762754,
      0.0019265092811146152
    ],
    [
      0.021657823166330793,
      0.003927456818838525,
      0.006822238939514032,
      0.029096381639980753,
      0.025471804286348813,
      0.007210853009635869,
      0.03880055336163951,
      0.11900703858421169,
      0.005558927208398076,
      0.007505156563940665,
      0.5369474811078543,
      0.10020778412732159,
      0.0035921671587118573,
      0.019312027648777354,
      0.005990822538839097,
      0.046602752041231266,
      0.018734902586569534,
      0.000772924585384633,
      0.0027809046264717857
    ],
    [
      0.027109470734694555,
      8.796480755004437e-05,
      0.018059600347278847,
      0.013306643237458997,
      0.002964916593052664,
      0.0025508300174195853,
      0.06356086261212092,
      0.06979141488807004,
      0.052532235658451686,
      0.07257820777184627,
      0.027883934329506373,
      0.4955432356250712,
      0.05027173087559562,
      0.01902437793763282,
      0.01214056324329746,
      0.02553007697787599,
      0.03942838177910739,
      0.005953847716534736,
      0.0016817048474349404
    ],
    [
      0.02493065370052557,
      0.012443611342930688,
      0.022434375004790518,
      0.00020444532559849173,
      0.018241618573145702,
      0.00976647093305808,
      0.0840337540172468,
      0.05432199643304131,
      0.09298078519507627,
      0.05178627925889186,
      0.024727680608057398,
      0.05731409006763355,
      0.4564608772865336,
      0.031818707663540155,
      0.016733510960302365,
      0.023791449360510662,
      0.005893712523960346,
      0.010567832447183801,
      0.0015481492979730032
    ],
    [
      0.010849456519831685,
      0.0023178509001582043,
      0.006595354490626711,
      0.014114489189197554,
      0.00791971436537248,
      0.016480685671390563,
      0.05534150274569568,
      0.035205416533077245,
      0.023038944375791515,
      0.024171301403341592,
      0.004676902758017329,
      0.046721394225024096,
      0.011039056119763446,
      0.6723584897796389,
      0.019251088038868026,
      0.029501155070423613,
      0.017403485540774373,
      0.0018305121672983417,
      0.001183200105708558
    ],
    [
      0.019149144032292075,
      0.0009668660720660802,
      0.007983680743876603,
      0.03134026518816038,
      0.015937133621713482,
      0.0252809274036968,
      0.12559613218628615,
      0.06906473951797992,
      0.05409212031360301,
      0.09944488236761173,
      0.011869442609640173,
      0.11530218020893014,
      0.04164046284256307,
