{
  "poids_LS": 0.325,
  "poids_EM": 0.675,
  "mae_validation": 7.593665116007032,
  "matrice_de_transition": [
    [
      0.20468952413837987,
      0.003961800145738122,
      0.014357816186579326,
      0.07790889003486014,
      0.009263708734993086,
      0.056397014029592636,
      0.07674442718940763,
      0.04772245806598427,
      0.05579687192465638,
      0.049555460043893176,
      0.022726512233140077,
      0.1758096214565129,
      0.03347955202325802,
      0.054424209448742274,
      0.010193786789900024,
      0.045126638531251886,
      0.03926621825537561,
      0.008572870125284971,
      0.01400262064244977
    ],
    [
      0.009669473470952716,
      0.481790882327476,
      0.0033176091628246813,
      0.017582781747843425,
      0.05797852934739816,
      0.011524374104801206,
      0.03414270707807003,
      0.02458173518992301,
      0.05916690689701219,
      0.012924041190032105,
      0.0038462144250447773,
      0.01661093810443992,
      0.014257066036315968,
      0.0002441355064830486,
      0.02874559433568906,
      0.0676910922926502,
      0.08549172127696887,
      0.013959664221617476,
      0.056474533284457146
    ],
    [
      0.031223927569124087,
      0.02663929984828001,
      0.28613754965783195,
      0.021918828895516104,
      0.02162688027582298,
      0.019736028197720277,
      0.0539821089209053,
      0.16895347289902718,
      0.00919645498729417,
      0.037683033710495424,
      0.009299856732505725,
      0.11052123964927155,
      0.030198078890724706,
      0.0452533034429964,
      0.027639293804157045,
      0.027920233766363742,
      0.06410220370251103,
      0.0011734822324051591,
      0.00679472281704715
    ],
    [
      0.03052188365780475,
      0.02336065619106025,
      0.034483477857292624,
      0.15484241873486426,
      0.01673073884689729,
      0.042969651198443336,
      0.0649766141651588,
      0.034225260305582005,
      0.06428366576829776,
      0.07239643656477646,
      0.04418955504527727,
      0.08096261405958344,
      0.06481829840444274,
      0.05131680985458441,
      0.08301017439885879,
      0.05799695088019133,
      0.029929065287239667,
      0.029576307725733143,
      0.019409421053911857
    ],
    [
      0.009639893765309023,
      0.07506493188207226,
      0.014132381989821672,
      0.03694374688967713,
      0.33520153940112407,
      0.022522470538670302,
      0.056950187031398244,
      0.029895887352181696,
      0.10684735980833461,
      0.020733532526005637,
      0.0035117205688634905,
      0.018950391984306817,
      0.02089602361764681,
      0.0044550967919334385,
      0.0006132423965250858,
      0.014695912123666267,
      0.040303606860614447,
      0.08235603961390224,
      0.10628603485794685
    ],
    [
      0.025206703503900658,
      0.010354631551417798,
      0.04588718515432261,
      0.01958800280447709,
      0.017774491424484163,
      0.2716325826663679,
      0.026615969492497723,
      0.01786615835514232,
      0.04022919305455109,
      0.055467746541906934,
      0.021860224726650942,
      0.0859021394243702,
      0.04644591475263335,
      0.061032061422701525,
      0.057526856583925576,
      0.06137786893159872,
      0.058021824259090166,
      0.0619925749158003,
      0.015217870434160976
    ],
    [
      0.022854352687086684,
      0.010805287028591095,
      0.05771982918727831,
      0.010153058289759235,
      0.02589450421574024,
      0.04875431092217493,
      0.18800959782721183,
      0.048283215853929855,
      0.06241831451167207,
      0.029381310155963746,
      0.06664933351990605,
      0.05613325094545418,
      0.08544283457703775,
      0.015243931066129921,
      0.07538716861332559,
      0.09575806389024905,
      0.04469441784007065,
      0.03595527133930191,
      0.020461947529116935
    ],
    [
      0.015548941792153555,
      0.03116779091132388,
      0.05794815068294983,
      0.031008336823725433,
      0.030989895424367975,
      0.02806999243054475,
      0.023749792762194223,
      0.3419070558944077,
      0.007681214698179035,
      0.046718235240348696,
      0.08347358654575841,
      0.07308282190986959,
      0.01070787976034607,
      0.04648627543600448,
      0.008159044576271066,
      0.04977686056170775,
      0.03149901946417813,
      0.04038412571866686,
      0.041640979367002603
    ],
    [
      0.006924537802702419,
      0.014401891927071484,
      0.0231515455365343,
      0.030347077573213244,
      0.05294024052808283,
      0.009534941198417267,
      0.059930459274238734,
      0.036257206919332985,
      0.3360345006169253,
      0.05052264252141099,
      0.002101078039947042,
      0.02924378733404545,
      0.08007251332360621,
      0.020097369150652807,
      0.02936602666135434,
      0.053173100869402905,
      0.06065242900435111,
      0.04158211373666955,
      0.0636665379820411
    ],
    [
      0.014836185586526041,
      0.009708938700979719,
      0.01144959562345654,
      0.013958731594681757,
      0.013628767529910992,
      0.06199280698593507,
      0.06067276266619742,
      0.0734479007057538,
      0.034688178665321645,
      0.3323620711455392,
      0.046875801617073234,
      0.05948539422405813,
      0.05615720914947248,
      0.0056134319872656975,
      0.07771752978745221,
      0.05035244077950018,
      0.05296317383506645,
      0.01989426081983416,
      0.004194818595975371
    ],
    [
      0.020410898698744635,
      0.00855172049263227,
      0.014854875110232165,
      0.04349515425431561,
      0.013801807899525316,
      0.0157010509080781,
      0.03850243373278304,
      0.1043192168683175,
      0.012104115695705485,
      0.016341873163419188,
      0.4850478431122872,
      0.11651348517353674,
      0.007821654297195172,
      0.042050382783628104,
      0.013044532947472227,
      0.027463018994978806,
      0.01223775935746128,
      0.0016829809520471847,
      0.006055195557640178
    ],
    [
      0.059028686277157495,
      0.00019153627450412886,
      0.03932332333681684,
      0.028974142533176848,
      0.006455866775195315,
      0.005554226650832967,
      0.05615395269514406,
      0.044829685454833665,
      0.025653403277692843,
      0.0672199739724038,
      0.060715018298118706,
      0.4195545161827514,
      0.06444669971051661,
      0.04142404873516824,
      0.02643509738459931,
      0.022600409451985708,
      0.021973606277793784,
      0.0058040300273774666,
      0.0036617766839309182
    ],
    [
      0.05428448789630567,
      0.027094960182187787,
      0.048849042349140635,
      0.0004451632089644577,
      0.03971965334475274,
      0.021265702838110336,
      0.07818942762262257,
      0.04048895654056782,
      0.10791567032097543,
      0.03558174704111175,
      0.053842530356254005,
      0.041361631531454425,
      0.2780266671620753,
      0.06928266991254711,
      0.036435870639368054,
      0.03395373261393143,
      0.00923340319090975,
      0.020657713003134587,
      0.0033709702455863777
    ],
    [
      0.023623816615762537,
      0.005046933411634799,
      0.014360852519912998,
      0.03053033153771274,
      0.00838022551433133,
      0.023569090484012307,
      0.03553424672589217,
      0.03513836069712197,
      0.02044493758924766,
      0.0268801265315762,
      0.010183578586005474,
      0.044660310116734686,
      0.02403665445432363,
      0.6406457585769108,
      0.019274273285389932,
      0.021004099027405645,
      0.010124288892864998,
      0.003985792622343163,
      0.002576322810817021
    ],
    [
      0.04169571684450693,
      0.0021052728988535615,
      0.01738382097457002,
      0.06824090000647824,
      0.034701823208569675,
      0.055047180637081736,
      0.08393370637195521,
      0.06033511202267264,
      0.03883371118680911,
      0.08739567088552053,
      0.025844754069377793,
      0.08678886540295486,
      0.05769552641024859,
      0.06244761333615348,
