{
  "poids_LS": 0.6075,
  "poids_EM": 0.39249999999999996,
  "mae_validation": 6.827417394891383,
  "matrice_de_transition": [
    [
      0.26428723974741025,
      0.002303713418077352,
      0.00834880422701094,
      0.05297999764541289,
      0.005386675079236719,
      0.032793819269059415,
      0.10824994033235488,
      0.06363870053495951,
      0.06953009294382348,
      0.057502520458183784,
      0.013215046002233301,
      0.15526133173259085,
      0.019467739509820402,
      0.031646669938713096,
      0.00592749824449742,
      0.042112341118830415,
      0.05422063998099144,
      0.004984965220999038,
      0.008142264595794865
    ],
    [
      0.005622619759035467,
      0.5666326564695279,
      0.001929128290975833,
      0.010224061979301544,
      0.03371344113904263,
      0.006701210127606626,
      0.045468409823407746,
      0.015744341728105033,
      0.05757595463724094,
      0.014041071891730334,
      0.0022365024619704814,
      0.02846273239982112,
      0.010251071728353957,
      0.00014196027599199489,
      0.02925114756415367,
      0.055814172500309775,
      0.0677009723582091,
      0.010691870982124383,
      0.03779667388309163
    ],
    [
      0.018156135660564746,
      0.015490259541407264,
      0.3817496150399582,
      0.01750445657343121,
      0.027440305874258775,
      0.01387971459470504,
      0.06581904656054262,
      0.17232074022187088,
      0.015159982917339531,
      0.024508382208790654,
      0.005407694470382958,
      0.09209027267462436,
      0.01755962365127325,
      0.02631395792796457,
      0.01607173750834317,
      0.024834467963371312,
      0.061060242934267636,
      0.0006823581869911479,
      0.003951005489912601
    ],
    [
      0.017747910126945723,
      0.013583788970357256,
      0.020051503791092374,
      0.21243119116042483,
      0.009728614810973608,
      0.02498605643761334,
      0.09575656315049921,
      0.060800604358217054,
      0.0852062694175127,
      0.08381973094615575,
      0.0256954079337353,
      0.1011849155202467,
      0.05275275384155648,
      0.029839774619147223,
      0.05395353672757551,
      0.0590769995558877,
      0.02490008448982129,
      0.017198075233111492,
      0.011286218909126521
    ],
    [
      0.005605419707975986,
      0.04364886779809387,
      0.00821771841630371,
      0.02148210467288633,
      0.42516746333018984,
      0.013096399535449025,
      0.07819568247817617,
      0.035689025832864325,
      0.09584581863936237,
      0.03308034458368351,
      0.0020420004789317332,
      0.031099151808245733,
      0.012150650770261291,
      0.0025905562827168507,
      0.00035658909723866095,
      0.008545400753391124,
      0.03430475782656828,
      0.0667857440660712,
      0.08209630392159009
    ],
    [
      0.014657231296712602,
      0.006021026494713311,
      0.02668254840455055,
      0.011390060890010751,
      0.010335537606088937,
      0.399860095242929,
      0.047419000784312375,
      0.012067566780614285,
      0.03952535588115445,
      0.061385311330896,
      0.012711315859571103,
      0.08693752427564182,
      0.027007439319123833,
      0.03548901349394125,
      0.04378281471913767,
      0.05037303661451588,
      0.05714853805011057,
      0.04148943382002613,
      0.015717149135949487
    ],
    [
      0.013289382858787441,
      0.006283074309217784,
      0.033563011786676644,
      0.005903815375897036,
      0.020562699783707044,
      0.028349728943635046,
      0.3458137090708094,
      0.03966054253332771,
      0.04990041344320168,
      0.05218358874462578,
      0.04136722809361665,
      0.0729897879092556,
      0.07774249189541495,
      0.008864063619934805,
      0.0500239072876614,
      0.08493911624615619,
      0.035757870089401664,
      0.02090732444544592,
      0.011898243563227252
    ],
    [
      0.009041421708770769,
      0.01812349323362166,
      0.033695776508233785,
      0.018744662872846804,
      0.01802005030231767,
      0.01632218078368713,
      0.017014335578851694,
      0.5285506894671149,
      0.004898273059265773,
      0.03791753148205432,
      0.048538344769200256,
      0.05811218987952713,
      0.01356385588912325,
      0.02925075526998279,
      0.013508815592090882,
      0.039893169594571995,
      0.03916550223536898,
      0.0234826212512248,
      0.03215633052214532
    ],
    [
      0.004026490500089924,
      0.008374433453889713,
      0.013462194997169942,
      0.017646263625905476,
      0.03078376949225556,
      0.005544391733894484,
      0.0871710302056879,
      0.03868037771919982,
      0.42297482735062797,
      0.06647211089742383,
      0.001221737971376613,
      0.05049575412178845,
      0.06540367753511794,
      0.011686247987601815,
      0.017075800688269003,
      0.047668554479948874,
      0.04599923822313822,
      0.024179229098730066,
      0.041133869917884425
    ],
    [
      0.011628124741649773,
      0.005645568059458577,
      0.0066577278254913936,
      0.015118353975191751,
      0.007924875934059354,
      0.036047669247377054,
      0.07245959981927966,
      0.05971736023813558,
      0.025073504817449924,
      0.4515228384187707,
      0.027257410569927764,
      0.06122060975729042,
      0.034753638602771,
      0.006040006027936827,
      0.04519130435788887,
      0.04329661048878938,
      0.07643744353230195,
      0.011568144254496157,
      0.0024392093317338265
    ],
    [
      0.02137598407434214,
      0.004972667101271357,
      0.008637834786320183,
      0.032350898737741364,
      0.0228340653769983,
      0.009129870342845412,
      0.03873317015785688,
      0.1156871884703452,
      0.007038319126762078,
      0.009502496617247452,
      0.5252167410129659,
      0.10389331929530171,
      0.0045481471283690435,
      0.02445151887788745,
      0.007585154343530145,
      0.04227664799653037,
      0.017266370212866984,
      0.000978622257301511,
      0.0035209840835166957
    ],
    [
      0.03432408794634713,
      0.00011137479665610454,
      0.022865784310667565,
      0.016847927324847276,
      0.0037539669766876458,
      0.0032296799414102805,
      0.06188669804184533,
      0.06414938015316046,
      0.0464568831340336,
      0.07136710013224626,
      0.03530465878816532,
      0.4783677031483825,
      0.053475662187598305,
      0.02408731722748671,
      0.015371519590304038,
      0.024867891852161064,
      0.03548312430278308,
      0.0059199848141909695,
      0.0021292553310264966
    ],
    [
      0.03156542444340736,
      0.015755217587420302,
      0.02840481351412992,
      0.00025885416224970313,
      0.0230962428708377,
      0.01236561239104934,
      0.08271277613353037,
      0.05119535042994799,
      0.09635647840846444,
      0.048123611017886765,
      0.031308434318266215,
      0.053708397384798545,
      0.41612985718990947,
      0.04028658954174035,
      0.021186784038447346,
      0.026088403794503022,
      0.006648574113065348,
      0.0128484218879124,
      0.00196015677243356
    ],
    [
      0.013736811883980436,
      0.00293469831713579,
      0.008350569798616075,
      0.017824919309067423,
      0.008023802501780988,
      0.018082859361914654,
      0.0508645202206716,
      0.03519026007700516,
      0.02245262777335352,
      0.024783570096709687,
      0.005921562362973552,
      0.046255532748492936,
      0.013976869441958552,
      0.6651905436858716,
      0.01925632853979421,
      0.027580587608645582,
      0.015758187668301706,
      0.002317664598918061,
      0.0014980840048084156
    ],
    [
      0.02424528720217625,
      0.0012241772041481818,
      0.010108369974101826,
      0.0396808196333966,
      0.020178467569427545,
      0.032008916148229004,
      0.11617928251592369,
      0.06709160453616389,
      0.050643301812341376,
      0.09672143045727605,
      0.015028245884786344,
      0.10885738987607271,
      0.045269347073615275,
      0.03631213071768924,
