{
  "poids_LS": 0.5075,
  "poids_EM": 0.49250000000000005,
  "mae_validation": 7.096594612281062,
  "matrice_de_transition": [
    [
      0.2431907032486384,
      0.002890646773001519,
      0.010475888106504174,
      0.061804384331942894,
      0.0067590763733097695,
      0.041148932458628704,
      0.09709754629945319,
      0.058004632404348805,
      0.06466877576889707,
      0.05468940172746144,
      0.016581936703439243,
      0.16253506260831546,
      0.024427673142895668,
      0.039709515782971216,
      0.007437688880038165,
      0.04317934905243093,
      0.048927039370153975,
      0.00625502005437459,
      0.010216726913194833
    ],
    [
      0.0070551343473247595,
      0.5366001700475626,
      0.002420625944727638,
      0.012828918534537609,
      0.042302852894212734,
      0.008408524809799398,
      0.04145931150647404,
      0.018872622599545023,
      0.05813912357875288,
      0.013645662793784059,
      0.00280631200642156,
      0.024267406985526888,
      0.011669122810818385,
      0.0001781284991746688,
      0.02907219066912195,
      0.06001839189582851,
      0.07399858259493822,
      0.011848611951856452,
      0.0444083055295927
    ],
    [
      0.022781902707842392,
      0.019436822481893195,
      0.3479046361436303,
      0.019067066244965687,
      0.025382456104900968,
      0.015952745958604242,
      0.06162898013943206,
      0.17112878718723595,
      0.013048999579270375,
      0.02917197566072155,
      0.0067854510233467695,
      0.09861450877184459,
      0.022033413116565804,
      0.03301815103063071,
      0.020166447701551623,
      0.025926774442306684,
      0.062137043206212196,
      0.0008562074066067272,
      0.004957631092438106
    ],
    [
      0.022269670668842726,
      0.017044626924588406,
      0.025160167177357952,
      0.1920457849920848,
      0.012207242788291727,
      0.03135193068923458,
      0.08486100598754685,
      0.05139340292365597,
      0.07780003803725963,
      0.07977608691734892,
      0.03224200868118379,
      0.0940265787200119,
      0.05702374306735693,
      0.03744226496797455,
      0.06423907218643685,
      0.058694681440596946,
      0.02668025468359771,
      0.021579750451738627,
      0.014161688694891244
    ],
    [
      0.007033552117651399,
      0.05476959844728977,
      0.010311404637018035,
      0.02695525236024591,
      0.39332111857653823,
      0.01643306183747426,
      0.07067515311648485,
      0.03363835734412711,
      0.09974016949563574,
      0.028709791642912576,
      0.002562255378022621,
      0.02679870585286912,
      0.015246357972875636,
      0.0032505706222625457,
      0.0004474398226497849,
      0.010722572919860203,
      0.036428244210301435,
      0.07229735310955121,
      0.09065904053622967
    ],
    [
      0.018391557741734923,
      0.007555045983812245,
      0.03348064990889464,
      0.014291987231414767,
      0.012968795594901408,
      0.35446982530432325,
      0.04005509590225408,
      0.014120165568057837,
      0.03977450178324176,
      0.059290598131253855,
      0.0159498676709268,
      0.08657101636368726,
      0.033888315578773226,
      0.04453080037137852,
      0.048647962281894455,
      0.054268552478969986,
      0.057457665911696265,
      0.04874718288047716,
      0.015540413312307537
    ],
    [
      0.01667521288650399,
      0.007883857572712762,
      0.04211409759219936,
      0.007407972159565073,
      0.02245006418442676,
      0.0355725898209943,
      0.28995384668369517,
      0.04271281627513378,
      0.054331528865669075,
      0.04411198570439142,
      0.0503166459436306,
      0.06702287216985686,
      0.08046827691545841,
      0.01112242377787998,
      0.05900205288966642,
      0.08876883222636606,
      0.03892124982415175,
      0.02623403131052769,
      0.014929643197170505
    ],
    [
      0.011344968640941668,
      0.02274094373900298,
      0.04228068772052266,
      0.023085786395281718,
      0.02261114592074256,
      0.020480698180804873,
      0.019398568210123385,
      0.46248214660951936,
      0.00588338514383684,
      0.04103282484782223,
      0.06090480203523855,
      0.06341152865132978,
      0.012552890887786194,
      0.0353518243553002,
      0.011615091338703334,
      0.04339182126435456,
      0.03645170302432797,
      0.029465454691027303,
      0.035513728343333745
    ],
    [
      0.005052347952342135,
      0.01050804707271512,
      0.016892053595175024,
      0.02214212697008522,
      0.038626768089008584,
      0.006956975615141488,
      0.07752835022995366,
      0.03782261814402571,
      0.3921994904537421,
      0.06082628138379097,
      0.0015330087921095082,
      0.04297293401993251,
      0.07059618577883062,
      0.014663636009920752,
      0.021426323156617796,
      0.04961706647621579,
      0.051186208411178186,
      0.030339542244903338,
      0.04911003560431157
    ],
    [
      0.012763721500898011,
      0.007083929348492611,
      0.008353964214151624,
      0.014707868176781134,
      0.00994395260515728,
      0.045231788800848924,
      0.06828726808367531,
      0.06457772854525708,
      0.028476929188377968,
      0.40934203584417544,
      0.03420197377245714,
      0.06060637417030554,
      0.04233012375204587,
      0.0058890063675222665,
      0.05670501247454847,
      0.045794249529748955,
      0.06812796753328051,
      0.014515442153730851,
      0.0030606639385449934
    ],
    [
      0.021034360932537716,
      0.006239588655735397,
      0.010838557024873099,
      0.03629576794714818,
      0.019636806092937067,
      0.011455951958856984,
      0.03865149354721127,
      0.11166312772626459,
      0.00883152145205178,
      0.011923514863679926,
      0.5109976621100707,
      0.10836063465042917,
      0.005706910727953515,
      0.03068120521620273,
      0.009517677743155662,
      0.03703288551810503,
      0.015486330972015405,
      0.0012279527687159089,
      0.004418050092055982
    ],
    [
      0.04306907850592602,
      0.0001397505410270866,
      0.02869146184204784,
      0.02114039288531792,
      0.00471039168412399,
      0.004052528334126277,
      0.05985740765363249,
      0.057310550171451854,
      0.03909281946807226,
      0.06989909087212502,
      0.04429947631381254,
      0.45754887590391125,
      0.05735921529305611,
      0.03022421333640053,
      0.019287830313948384,
      0.024065243214930847,
      0.030700994028450584,
      0.005878938871956101,
      0.0026717407656829295
    ],
    [
      0.03960757079841562,
      0.019769285762559236,
      0.035641708676965575,
      0.0003248042672814747,
      0.02898063595894922,
      0.015516086885584207,
      0.08111159081993469,
      0.047405476486804564,
      0.10044822775802585,
      0.0436840131500018,
      0.0392851054821557,
      0.04933786079954399,
      0.36724377222430443,
      0.050550688788043634,
      0.02658469079983521,
      0.028872590987221045,
      0.007563557857435049,
      0.015612772725159195,
      0.0024595597717796906
    ],
    [
      0.01723663656779711,
      0.003682392155896502,
      0.010478103505269854,
      0.022322410363455145,
      0.008149969939851905,
      0.020024888077701433,
      0.045437874735793915,
      0.03517188861509961,
      0.021741940982519588,
      0.025525713967458896,
      0.007430240672011402,
      0.0456908521708794,
      0.017537855287043536,
      0.6565021241782748,
      0.019262680662128977,
      0.02525262704891463,
      0.013763887216819683,
      0.0029081523948207523,
      0.0018797614582627895
    ],
    [
      0.030422430438399505,
      0.001536069485459821,
      0.012683750859223313,
      0.04979058259731931,
      0.025319478415141577,
      0.040164054020389264,
      0.10476491927912068,
      0.06469992577032627,
      0.04646291575020606,
      0.09342027662656613,
      0.018857098339508983,
      0.10104552280594248,
      0.04966799462640583,
