{
  "poids_LS": 0.175,
  "poids_EM": 0.825,
  "mae_validation": 8.006739417483757,
  "matrice_de_transition": [
    [
      0.17304471939022215,
      0.004842200178124371,
      0.017548442005819172,
      0.0911454700646551,
      0.011322310676102659,
      0.06892968381394654,
      0.060015836140055095,
      0.03927135587006822,
      0.048504896162266754,
      0.045335781947809656,
      0.02777684828494898,
      0.18672021777009978,
      0.04091945247287091,
      0.06651847821512943,
      0.012459072743211138,
      0.04672715043165265,
      0.03132581733911941,
      0.010477952375348296,
      0.017114314118549717
    ],
    [
      0.011818245353386651,
      0.4367421526945282,
      0.004054855643452388,
      0.021490066580697513,
      0.0708626469801533,
      0.01408534612809036,
      0.028129059602669468,
      0.02927415649708299,
      0.06001166030928011,
      0.012330927543112689,
      0.0047009287417213936,
      0.010317949982998575,
      0.016384142660012608,
      0.00029838784125705935,
      0.028477158993141467,
      0.0739974213859283,
      0.09493813663206255,
      0.015694775676215578,
      0.06639198075420875
    ],
    [
      0.038162578140040544,
      0.032559144259008896,
      0.23537008131334006,
      0.024262743402817817,
      0.018540105621786273,
      0.022845575243569075,
      0.04769700928923946,
      0.16716554334707473,
      0.006029979980190437,
      0.04467842388839175,
      0.01136649156195144,
      0.12030759379510189,
      0.036908763088663525,
      0.05530959309699559,
      0.03378135909396972,
      0.0295586934847668,
      0.06571740411042787,
      0.0014342560618285276,
      0.008304661220835405
    ],
    [
      0.03730452447065025,
      0.02855191312240697,
      0.04214647293669098,
      0.1242643094823542,
      0.020448680812874463,
      0.052518462575875176,
      0.04863327842073026,
      0.02011445815374038,
      0.05317431869791814,
      0.0663309705215662,
      0.05400945616645,
      0.07022510885923125,
      0.0712247822431434,
      0.06272054537782538,
      0.09843847758715078,
      0.057423473707255195,
      0.03259932057790428,
      0.036148820553673834,
      0.02372262573255893
    ],
    [
      0.011782092379822138,
      0.0917460278558661,
      0.017272911320893154,
      0.045153468420716485,
      0.2874320222706467,
      0.027527463991708145,
      0.04566939298886129,
      0.02681988461907587,
      0.11268888609274465,
      0.014177703114849241,
      0.004292102917499821,
      0.012499723051241902,
      0.02553958442156832,
      0.00544511830125198,
      0.0007495184846417715,
      0.01796167037336988,
      0.043488836436214165,
      0.09062345317912222,
      0.11913013977990619
    ],
    [
      0.030808193171434132,
      0.012655660785066195,
      0.056084337410838736,
      0.02394089231658311,
      0.021724378407702864,
      0.2035471777584594,
      0.015570112169410292,
      0.020945056536307637,
      0.04060291190768204,
      0.0523256767424437,
      0.026718052443684484,
      0.08535237755643835,
      0.056767229142107425,
      0.07459474173885741,
      0.06482457792806073,
      0.06722114272827986,
      0.058485516051468706,
      0.07287919850647684,
      0.014952766698698047
    ],
    [
      0.027933097728661503,
      0.01320646192383356,
      0.07054645789556237,
      0.012409293465261288,
      0.028725550816819805,
      0.05958860223821379,
      0.10421980424654056,
      0.052861626466638945,
      0.06906498764537315,
      0.017273905595612225,
      0.08007346029492697,
      0.04718287733635608,
      0.08953151210710292,
      0.01863147130304768,
      0.0888543870163331,
      0.10150263786056382,
      0.04943948744219577,
      0.043945331636924545,
      0.025009046980031806
    ],
    [
      0.019004262190409897,
      0.03809396666939585,
      0.07082551750138312,
      0.0375200221073778,
      0.0378765388520053,
      0.03430776852622136,
      0.027326141709101755,
      0.24280424160801442,
      0.009158882825035632,
      0.051391175289000564,
      0.10202327244481584,
      0.08103183006757354,
      0.009191432258340489,
      0.05563787906398059,
      0.005318458196189747,
      0.0550248380663816,
      0.02742832064761661,
      0.0493583758783706,
      0.04667707609878523
    ],
    [
      0.008463323981080734,
      0.01760231235530959,
      0.028296333433541918,
      0.03709087258948285,
      0.06470473842321234,
      0.01165381702028777,
      0.0454664393106374,
      0.034970567556571824,
      0.28987149527159645,
      0.04205389825096169,
      0.002567984271046384,
      0.01795955718126156,
      0.0878612756891752,
      0.024563451184131203,
      0.03589181036387752,
      0.056095868863803265,
      0.06843288428641105,
      0.05082258345592944,
      0.07563078651168179
    ],
    [
      0.016539580725398392,
      0.011866480634530767,
      0.013993950206446878,
      0.013343002897065831,
      0.016657382536557876,
      0.07576898631614286,
      0.05441426506279092,
      0.08073845316643602,
      0.039793315221713706,
      0.2690908672836463,
      0.05729264642086728,
      0.05856404084358079,
      0.06752193687338476,
      0.0053869324966438585,
      0.09498809196244158,
      0.05409889934093953,
      0.040498959836534315,
      0.024315207668686195,
      0.00512700050619212
    ],
    [
      0.019898463986037996,
      0.010452102824328329,
      0.018155958468061534,
      0.04941245806842581,
      0.009005918973433467,
      0.019190173332095453,
      0.03837991881681462,
      0.09828312575219657,
      0.014793919183640036,
      0.019973400533067894,
      0.46371922475794447,
      0.1232144582062279,
      0.009559799696571876,
      0.051394912291101005,
      0.015943318046910498,
      0.01959737527734081,
      0.009567700496183912,
      0.0020569767191687812,
      0.007400794570449106
    ],
    [
      0.07214617211652581,
      0.0002340998910606019,
      0.048061839633887236,
      0.03541284087388281,
      0.00789050383634983,
      0.00678849923990696,
      0.0531100171128248,
      0.034571440482270774,
      0.014607307778750848,
      0.06501796008222195,
      0.07420724458658952,
      0.38832627531604463,
      0.07027202936870332,
      0.05062939289853895,
      0.03230956347006582,
      0.021396436496140384,
      0.014800410866295036,
      0.005742461114025163,
      0.004475504835915566
    ],
    [
      0.06634770742881803,
      0.03311606244489618,
      0.059704385093394104,
      0.0005440883665121149,
      0.04854624297692001,
      0.025991414579912626,
      0.07578764965222905,
      0.034804145625852684,
      0.11405329434531754,
      0.0289223502392843,
      0.06580753710208823,
      0.03480582665357258,
      0.20469753971366772,
      0.08467881878200202,
      0.044532730781449835,
      0.03813001340300846,
      0.010605878807464298,
      0.02480423925900477,
      0.004120074744605572
    ],
    [
      0.028873553641487543,
      0.0061684741697758646,
      0.017552153079893662,
      0.03727656811929432,
      0.008569476671437705,
      0.026482133557692474,
      0.027394278498575654,
      0.035110803504263634,
      0.01937890740299676,
      0.027993342337700008,
      0.012446596049562244,
      0.04381328925031437,
      0.029378133221951097,
      0.6276131293155155,
      0.01928380146889208,
      0.017512158187809216,
      0.007132838215641967,
      0.004871524316197198,
      0.0031488389909985807
    ],
    [
      0.0509614316988418,
      0.0025731113208210194,
      0.021246892302252247,
      0.08340554445236228,
      0.0424133394771407,
      0.06727988744532211,
      0.0668121615167507,
      0.056747593873916216,
      0.03256313209360613,
      0.08244394013945562,
      0.03158803275146174,
      0.0750710647977595,
      0.06429349773943441,
      0.07632486074418758,
      0.158757900147481,
