{
  "poids_LS": 0.9275,
  "poids_EM": 0.07250000000000001,
  "mae_validation": 5.987915925791233,
  "matrice_de_transition": [
    [
      0.33179615654348,
      0.00042552668232002054,
      0.0015421358126325943,
      0.02474196024851692,
      0.0009949909382029611,
      0.006057457062437727,
      0.14393760123764027,
      0.08166771855291376,
      0.085086307903588,
      0.06650450039649526,
      0.002440995758374305,
      0.13198539293027212,
      0.0035959518839795653,
      0.005845563237087134,
      0.0010948882107670397,
      0.03869791573130875,
      0.07116016193567133,
      0.0009207897541972747,
      0.0015039851801149755
    ],
    [
      0.0010385730765097361,
      0.6627366130198165,
      0.0003563357989700584,
      0.0018885210025461456,
      0.006227323522498321,
      0.0012378031445897592,
      0.05829752443759561,
      0.005733842939497065,
      0.0557738140244027,
      0.01530638100515842,
      0.00041311191972703164,
      0.041887773725562655,
      0.0057133082644677865,
      2.6221961807438555e-05,
      0.029823809628255184,
      0.042360670434649826,
      0.04754861960067591,
      0.006990299878981765,
      0.01663945261428821
    ],
    [
      0.003353681109276291,
      0.0028612581318522975,
      0.49005354750820745,
      0.012504105624520888,
      0.03402542513620374,
      0.007246014230227607,
      0.07922725910809639,
      0.1761349899327027,
      0.021915129599160824,
      0.009584883162611814,
      0.0009988735008987632,
      0.07121271716351958,
      0.003243497362337098,
      0.004860539999432947,
      0.002968664890076127,
      0.021339087230778115,
      0.05761448206404502,
      0.00012604068422129486,
      0.0007298035618309903
    ],
    [
      0.0032782763928753253,
      0.0025091075168175827,
      0.0037037809550425414,
      0.27766449089911294,
      0.001797005283555635,
      0.004615258832425396,
      0.13062234607194678,
      0.0909036489488125,
      0.10890620983432255,
      0.0967593918383376,
      0.004746285541900152,
      0.124091593280998,
      0.039085588318995064,
      0.005511805502899807,
      0.021039823259219242,
      0.06030041752481811,
      0.019203539869736767,
      0.0031767145335046707,
      0.0020847155946794216
    ],
    [
      0.001035395997014673,
      0.008062529720667021,
      0.0015179225100178833,
      0.003968032073335692,
      0.5270757665418749,
      0.0024190801689682917,
      0.1022613764355883,
      0.042251164996823416,
      0.08338389589928763,
      0.04706611399415048,
      0.00037718480184089346,
      0.04486057886545087,
      0.002244387721895398,
      0.00047851039617062855,
      6.586677592306478e-05,
      0.0015784498206900806,
      0.02750960139862219,
      0.049148595126935174,
      0.05469554675474351
    ],
    [
      0.002707386672641182,
      0.0011121641295967265,
      0.004928623590649465,
      0.0021038965975179098,
      0.0019091120418890397,
      0.5451089590464671,
      0.07098349640689888,
      0.005499250660794925,
      0.03872808899447508,
      0.06808839356975088,
      0.002347950063232879,
      0.08811034959389641,
      0.004988635288245805,
      0.006555295486142016,
      0.02821434251831599,
      0.037907385848262753,
      0.05615932889303634,
      0.018264636826582838,
      0.01628270377160373
    ],
    [
      0.002454726770094496,
      0.0011605678660338585,
      0.0061995372090039675,
      0.0010905136681593254,
      0.01452313370140396,
      0.005236574136085455,
      0.5245652687095748,
      0.029893266559548298,
      0.035720844091306034,
      0.07801271847337568,
      0.012729090973572024,
      0.09208391827533154,
      0.06901997983127586,
      0.001637311114510251,
      0.021293841361245354,
      0.07268402510948466,
      0.025635054938201403,
      0.0038618624771842793,
      0.002197764734608856
    ],
    [
      0.0016700715258239004,
      0.003347651616401454,
      0.006224060628909427,
      0.004853067601055085,
      0.003328544323358042,
      0.0030149251129103624,
      0.009384791158782282,
      0.7399700266114204,
      0.0017459143886383618,
      0.027948592711596967,
      0.008965681517877756,
      0.04115430580975869,
      0.016798943893401825,
      0.009727334196967072,
      0.019568733202931027,
      0.02869748425126778,
      0.04784965971070022,
      0.004337554243856811,
      0.02141265749434238
    ],
    [
      0.0007437466528828525,
      0.0015468698736484188,
      0.002486647483553684,
      0.0032595009245303115,
      0.0056861739826459335,
      0.001024123313904077,
      0.11802760612803738,
      0.04142520835975694,
      0.5214559054206629,
      0.084538765341049,
      0.00022567134503134894,
      0.07456877844772741,
      0.04878765115523743,
      0.0021586063161812274,
      0.0031541287895528736,
      0.04143331609189477,
      0.029400933621410344,
      0.0044662270309756185,
      0.015610139721317598
    ],
    [
      0.007994215112055421,
      0.0010428119345496736,
      0.0012297713817786653,
      0.016431908530105725,
      0.0014638305865459955,
      0.0066584866762671,
      0.0858110613732135,
      0.0441641816553468,
      0.014182546830480189,
      0.5865014066574755,
      0.005034808321833792,
      0.06318616363564206,
      0.010508886125091467,
      0.006523204941263414,
      0.008347438384578201,
      0.035304165557718745,
      0.10302776672917047,
      0.0021367909769451506,
      0.0004505545899380955
    ],
    [
      0.022469178128116305,
      0.0009185181269864291,
      0.0015955236229508623,
      0.019727317267639575,
      0.03306529508599424,
      0.0016864091716083886,
      0.03899453531192283,
      0.12856418285140314,
      0.0013000716858350336,
      0.0017552382286635424,
      0.5707177935022302,
      0.0895979101588939,
      0.0008401036096987407,
      0.004516522595278574,
      0.0014010794647284985,
      0.05905668792749143,
      0.02296249578359203,
      0.00018076462077543836,
      0.0006503728561909821
    ],
    [
      0.006340118155694694,
      2.0572414668961988e-05,
      0.004223616210250697,
      0.003112037531341217,
      0.0006934079128913487,
      0.0005965650847190965,
      0.06838042728412642,
      0.08603363609462797,
      0.07002188686510985,
      0.07606472976463419,
      0.006521242706094232,
      0.5449879503306903,
      0.041048292250133324,
      0.004449249678962514,
      0.002839325274642148,
      0.027436367491297752,
      0.05078594118064706,
      0.006051331829342549,
      0.00039330194012591346
    ],
    [
      0.00583055610738098,
      0.002910199426975725,
      0.005246748993055847,
      4.781382614803435e-05,
      0.00426618498888085,
      0.002284094008537777,
      0.08783656913703655,
      0.06332294704800694,
      0.08326288048986791,
      0.06233032419511865,
      0.005783086593819875,
      0.06769411445761313,
      0.5725653290798456,
      0.007441471953569876,
      0.0039134824020061985,
      0.017179004777805363,
      0.0037206261310823103,
      0.004002499208722673,
      0.0003620671745259443
    ],
    [
      0.0025373728957670877,
      0.0005420780331015155,
      0.0015424619373239888,
      0.003432947935026714,
      0.0076200666999540504,
      0.01186836747139696,
      0.06822978577228016,
      0.03524904875510294,
      0.024726825504022103,
      0.02240870971031222,
      0.0010937917740524398,
      0.048062510596856255,
      0.002581714737686612,
      0.6929934861101812,
      0.01923600174832295,
      0.03503006139978463,
      0.022139949113044174,
      0.0004281036520294509,
      0.0002767161537544208
    ],
    [
      0.004478428846261856,
      0.0002261219039509381,
      0.0018671511417130764,
      0.0073295781488439595,
      0.003727232863142669,
      0.005912474957316186,
      0.1527052448736933,
      0.07474497658684424,
      0.06402053721117439,
      0.10728512271554783,
