{
  "poids_LS": 0.2875,
  "poids_EM": 0.7125,
  "mae_validation": 7.696584282440871,
  "matrice_de_transition": [
    [
      0.1967783229513404,
      0.004181900153834684,
      0.015155472641389287,
      0.08121803504230887,
      0.00977835922027048,
      0.059530181475681114,
      0.0725622794270695,
      0.04560968251700526,
      0.05397387798405897,
      0.04850054051987229,
      0.023989096246092304,
      0.17853727053490961,
      0.03533952713566124,
      0.057447776640339066,
      0.010760108278227803,
      0.04552676650635208,
      0.03728111802631156,
      0.009049140687800803,
      0.014780544011474757
    ],
    [
      0.010206666441561199,
      0.47052869991923907,
      0.003501920782981608,
      0.018559602956056947,
      0.06119955875558694,
      0.012164617110623494,
      0.03263929520921989,
      0.025754840516713,
      0.05937809525007917,
      0.012775762778302252,
      0.0040598930042139315,
      0.015037691074079585,
      0.014788835192240129,
      0.0002576985901765513,
      0.028678485500052156,
      0.06926767456596973,
      0.08785332511574229,
      0.014393442085267001,
      0.058953895151895044
    ],
    [
      0.032958590211853205,
      0.028119260950962233,
      0.273445682571709,
      0.022504807522341533,
      0.0208551866123138,
      0.020513414959182477,
      0.052410834012988836,
      0.16850649051103905,
      0.008404836235518236,
      0.039431881254969506,
      0.009816515439867153,
      0.11296782818572912,
      0.03187574994020941,
      0.047767375856496194,
      0.02917481012661021,
      0.028329848695964506,
      0.06450600380449023,
      0.0012386756897610012,
      0.007172207417994214
    ],
    [
      0.03221754386101613,
      0.024658470423896933,
      0.03639922662714221,
      0.14719789142173673,
      0.017660224338391584,
      0.04535685404280129,
      0.06089078022905166,
      0.03069755976762159,
      0.06150632900070285,
      0.07088007005397388,
      0.046644530325570456,
      0.07827823775949538,
      0.0664199193641179,
      0.05416774373539465,
      0.08686725019593179,
      0.05785358158695729,
      0.03059662910990582,
      0.031219435932718316,
      0.020487722223573625
    ],
    [
      0.010175443418937303,
      0.07923520587552073,
      0.014917514322589542,
      0.03899617727243697,
      0.32325916011850475,
      0.023773718901929763,
      0.054129988520764005,
      0.029126886668905234,
      0.10830774137943713,
      0.019094575173216534,
      0.0037068161560225733,
      0.017337724751040586,
      0.022056913818627188,
      0.004702602169263073,
      0.0006473114185542572,
      0.01551235168609217,
      0.04109991425451437,
      0.08442289300520724,
      0.1094970610884367
    ],
    [
      0.026607075920784026,
      0.010929888859829897,
      0.04843647321845164,
      0.020676225182503595,
      0.018761963170288838,
      0.2546112314393908,
      0.02385450516172586,
      0.018635882900433644,
      0.04032262276783383,
      0.054682229092041124,
      0.023074681655909327,
      0.08576469895738723,
      0.04902624335000187,
      0.0644227315017405,
      0.05935128691995936,
      0.062838687380769,
      0.0581377472071848,
      0.06471423081346943,
      0.015151594500295244
    ],
    [
      0.02412403894748039,
      0.01140558075240171,
      0.06092648636434933,
      0.010717117083634748,
      0.026602265866010128,
      0.05146288375118464,
      0.16706214943204398,
      0.04942781850710713,
      0.06407998279509734,
      0.026354459015875863,
      0.07000536521366128,
      0.053895657543179654,
      0.08646500395955403,
      0.016090816125359363,
      0.07875397321407746,
      0.09719420738282775,
      0.04588068524060193,
      0.03795278641370757,
      0.021598722391845654
    ],
    [
      0.01641277189171764,
      0.03289933485084187,
      0.061167492387558156,
      0.032636258144638525,
      0.0327115562812773,
      0.029629436454463903,
      0.024643879998921106,
      0.3171313523228093,
      0.008050631729893185,
      0.04788647025251166,
      0.08811100802052277,
      0.07507007394929559,
      0.010328767884844676,
      0.04877417634299851,
      0.0074488979812507355,
      0.05108885493787621,
      0.03048134476003775,
      0.0426276882585928,
      0.04290000354994827
    ],
    [
      0.007309234347296997,
      0.01520199703413101,
      0.024437742510786203,
      0.032033026327280646,
      0.055881365001865205,
      0.010064660153884894,
      0.056314454283338394,
      0.035935547078642695,
      0.32449374928059305,
      0.048405456453798665,
      0.0022178045977218775,
      0.026422729795849476,
      0.08201970391499847,
      0.021213889659022406,
      0.030997472586985136,
      0.053903792868002995,
      0.0625975428248661,
      0.04389223116648452,
      0.06665760011445127
    ],
    [
      0.015262034371244128,
      0.010248324184367481,
      0.012085684269204124,
      0.013804799420277776,
      0.014385921281572714,
      0.06543685181848702,
      0.05910813826534579,
      0.07527053882092435,
      0.03596446280441966,
      0.3165442701800659,
      0.049480012818021744,
      0.0592550558789388,
      0.05899839108045055,
      0.0055568071146102375,
      0.08203517033119956,
      0.05128905541986001,
      0.04984712033543341,
      0.02099949753204717,
      0.004427864073529558
    ],
    [
      0.020282790020567976,
      0.009026816075556285,
      0.015680145949689507,
      0.044974480207843164,
      0.012602835668002355,
      0.016573331514082437,
      0.03847180500379094,
      0.10281019408928725,
      0.012776566567689123,
      0.017249755005831365,
      0.47971568852370144,
      0.11818872843170954,
      0.008256190647039348,
      0.044386515160496326,
      0.013769229222331794,
      0.025496608065569307,
      0.011570244642141937,
      0.0017764798938275839,
      0.00639159531084241
    ],
    [
      0.06230805773699957,
      0.0002021771786432471,
      0.04150795241108444,
      0.030583817118353337,
      0.006814526040483944,
      0.005862794798101465,
      0.05539296879956425,
      0.04226512421169294,
      0.022891879402957345,
      0.06666947049985833,
      0.0640880748702364,
      0.4117474559660747,
      0.0659030321250633,
      0.043725384776010914,
      0.027903713905965934,
      0.02229941621302438,
      0.020180307424919094,
      0.00578863779903939,
      0.0038652087219270804
    ],
    [
      0.057300292779433756,
      0.028600235747864883,
      0.051562878035204006,
      0.00046989449835137205,
      0.041926300752794556,
      0.02244713077356091,
      0.07758898313002419,
      0.03906775381188904,
      0.10945007632706097,
      0.03391689784065488,
      0.056833782042712555,
      0.03972268031198396,
      0.25969438529997335,
      0.07313170712991084,
      0.0384600856748885,
      0.034997802811200684,
      0.009576522095048388,
      0.021694344567102133,
      0.0035582463703411763
    ],
    [
      0.02493625087219379,
      0.005327318601170065,
      0.015158677659908163,
      0.03221689068310814,
      0.008427538303607924,
      0.024297351252432348,
      0.03349925466906303,
      0.035131471398907384,
      0.020178430042684936,
      0.027158430483107152,
      0.010749332951894666,
      0.04444855490012961,
      0.025372024146230496,
      0.6373876012615618,
      0.01927665533126547,
      0.020131113817506534,
      0.009376426223559239,
      0.004207225545806672,
      0.002719451855862411
    ],
    [
      0.04401214555809065,
      0.002222232504345426,
      0.018349588806490576,
      0.07203206111794924,
      0.03662970227571243,
      0.05810535733914183,
      0.07965332015815409,
      0.05943823248548353,
      0.03726606641350837,
      0.08615773819900428,
      0.02728057373989878,
      0.08385941525165601,
      0.05934501924254504,
      0.065916925188162,
      0.184079047450106,
