{
  "poids_LS": 0.3475,
  "poids_EM": 0.6525000000000001,
  "mae_validation": 7.532020190510429,
  "matrice_de_transition": [
    [
      0.20943624485060353,
      0.0038297401408801846,
      0.01387922231369335,
      0.07592340303039088,
      0.00895491844382665,
      0.05451711356193955,
      0.07925371584681051,
      0.048990123395371676,
      0.05689066828901482,
      0.0501884117583057,
      0.021968961825368744,
      0.17417303200947487,
      0.03236356695581609,
      0.0526100691337842,
      0.009853993896903357,
      0.04488656174619177,
      0.04045727839281404,
      0.008287107787775472,
      0.01353586662103478
    ],
    [
      0.009347157688587626,
      0.48854819177241826,
      0.0032070221907305255,
      0.01699668902291531,
      0.05604591170248489,
      0.011140228301307833,
      0.035044754199380114,
      0.02387787199384901,
      0.059040193885172,
      0.013013008237070016,
      0.003718007277543285,
      0.017554886322656123,
      0.013938004542761472,
      0.00023599765626694698,
      0.028785859637071195,
      0.06674514292865849,
      0.08407475897370481,
      0.01369939750342776,
      0.05498691616399441
    ],
    [
      0.030183129983486618,
      0.02575132318667068,
      0.29375266990950566,
      0.02156724171942085,
      0.022089896473928484,
      0.01926959614084296,
      0.05492487386565517,
      0.16922166233182004,
      0.009671426238359728,
      0.03663372518381097,
      0.008989861508088868,
      0.10905328652739699,
      0.029191476261033883,
      0.04374485999489652,
      0.026717984010685144,
      0.027674464808603284,
      0.06385992364132351,
      0.001134366157991654,
      0.006568232056478912
    ],
    [
      0.029504487535877928,
      0.022581967651358247,
      0.03333402859538287,
      0.15942913512274076,
      0.016173047552000715,
      0.041537329491828555,
      0.06742811452682308,
      0.03634188062835824,
      0.06595006782885471,
      0.07330625647125799,
      0.04271656987710137,
      0.08257323983963627,
      0.06385732582863764,
      0.04960624952609826,
      0.08069592892061499,
      0.05808297245613174,
      0.029528526993639975,
      0.028590430801542038,
      0.018762440352114794
    ],
    [
      0.009318563973132056,
      0.0725627674860032,
      0.01366130259016095,
      0.03571228866002123,
      0.3423669669706957,
      0.02177172152071463,
      0.05864230613777878,
      0.030357287762147564,
      0.10597113086567311,
      0.02171690693767909,
      0.003394663216568041,
      0.01991799232426655,
      0.020199489497058583,
      0.004306593565535657,
      0.000592800983307583,
      0.014206048386210725,
      0.03982582242427448,
      0.08111592757911923,
      0.10435941911965296
    ],
    [
      0.024366480053770637,
      0.010009477166370538,
      0.04435761231584519,
      0.01893506937766119,
      0.01718200837700136,
      0.2818453934025542,
      0.028272848090960832,
      0.017404323627967518,
      0.04017313522658145,
      0.055939057011826415,
      0.02113155056909591,
      0.08598460370455997,
      0.044897717594212246,
      0.05899765937527814,
      0.0564321983823053,
      0.06050137786209655,
      0.05795227049023338,
      0.060359581377198816,
      0.015257635994480417
    ],
    [
      0.022092540930850463,
      0.010445110794304727,
      0.055795834881035705,
      0.009814623013433929,
      0.025469847225578303,
      0.0471291672247691,
      0.2005780668643125,
      0.04759645426202349,
      0.06142131354161691,
      0.031197420840016473,
      0.06463571450365292,
      0.057475806986818895,
      0.08482953294752796,
      0.014735800030592258,
      0.07336708585287445,
      0.09489637779470184,
      0.043982657399751886,
      0.03475676229465851,
      0.019779882611479706
    ],
    [
      0.015030643732415104,
      0.030128864547613085,
      0.05601654566018484,
      0.030031584031177578,
      0.029956898910222376,
      0.02713432601619326,
      0.023213340420158095,
      0.3567724780373666,
      0.007459564479150546,
      0.04601729423305091,
      0.0806911336608998,
      0.071890470686214,
      0.010935346885646909,
      0.04511353489180807,
      0.008585132533283264,
      0.04898966393600667,
      0.03210962428666236,
      0.039037988194711305,
      0.04088556485723522
    ],
    [
      0.006693719875945672,
      0.013921828862835769,
      0.022379827351983156,
      0.029335508320772804,
      0.0511755658438134,
      0.009217109825136693,
      0.06210006226877893,
      0.036450202823747155,
      0.3429589514187246,
      0.051792954161978384,
      0.0020310421052821405,
      0.030936421856963034,
      0.07890419896877088,
      0.019427456845631047,
      0.028387159105975862,
      0.05273468567024285,
      0.05948536071204212,
      0.04019604327878056,
      0.06187190070259499
    ],
    [
      0.01458067631569519,
      0.009385307410947064,
      0.01106794243600799,
      0.014051090899324147,
      0.01317447527891396,
      0.059926380086403906,
      0.06161153730670839,
      0.07235431783665147,
      0.03392240818186284,
      0.3418527517248231,
      0.04531327489650413,
      0.05962359723112973,
      0.054452499990885646,
      0.005647406910858973,
      0.07512694546120381,
      0.049790471995284274,
      0.05483280593484626,
      0.019231118792506358,
      0.004054991309442859
    ],
    [
      0.02048776390565063,
      0.008266663142877861,
      0.01435971260655776,
      0.04260755868219908,
      0.014521191238439092,
      0.015177682544475497,
      0.0385208109701783,
      0.10522463053573562,
      0.011700645172515303,
      0.015797144057971883,
      0.48824713586543855,
      0.11550833921863307,
      0.007560932487288667,
      0.04064870335750717,
      0.012609715182556486,
      0.028642865552624505,
      0.012638268186652883,
      0.0016268815869789452,
      0.0058533557057188395
    ],
    [
      0.05706106340125224,
      0.0001851517320206579,
      0.03801254589225628,
      0.028008337782070954,
      0.006240671216022139,
      0.005369085762471869,
      0.05661054303249195,
      0.0463684222007181,
      0.027310317602534138,
      0.06755027605593107,
      0.05869118435484809,
      0.42423875231275743,
      0.0635729002617886,
      0.04004324711066263,
      0.02555392747177933,
      0.022781005395362507,
      0.02304958558951859,
      0.005813265364380312,
      0.0035397174611332214
    ],
    [
      0.05247500496642882,
      0.026191794842781526,
      0.047220740937502614,
      0.00043032443533230915,
      0.03839566489992765,
      0.02055684607683999,
      0.07854969431818161,
      0.04134167817777509,
      0.10699502671732411,
      0.036580656561385864,
      0.052047779344378875,
      0.0423450022631367,
      0.28902603627933643,
      0.06697324758212887,
      0.03522134161805578,
      0.03332729049556987,
      0.009027531848426569,
      0.02003573406475406,
      0.0032586045707334987
    ],
    [
      0.022836356061903786,
      0.0048787022979136395,
      0.0138821574359159,
      0.029518396050475505,
      0.008351837840765375,
      0.02313213402296028,
      0.036755241959989644,
      0.03514249427605072,
      0.020604842117185294,
      0.026713144160657627,
      0.009844125966471958,
      0.04478736324669773,
      0.023235432639179508,
      0.64260065296612,
      0.01927284405786461,
      0.02152789015334511,
      0.010573006494448452,
      0.003852932868265058,
      0.0024904453837897873
    ],
    [
      0.0403058596163567,
      0.002035097135558443,
      0.01680436027541769,
      0.06596620333959563,
      0.03354509576828402,
      0.05321227461584568,
      0.08650193810023589,
      0.060873239744986096,
      0.03977429805078955,
      0.08813843049743025,
      0.024983262267065202,
      0.08854653549373415,
      0.056705830710870715,
      0.06036602622494837,
