{
  "poids_LS": 0.6175,
  "poids_EM": 0.38249999999999995,
  "mae_validation": 6.800658639565637,
  "matrice_de_transition": [
    [
      0.2663968933972874,
      0.0022450200825849353,
      0.008136095839061616,
      0.05209755897675989,
      0.005249434949829414,
      0.03195830795010249,
      0.10936517973564505,
      0.06420210734802058,
      0.07001622466131613,
      0.057783832331256016,
      0.012878356932112709,
      0.1545339586450184,
      0.018971746146512876,
      0.03084038535428728,
      0.0057764791809433455,
      0.04200564032547036,
      0.05475000004207519,
      0.0048579597376614825,
      0.007934818364054868
    ],
    [
      0.005479368300206538,
      0.5696359051117243,
      0.0018799785256006524,
      0.009963576323777939,
      0.032854499963525616,
      0.006530478659387349,
      0.04586931965510112,
      0.015431513640961032,
      0.05751963774308974,
      0.014080612801524964,
      0.0021795215075253735,
      0.028882264941250547,
      0.010109266620107514,
      0.00013834345367372752,
      0.029269043253656847,
      0.055393750560757904,
      0.06707121133453618,
      0.010576196885151174,
      0.03713551071844152
    ],
    [
      0.01769355895583698,
      0.01509560324735867,
      0.38513411292959104,
      0.01734819560627776,
      0.027646090851194554,
      0.01367241145831512,
      0.06623805320265368,
      0.17243993552533438,
      0.015371081251146447,
      0.024042022863597565,
      0.0052699188150865765,
      0.09143784906490232,
      0.017112244704743994,
      0.025643538617697952,
      0.01566226648902232,
      0.024725237315477773,
      0.060952562907073175,
      0.0006649732650295901,
      0.0038503429296600513
    ],
    [
      0.017295734072756024,
      0.01323770517493414,
      0.019540637452465818,
      0.21446973177725887,
      0.009480752013241797,
      0.024349469012451216,
      0.09684611886679445,
      0.06174132450167317,
      0.08594689255553802,
      0.08422409534903642,
      0.02504074785899045,
      0.10190074920027017,
      0.052325654918976436,
      0.029079525584264493,
      0.052924983181689374,
      0.059115231367416775,
      0.02472206747044365,
      0.016759907711248776,
      0.01099867193055005
    ],
    [
      0.005462606467008446,
      0.04253679473317428,
      0.008008349794232279,
      0.02093478990415037,
      0.428352097805555,
      0.012762733305246502,
      0.07894773541434529,
      0.03589409268173804,
      0.09545638355373504,
      0.033517399877760604,
      0.0019899749890226444,
      0.03152919640378339,
      0.011841080049999857,
      0.002524554848762281,
      0.0003475040246975486,
      0.008327683536744217,
      0.034092409188194964,
      0.0662345831617232,
      0.08124003026012613
    ],
    [
      0.01428379865221037,
      0.005867624545803417,
      0.02600273825411614,
      0.01109986825587035,
      0.01007221180720769,
      0.4043991222367896,
      0.04815539127251821,
      0.011862306901869929,
      0.03950044129094572,
      0.06159478265086023,
      0.012387460678435531,
      0.08697417506683727,
      0.026319351693158893,
      0.03458483480619752,
      0.043296299962861995,
      0.04998348502807047,
      0.057117625263952004,
      0.040763658913981024,
      0.015734822718313682
    ],
    [
      0.012950799856015787,
      0.006122995982868286,
      0.03270790320612437,
      0.0057533996975302325,
      0.020373963343635074,
      0.02762744285589912,
      0.35139969530952087,
      0.0393553151591471,
      0.049457301900954945,
      0.05299074904864921,
      0.040472286308615255,
      0.07358647948319548,
      0.0774699133934106,
      0.008638227604140288,
      0.04912609272746089,
      0.08455614464813521,
      0.035441532115926655,
      0.020374653758937742,
      0.011595103599832929
    ],
    [
      0.008811067015553679,
      0.01766174818308353,
      0.0328372853870049,
      0.018310550520603312,
      0.017560940740475182,
      0.015906329043975355,
      0.016775912315724523,
      0.5351575437528745,
      0.004799761850808666,
      0.03760600214547752,
      0.04730169904259643,
      0.05758225600234687,
      0.013664952389256958,
      0.028640648361451047,
      0.013698188017429638,
      0.03954330442759374,
      0.039436882156473084,
      0.02288433790724455,
      0.03182059074002648
    ],
    [
      0.0039239047548647035,
      0.008161072092007173,
      0.013119209137369433,
      0.0171966772914875,
      0.02999946963258026,
      0.0054031333457697835,
      0.08813529820326131,
      0.03876615367671723,
      0.42605236104031663,
      0.06703669384878712,
      0.0011906108893033234,
      0.05124803613197404,
      0.06488442671074668,
      0.011388509185369922,
      0.016640748441434122,
      0.04747370328032219,
      0.04548054120433422,
      0.023563197784112738,
      0.040336253349241714
    ],
    [
      0.01151456506572495,
      0.005501731930555173,
      0.006488104186625371,
      0.015159402555032814,
      0.007722968266949561,
      0.03512925729202987,
      0.07287683299284009,
      0.05923132340742343,
      0.02473316238035712,
      0.45574091867623023,
      0.02656295424967483,
      0.061282033315988915,
      0.03399599008784352,
      0.0060551059939782815,
      0.04403993354622291,
      0.04304684658469342,
      0.07726839113220409,
      0.011273414464572688,
      0.00237706387105271
    ],
    [
      0.021410146388522584,
      0.0048459749458249525,
      0.008417762562464893,
      0.03195641181680069,
      0.023153791305404424,
      0.008897262181244255,
      0.038741337818921445,
      0.11608959454475326,
      0.006858998894233107,
      0.009260394792604204,
      0.5266386489032553,
      0.10344658775978897,
      0.004432270768410597,
      0.023828550244055918,
      0.007391902003567593,
      0.042801024244372904,
      0.017444374136952143,
      0.0009536892061600712,
      0.003431277482662767
    ],
    [
      0.03344958889038924,
      0.00010853722221900633,
      0.022283216557529538,
      0.01641868076880021,
      0.0036583245059440116,
      0.003147395102138681,
      0.062089627080666614,
      0.06483326315133131,
      0.04719328950062974,
      0.07151390105825839,
      0.034405177035600594,
      0.4804495858728296,
      0.05308730687705252,
      0.023473627616595327,
      0.014979888517939605,
      0.024948156715884087,
      0.03596133733021633,
      0.005924089408414457,
      0.0020750067875608532
    ],
    [
      0.030761209807906538,
      0.015353810769906408,
      0.027681123997846356,
      0.000252259151746526,
      0.022507803562026547,
      0.012050564941595853,
      0.08287289466488994,
      0.05157433782426233,
      0.0959473034735083,
      0.04856757080467526,
      0.030510767201877263,
      0.05414545104332401,
      0.42101846568646994,
      0.03926017961711002,
      0.02064699336230856,
      0.02580998507523122,
      0.006557075738628378,
      0.012571986804187722,
      0.001910216472498947
    ],
    [
      0.013386829415598768,
      0.002859928933259719,
      0.008137816427950697,
      0.01737517020362865,
      0.008011185757973896,
      0.017888656490335976,
      0.05140718476915937,
      0.03519209722319572,
      0.022523696452436914,
      0.024709355709634766,
      0.005770694532069767,
      0.046312000806254285,
      0.013620770857450053,
      0.6660593856366313,
      0.019255693327560733,
      0.027813383664618677,
      0.015957617713449907,
      0.0022586158193277917,
      0.0014599162594629784
    ],
    [
      0.023627572878553924,
      0.001192987976017018,
      0.009850831885589677,
      0.03866984333700433,
      0.019664366484856144,
      0.031193402361012975,
      0.11732071883960399,
      0.06733077241274765,
      0.05106134041855491,
      0.09705154584034706,
      0.01464536063931408,
      0.10963857658308573,
      0.044829482318336215,
