{
  "poids_LS": 0.025,
  "poids_EM": 0.975,
  "mae_validation": 8.42314131221368,
  "matrice_de_transition": [
    [
      0.14139991464206442,
      0.00572260021051062,
      0.020739067825059024,
      0.10438205009445009,
      0.013380912617212233,
      0.08146235359830047,
      0.04328724509070257,
      0.030820253674152163,
      0.041212920399877145,
      0.04111610385172614,
      0.03282718433675789,
      0.19763081408368674,
      0.048359352922483806,
      0.0786127469815166,
      0.014724358696522255,
      0.048327662332053434,
      0.023385416422863216,
      0.012383034625411623,
      0.020226007594649667
    ],
    [
      0.013967017235820587,
      0.3916934230615804,
      0.004792102124080095,
      0.025397351413551608,
      0.08374676461290845,
      0.016646318151379517,
      0.022115412127268908,
      0.033966577804242976,
      0.06085641372154803,
      0.011737813896193276,
      0.005555643058398011,
      0.004024961861557231,
      0.018511219283709253,
      0.00035264017603107013,
      0.028208723650593886,
      0.0803037504792064,
      0.10438455198715622,
      0.017429887130813677,
      0.07630942822396035
    ],
    [
      0.04510122871095701,
      0.03847898866973779,
      0.18460261296884825,
      0.02660665791011953,
      0.015453330967749571,
      0.025955122289417872,
      0.041411909657573624,
      0.1653776137951223,
      0.002863504973086705,
      0.051673814066288085,
      0.013433126391397156,
      0.13009394794093224,
      0.043619447286602345,
      0.0653658827509948,
      0.039923424383782394,
      0.03119715320316986,
      0.06733260451834472,
      0.0016950298912518963,
      0.00981459962462366
    ],
    [
      0.044087165283495745,
      0.03374317005375369,
      0.04980946801608934,
      0.09368620022984417,
      0.02416662277885164,
      0.06206727395330703,
      0.03228994267630172,
      0.006003656001898758,
      0.04206497162753853,
      0.06026550447835594,
      0.06382935728762272,
      0.05948760365887908,
      0.07763126608184406,
      0.07412428090106636,
      0.1138667807754428,
      0.05684999653431906,
      0.0352695758685689,
      0.04272133338161453,
      0.02803583041120601
    ],
    [
      0.013924290994335255,
      0.10842712382965994,
      0.020413440651964637,
      0.05336318995175585,
      0.2396625051401693,
      0.03253245744474599,
      0.034388598946324345,
      0.02374388188597005,
      0.1185304123771547,
      0.007621873703692849,
      0.005072485266136153,
      0.006049054118176992,
      0.030183145225489833,
      0.006435139810570522,
      0.0008857945727584573,
      0.021227428623073495,
      0.046674066011813904,
      0.09889086674434225,
      0.13197424470186553
    ],
    [
      0.03640968283896761,
      0.014956690018714596,
      0.06628148966735486,
      0.028293781828689128,
      0.025674265390921564,
      0.1354617728505509,
      0.004524254846322865,
      0.024023954717472963,
      0.040976630760813,
      0.049183606942980476,
      0.03157588016071802,
      0.0848026156885065,
      0.0670885435315815,
      0.0881574220550133,
      0.0721222992721959,
      0.07306441652496103,
      0.05894920784384725,
      0.08376582209715339,
      0.01468766296323512
    ],
    [
      0.03301184277023632,
      0.015607636819076025,
      0.08337308660384644,
      0.01466552864076334,
      0.031556597417899374,
      0.07042289355425267,
      0.020430010665869296,
      0.05744003707934805,
      0.07571166077907424,
      0.005166501035260708,
      0.09349758706994789,
      0.038232503727257984,
      0.09362018963716813,
      0.022019011539965442,
      0.10232160541934063,
      0.10724721183087861,
      0.054184557044320895,
      0.051935391934547194,
      0.029556146430946683
    ],
    [
      0.022459582588666243,
      0.045020142427467824,
      0.08370288431981641,
      0.04403170739103016,
      0.04476318227964263,
      0.040545544621897966,
      0.030902490656009293,
      0.1437014273216212,
      0.010636550951892233,
      0.056064115337652445,
      0.12057295834387326,
      0.0889808382252775,
      0.007674984756334907,
      0.06478948269195672,
      0.0024778718161084286,
      0.06027281557105545,
      0.023357621831055095,
      0.058332626038074355,
      0.05171317283056786
    ],
    [
      0.010002110159459048,
      0.0208027327835477,
      0.033441121330549536,
      0.043834667605752456,
      0.07646923631834185,
      0.013772692842158275,
      0.031002419347036084,
      0.03368392819381067,
      0.24370848992626762,
      0.0335851539805124,
      0.0030348905021457266,
      0.00667532702847767,
      0.0956500380547442,
      0.029029533217609607,
      0.04241759406640071,
      0.05901863685820363,
      0.07621333956847098,
      0.06006305317518934,
      0.0875950350413225
    ],
    [
      0.018242975864270747,
      0.014024022568081817,
      0.01653830478943722,
      0.012727274199449906,
      0.019685997543204766,
      0.08954516564635065,
      0.04815576745938442,
      0.08802900562711827,
      0.044898451778105766,
      0.2058196634217534,
      0.06770949122466133,
      0.05764268746310346,
      0.07888666459729704,
      0.00516043300602202,
      0.11225865413743097,
      0.05784535790237889,
      0.02803474583800219,
      0.02873615451753823,
      0.006059182416408869
    ],
    [
      0.019386029273331357,
      0.01235248515602439,
      0.021457041825890904,
      0.055329761882536035,
      0.0042100300473416185,
      0.02267929575611281,
      0.03825740390084621,
      0.09224703463607566,
      0.017483722671574588,
      0.023604927902716604,
      0.4423906064036018,
      0.12991543123891905,
      0.011297945095948581,
      0.06073944179857392,
      0.01884210314634877,
      0.011731731559702816,
      0.006897641634906546,
      0.0024309724862903778,
      0.008746393583258034
    ],
    [
      0.08526365795589415,
      0.00027666350761707496,
      0.05680035593095765,
      0.04185153921458878,
      0.009325140897504344,
      0.008022771828980953,
      0.05006608153050554,
      0.024313195509707872,
      0.0035612122798088564,
      0.06281594619204012,
      0.08769947087506035,
      0.3570980344493379,
      0.07609735902689002,
      0.059834737061909664,
      0.03818402955553233,
      0.02019246354029506,
      0.007627215454796294,
      0.005680892200672861,
      0.005289232987900215
    ],
    [
      0.0784109269613304,
      0.039137164707604574,
      0.07055972783764758,
      0.0006430135240597723,
      0.05737283260908728,
      0.030717126321714923,
      0.07338587168183554,
      0.02911933471113755,
      0.12019091836965967,
      0.022262953437456857,
      0.07777254384792244,
      0.02825002177569075,
      0.13136841226526022,
      0.10007496765145693,
      0.05262959092353162,
      0.04230629419208549,
      0.011978354424018846,
      0.028950765514874955,
      0.0048691792436247675
    ],
    [
      0.03412329066721255,
      0.007290014927916932,
      0.02074345363987433,
      0.0440228047008759,
      0.008758727828544083,
      0.02939517663137264,
      0.01925431027125914,
      0.0350832463114053,
      0.018312877216745863,
      0.029106558143823822,
      0.014709613513119016,
      0.04296626838389407,
      0.03471961198957857,
      0.6145805000541203,
      0.019293329652394237,
      0.014020217348212788,
      0.004141387538418936,
      0.005757256010051235,
      0.0037213551711801412
    ],
    [
      0.06022714655317667,
      0.0030409497427884777,
      0.02510996362993447,
      0.09857018889824634,
      0.050124855745711745,
      0.0795125942535625,
      0.04969061666154621,
      0.053160075725159794,
      0.02629255300040316,
      0.07749220939339072,
      0.0373313114335457,
      0.06335326419256418,
      0.07089146906862025,
      0.09020210815222168,
      0.1249963704106477,
