{
  "poids_LS": 0.005,
  "poids_EM": 0.995,
  "mae_validation": 8.478855192483698,
  "matrice_de_transition": [
    [
      0.13718060734231008,
      0.005839986881495453,
      0.02116448460095767,
      0.1061469274317561,
      0.013655392876026844,
      0.08313337623621432,
      0.04105676628412224,
      0.029693440048030022,
      0.04024065696489186,
      0.04055348010558168,
      0.03350056247699908,
      0.19908556025883165,
      0.04935133964909886,
      0.08022531615036824,
      0.015026396823630404,
      0.048541063918773546,
      0.022326696300695725,
      0.012637045592086733,
      0.02064090005812966
    ],
    [
      0.014253520153478446,
      0.3856869257771874,
      0.004890401654830456,
      0.025918322724598822,
      0.08546464696394246,
      0.016987781087818073,
      0.021313592463882165,
      0.03459223397853098,
      0.06096904750985042,
      0.01165873207660402,
      0.005669604967288227,
      0.003185896778698385,
      0.01879482950020214,
      0.0003598738206676049,
      0.028172932271587542,
      0.08114459435831016,
      0.10564407403450204,
      0.01766123532476009,
      0.07763175455326056
    ],
    [
      0.04602638212041254,
      0.039268301257834974,
      0.17783361718958268,
      0.026919179844426426,
      0.015041761013878012,
      0.02636972856219771,
      0.040573896373351515,
      0.16513922318819532,
      0.0024413083054728745,
      0.05260653275667426,
      0.013708677701989918,
      0.13139879516037628,
      0.04451420517966086,
      0.06670672137152801,
      0.040742366422424084,
      0.03141561449895694,
      0.06754796457273363,
      0.0017297997351750122,
      0.010015924745128761
    ],
    [
      0.044991517391875145,
      0.034435337644599925,
      0.05083120069334246,
      0.08960911899617616,
      0.024662348374315263,
      0.06334044880363128,
      0.03011083124371125,
      0.004122215714986541,
      0.040583725351487916,
      0.05945677567259458,
      0.06513867743711242,
      0.05805593629883213,
      0.07848546392700415,
      0.07564477897083183,
      0.11592388786721505,
      0.056773532911260916,
      0.03562560990732419,
      0.043597668425339964,
      0.028610924368358957
    ],
    [
      0.014209917476270338,
      0.11065126995949912,
      0.0208321778961075,
      0.05445781948922777,
      0.23329323618943895,
      0.03319978990515104,
      0.03288449307398609,
      0.023333748188222602,
      0.11930928254840936,
      0.006747763115538664,
      0.0051765362459543305,
      0.0051889649271016705,
      0.0308022866660127,
      0.00656714267847966,
      0.000903964717840682,
      0.02166286305636731,
      0.04709876328856053,
      0.09999318855303825,
      0.13368679202479344
    ],
    [
      0.037156548127972075,
      0.015263493916534383,
      0.06764110996822369,
      0.02887416709696993,
      0.02620091698868406,
      0.12638371886282976,
      0.0030514738699112085,
      0.024434474474961675,
      0.04102645994123046,
      0.04876466430305205,
      0.03222359052298916,
      0.08472931410611559,
      0.06846471878351137,
      0.08996577943050076,
      0.07309532878474725,
      0.07384351969785184,
      0.05901103341616439,
      0.08521737190924358,
      0.01465231579850673
    ],
    [
      0.03368900877577963,
      0.01592779347177502,
      0.08508330376495099,
      0.014966359997496946,
      0.03193407029804332,
      0.07186746572972452,
      0.009258038188446461,
      0.058050491827709265,
      0.07659788386356772,
      0.003552180427213838,
      0.09528747063995067,
      0.03703912057937824,
      0.09416534664117682,
      0.022470683571554476,
      0.10411723453974163,
      0.10801315502692058,
      0.05481723299127091,
      0.053000733307563545,
      0.030162426357735334
    ],
    [
      0.022920291975100423,
      0.04594363252854409,
      0.0854198665622742,
      0.04489993209551715,
      0.045681401403327604,
      0.04137724810132152,
      0.031379337182263635,
      0.1304877187501021,
      0.010833573368806446,
      0.056687174010806037,
      0.12304624979708091,
      0.09004070597963804,
      0.007472791756067497,
      0.0660096965090202,
      0.00209912696543092,
      0.060972545905011964,
      0.022814861988846892,
      0.05952919272603485,
      0.052384652394805546
    ],
    [
      0.010207281649909491,
      0.02122945550731278,
      0.034127093050150555,
      0.044733840274588405,
      0.07803783603769246,
      0.014055209618407675,
      0.02907388335188924,
      0.03351237627877585,
      0.23755342254689044,
      0.032455988077785825,
      0.0030971446662923056,
      0.005170763008106484,
      0.09668853970348673,
      0.029625010822073396,
      0.04328769856007047,
      0.05940833925745702,
      0.07725073360607898,
      0.061295115804424,
      0.08919026817860792
    ],
    [
      0.018470095216120395,
      0.014311694825888623,
      0.016877552067169267,
      0.012645177039767783,
      0.02008981287742435,
      0.09138198955704502,
      0.047321301112263556,
      0.08900107928854256,
      0.04557913665229138,
      0.19738350290683435,
      0.0690984038651672,
      0.057519840345706494,
      0.08040196162715202,
      0.005130233073939109,
      0.11456139576076288,
      0.0583448857105708,
      0.026372850638197907,
      0.02932561409738517,
      0.006183473337771103
    ],
    [
      0.01931770464497047,
      0.012605869466917198,
      0.021897186273601488,
      0.056118735724417404,
      0.0035705781905293723,
      0.023144512079315123,
      0.03824106857871709,
      0.09144222248725954,
      0.017842363136632528,
      0.0240891315520031,
      0.43954679062302277,
      0.13080889430994455,
      0.011529697815865476,
      0.061985379066236974,
      0.019228607826273874,
      0.010682979064017748,
      0.0065416337867362315,
      0.0024808385885732574,
      0.008925806784965892
    ],
    [
      0.08701265606780993,
      0.00028233865649127137,
      0.0579654914372337,
      0.042710032326682905,
      0.009516425838991613,
      0.008187341507524152,
      0.04966022345286297,
      0.022945429513366155,
      0.002088399546616591,
      0.06252234434001587,
      0.0894984343801898,
      0.35293426900044367,
      0.07687406964798159,
      0.06106211628369243,
      0.0389672917002612,
      0.02003193381284902,
      0.006670789399929795,
      0.005672683012225887,
      0.005397730074831501
    ],
    [
      0.08001935623233206,
      0.03993997834263236,
      0.07200710687021471,
      0.0006562035450661265,
      0.058549711226709586,
      0.0313472212206219,
      0.07306563461911639,
      0.028361359922508867,
      0.12100926823957195,
      0.021375033863879865,
      0.07936787808070034,
      0.02737591445863984,
      0.12159119527213921,
      0.10212778750071759,
      0.0537091722758092,
      0.04286313163062908,
      0.012161351172892788,
      0.029503635682324315,
      0.004969059843493993
    ],
    [
      0.03482325560397589,
      0.007439553695669074,
      0.021168960381205085,
      0.04492230291175344,
      0.008783961316158268,
      0.029783582374529997,
      0.018168981174283606,
      0.03507957201902419,
      0.018170739858579078,
      0.029254986917973663,
      0.015011349174926586,
      0.04285333226837136,
      0.03543180915859557,
      0.6128428161526009,
      0.019294600076861193,
      0.013554625236266597,
      0.003742527448122532,
      0.005875353569231773,
      0.0037976906618710157
    ],
    [
      0.061462575200421324,
      0.003103328199050805,
      0.02562503980695877,
      0.10059214149103088,
      0.05115305791485455,
      0.08114362182799455,
      0.047407744014185606,
      0.05268173997199228,
      0.0254564757879761,
      0.07683197862724873,
      0.038097081924490225,
      0.06179089077853814,
      0.07177119857917835,
      0.09205240780662624,
      0.12049483311240326,
