{
  "poids_LS": 0.6525,
  "poids_EM": 0.34750000000000003,
  "mae_validation": 6.707196393384085,
  "matrice_de_transition": [
    [
      0.2737806811718575,
      0.0020395934083614776,
      0.007391616481238986,
      0.0490090236364744,
      0.004769094496903848,
      0.029034018333753246,
      0.11326851764716064,
      0.06617403119373433,
      0.07171768567254036,
      0.058768423887008835,
      0.011699945186690633,
      0.1519881528385148,
      0.017235769374936538,
      0.028018389308796948,
      0.005247912458504087,
      0.041632187548710176,
      0.0566027602558683,
      0.004413440545980041,
      0.007208756552964882
    ],
    [
      0.004977988194305287,
      0.5801472753594121,
      0.0017079543467875213,
      0.009051876529445318,
      0.02984820584921609,
      0.00593291852061988,
      0.04727250406602791,
      0.014336615335957039,
      0.057322528613560554,
      0.014219005985806159,
      0.0019800881669674963,
      0.030350628836253526,
      0.009612948741244964,
      0.00012568457555979168,
      0.029331678166917948,
      0.05392227377232635,
      0.06486704775168099,
      0.010171337545744952,
      0.03482143964216615
    ],
    [
      0.01607454048928981,
      0.013714306218188598,
      0.3969798555433057,
      0.016801282221240697,
      0.028366338270469783,
      0.012946850480950404,
      0.06770457645004237,
      0.1728571190874566,
      0.01610992541947065,
      0.022409765155421757,
      0.0047877040215492436,
      0.08915436643087524,
      0.015546418391891607,
      0.023297071031764812,
      0.014229117921399368,
      0.02434293004785039,
      0.06057568281189257,
      0.0006041260381641375,
      0.0034980239687761256
    ],
    [
      0.015713117883092077,
      0.01202641189095324,
      0.01775260526727287,
      0.22160462393617786,
      0.008613232221180458,
      0.02212141302438379,
      0.10065956387382777,
      0.06503384500376953,
      0.08853907353862658,
      0.08563937075911882,
      0.022749437597383487,
      0.10440616708035234,
      0.050830808689946286,
      0.026418653962174937,
      0.049325045771087914,
      0.05924904270776854,
      0.024099007902621906,
      0.015226321384729284,
      0.0099922575055324
    ],
    [
      0.004962760123622053,
      0.03864453900595573,
      0.007275559616982268,
      0.019019188213574522,
      0.43949831846933307,
      0.011594901499537675,
      0.08157992069093724,
      0.036611826652796074,
      0.09409336075403937,
      0.03504709340703042,
      0.001807885774340834,
      0.033034352488165206,
      0.010757582529084838,
      0.0022935498299212886,
      0.00031570627080365534,
      0.007565673278480041,
      0.03334918895388836,
      0.06430551999650519,
      0.0782430724450023
    ],
    [
      0.01297678439645256,
      0.0053307177246187925,
      0.023623402727595715,
      0.010084194036378946,
      0.009150571511123327,
      0.4202857167153015,
      0.0507327579812386,
      0.011143897326264689,
      0.03941324022521517,
      0.062327932270734965,
      0.01125396754446104,
      0.08710245283602137,
      0.023911045002281615,
      0.03142020939909449,
      0.04159349831589713,
      0.048620054475511536,
      0.057009430512397,
      0.03822344674282317,
      0.015796680256588366
    ],
    [
      0.011765759346314998,
      0.005562721840645045,
      0.02971502317419143,
      0.005226944823246421,
      0.019713385803383172,
      0.02509944154882339,
      0.37095064714501075,
      0.03828701934951498,
      0.047906411503091356,
      0.05581581011273123,
      0.03733999006111038,
      0.07567489999198503,
      0.07651588863639538,
      0.007847801548859478,
      0.04598374176675915,
      0.08321574405506177,
      0.03433434920876413,
      0.01851030635615913,
      0.010534113727952793
    ],
    [
      0.008004825589293867,
      0.01604564050620007,
      0.029832566462703804,
      0.016791157287751095,
      0.015954057274026476,
      0.01445084795498415,
      0.015941430894779434,
      0.5582815337530329,
      0.004454972621208793,
      0.03651564946745875,
      0.04297343899948304,
      0.05572748743221595,
      0.014018790139724924,
      0.026505274181589957,
      0.014360991506115276,
      0.03831877634316984,
      0.040386711880337434,
      0.020790346203313683,
      0.030645501502610535
    ],
    [
      0.0035648546465764305,
      0.007414307325418283,
      0.011918758628067658,
      0.015623125121024596,
      0.027254420123716715,
      0.004908728987333334,
      0.0915102361947683,
      0.03906636952802816,
      0.4368237289542266,
      0.06901273417855862,
      0.0010816661020468105,
      0.05388102316762361,
      0.06306704882544725,
      0.010346423377558298,
      0.015118065577512049,
      0.046791724081628766,
      0.04366510163852024,
      0.0214070881829521,
      0.037544595358992225
    ],
    [
      0.01111710619998807,
      0.0049983054793932636,
      0.005894421450594292,
      0.015303072584476527,
      0.007016291432065289,
      0.031914815448314725,
      0.07433714910030159,
      0.05753019449993091,
      0.023541963850532303,
      0.4705041995773386,
      0.024132357128789556,
      0.06149701577143363,
      0.03134422028559732,
      0.006107955875123378,
      0.040010135705392066,
      0.042172672920357576,
      0.08017670773186159,
      0.010241860199840549,
      0.0021595547586688024
    ],
    [
      0.021529714488154134,
      0.00440255240176254,
      0.007647509778971375,
      0.030575707593508306,
      0.024272832054825853,
      0.008083133615640207,
      0.038769924632647404,
      0.11749801580518146,
      0.006231378080381713,
      0.008413038406352841,
      0.5316153265192687,
      0.10188302738549437,
      0.004026703508556034,
      0.02164816002564558,
      0.006715518813698665,
      0.04463634111182176,
      0.018067387871250194,
      0.0008664235271650322,
      0.003117304379674018
    ],
    [
      0.030388842194536636,
      9.860571168916264e-05,
      0.020244229421546446,
      0.014916317822635488,
      0.003323575858341292,
      0.0028593981646880835,
      0.06279987871654111,
      0.06722685364492932,
      0.04977071178371619,
      0.0720277042993008,
      0.03125699090162408,
      0.48773617540839453,
      0.05172806329014229,
      0.021325713978475498,
      0.013609179764664088,
      0.025229083738914658,
      0.0376350829262327,
      0.005938455488196661,
      0.0018851368854311025
    ],
    [
      0.02794645858365366,
      0.013948886908607787,
      0.025148210690853882,
      0.00022917661498540601,
      0.02044826598118752,
      0.010947898868508653,
      0.08343330952464843,
      0.05290079370436253,
      0.09451519120116181,
      0.050121430058435,
      0.02771893229451595,
      0.055675138848163094,
      0.43812859542443167,
      0.035667744880903886,
      0.018757725995822812,
      0.02483551955777992,
      0.006236831428098984,
      0.011604464011151347,
      0.0017354254227278018
    ],
    [
      0.012161890776262936,
      0.002598236089693471,
      0.007393179630621877,
      0.01580104833459295,
      0.007967027154649075,
      0.017208946439810604,
      0.053306510688866555,
      0.03519852723486266,
      0.022772436829228786,
      0.024449605354872544,
      0.005242657123906522,
      0.04650963900841902,
      0.012374425811670312,
      0.6691003324642901,
      0.01925347008474356,
      0.028628169860524508,
      0.016655622871468614,
      0.0020519450907618506,
      0.001326329150753948
    ],
    [
      0.02146557274587579,
      0.0010838256775579447,
      0.008949448575797159,
      0.03513142629963139,
      0.01786501268885624,
      0.028339104105756893,
      0.12131574597248504,
      0.06816785998079081,
      0.05252447554030226,
      0.09820694968109552,
      0.013305262280161162,
      0.1123727300576313,
      0.04328995567485953,
