{
  "poids_LS": 0.8425,
  "poids_EM": 0.15749999999999997,
  "mae_validation": 6.207099057637691,
  "matrice_de_transition": [
    [
      0.313864100519524,
      0.0009244200340055615,
      0.003350157110201842,
      0.03224268893206741,
      0.0021615320381650526,
      0.01315930327357161,
      0.13445806630967386,
      0.07687876064189467,
      0.08095418830490055,
      0.06411334947538128,
      0.00530285285439935,
      0.13816806417463803,
      0.007811895472093536,
      0.012698982204706527,
      0.0023785502509766714,
      0.03960487247486919,
      0.06666060141645948,
      0.0020003363625664926,
      0.003267278149904946
    ],
    [
      0.002256210476555633,
      0.6372089995611461,
      0.0007741088046590922,
      0.0041026490744967975,
      0.0135283235143929,
      0.002689020624453614,
      0.054889790868201956,
      0.008392881680221056,
      0.05625250762468786,
      0.014970283271904085,
      0.0008974500325104478,
      0.03832174712341257,
      0.00691865168456255,
      5.696495151271133e-05,
      0.02967169626747822,
      0.04593425692084075,
      0.05290158830189566,
      0.007973529703254023,
      0.022259339513814116
    ],
    [
      0.007285583099462286,
      0.006215836631265335,
      0.4612853154463287,
      0.01383232384532519,
      0.03227625283224961,
      0.009008090889541926,
      0.07566570265015242,
      0.17512182985326302,
      0.020120793761802046,
      0.013548937596753068,
      0.002169966570918002,
      0.07675831784615679,
      0.0070462184078357625,
      0.010559104136699157,
      0.006449168554303309,
      0.02226754773787318,
      0.05852976229519791,
      0.00027381252089453704,
      0.001585435323977668
    ],
    [
      0.007121772853487774,
      0.005450819777914058,
      0.008046144833368277,
      0.2603368956560239,
      0.0039038390642760334,
      0.010026251946303442,
      0.12136112248343725,
      0.08290752772943559,
      0.10261091316110744,
      0.0933222944138518,
      0.010310896177231361,
      0.11800700700079843,
      0.04271592916092544,
      0.011973922299403025,
      0.029782528399251374,
      0.059975447126820965,
      0.02071668453444672,
      0.006901138469337731,
      0.004528864912579432
    ],
    [
      0.0022493085452387714,
      0.017515150772483525,
      0.003297555797625056,
      0.00862020760759133,
      0.5000063735012711,
      0.005255243125689736,
      0.0958689264781507,
      0.04050809678139678,
      0.08669409412711998,
      0.04335114399449519,
      0.0008194014660681476,
      0.041205199803380756,
      0.004875738844117588,
      0.0010395225847844687,
      0.00014308989252252,
      0.0034290461621887948,
      0.02931456482479537,
      0.05383346281389318,
      0.06197387287718713
    ],
    [
      0.005881564150910152,
      0.002416080695330819,
      0.010707009869341939,
      0.00457053398771132,
      0.004147381332379637,
      0.5065272295986523,
      0.06472417725714935,
      0.007243959630121941,
      0.038939863011249284,
      0.06630788735005506,
      0.005100719102885219,
      0.08779881786873504,
      0.01083738010894778,
      0.014240814331963685,
      0.03234971794665925,
      0.04121857433304874,
      0.05642208757538418,
      0.02443372352796621,
      0.016132478321508076
    ],
    [
      0.005332682293653559,
      0.0025212336400045883,
      0.01346796014369827,
      0.0023690469342771544,
      0.016127393442015716,
      0.011376005881840814,
      0.4770843856805277,
      0.03248769924008345,
      0.03948729220040332,
      0.0711518558891765,
      0.020336096146083876,
      0.08701203989684263,
      0.07133689709831281,
      0.003556917248763648,
      0.028925265122949614,
      0.07593928369266303,
      0.02832392771273897,
      0.008389563312503776,
      0.004774454423460617
    ],
    [
      0.003628086418169162,
      0.00727248454597557,
      0.013521235159354958,
      0.00854302259512476,
      0.0072309755990191925,
      0.00654966490046044,
      0.011411388895363219,
      0.6838117651824642,
      0.0025832596605237677,
      0.0305965920724997,
      0.019477170194010292,
      0.04565874376579093,
      0.015939623642265328,
      0.01491324291948687,
      0.017959067587551614,
      0.03167133817058296,
      0.04554293038131536,
      0.009422962667688932,
      0.024266445642352537
    ],
    [
      0.0016157254872972307,
      0.003360441449650012,
      0.0054020272918580015,
      0.007080984767083088,
      0.01235272278988599,
      0.0022248196129640288,
      0.1098313281486633,
      0.04069611272085896,
      0.49529686905830983,
      0.07973981025446107,
      0.0004902515426543097,
      0.06817438136114988,
      0.05320128316239319,
      0.00468938613515232,
      0.0068520728876493445,
      0.043089551288721634,
      0.03380985828124431,
      0.009702493205222892,
      0.02238988055478066
    ],
    [
      0.008959472357416419,
      0.0022654190302286007,
      0.0026715723121398583,
      0.0160829956014567,
      0.003180045756979231,
      0.01446498829671818,
      0.08226457939794982,
      0.04829549471640007,
      0.017075457545769022,
      0.5506477244690695,
      0.010937687043983752,
      0.06266406338670491,
      0.01694889850197509,
      0.0063948552299110395,
      0.018134090283738847,
      0.03742715874253438,
      0.09596471213000228,
      0.004641994191294636,
      0.0009787910057275865
    ],
    [
      0.02217879845758254,
      0.0019954014482808625,
      0.0034661375257208377,
      0.023080456095635363,
      0.030347624694542195,
      0.0036635785452182224,
      0.03892511019287406,
      0.1251437312189346,
      0.002824293662331279,
      0.003813103738131143,
      0.5586315764347694,
      0.09339512821075223,
      0.0018250526693455397,
      0.009811755982846554,
      0.0030437243544101855,
      0.0545994898208299,
      0.02144946242886819,
      0.0003926955554776763,
      0.0014128789634493745
    ],
    [
      0.013773360131336745,
      4.4691797384296724e-05,
      0.009175442111923926,
      0.006760633257741263,
      0.0015063689142122399,
      0.001295986218527692,
      0.0666555304541455,
      0.08022063061017566,
      0.06376243274904271,
      0.07481692189353115,
      0.014166837602894363,
      0.5272919471728897,
      0.04434931238977246,
      0.009665611371539252,
      0.006168189389739837,
      0.026754116149652066,
      0.04672113044746445,
      0.006016442778442911,
      0.0008544145595838807
    ],
    [
      0.012666380509137987,
      0.006322157375843815,
      0.011398109881466145,
      0.00010387141542504011,
      0.009267919113775636,
      0.00496199732889241,
      0.08647556162048022,
      0.06010155419633503,
      0.08674086743699512,
      0.05855666600741643,
      0.012563257083125931,
      0.06397915836014675,
      0.5310121568590812,
      0.016165956312927655,
      0.008501703149185877,
      0.01954556389161568,
      0.004498362313796554,
      0.0063521974203824445,
      0.0007865597239701546
    ],
    [
      0.005512223877011257,
      0.0011776177960481195,
      0.003350865587979699,
      0.0072558153312562755,
      0.007727309022314331,
      0.01351909187981572,
      0.06361713711013414,
      0.03523343301248322,
      0.024122741731813262,
      0.02303953200044905,
      0.00237616833673461,
      0.047582532105884756,
      0.005608552706008845,
      0.685608329528724,
      0.0192414010523075,
      0.03305129492401332,
      0.020444793729284455,
      0.0009300182785467378,
      0.0006011419891906381
    ],
    [
      0.009729000597051615,
      0.0004912303430658309,
      0.004056224894066337,
      0.01592287666817825,
      0.008097092081999588,
      0.012844342148652401,
      0.14300303612241075,
      0.07271204963588228,
      0.06046720905835937,
      0.1044791419594444,
      0.00603044261618815,
      0.12721527749087874,
