{
  "poids_LS": 0.245,
  "poids_EM": 0.755,
  "mae_validation": 7.813484289941206,
  "matrice_de_transition": [
    [
      0.1878122949393624,
      0.004431346829677454,
      0.016059483290173912,
      0.08496839938408411,
      0.010361629770251525,
      0.06308110458124805,
      0.06782251196308628,
      0.043215203561495705,
      0.05190781818471525,
      0.0473049650593153,
      0.025420024794104826,
      0.1816286061570926,
      0.03744749892971823,
      0.06087448612414876,
      0.011401939298332619,
      0.0459802448781323,
      0.03503133776670564,
      0.009588913991985411,
      0.015662190496369743
    ],
    [
      0.010815485141584147,
      0.4577648931899039,
      0.003710807285826125,
      0.01966666699203227,
      0.06485005875153423,
      0.012890225850555421,
      0.030935428424523063,
      0.027084359887074996,
      0.05961744205022174,
      0.012607713911675084,
      0.004302062060605639,
      0.013254677773004538,
      0.01539150690228751,
      0.00027307008502918767,
      0.028602428819663676,
      0.07105446780906519,
      0.09052980946635217,
      0.01488505699740313,
      0.061763838601658
    ],
    [
      0.0349245412069462,
      0.02979655020066875,
      0.2590615665407696,
      0.02316891663274368,
      0.019980600460336735,
      0.021394453288839634,
      0.050630055784016845,
      0.1679999104713192,
      0.007507668316838845,
      0.04141390847204013,
      0.010402061974876774,
      0.11574062852704772,
      0.03377711046295874,
      0.0506166579251293,
      0.030915061958723802,
      0.02879407894951204,
      0.06496364392006668,
      0.0013125616080976222,
      0.007600023299067553
    ],
    [
      0.03413929209132235,
      0.026129326554445168,
      0.03857040856630508,
      0.13853409380019222,
      0.018713641228751784,
      0.04806235059974032,
      0.05626016843479691,
      0.026699499157933133,
      0.0583586806640953,
      0.06916152134173098,
      0.04942683564323606,
      0.07523594461939562,
      0.06823508978508308,
      0.05739880213364626,
      0.09123860276594785,
      0.057691096387958725,
      0.031353201442260795,
      0.03308164790063484,
      0.02170979688252363
    ],
    [
      0.010782399693049352,
      0.08396151640142897,
      0.01580733096639313,
      0.041322265039564786,
      0.3097244635982028,
      0.025191800380290483,
      0.0509337635420452,
      0.02825535256119192,
      0.1099628404933533,
      0.01723709017338889,
      0.0039279244881362,
      0.01551003522000553,
      0.02337258937973828,
      0.004983108263569994,
      0.0006859229768539849,
      0.016437649856841527,
      0.04200239596760096,
      0.08676532684868624,
      0.1131362241496585
    ],
    [
      0.02819416465991851,
      0.011581847142696944,
      0.051325666357797874,
      0.0219095438776003,
      0.019881097815534137,
      0.2353203667154834,
      0.020724845586851094,
      0.019508237385097153,
      0.04042850977622093,
      0.05379197598219321,
      0.0244510661757355,
      0.08560893309480655,
      0.051950615760352856,
      0.06826549092465133,
      0.061418974634130985,
      0.064494281623162,
      0.058269126548358724,
      0.06779877416416112,
      0.015076481775247414
    ],
    [
      0.025563016709259923,
      0.012085913639387076,
      0.06456069783169648,
      0.011356383716693664,
      0.02740439573631601,
      0.054532599624062324,
      0.14332170791752047,
      0.0507250348473747,
      0.06596320684964598,
      0.022924027723776268,
      0.07380886779991722,
      0.0513597183539352,
      0.08762346259307251,
      0.01705061919248606,
      0.0825696850949296,
      0.09882183667441694,
      0.047225121627870716,
      0.040216636831367315,
      0.022887067236271534
    ],
    [
      0.01739177933789027,
      0.03486175131562893,
      0.06481607965278093,
      0.03448123564167336,
      0.03466277191910788,
      0.031396806348238944,
      0.025657178867211573,
      0.2890522216083313,
      0.008469304365835886,
      0.04921046993296302,
      0.09336675235858904,
      0.0773222929273117,
      0.009899107759276427,
      0.05136713070425841,
      0.0066440651735610295,
      0.0525757818975338,
      0.02932798009534532,
      0.04517039247050886,
      0.044326897623953344
    ],
    [
      0.007745223764504186,
      0.01610878282213181,
      0.02589543241493836,
      0.033943768248557035,
      0.05921463940548523,
      0.01066500830341487,
      0.05221631529365135,
      0.0355709992591937,
      0.31141423109941657,
      0.046005978910504695,
      0.0023500946965333575,
      0.02322553125256071,
      0.08422651991857634,
      0.022479279568507954,
      0.03284644463603337,
      0.054731910466416435,
      0.06480200515478307,
      0.046510364253608154,
      0.07004747053118279
    ],
    [
      0.01574466299392463,
      0.010859627732206945,
      0.01280658473438472,
      0.013630342955953263,
      0.015244028866789331,
      0.06934010262871255,
      0.05733489727771395,
      0.07733619535145098,
      0.03741091816206408,
      0.298617429085863,
      0.05243145217909673,
      0.05899400575447022,
      0.06221839726889236,
      0.00549263225893405,
      0.08692849628077988,
      0.052350552012267834,
      0.04631559303584931,
      0.022252099139221913,
      0.004691982281424304
    ],
    [
      0.020137600185301092,
      0.009565257736203502,
      0.016615452901074496,
      0.04665104962184105,
      0.011244000472276331,
      0.017561916200887356,
      0.038437092444266546,
      0.101099968273053,
      0.013538677555937247,
      0.018278687760565165,
      0.47367257998997103,
      0.1200873374576387,
      0.008748665176862748,
      0.04703413185428032,
      0.014590551667172637,
      0.023268009012238543,
      0.010813727964780017,
      0.0018824453611787028,
      0.006772848364471606
    ],
    [
      0.0660246787248206,
      0.0002142368700009145,
      0.04398386536192105,
      0.03240811498155336,
      0.00722100654114439,
      0.006212505365005764,
      0.05453052038457379,
      0.03935862146946679,
      0.01976215234492378,
      0.06604556656430681,
      0.06791087231863648,
      0.40289945438717445,
      0.06755354219488285,
      0.04633356562229928,
      0.02956814596351478,
      0.021958290542201532,
      0.018147902058327784,
      0.005771193273589571,
      0.0040957650316560635
    ],
    [
      0.06071820498031226,
      0.03030621472229893,
      0.054638558479409155,
      0.0004979232929898749,
      0.04442716781524195,
      0.023786082433738222,
      0.07690847937174602,
      0.03745705738605308,
      0.11118906980062457,
      0.03203006874680377,
      0.06022386728736558,
      0.037865202263250776,
      0.23891779918959125,
      0.07749394930958972,
      0.04075419604847834,
      0.03618108236810584,
      0.00996539018640551,
      0.02286919367293202,
      0.0037704926450632813
    ],
    [
      0.026423676362815875,
      0.0056450884826433675,
      0.01606287948523602,
      0.034128324381222916,
      0.008481159464788064,
      0.02512271345664173,
      0.031192930337990026,
      0.03512366352759752,
      0.019876388156580514,
      0.027473841628175566,
      0.01139052123323575,
      0.04420856565464385,
      0.026885443130391613,
      0.6336950229708331,
      0.019279354983257745,
      0.01914173057962088,
      0.008528848531679381,
      0.004458182859065315,
      0.0028816647735805194
    ],
    [
      0.04663743143348553,
      0.0023547867239028723,
      0.019444125682667207,
      0.07632871037761639,
      0.03881463188514089,
      0.06157129093480994,
      0.07480221578251281,
      0.05842176901000254,
      0.03548940233710086,
      0.08475474782095258,
      0.0289078360331559,
      0.08053937174685066,
      0.06121444445248102,
      0.06984881195377167,
      0.17451328069133656,
      0.03076530273831425,
