{
  "poids_LS": 0.5425,
  "poids_EM": 0.4575,
  "mae_validation": 7.00206327421876,
  "matrice_de_transition": [
    [
      0.25057449102320856,
      0.0026852200987780603,
      0.009731408748681543,
      0.05871584899165739,
      0.006278735920384202,
      0.03822464284227945,
      0.10100088421096878,
      0.059976556250062554,
      0.06637023678012131,
      0.05567399328321426,
      0.015403524958017164,
      0.15998925680181186,
      0.022691696371319323,
      0.036887519737480876,
      0.006909122157598905,
      0.04280589627567075,
      0.050779799583947086,
      0.005810500862693147,
      0.009490665102104844
    ],
    [
      0.006553754241423507,
      0.5471115402952504,
      0.002248601765914506,
      0.011917218740204986,
      0.03929655877990319,
      0.007810964671031928,
      0.042862495917400836,
      0.01777772429454103,
      0.0579420144492237,
      0.013784055978065255,
      0.0026068786658636823,
      0.025735770880529873,
      0.011172804931955837,
      0.00016546962106073294,
      0.02913482558238305,
      0.05854691510739696,
      0.07179441901208303,
      0.011443752612450227,
      0.04209423445331732
    ],
    [
      0.021162884241295213,
      0.01805552545272312,
      0.35975037875734506,
      0.01852015285992862,
      0.0261027035241762,
      0.015227184981239521,
      0.06309550338682075,
      0.17154597074935818,
      0.01378784374759458,
      0.02753971795254574,
      0.006303236229809436,
      0.09633102613781752,
      0.02046758680371341,
      0.030671683444697558,
      0.01873329913392866,
      0.0255444671746793,
      0.061760163111031594,
      0.0007953601797412744,
      0.004605312131554179
    ],
    [
      0.020687054479178776,
      0.015833333640607503,
      0.023372134992165002,
      0.19918067715100382,
      0.011339722996230386,
      0.029123874701167146,
      0.08867445099458017,
      0.05468592342575235,
      0.08039221902034821,
      0.0811913623274313,
      0.02995069841957682,
      0.09653199660009408,
      0.05552889683832677,
      0.03478139334588499,
      0.06063913477583538,
      0.058828492780948705,
      0.026057195115775963,
      0.02004616412521913,
      0.01315527426987359
    ],
    [
      0.0065337057742650044,
      0.0508773427200712,
      0.009578614459768021,
      0.025039650669670056,
      0.4044673392403163,
      0.015265230031765427,
      0.0733073383930768,
      0.03435609131518513,
      0.09837714669594005,
      0.030239485172182404,
      0.00238016616334081,
      0.028303861937250936,
      0.014162860451960614,
      0.0030195656034215524,
      0.0004156420687558915,
      0.009960562661596025,
      0.03568502397599483,
      0.07036828994433321,
      0.08766208272110582
    ],
    [
      0.01708454348597711,
      0.0070181391626276185,
      0.03110131438237421,
      0.013276313011923361,
      0.012047155298817043,
      0.3703564197828353,
      0.04263246261097449,
      0.013401755992452594,
      0.039687300717511205,
      0.060023747751128606,
      0.014816374536952306,
      0.08669929413287136,
      0.031480008887895934,
      0.04136617496427548,
      0.04694516063492958,
      0.052905121926411044,
      0.057349471160141274,
      0.046206970709319305,
      0.01560227085058222
    ],
    [
      0.015490172376803198,
      0.00732358343048952,
      0.03912121756026641,
      0.00688151728528126,
      0.02178948664417486,
      0.03304458851391856,
      0.30950479851918516,
      0.041644520465501655,
      0.05278063846780549,
      0.04693704676847345,
      0.04718434969612572,
      0.06911129267864642,
      0.0795142521584432,
      0.010331997722599169,
      0.05585970192896467,
      0.08742843163329261,
      0.03781406691698922,
      0.02436968390774907,
      0.013868653325290367
    ],
    [
      0.010538727214681853,
      0.02112483606211952,
      0.039275968796221555,
      0.021566393162429497,
      0.02100426245429385,
      0.019025217091813665,
      0.018564086789178293,
      0.48560613660967783,
      0.005538595914236966,
      0.03994247216980346,
      0.05657654199212515,
      0.06155676008119885,
      0.012906728638254164,
      0.03321645017543911,
      0.012277894827388978,
      0.04216729317993066,
      0.03740153274819233,
      0.027371462987096428,
      0.03433863910591779
    ],
    [
      0.0046932978440538614,
      0.009761282306126228,
      0.015691603085873248,
      0.02056857479962231,
      0.03588171858014502,
      0.006462571256705037,
      0.08090328822146065,
      0.03812283399533665,
      0.4029708583676521,
      0.06280232171356247,
      0.001424064004852995,
      0.045605921055582095,
      0.06877880789353118,
      0.013621550202109124,
      0.01990364029269572,
      0.04893508727752237,
      0.04937076884536419,
      0.028183432643742692,
      0.04631837761406207
    ],
    [
      0.012366262635161128,
      0.006580502897330699,
      0.007760281478120543,
      0.01485153820622485,
      0.009237275770273006,
      0.04201734695713377,
      0.06974758419113683,
      0.06287659963776454,
      0.027285730658553154,
      0.42410531674528373,
      0.031771376651571856,
      0.06082135662575025,
      0.03967835394979966,
      0.005941856248667363,
      0.05267521463371761,
      0.044920075865413106,
      0.07103628413293803,
      0.013483887888998708,
      0.002843154826161085
    ],
    [
      0.021153929032169262,
      0.0057961661116729835,
      0.010068304241379578,
      0.03491506372385579,
      0.020755846842358497,
      0.010641823393252934,
      0.03868008036093724,
      0.11307154898669279,
      0.008203900638200385,
      0.011076158477428561,
      0.515974339726084,
      0.10679707427613455,
      0.00530134346809895,
      0.02850081499779238,
      0.00884129455328673,
      0.038868202385553906,
      0.01610934470631346,
      0.0011406870897208697,
      0.004104076989067232
    ],
    [
      0.04000833181007341,
      0.00012981903049724287,
      0.026652474706064744,
      0.019638029939153194,
      0.00437564303652127,
      0.0037645313966756778,
      0.060567659289506984,
      0.059704140665049865,
      0.04167024175115873,
      0.07041289411316745,
      0.041151290179836014,
      0.4648354654394763,
      0.05599997170614589,
      0.028076299698280693,
      0.017917121560672863,
      0.02434617023796142,
      0.03237473962446696,
      0.005893304951738305,
      0.002481870863553178
    ],
    [
      0.03679281957416273,
      0.01836436190126061,
      0.0331087953699731,
      0.0003017217305203547,
      0.026921098378110186,
      0.014413420812497003,
      0.08167200567969318,
      0.04873193236690476,
      0.09901611548567936,
      0.045237872403761537,
      0.03649327057479438,
      0.050867548604383084,
      0.3843539019622662,
      0.046958254051837484,
      0.024695423433349458,
      0.02789812546976974,
      0.007243313546905654,
      0.014645249932122817,
      0.002284768722008545
    ],
    [
      0.016011697928461275,
      0.0034206993123302525,
      0.009733466707941032,
      0.020748288494419443,
      0.008105811336527083,
      0.019345178027176058,
      0.04733720065550111,
      0.03517831862676655,
      0.021990681359311464,
      0.025265963612696674,
      0.006902203263848154,
      0.04588849037304413,
      0.016291510241263792,
      0.6595430710059337,
      0.01926045741931181,
      0.02606741324482046,
      0.014461892374838392,
      0.0027014816662548104,
      0.0017461743495537586
    ],
    [
      0.028260430305721364,
      0.0014269071870007472,
      0.011782367549430793,
      0.04625216555994636,
      0.023520124619141665,
      0.03730975576513317,
      0.10875994641200173,
      0.06553701333836945,
      0.047926050871953424,
      0.0945756804673146,
      0.01751699998035606,
      0.10377967628048808,
      0.048128467982929135,
      0.042325604594504025,
