{
  "poids_LS": 0.345,
  "poids_EM": 0.655,
  "mae_validation": 7.538864395455467,
  "matrice_de_transition": [
    [
      0.2089088314381342,
      0.0038444134747532884,
      0.013932399410680679,
      0.07614401269755412,
      0.008989228476178475,
      0.054725991391678774,
      0.07897490599598797,
      0.048849271692106414,
      0.056769135359641655,
      0.05011808379003764,
      0.02205313409289889,
      0.17435487528136798,
      0.03248756529664297,
      0.052811640279890645,
      0.009891748662791874,
      0.04491323694453178,
      0.0403249383775431,
      0.008318859158609861,
      0.013587728178969777
    ],
    [
      0.009382970553294857,
      0.4877973796118691,
      0.0032193096320743205,
      0.01706181043679621,
      0.056260646996364135,
      0.01118291116836265,
      0.03494452674145677,
      0.023956079015635005,
      0.059054273108709796,
      0.01300312300962136,
      0.0037322525161545615,
      0.01745000318729877,
      0.013973455819823084,
      0.0002369018618465138,
      0.0287813857146954,
      0.06685024841354645,
      0.08423219922962304,
      0.01372831602767106,
      0.055152206955156935
    ],
    [
      0.030298774159668557,
      0.025849987260182825,
      0.2929065454370975,
      0.021606306961209208,
      0.022038450229694542,
      0.01932142192494044,
      0.0548201222051274,
      0.16919186350595417,
      0.009618651654907998,
      0.036750315020109246,
      0.009024305421912963,
      0.10921639242982749,
      0.029303320997666193,
      0.04391246482246317,
      0.02682035176551535,
      0.027701772470576667,
      0.06388684364812211,
      0.0011387123884820432,
      0.00659339769654205
    ],
    [
      0.02961753154942535,
      0.02266848860021402,
      0.03346174518003951,
      0.15891949996853227,
      0.01623501325143367,
      0.041696476348119085,
      0.06715572559774927,
      0.03610670059249421,
      0.06576491204434838,
      0.07320516537053781,
      0.04288023489578758,
      0.08239428141963039,
      0.06396410055928264,
      0.04979631178481894,
      0.08095306730708653,
      0.058073414503249474,
      0.029573031248484382,
      0.028699972682007715,
      0.01883432709675891
    ],
    [
      0.009354267283373942,
      0.07284078575223309,
      0.013713644745678807,
      0.035849117352205216,
      0.3415708083518544,
      0.021855138078265255,
      0.05845429290373649,
      0.030306021049929133,
      0.10606848963707993,
      0.02160764311415982,
      0.003407669589045313,
      0.019810481175382134,
      0.02027688217712394,
      0.004323093924024299,
      0.0005950722514428611,
      0.014260477690372452,
      0.039878909583867805,
      0.08125371780520622,
      0.10457348753501894
    ],
    [
      0.024459838214896192,
      0.010047827653598011,
      0.044527564853453785,
      0.019007617536196286,
      0.017247839826721668,
      0.280710636654089,
      0.028088750468909372,
      0.017455638597653606,
      0.04017936387413363,
      0.055886689181835356,
      0.021212514364379802,
      0.0859754410067611,
      0.045069739500703476,
      0.05922370404721407,
      0.05655382707137421,
      0.060598765758707894,
      0.057959998686773026,
      0.06054102510371009,
      0.015253217598889366
    ],
    [
      0.022177186681543375,
      0.0104851303758921,
      0.056009612026173765,
      0.00985222693302563,
      0.025517031335596296,
      0.04730973874670308,
      0.19918157030463465,
      0.04767276110556864,
      0.06153209142717858,
      0.03099563076401061,
      0.06485944994990327,
      0.057326634093333925,
      0.08489767757302905,
      0.014792259034540886,
      0.07359153949292457,
      0.09499212069420707,
      0.044061741893120634,
      0.03488992996628555,
      0.019855667602328285
    ],
    [
      0.015088232405719375,
      0.030244300810247617,
      0.05623116844049206,
      0.03014011211923845,
      0.030071676300682998,
      0.027238288951121202,
      0.02327294623593988,
      0.35512076446592666,
      0.007484192281264822,
      0.046095176567195105,
      0.08100029509255076,
      0.07202295415550906,
      0.010910072760613482,
      0.045266061618941,
      0.008537789426948574,
      0.04907713022775124,
      0.032041779306386325,
      0.039187559030706365,
      0.04096949980276492
    ],
    [
      0.006719366312251977,
      0.013975169203306404,
      0.02246557381693328,
      0.029447904904377296,
      0.05137164080873222,
      0.009252424422167867,
      0.06185899526938557,
      0.0364287588343678,
      0.3421895679963025,
      0.051651808424137566,
      0.0020388238758004625,
      0.03074835135441663,
      0.0790340116748637,
      0.019501891546189018,
      0.02849592216768458,
      0.052783398470149526,
      0.05961503496674311,
      0.04035005110743489,
      0.06207130484475567
    ],
    [
      0.014609066234676393,
      0.009421266443172913,
      0.011110348345724493,
      0.014040828754363879,
      0.013224952195691407,
      0.0601559830752407,
      0.06150722901331828,
      0.0724758270443295,
      0.03400749379113604,
      0.3407982316604582,
      0.04548688897656736,
      0.05960824134145511,
      0.05464191211961751,
      0.005643631919348609,
      0.0754147881641203,
      0.04985291297130826,
      0.05462506903487073,
      0.01930480123998722,
      0.004070527674613138
    ],
    [
      0.02047922332710552,
      0.008298336181739462,
      0.014414730662521583,
      0.04270618041243424,
      0.014441259756337562,
      0.015235834584875785,
      0.03851876905491216,
      0.10512402901713361,
      0.011745475230647544,
      0.015857669514132693,
      0.4878916588928662,
      0.11562002210251125,
      0.007589901577278279,
      0.04080444551596504,
      0.012658028267547123,
      0.028511771490663872,
      0.012593767205631594,
      0.0016331148497643051,
      0.005875782355932321
    ],
    [
      0.05727968816524171,
      0.00018586112562993243,
      0.03815818783054078,
      0.028115649421082717,
      0.006264581833708047,
      0.005389656972289768,
      0.05655981077278663,
      0.04619745145117539,
      0.027126216010885107,
      0.06751357582442805,
      0.05891605479298926,
      0.42371828163164565,
      0.06366998908942506,
      0.04019666951338547,
      0.025651835239870437,
      0.022760939179431748,
      0.02293003233266028,
      0.00581223921582444,
      0.003553279596999632
    ],
    [
      0.052676058625304015,
      0.02629214654716,
      0.04740166331657351,
      0.0004319731879581034,
      0.038542774727130434,
      0.02063560793920336,
      0.0785096646853417,
      0.041246931329196504,
      0.10709732045106314,
      0.036469666614688735,
      0.05224719612347611,
      0.04223573884850533,
      0.28780388415519625,
      0.06722985006328645,
      0.03535628928709048,
      0.033396895175387825,
      0.00905040644203581,
      0.020104842835685227,
      0.0032710896457171517
    ],
    [
      0.022923851678999203,
      0.004897394643882657,
      0.013935345778582242,
      0.029630833326835193,
      0.008354992026717146,
      0.02318068474085495,
      0.0366195758228677,
      0.03514203498950308,
      0.02058707494741445,
      0.026731697757426356,
      0.009881842924197904,
      0.044773246232257397,
      0.023324457285306632,
      0.64238344247843,
      0.019273002860922976,
      0.02146969113935183,
      0.0105231489831614,
      0.0038676950631626244,
      0.002499987320126146
    ],
    [
      0.04046028819726228,
      0.0020428944425912336,
      0.016868744797545725,
      0.06621894741369369,
      0.033673621039426865,
      0.05341615306264968,
      0.0862165790193158,
      0.060813447775840156,
      0.03966978839923617,
      0.0880559016516625,
      0.025078983578433266,
      0.08835123881698088,
      0.05681579689969048,
      0.060597313681748935,
      0.19702096718255876,
