{
  "poids_LS": 0.1825,
  "poids_EM": 0.8175,
  "mae_validation": 7.986008599520257,
  "matrice_de_transition": [
    [
      0.17462695962763003,
      0.004798180176505059,
      0.01738891071485718,
      0.09048364106316535,
      0.011219380579047181,
      0.06830305032472885,
      0.06085226569252272,
      0.03969391097986402,
      0.04886949495038624,
      0.04554676585261384,
      0.027524331482358538,
      0.18617468795442046,
      0.04054745745039027,
      0.06591376477681007,
      0.012345808445545583,
      0.04664712483663262,
      0.03172283738493222,
      0.01038269826284513,
      0.016958729444744722
    ],
    [
      0.011710806759264955,
      0.4389945891761756,
      0.004017993319421003,
      0.02129470233905481,
      0.07021844109851554,
      0.013957297526925904,
      0.028429741976439493,
      0.02903953543172499,
      0.05996942263866671,
      0.012360583225458662,
      0.0046581930258875635,
      0.010632599389070643,
      0.01627778882882778,
      0.00029567522451835884,
      0.02849058076026885,
      0.0736821049312644,
      0.09446581586430786,
      0.015608020103485672,
      0.06589610838072117
    ],
    [
      0.037815645611494725,
      0.03226315203847246,
      0.23790845473056466,
      0.024145547677452733,
      0.01869444435448811,
      0.022690097891276635,
      0.04801126427082275,
      0.16725493982467238,
      0.006188303730545623,
      0.044328654379496936,
      0.011263159820479155,
      0.11981827608781037,
      0.03657322887876659,
      0.054806778614295636,
      0.033474255829479084,
      0.02947677049884665,
      0.06563664409003203,
      0.0014212173703573594,
      0.008229164300645993
    ],
    [
      0.03696539243000797,
      0.028292350275839637,
      0.041763323182721065,
      0.12579321494497972,
      0.020262783714575607,
      0.05204102200700359,
      0.049450445207951686,
      0.020819998261332462,
      0.05372978605143713,
      0.06663424382372671,
      0.053518461110391366,
      0.07076198411924887,
      0.07090445805120836,
      0.06215035860166333,
      0.09766706242773618,
      0.057452147565902,
      0.03246580781337106,
      0.0358201949122768,
      0.02350696549862658
    ],
    [
      0.011674982449096483,
      0.09091197305717641,
      0.01711588485433958,
      0.044742982344164524,
      0.28982049812717053,
      0.027277214319056255,
      0.04623343269098814,
      0.026973684755731163,
      0.11239680977852415,
      0.014505494585407062,
      0.004253083800068005,
      0.01282225649789515,
      0.025307406381372244,
      0.005395617225786052,
      0.0007427046802359373,
      0.0177983824608847,
      0.04332957495743418,
      0.09021008250086124,
      0.11848793453380824
    ],
    [
      0.03052811868805746,
      0.012540609323383776,
      0.05557447979801293,
      0.023723247840977808,
      0.021526884058541928,
      0.20695144800385484,
      0.01612240503556466,
      0.020791111627249375,
      0.04058422596502549,
      0.05248278023241686,
      0.02647516105783281,
      0.08537986564983494,
      0.05625116342263372,
      0.07391660772304962,
      0.06445969186085397,
      0.06692897903844582,
      0.05846233146184978,
      0.07233486732694301,
      0.014966021885471194
    ],
    [
      0.02767916047658276,
      0.013086403179071436,
      0.06990512646014817,
      0.012296481706486185,
      0.02858399848676583,
      0.059046887672411855,
      0.10840929392557412,
      0.0526327059360035,
      0.0687326539886881,
      0.017879275823629803,
      0.07940225395617592,
      0.04763039601681099,
      0.08932707823059967,
      0.018462094291201794,
      0.08818102609618272,
      0.10121540916204809,
      0.04920223396208952,
      0.04354582862204342,
      0.024781692007486065
    ],
    [
      0.01883149617049708,
      0.03774765788149225,
      0.07018164916046146,
      0.03719443784319518,
      0.03753220668062343,
      0.03399587972143753,
      0.02714732426175638,
      0.24775938232233408,
      0.009084999418692803,
      0.05115752828656797,
      0.10109578814986296,
      0.08063437965968835,
      0.009267254633440768,
      0.05518029888258179,
      0.005460487515193813,
      0.054762439191147906,
      0.027631855588444686,
      0.04890966337038542,
      0.0464252712621961
    ],
    [
      0.008386384672161818,
      0.017442291333897686,
      0.028039094038691537,
      0.03675368283866937,
      0.06411651352845586,
      0.011547873229194245,
      0.046189640308817476,
      0.03503489952470988,
      0.2921796455388629,
      0.04247733546448416,
      0.002544638959491417,
      0.018523768688900752,
      0.08747183757089677,
      0.024340147082457287,
      0.035565521178751364,
      0.05594973046408325,
      0.06804386152230806,
      0.05036055996996645,
      0.07503257408519977
    ],
    [
      0.016454410968454777,
      0.011758603537853215,
      0.013866732477297363,
      0.013373789331946627,
      0.016505951786225534,
      0.07508017734963247,
      0.054727189942961246,
      0.08037392554340192,
      0.0395380583938941,
      0.2722544274767409,
      0.05677180418067758,
      0.05861010851260466,
      0.06695370048718916,
      0.005398257471174951,
      0.09412456385369213,
      0.05391157641286756,
      0.04112217053646092,
      0.024094160326243595,
      0.0050803914106812825
    ],
    [
      0.01992408572167333,
      0.010357083707743527,
      0.017990904300170068,
      0.04911659287772031,
      0.00924571341973806,
      0.019015717210894588,
      0.03838604456261305,
      0.09858493030800261,
      0.014659429009243309,
      0.01979182416458546,
      0.4647856556756616,
      0.12287940955459334,
      0.009472892426603041,
      0.05092768581572737,
      0.015798378791938582,
      0.019990657463222712,
      0.00970120343924778,
      0.0020382769308127015,
      0.00733351461980866
    ],
    [
      0.0714902978245574,
      0.00023197171023277825,
      0.04762491381903372,
      0.03509090595684751,
      0.007818771983292104,
      0.00672678561045326,
      0.05326221389194077,
      0.03508435273089892,
      0.015159612553697948,
      0.06512806077673104,
      0.07353263327216598,
      0.38988768735938,
      0.06998076288579398,
      0.050169125690370416,
      0.032015840165792495,
      0.021456635143932652,
      0.015159070636869974,
      0.005745539559692778,
      0.004434818428316334
    ],
    [
      0.06574454645219241,
      0.03281500733176076,
      0.05916161795618143,
      0.0005391421086347321,
      0.048104913495311645,
      0.025755128992822514,
      0.07590773855074873,
      0.035088386171588444,
      0.11374641314410044,
      0.029255320079375674,
      0.06520928676479651,
      0.03513361689746668,
      0.20836399608608813,
      0.08390901133852928,
      0.04412788777434575,
      0.037921199363554606,
      0.010537255026636572,
      0.02459691294621126,
      0.004082619519654613
    ],
    [
      0.028611066790201294,
      0.006112397131868812,
      0.01739258805189463,
      0.036939256290215244,
      0.008560014113582388,
      0.026336481404008464,
      0.02780127690994148,
      0.03511218136390655,
      0.019432208912309307,
      0.02793768154739382,
      0.012333445176384406,
      0.04385564029363539,
      0.029111059283569725,
      0.6282647607785853,
      0.01928332505971698,
      0.017686755229789037,
      0.007282410749503119,
      0.004827237731504497,
      0.003120213181989503
    ],
    [
      0.05049814595612506,
      0.0025497193997226467,
      0.021053738735868136,
      0.08264731223006809,
      0.04202776366371216,
      0.06666825210491009,
      0.06766823875951093,
      0.05692696978135403,
      0.03287666104826628,
      0.08269152667675886,
      0.031300868817357545,
      0.07565695482801928,
      0.06396359917297512,
      0.07563099837378588,
      0.1604459766343227,
