{
  "poids_LS": 0.065,
  "poids_EM": 0.935,
  "mae_validation": 8.311838124944417,
  "matrice_de_transition": [
    [
      0.14983852924157315,
      0.005487826868540954,
      0.01988823427326173,
      0.1008522954198381,
      0.012831952099583014,
      0.07812030832247276,
      0.04774820270386325,
      0.033073880926396446,
      0.043157447269847715,
      0.042241351344015084,
      0.03148042805627552,
      0.19472132173339687,
      0.0463753794692537,
      0.07538760864381337,
      0.014120282442305959,
      0.04790085915861324,
      0.025502856667198204,
      0.011875012692061404,
      0.019396222667689682
    ],
    [
      0.013394011400504873,
      0.4037064176303665,
      0.004595503062579374,
      0.024355408791457187,
      0.08031099991084041,
      0.015963392278502412,
      0.023719051454042392,
      0.032715265455666984,
      0.06063114614494325,
      0.011895977535371787,
      0.00532771924061758,
      0.0057030920272749235,
      0.017943998850723484,
      0.00033817288675800066,
      0.028280306408606577,
      0.07862206272099892,
      0.1018655078924646,
      0.016967190742920853,
      0.07366477556535993
    ],
    [
      0.043250921892045956,
      0.03690036349354342,
      0.19814060452737942,
      0.025981614041505743,
      0.016276470875492693,
      0.025125909743858192,
      0.04308793622601785,
      0.1658543950089763,
      0.0037078983083143674,
      0.049808376685515736,
      0.012882023770211633,
      0.12748425350204418,
      0.04182993150048533,
      0.06268420550992834,
      0.038285540306499014,
      0.030760230611595715,
      0.0669018844095669,
      0.0016254902034056648,
      0.00941194938361346
    ],
    [
      0.04227846106673695,
      0.03235883487206124,
      0.047766002661583117,
      0.10184036269718019,
      0.023175171587924395,
      0.05952092425265854,
      0.03664816554148267,
      0.00976653657572319,
      0.045027464179639765,
      0.06188296208987869,
      0.06121071698864333,
      0.062350938378973,
      0.07592287039152389,
      0.07108328476153544,
      0.10975256659189826,
      0.057002923780435366,
      0.034557507791058345,
      0.04096866329416368,
      0.026885642496900126
    ],
    [
      0.013353038030465092,
      0.10397883156998158,
      0.019575966163678907,
      0.051173930876812025,
      0.2524010430416299,
      0.0311977925239359,
      0.03739681069100087,
      0.024564149281464935,
      0.11697267203464536,
      0.009370094880001222,
      0.004864383306499798,
      0.007769232500327635,
      0.0289448623444441,
      0.006171134074752244,
      0.0008494542825940078,
      0.020356559756485867,
      0.04582467145832064,
      0.09668622312695026,
      0.12854915005600973
    ],
    [
      0.034915952260958685,
      0.014343082223075024,
      0.06356224906561724,
      0.027133011292127526,
      0.02462096219539658,
      0.15361788082599317,
      0.0074698167991461804,
      0.02320291520249555,
      0.04087697239997808,
      0.05002149222283735,
      0.03028045943617575,
      0.08494921885328834,
      0.06433619302772176,
      0.0845407073040384,
      0.0701762402470932,
      0.07150621017917938,
      0.05882555669921298,
      0.08086272247297296,
      0.014758357292691902
    ],
    [
      0.03165751075914971,
      0.014967323513678035,
      0.07995265228163737,
      0.014063865927296127,
      0.030801651657611496,
      0.06753374920330897,
      0.04277395562071497,
      0.05621912758262563,
      0.07393921461008728,
      0.008395142251354445,
      0.08991781992994233,
      0.04061927002301748,
      0.09252987562915074,
      0.021115667476787375,
      0.09873034717853862,
      0.10571532543879468,
      0.05291920515042087,
      0.04980470918851449,
      0.028343586577369385
    ],
    [
      0.021538163815797887,
      0.0431731622253153,
      0.08026891983490088,
      0.0422952579820562,
      0.04292674403227267,
      0.038882137663050875,
      0.029948797603500617,
      0.17012884446465942,
      0.010242506118063805,
      0.054817997991345284,
      0.11562637543745795,
      0.08686110271655645,
      0.008079370756869729,
      0.062349055057829755,
      0.003235361517463447,
      0.058873354903142425,
      0.0244431415154715,
      0.05593949266215336,
      0.0503702137020925
    ],
    [
      0.009591767178558166,
      0.019949287336017536,
      0.03206917789134751,
      0.042036322268080566,
      0.07333203687964066,
      0.013207659289659474,
      0.03485949133732977,
      0.03402703202388031,
      0.256018624685022,
      0.035843485785965544,
      0.002910382173852569,
      0.009684455069220041,
      0.09357303475725913,
      0.027838578008682037,
      0.0406773850790612,
      0.058239232059696874,
      0.074138551493255,
      0.05759892791672004,
      0.08440456876675165
    ],
    [
      0.017788737160571454,
      0.013448678052468204,
      0.01585981023397313,
      0.012891468518814153,
      0.018878366874765597,
      0.08587151782496191,
      0.04982470015362616,
      0.08608485830426968,
      0.04353708202973455,
      0.22269198445159152,
      0.06493166594364959,
      0.05788838169789742,
      0.07585607053758711,
      0.005220832870187844,
      0.10765317089076713,
      0.05684630228599507,
      0.03135853623761076,
      0.027557235357844354,
      0.005810600573684403
    ],
    [
      0.019522678530053128,
      0.011845716534238774,
      0.02057675293046974,
      0.05375181419877331,
      0.005488933760966113,
      0.021748863109708184,
      0.038290074545104455,
      0.09385665893370791,
      0.01676644174145871,
      0.022636520604143617,
      0.4480782379647598,
      0.12812850509686807,
      0.010834439656114794,
      0.05824756726324781,
      0.018069093786498566,
      0.01382923655107295,
      0.007609657331247178,
      0.002331240281724619,
      0.00838756717984232
    ],
    [
      0.0817656617320626,
      0.0002653132098686822,
      0.05447008491840554,
      0.04013455299040052,
      0.008942571014529808,
      0.007693632471894554,
      0.05087779768579068,
      0.027048727502391314,
      0.006506837746193388,
      0.06340314989608861,
      0.08410154386480147,
      0.3654255653471264,
      0.07454393778470692,
      0.057379978618344145,
      0.036617505266074594,
      0.020513522995187147,
      0.009540067564529292,
      0.005697310577566808,
      0.005072238814037643
    ],
    [
      0.0751940684193271,
      0.03753153743754901,
      0.06766496977251332,
      0.0006166334820470636,
      0.05501907537384268,
      0.02945693652390098,
      0.07402634580727381,
      0.03063528428839492,
      0.1185542186298351,
      0.024038792584610842,
      0.07458187538236666,
      0.029998236409792576,
      0.15092284625150224,
      0.09596932795293563,
      0.05047042821897649,
      0.04119261931499828,
      0.01161236092627097,
      0.027845025179976245,
      0.004669418043886315
    ],
    [
      0.03272336079368589,
      0.0069909373924126475,
      0.01989244015721282,
      0.04222380827912082,
      0.008708260853315716,
      0.028618365145057934,
      0.021424968465210213,
      0.035090594896167525,
      0.01859715193307944,
      0.02880970059552414,
      0.014106142189503878,
      0.043192140614939485,
      0.033295217651544584,
      0.618055867857159,
      0.019290788803460333,
      0.014951401572105168,
      0.004939107719011744,
      0.005521060891690159,
      0.003568684189798392
    ],
    [
      0.05775628925868738,
      0.0029161928302638223,
      0.02407981127588588,
      0.09452628371267727,
      0.04806845140742614,
      0.0762505391046984,
      0.054256361956267415,
      0.054116747231494844,
      0.02796470742525729,
      0.0788126709256747,
      0.035799770451656644,
      0.06647801102061628,
      0.06913201004750401,
      0.0865015088434126,
      0.1339994450071366,
