{
  "poids_LS": 0.7225,
  "poids_EM": 0.27749999999999997,
  "mae_validation": 6.521403691893338,
  "matrice_de_transition": [
    [
      0.2885482567209978,
      0.001628740059914561,
      0.005902657765593722,
      0.0428319529559034,
      0.003808413591052712,
      0.023185439101054747,
      0.12107519347019181,
      0.07011787888516183,
      0.07512060769498885,
      0.06073760699851447,
      0.009343121695846475,
      0.14689654122550755,
      0.01376381583178385,
      0.022374397217816262,
      0.004190779013625565,
      0.040885281995189815,
      0.06030828068345452,
      0.003524402162617154,
      0.005756632930784904
    ],
    [
      0.003975227982502783,
      0.6011700158547878,
      0.0013639059891612578,
      0.007228476940780073,
      0.023835617620597015,
      0.004737798243084939,
      0.05007887288788151,
      0.012146818725949044,
      0.056928310354502194,
      0.014495792354368554,
      0.0015812214858517415,
      0.03328735662625949,
      0.008620312983519864,
      0.00010036681933191996,
      0.029456947993440154,
      0.05097932019546324,
      0.06045872058597061,
      0.009361618866932504,
      0.030193297489615398
    ],
    [
      0.012836503556195455,
      0.010951712159848448,
      0.42067134077073526,
      0.01570745545116656,
      0.02980683310902025,
      0.011495728526220963,
      0.07063762294481976,
      0.17369148621170108,
      0.017587613756119058,
      0.019145249739070135,
      0.003823274434474575,
      0.08458740116282107,
      0.01241476576618682,
      0.018604135859898514,
      0.011362820786153449,
      0.023578315512595628,
      0.05982192262153138,
      0.00048243158443323197,
      0.0027933860470082724
    ],
    [
      0.012547885503764173,
      0.009603825322991436,
      0.014176540896886965,
      0.2358744082540159,
      0.006878192637057774,
      0.017665301048248924,
      0.10828645388789443,
      0.0716188860079623,
      0.09372343550480375,
      0.0884699215792836,
      0.018166817074169544,
      0.1094170028405167,
      0.04784111623188597,
      0.02109691071799581,
      0.04212517094988497,
      0.05951666538847207,
      0.022852888766978417,
      0.01215914873169029,
      0.007979428655497094
    ],
    [
      0.003963067436849265,
      0.030860027551518593,
      0.0058099792624822415,
      0.015187984832422818,
      0.4617907597968892,
      0.009259237888120012,
      0.08684429124412114,
      0.03804729459491212,
      0.09136731515464801,
      0.038106480465570074,
      0.0014437073449772124,
      0.03604466465692883,
      0.008590587487254797,
      0.001831539792239302,
      0.0002521107630158686,
      0.006041652761951686,
      0.03186274848527515,
      0.06044739366606919,
      0.07224915681475459
    ],
    [
      0.010362755884936936,
      0.0042569040822495385,
      0.018864731674554845,
      0.008052845597396135,
      0.007307290918954599,
      0.4520589056723255,
      0.0558874913986794,
      0.009707078175054201,
      0.03923883809375406,
      0.06379423151048448,
      0.008986981276512053,
      0.08735900837438956,
      0.01909443162052704,
      0.025090958584888398,
      0.03818789502196738,
      0.04589319337039366,
      0.05679304100928702,
      0.03314302240050744,
      0.015920395333137733
    ],
    [
      0.009395678326913414,
      0.004442173556198561,
      0.023729263110325523,
      0.0041740350746787966,
      0.018392230722879373,
      0.020043438934671913,
      0.41005255081599074,
      0.036150427730250734,
      0.04480463070736418,
      0.06146593224089528,
      0.03107539756610061,
      0.07985174100956415,
      0.07460783912236496,
      0.006266949438297855,
      0.03969903984535563,
      0.08053494286891485,
      0.03211998339443907,
      0.014781611550601892,
      0.008412133984192516
    ],
    [
      0.006392342736774238,
      0.01281342515243315,
      0.023823128614101595,
      0.013752370822046655,
      0.012740290341129053,
      0.011539885777001728,
      0.014272468052889248,
      0.6045295137533497,
      0.003765394162009047,
      0.0343349441114212,
      0.03431691891325623,
      0.0520179502919541,
      0.014726465640660862,
      0.022234525821867763,
      0.01568659848348656,
      0.03586972017432204,
      0.04228637132806614,
      0.01660236279545193,
      0.028295323027778638
    ],
    [
      0.002846754429999883,
      0.005920777792240498,
      0.009517857609464098,
      0.012476020780098776,
      0.021764321105989602,
      0.003919920270460431,
      0.09826011217778224,
      0.039666801230650035,
      0.4583664647820468,
      0.07296481483810163,
      0.0008637765275337837,
      0.05914699723892276,
      0.05943229305484839,
      0.008262251761935041,
      0.012072699849667893,
      0.04542776568424193,
      0.040034222506892266,
      0.017094868980630812,
      0.031961279378493225
    ],
    [
      0.010322188468514303,
      0.0039914525770694395,
      0.004707055978532132,
      0.01559041264336396,
      0.00560293776229674,
      0.025485931760884414,
      0.07725778131522464,
      0.054127936684945865,
      0.021159566790882673,
      0.5000307613795553,
      0.019271162887018994,
      0.061926980682323045,
      0.026040680681104923,
      0.006213655637413569,
      0.03195054002373035,
      0.04042432559168587,
      0.08599334093117657,
      0.008178751670376265,
      0.0017245365339009857
    ],
    [
      0.021768850687417234,
      0.0035157073136377107,
      0.006107004211984334,
      0.027814299146923533,
      0.02651091355366872,
      0.006454876484432106,
      0.038827098260099335,
      0.12031485832603789,
      0.004976136452678921,
      0.006718325633850109,
      0.5415686817512952,
      0.09875590663690516,
      0.0032155689888469035,
      0.017287379588824883,
      0.005362752433960803,
      0.048306974846719496,
      0.019313415339846297,
      0.0006918921691749536,
      0.0024893581736965173
    ],
    [
      0.02426734880283141,
      7.874269062947518e-05,
      0.016166255149580252,
      0.011911591930306034,
      0.0026540785631358516,
      0.002283404289786886,
      0.0642203819882901,
      0.07201403463212534,
      0.054925556349889125,
      0.07305531078138566,
      0.02496061863367102,
      0.5023093544795243,
      0.049009576116321826,
      0.017029886702235826,
      0.010867762258113046,
      0.02579093778497581,
      0.040982574118265454,
      0.0059671876477610675,
      0.0015053970811715995
    ],
    [
      0.02231695613514788,
      0.011139039186010532,
      0.020082384076868926,
      0.00018301154146316593,
      0.016329190819509457,
      0.008742566722334246,
      0.08455413924416541,
      0.055553705464562925,
      0.09165096665646881,
      0.053229148565954475,
      0.02213526247979331,
      0.058734514457841294,
      0.4723488549003553,
      0.028482875408491586,
      0.014979191262851308,
      0.022886588522877303,
      0.005596342807040194,
      0.009669418425078593,
      0.0013858433231855106
    ],
    [
      0.009712013497591264,
      0.0020748504025609724,
      0.005903906035964231,
      0.01265280459652154,
      0.007878709947999432,
      0.015849526338759856,
      0.05710516252828093,
      0.035211387258196544,
      0.023269917582812542,
      0.0239301046453481,
      0.004186582307580027,
      0.0469049154127485,
      0.009881735720110823,
      0.6751822261196079,
      0.019249023599109225,
      0.030257742252336173,
      0.01805163318750603,
      0.0016386036336299666,
      0.0010591549333358863
    ],
    [
      0.017141572480519514,
      0.0008655010806397973,
      0.007146681956212118,
      0.028054592224885492,
      0.014266305096856419,
      0.02263050759524471,
      0.12930580023824714,
      0.06984203511687714,
      0.05545074578379699,
      0.10051775736259247,
      0.010625065561855314,
      0.11784103700672247,
