{
  "poids_LS": 0.1525,
  "poids_EM": 0.8475,
  "mae_validation": 8.068977453926987,
  "matrice_de_transition": [
    [
      0.1682979986779985,
      0.0049742601829823084,
      0.01802703587870515,
      0.09313095706912436,
      0.011631100967269097,
      0.07080958428159964,
      0.05750654748265223,
      0.03800369054068081,
      0.04741109979790832,
      0.044702830233397134,
      0.028534398692720318,
      0.18835680721713785,
      0.042035437540312845,
      0.06833261853008751,
      0.012798865636207806,
      0.04696722721671278,
      0.030134757201680983,
      0.010763714712857796,
      0.017581068139964712
    ],
    [
      0.012140561135751743,
      0.4299848432495861,
      0.004165442615546544,
      0.02207615930562563,
      0.07279526462506658,
      0.014469491931583735,
      0.027227012481359385,
      0.029978019693156988,
      0.0601383733211203,
      0.012241960496074778,
      0.004829135889222887,
      0.009374001764782374,
      0.01670320415356711,
      0.000306525691473161,
      0.028436893691759335,
      0.07494337074992002,
      0.09635509893532661,
      0.015955042394405292,
      0.0678795978746715
    ],
    [
      0.03920337572567802,
      0.03344712092061824,
      0.22775496106166632,
      0.024614330578913074,
      0.018077089423680772,
      0.023312007300446396,
      0.04675424434448959,
      0.1668973539142819,
      0.005555008729124877,
      0.04572773241507621,
      0.011676486786368298,
      0.12177554691697645,
      0.03791536571835435,
      0.05681803654509548,
      0.03470266888744162,
      0.02980446244252726,
      0.0659596841716154,
      0.001473372136242033,
      0.008531151981403645
    ],
    [
      0.03832192059257707,
      0.029330601662108984,
      0.04329592219860074,
      0.1196775930944777,
      0.02100637210777104,
      0.053950784282489964,
      0.04618177805906598,
      0.017997837830964133,
      0.051507916637361206,
      0.06542115061508466,
      0.05548244133462591,
      0.06861448307917845,
      0.0721857548189485,
      0.06443110570631153,
      0.10075272306539458,
      0.057337452131314776,
      0.03299985887150398,
      0.03713469747786494,
      0.024369606434355998
    ],
    [
      0.012103422171999107,
      0.09424819225193518,
      0.017743990720553878,
      0.046384926650372395,
      0.28026659470107507,
      0.028278213009663822,
      0.04397727388248075,
      0.026358484209109998,
      0.11356511503540616,
      0.013194328703175783,
      0.004409160269795272,
      0.011532122711282167,
      0.026236118542156548,
      0.005593621527649762,
      0.0007699598978592744,
      0.018451534110825424,
      0.04396662087255413,
      0.09186356521390525,
      0.1210567555182001
    ],
    [
      0.03164841662156416,
      0.013000815170113457,
      0.05761391024931616,
      0.024593825743399012,
      0.02231686145518567,
      0.19333436702227313,
      0.013913233570947179,
      0.021406891263482438,
      0.04065896973565169,
      0.051854366272524224,
      0.027446726601239518,
      0.08526991327624857,
      0.05831542630052854,
      0.0766291437862808,
      0.06591923612968101,
      0.06809763379778204,
      0.058555069820325496,
      0.07451219204507832,
      0.01491300113837861
    ],
    [
      0.028694909484897727,
      0.01356663815811993,
      0.072470452201805,
      0.012747728741586596,
      0.029150207806981746,
      0.06121374593561963,
      0.09165133520943987,
      0.05354838805854532,
      0.07006198861542831,
      0.015457794911559498,
      0.08208707931118012,
      0.04584032129499137,
      0.0901448137366127,
      0.019139602338585346,
      0.09087446977678423,
      0.10236432395611106,
      0.050151247882514544,
      0.045143840681567945,
      0.025691111897669042
    ],
    [
      0.01952256025014835,
      0.03913289303310665,
      0.07275712252414812,
      0.03849677489992565,
      0.0389095353661509,
      0.03524343494057285,
      0.027862594051137887,
      0.22793881946505545,
      0.009380533044064124,
      0.052092116296298355,
      0.10480572532967446,
      0.08222418129122915,
      0.008963965133039653,
      0.057010619608177014,
      0.004892370239177549,
      0.05581203469208268,
      0.026817715825132385,
      0.05070451340232617,
      0.04743249060855263
    ],
    [
      0.008694141907837481,
      0.01808237541954531,
      0.029068051618093064,
      0.038102441841923296,
      0.06646941310748176,
      0.011971648393568346,
      0.04329683631609721,
      0.034777571652157654,
      0.2829470444697971,
      0.0407835866103943,
      0.0026380202057112857,
      0.016266922658343976,
      0.08902959004401056,
      0.025233363489152966,
      0.036870677919256,
      0.05653428406296332,
      0.06959995257872005,
      0.05220865391381843,
      0.0774254237911279
    ],
    [
      0.016795089996229248,
      0.012190111924563426,
      0.014375603393895433,
      0.013250643592423443,
      0.01711167478755491,
      0.07783541321567403,
      0.05347549042227995,
      0.08183203603553837,
      0.04055908570517251,
      0.25960018670436236,
      0.058855173141436394,
      0.0584258378365092,
      0.06922664603197161,
      0.005352957573050583,
      0.09757867628869,
      0.054660868125155436,
      0.038629327736754496,
      0.024978349696014,
      0.005266827792724632
    ],
    [
      0.019821598779131998,
      0.010737160174082739,
      0.018651120971735942,
      0.05030005364054235,
      0.00828653563451969,
      0.01971354169569806,
      0.038361541579419366,
      0.09737771208477844,
      0.01519738970683022,
      0.020518129638515202,
      0.460519932004793,
      0.12421960416113158,
      0.009820521506478382,
      0.052796591717221945,
      0.01637813581182624,
      0.01841752871969511,
      0.009167191666992307,
      0.0021130760842370208,
      0.0076026344223704455
    ],
    [
      0.07411379499243106,
      0.00024048443354407289,
      0.049372617078447804,
      0.03637864562498871,
      0.008105699395523008,
      0.006973640128268059,
      0.05265342677547691,
      0.03303270373638634,
      0.012950393453909552,
      0.06468765799869468,
      0.07623107852986015,
      0.3836420391860387,
      0.07114582881743133,
      0.05201019452304456,
      0.0331907333828858,
      0.021215840552763585,
      0.013724431554570225,
      0.005733225777022318,
      0.004597564058713264
    ],
    [
      0.06815719035869489,
      0.03401922778430244,
      0.06133268650503213,
      0.0005589271401442636,
      0.049870231421745105,
      0.026700271341182975,
      0.07542738295667002,
      0.03395142398864542,
      0.11497393794896887,
      0.027923440719010185,
      0.06760228811396336,
      0.033822455921890315,
      0.19369817059640662,
      0.08698824111242026,
      0.04574725980276211,
      0.03875645552137001,
      0.010811750149947482,
      0.0254262181973853,
      0.004232440419458452
    ],
    [
      0.029661014195346298,
      0.006336705283497025,
      0.018030848163890764,
      0.038288503606531556,
      0.008597864345003663,
      0.026919090018744502,
      0.026173283264478178,
      0.035106669925334885,
      0.019219002875059128,
      0.028160324708618584,
      0.012786048669095761,
      0.043686236120351336,
      0.03017935503709522,
      0.6256582349263062,
      0.019285230696417407,
      0.01698836706186975,
      0.006684120614058512,
      0.005004384070275304,
      0.0032347164180258152
    ],
    [
      0.052351288926992035,
      0.0026432870841161383,
      0.02182635300140458,
      0.0856802411192449,
      0.04357006691742637,
      0.06911479346655817,
      0.06424392978847003,
      0.05620946615160276,
      0.03162254522962569,
      0.08170118052754588,
      0.03244952455377434,
      0.07331339470698021,
      0.06528319343881228,
      0.0784064478553927,
      0.15369367068695602,
