{
  "poids_LS": 0.0475,
  "poids_EM": 0.9525,
  "mae_validation": 8.360515690733296,
  "matrice_de_transition": [
    [
      0.1461466353542881,
      0.005590540205652683,
      0.020260473952173046,
      0.10239656308998085,
      0.013072122326045798,
      0.07958245313064738,
      0.04579653374810546,
      0.03208791900353957,
      0.042306716764235586,
      0.04174905556613868,
      0.032069633928986555,
      0.1959942246366487,
      0.04724336785504187,
      0.07679860666655854,
      0.014384565803525588,
      0.04808758554699333,
      0.02457647656030165,
      0.012097272287902125,
      0.019759253573234676
    ],
    [
      0.013644701453455498,
      0.3984507325065226,
      0.004681515151985939,
      0.024811258688623494,
      0.08181414696799517,
      0.016262172347886145,
      0.023017459248578995,
      0.03326271460816897,
      0.060729700709707846,
      0.011826780943231188,
      0.005427435910896519,
      0.004968910079773433,
      0.018192157790154758,
      0.00034450232581496854,
      0.028248988951976025,
      0.07935780111521469,
      0.10296758968389218,
      0.017169620412623966,
      0.07482181110349762
    ],
    [
      0.044060431125319544,
      0.037591012008128456,
      0.19221773322052205,
      0.026255070734024274,
      0.015916347165855077,
      0.02548869023254055,
      0.0423546746023235,
      0.16564580322791517,
      0.0033384762241522653,
      0.05062450553960364,
      0.013123131166980299,
      0.1286259948190577,
      0.04261284465691152,
      0.06385743930289492,
      0.03900211459031049,
      0.030951384245409403,
      0.0670903244571572,
      0.0016559138168383912,
      0.009588108864055422
    ],
    [
      0.043069769161568926,
      0.03296448151405169,
      0.04866001875417959,
      0.09827291661772068,
      0.023608931483955063,
      0.060634952246692256,
      0.034741443037966,
      0.008120276324675001,
      0.04373137368809547,
      0.06117532438483749,
      0.06235637211944682,
      0.061098229438931916,
      0.07667029350603896,
      0.07241372057258022,
      0.11155253529719898,
      0.05693601811025949,
      0.03486903757496921,
      0.04173545645742343,
      0.02738884970940895
    ],
    [
      0.013602961202158289,
      0.10592495943359086,
      0.019942361252303913,
      0.05213173172209995,
      0.24682793270974088,
      0.03178170842679032,
      0.03608071805270489,
      0.024205282295935923,
      0.11765418343449319,
      0.00860524811536631,
      0.004955427913840703,
      0.007016654458136729,
      0.029486611104901608,
      0.0062866365841727405,
      0.0008653531595409545,
      0.020737564885617954,
      0.046196281575473945,
      0.09765075470955925,
      0.1300476289635716
    ],
    [
      0.03556945938883759,
      0.014611535633667336,
      0.06475191682887746,
      0.027640848401873225,
      0.02508178234343876,
      0.14567458358673718,
      0.006181133444785979,
      0.02356211999029817,
      0.04092057293284336,
      0.049654917412899964,
      0.030847206003162996,
      0.08488507996869628,
      0.06554034637316039,
      0.08612302000758992,
      0.07102764107057562,
      0.07218792545545885,
      0.058879654074990476,
      0.0821328285585519,
      0.01472742852355456
    ],
    [
      0.0322500310140001,
      0.015247460584789655,
      0.08144909229760383,
      0.014327093364438033,
      0.031131940427737443,
      0.06879774985684683,
      0.032998479702969985,
      0.05675327548744168,
      0.07471465980901906,
      0.006982611719313435,
      0.09148396805369476,
      0.0395750597686227,
      0.09300688800765836,
      0.021510880504427777,
      0.10030152265888949,
      0.1063855257353314,
      0.05347279660400213,
      0.0507368828899038,
      0.028874081513309453
    ],
    [
      0.021941284528927792,
      0.04398121606375703,
      0.08177127929705143,
      0.04305495459848231,
      0.04373018576549703,
      0.03960987820754648,
      0.030366038313973165,
      0.1585668494645802,
      0.010414900732863743,
      0.05536317433035466,
      0.11779050545901465,
      0.08778848700162192,
      0.007902451881635745,
      0.0634167421477603,
      0.0029039597731206268,
      0.059485618945354375,
      0.023968226653539322,
      0.05698648851411879,
      0.05095775832080047
    ],
    [
      0.009771292232702301,
      0.020322669719311983,
      0.0326694031459984,
      0.04282309835331202,
      0.07470456163407242,
      0.013454861468877699,
      0.033172022341576284,
      0.03387692409822485,
      0.25063294072806697,
      0.034855465621079794,
      0.002964854567480825,
      0.008367961551395253,
      0.09448172369990886,
      0.028359620912587848,
      0.041438726511022234,
      0.05858022165904358,
      0.075046271276162,
      0.05867698271730036,
      0.0858003977618764
    ],
    [
      0.017987466593439895,
      0.01370039127804916,
      0.016156651601988672,
      0.012819633504092296,
      0.019231705292207732,
      0.08747873874681948,
      0.0490945420998954,
      0.08693542275801594,
      0.04413268129464696,
      0.21531034400103735,
      0.06614696450409223,
      0.057780890470175074,
      0.0771819554387102,
      0.005194407929615297,
      0.10966806981118256,
      0.05728338911816299,
      0.029904377937782008,
      0.028073012490210426,
      0.005919355129876357
    ],
    [
      0.01946289448023735,
      0.012067427806269982,
      0.0209618793222165,
      0.0544421663104195,
      0.004929413386255396,
      0.022155927392510207,
      0.03827578113824147,
      0.09315244830349381,
      0.017080252148384406,
      0.023060198797269296,
      0.4455898991567532,
      0.12891028528401538,
      0.011037223286042076,
      0.05933776237245299,
      0.01840728538143303,
      0.012911578117348515,
      0.007298150464098151,
      0.0023748731212221382,
      0.008544553731336696
    ],
    [
      0.0832960350799889,
      0.00027027896513360405,
      0.05548957848639709,
      0.040885734463482884,
      0.009109945338331166,
      0.007837630940619853,
      0.05052267186785343,
      0.02585193225559231,
      0.0052181266046501555,
      0.06314624827556739,
      0.08567563693178973,
      0.3617822705793439,
      0.07522355957816203,
      0.05845393543740406,
      0.037302859642712356,
      0.020373059483671862,
      0.008703194766521106,
      0.005690127537675706,
      0.0051671737651025175
    ],
    [
      0.07660144403145355,
      0.03823399936819832,
      0.06893142642600956,
      0.0006281747504276237,
      0.056048844164262195,
      0.03000826956044458,
      0.07374613837739456,
      0.029972056348344822,
      0.11927027476600835,
      0.023261862957730976,
      0.07597779283604732,
      0.029233392507373026,
      0.14236778138252135,
      0.09776554532103869,
      0.05141506190221936,
      0.041679852073723926,
      0.011772483081535666,
      0.02832878657649443,
      0.0047568135687718885
    ],
    [
      0.0333358301133538,
      0.007121783814195772,
      0.02026475855587723,
      0.04301086921363866,
      0.008730340154978127,
      0.02895822017032062,
      0.020475305505356617,
      0.03508737989033405,
      0.0184727817446835,
      0.028939575772905252,
      0.0143701608935855,
      0.043093321513857114,
      0.03391839017443445,
      0.6165353944433296,
      0.019291900424868915,
      0.014544008474152253,
      0.0045901051400023905,
      0.005624396255973129,
      0.003635477744152907
    ],
    [
      0.058837289325026444,
      0.0029707739794933587,
      0.02453050293078214,
      0.09629549223136373,
      0.048968128305426094,
      0.07767768823232644,
      0.05225884838982688,
      0.05369820344747326,
      0.02723313986438361,
      0.07823496900530047,
      0.03646981963123311,
      0.06511093428334348,
      0.06990177336924237,
      0.08812052104101657,
      0.13006059987117272,
