{
  "poids_LS": 0.89,
  "poids_EM": 0.10999999999999999,
  "mae_validation": 6.0841978478654575,
  "matrice_de_transition": [
    [
      0.3238849553564406,
      0.0006456266904165827,
      0.002339792267442556,
      0.028051105255965665,
      0.0015096414234803545,
      0.009190624508526205,
      0.13975545347530213,
      0.07955494300393474,
      0.0832633139629906,
      0.06544958087247439,
      0.0037035797713265307,
      0.13471304200866882,
      0.005455926996382788,
      0.008869130428683925,
      0.0016612096990948184,
      0.039098043706408944,
      0.06917506170660728,
      0.0013970603167131061,
      0.0022819085491399623
    ],
    [
      0.00157576604711822,
      0.6514744306115795,
      0.0005406474191269851,
      0.0028653422107596683,
      0.009448352930687106,
      0.001878046150412048,
      0.05679411256874547,
      0.0069069482662870605,
      0.055985002377469686,
      0.015158102593428565,
      0.0006267904988961858,
      0.04031452669520232,
      0.006245077420391947,
      3.9785045500941244e-05,
      0.02975670079261829,
      0.043937252707969346,
      0.049910223439449335,
      0.00742407774263129,
      0.019118814481726108
    ],
    [
      0.005088343752005406,
      0.00434121923453452,
      0.4773616804220845,
      0.013090084251346317,
      0.033253731472694566,
      0.008023400991689807,
      0.07765598420017994,
      0.17568800754471461,
      0.021123510847384893,
      0.011333730707085897,
      0.0015155322082601919,
      0.07365930569997717,
      0.004921168411821802,
      0.007374612412932744,
      0.004504181212529295,
      0.02174870216037888,
      0.05801828216602423,
      0.000191234141577137,
      0.001107288162778054
    ],
    [
      0.004973936596086699,
      0.0038069217496542627,
      0.0056195297248921305,
      0.2700199635859854,
      0.002726490775049928,
      0.0070024616767833565,
      0.12653651213583963,
      0.08737594841085211,
      0.10612887306672765,
      0.09524302532753505,
      0.007201260822193333,
      0.12140721698090995,
      0.04068720927867023,
      0.008362739383710049,
      0.024896899056292242,
      0.060157048231584076,
      0.01987110369240292,
      0.004819842740489844,
      0.003163016764341191
    ],
    [
      0.0015709456506429516,
      0.012232803714115479,
      0.0023030548427857536,
      0.006020462456095531,
      0.5151333872592556,
      0.0036703285322277524,
      0.09944117792495408,
      0.04148216431354696,
      0.08484427747039014,
      0.04542715664136138,
      0.0005722803889999761,
      0.043247911632184645,
      0.0034052779228757758,
      0.0007260157735002638,
      9.99357979522362e-05,
      0.0023948893831159837,
      0.02830590879252212,
      0.05121544851824017,
      0.057906572985233336
    ],
    [
      0.004107759089524551,
      0.001687421438008826,
      0.007477911654778497,
      0.003192118975544414,
      0.002896583787693715,
      0.5280876078194899,
      0.06822203207612704,
      0.006268975206086255,
      0.03882151870775782,
      0.06730287611988509,
      0.0035624069924912643,
      0.08797290912691345,
      0.007568963885614323,
      0.009945965565180986,
      0.03003877285434978,
      0.03936820429743304,
      0.056275251841130976,
      0.020986292724251975,
      0.016216427837738003
    ],
    [
      0.0037244130304882,
      0.0017608615898444743,
      0.009406194386074982,
      0.0016545724620348381,
      0.015230895351673851,
      0.007945146965095172,
      0.5036178203144069,
      0.031037869212725572,
      0.03738251237473131,
      0.0749858673332878,
      0.016085122667327253,
      0.08984632487305702,
      0.07004214921379216,
      0.0024841961737396908,
      0.024660645961997234,
      0.07412016860206336,
      0.026821322338732682,
      0.005859377551589939,
      0.003334539597337574
    ],
    [
      0.002533901625387986,
      0.005079195555919446,
      0.009443402333517748,
      0.006480988921968177,
      0.0050502051802673725,
      0.004574369136829514,
      0.010278878395509165,
      0.7151943230398221,
      0.0021153314203525113,
      0.02911682772375994,
      0.01360310299264211,
      0.04314155784918468,
      0.01641983201790043,
      0.0120152351039611,
      0.018858586607910698,
      0.03000947862743624,
      0.046831985006559836,
      0.006581116783782747,
      0.022671681677288037
    ],
    [
      0.001128443197477431,
      0.0023469749807079453,
      0.0037728444578055886,
      0.004945449678597713,
      0.00862729845642831,
      0.0015538422693717026,
      0.11441160113713705,
      0.041103548519066654,
      0.5099151540843306,
      0.08242157927343667,
      0.0003423979028061845,
      0.07174772090953144,
      0.05073484174662968,
      0.003275126824550827,
      0.004785574715183669,
      0.04216400809049486,
      0.03134604744192533,
      0.0067763444607905916,
      0.01860120185372777
    ],
    [
      0.008420063896773508,
      0.0015821974179374356,
      0.0018658600275262504,
      0.016277976355701742,
      0.0022209843382077167,
      0.010102531508819047,
      0.08424643697236188,
      0.04598681977051736,
      0.015458830969578206,
      0.5706836056920023,
      0.007639019522782304,
      0.06295582529052272,
      0.013350068056069538,
      0.006466580068607955,
      0.012665078928325543,
      0.03624078019807859,
      0.09991171322953744,
      0.003242027689158159,
      0.0006836000674922826
    ],
    [
      0.022341069449939646,
      0.0013936137099104437,
      0.002420794462408204,
      0.02120664322116713,
      0.03186632285447128,
      0.002558689777612727,
      0.038963906582930724,
      0.1270551600723729,
      0.0019725225578186715,
      0.002663120071075719,
      0.5653856389136445,
      0.0912731534170667,
      0.0012746399595429166,
      0.0068526549721468,
      0.002125775739588066,
      0.057090276998081925,
      0.022294981068272688,
      0.00027426356255583743,
      0.000986772609393214
    ],
    [
      0.009619489615536774,
      3.121331880808025e-05,
      0.006408245284518298,
      0.004721712116517707,
      0.0010520671781799771,
      0.0009051332319875945,
      0.0676194433885466,
      0.08346907485148725,
      0.06726036299037436,
      0.07551422629208872,
      0.009894299278211937,
      0.5371808901140135,
      0.04250462466468,
      0.006750585719805193,
      0.004307941796008775,
      0.02713537425233642,
      0.04899264232777238,
      0.006035939601004473,
      0.0005967339781220754
    ],
    [
      0.00884636099050907,
      0.004415474992652824,
      0.007960584679119214,
      7.254511553494865e-05,
      0.006472832396922667,
      0.00346552194398835,
      0.08723612464443817,
      0.061901744319328156,
      0.08479728649595344,
      0.06066547499466179,
      0.008774338280278429,
      0.06605516323814267,
      0.5542330472177437,
      0.011290509170933601,
      0.005937697437526645,
      0.01822307497507462,
      0.004063745035220947,
      0.005039130772690218,
      0.000549343299280743
    ],
    [
      0.003849807152198339,
      0.0008224632226367819,
      0.002340287077319155,
      0.005119507080422109,
      0.007667379489230645,
      0.012596628239817002,
      0.06619479371545103,
      0.035242159456888356,
      0.024460317957459378,
      0.022687013661843176,
      0.0016595461399416325,
      0.04785075538025118,
      0.003917084429593479,
      0.6897353287948325,
      0.01923838379419849,
      0.03415707618988552,
      0.021392086443738415,
      0.0006495365754929597,
      0.0004198451987998108
    ],
    [
      0.006794857559845573,
      0.0003430815094428026,
      0.0028329189736336327,
      0.01112073926031497,
      0.005655111930285427,
      0.00897065165937628,
      0.14842485865989216,
      0.07384809704965514,
      0.062452892437873636,
      0.10604719002903161,
      0.004211737700194899,
