{
  "poids_LS": 0.9425,
  "poids_EM": 0.057499999999999996,
  "mae_validation": 5.949613069593354,
  "matrice_de_transition": [
    [
      0.33496063701829576,
      0.0003374866790813955,
      0.001223073230708609,
      0.02341830224553742,
      0.0007891307440920035,
      0.0048041900840023345,
      0.14561046034257552,
      0.08251282877250536,
      0.08581550547982696,
      0.06692646820610362,
      0.0019359621531934137,
      0.13089433329891342,
      0.0028519618390182755,
      0.004636136360448415,
      0.0008683596154359278,
      0.038537864541268674,
      0.07195420202729694,
      0.0007302815291909419,
      0.0011928158325049804
    ],
    [
      0.0008236958882663423,
      0.6672414859831113,
      0.00028261115090728764,
      0.001497792519260736,
      0.004938911759222805,
      0.0009817059422608434,
      0.05889888918513567,
      0.005264600808781066,
      0.05568933868317591,
      0.01536569236985036,
      0.00032764048805936986,
      0.0425170725377068,
      0.005500600602098123,
      2.079672833003747e-05,
      0.029850653162509944,
      0.04173003752532202,
      0.04660397806516655,
      0.006816788733521955,
      0.015647707867313048
    ],
    [
      0.002659816052184644,
      0.002269273690779408,
      0.49513029434265665,
      0.012269714173790715,
      0.034334102601607415,
      0.006935059525642728,
      0.07985576907126299,
      0.17631378288789798,
      0.0222317770998712,
      0.00888534414482218,
      0.0007922100179541912,
      0.07023408174893654,
      0.0025724289425432152,
      0.003854911034033026,
      0.002354458361094859,
      0.021175241258937806,
      0.05745296202325334,
      9.996330127895799e-05,
      0.0005788097214521646
    ],
    [
      0.0026000123115907745,
      0.00198998182368291,
      0.0029374814471027047,
      0.2807223018243639,
      0.0014252110869579172,
      0.003660377694682209,
      0.13225667964638962,
      0.09231472916399668,
      0.11001714454136052,
      0.09736593844265863,
      0.0037642954297828785,
      0.12516534380103322,
      0.038444939935124996,
      0.004371431950575708,
      0.01949699294039004,
      0.06035776524211172,
      0.018936514340670303,
      0.0025194632507106007,
      0.0016533951268147135
    ],
    [
      0.0008211761355633612,
      0.006394420123287637,
      0.0012038695769107349,
      0.003147059920231755,
      0.5318527182549228,
      0.001918580823664507,
      0.10338945583984199,
      0.042558765270134,
      0.08279974327084662,
      0.04772169693526611,
      0.00029914656697726025,
      0.04550564575875737,
      0.0017800316415032464,
      0.0003795082452387743,
      5.22391671113962e-05,
      0.0012518739957197188,
      0.027191078441062215,
      0.04832185377041317,
      0.053411136262547565
    ],
    [
      0.0021472377058878336,
      0.0008820612062318863,
      0.003908908364997851,
      0.0016686076463073075,
      0.001514123343567169,
      0.551917499537258,
      0.07208808213920763,
      0.005191360842678391,
      0.038690717109161984,
      0.0684026005496972,
      0.0018621672915295246,
      0.0881653257806896,
      0.0039565038492983965,
      0.005199027454526425,
      0.027484570383902476,
      0.03732305846859464,
      0.05611295971379849,
      0.017175974467515183,
      0.016309214145150026
    ],
    [
      0.0019468522659370137,
      0.0009204503765096116,
      0.0049168743381755595,
      0.00086489015060912,
      0.014240029041296003,
      0.0041531450044815675,
      0.5329442480676418,
      0.02943542549827739,
      0.035056176777935925,
      0.07922345892941084,
      0.01138667829606993,
      0.09297895563624135,
      0.06861111207826935,
      0.0012985570908184746,
      0.0199471195209446,
      0.07210956771245318,
      0.02516054797798889,
      0.003062856447422014,
      0.0017430547895173683
    ],
    [
      0.0013245394859982655,
      0.002655034040594256,
      0.004936323947066096,
      0.004201899072689848,
      0.0026398799805943084,
      0.0023911475033427006,
      0.00902715626409153,
      0.7498803080400598,
      0.0015981475759527018,
      0.02748129870673178,
      0.0071107129279720125,
      0.040359404993988296,
      0.016950588643602382,
      0.008812173834169459,
      0.01985279184093916,
      0.028172686500800393,
      0.048256729592356364,
      0.003440129227886436,
      0.020909047821164116
    ],
    [
      0.0005898680350450208,
      0.0012268278308246077,
      0.0019721686938529216,
      0.00258512142290335,
      0.004509724193132981,
      0.0008122357317170264,
      0.11947400812439751,
      0.04155387229603306,
      0.5260722059551958,
      0.08538563976809392,
      0.00017898072192141463,
      0.07569720146300579,
      0.04800877491868053,
      0.001711998112833387,
      0.0025015504193005543,
      0.041141039292454724,
      0.028622888093204353,
      0.0035421800590496274,
      0.014413714868353526
    ],
    [
      0.007823875598168184,
      0.0008270577411945686,
      0.000975335923479631,
      0.016493481399867317,
      0.0011609690858813066,
      0.00528086874324632,
      0.08643691113355415,
      0.04343512640927858,
      0.013672033174840982,
      0.5928285270436647,
      0.0039931238414543865,
      0.06327829897368979,
      0.009372413352700237,
      0.006545854890325598,
      0.006620382167079262,
      0.03492951970157481,
      0.10427418812902368,
      0.0016946962920599468,
      0.0003573363989164205
    ],
    [
      0.02252042159938697,
      0.0007284798938168229,
      0.001265415287167925,
      0.019135586886228552,
      0.033544883978603425,
      0.0013374969292066527,
      0.03900678680351967,
      0.12916779196301523,
      0.0010310913370415783,
      0.0013920854916986713,
      0.5728506553376645,
      0.0889278128556248,
      0.0006662890697610701,
      0.0035820696445312823,
      0.001111200954784671,
      0.059843252299255224,
      0.02322950166971977,
      0.00014336504406327867,
      0.0005158129549100892
    ],
    [
      0.005028369571757859,
      1.6316053013314676e-05,
      0.003349764580543656,
      0.00246816769727062,
      0.0005499442067758972,
      0.0004731378258116972,
      0.06868482084235834,
      0.08705946059188426,
      0.07112649641500406,
      0.07628493115365237,
      0.005172020077247148,
      0.5481107744173609,
      0.04046575928431465,
      0.0035287152626254418,
      0.002251878666095496,
      0.02755676478688228,
      0.05150326072179694,
      0.006057488720677779,
      0.00031192912492744855
    ],
    [
      0.004624234154129742,
      0.002308089200704885,
      0.004161214718630498,
      3.7921310393268615e-05,
      0.0033835260256641214,
      0.0018115228343575467,
      0.08807674693407591,
      0.06389142813947846,
      0.0826491180874337,
      0.06299626387530138,
      0.0045865859192364515,
      0.0683496949454013,
      0.5798982418246862,
      0.005901857066624383,
      0.0031037963877980188,
      0.01676137669889766,
      0.003583378569426855,
      0.003587846583135654,
      0.00028715672462402474
    ],
    [
      0.0020123991931945864,
      0.00042992395728740876,
      0.001223331881325922,
      0.002758324276868555,
      0.007601141584243413,
      0.011577063164028942,
      0.06904378259501182,
      0.03525180447438877,
      0.024833428522647194,
      0.022297388129699842,
      0.0008674900276967625,
      0.04814721268349829,
      0.002047566860923864,
      0.6942967490363208,
      0.019235048929972735,
      0.035379255483744265,
      0.022439094180766474,
      0.0003395304826440472,
      0.00021946453573626473
    ],
    [
      0.003551857360828368,
      0.00017933806175419225,
      0.0014808440089448534,
      0.005813113704255553,
      0.002956081236285564,
      0.004689204276492147,
      0.15441739935921375,
      0.07510372840171989,
      0.06464759512049469,
      0.10778029579015432,
