{
  "poids_LS": 0.3275,
  "poids_EM": 0.6725,
  "mae_validation": 7.586811564000094,
  "matrice_de_transition": [
    [
      0.20521693755084916,
      0.0039471268118650175,
      0.014304639089591993,
      0.07768828036769686,
      0.00922939870264126,
      0.0561881361998534,
      0.07702323704023017,
      0.047863309769249546,
      0.05591840485402953,
      0.049625788012161234,
      0.022642339965609926,
      0.17562777818461978,
      0.033355553682431135,
      0.054222638302635816,
      0.010156032024011503,
      0.045099963332911865,
      0.03939855827064655,
      0.008541118754450582,
      0.01395075908451477
    ],
    [
      0.009633660606245483,
      0.4825416944880252,
      0.0033053217214808863,
      0.01751766033396252,
      0.0577637940535189,
      0.011481691237746386,
      0.03424293453599337,
      0.024503528168137004,
      0.059152827673474385,
      0.012933926417480762,
      0.0038319691864335,
      0.016715821239797278,
      0.014221614759254356,
      0.0002432313009034817,
      0.02875006825806485,
      0.06758598680776223,
      0.08533428102105065,
      0.013930745697374174,
      0.056309242493294616
    ],
    [
      0.031108283392942145,
      0.02654063577476786,
      0.2869836741302401,
      0.021879763653727742,
      0.021678326520056926,
      0.019684202413622794,
      0.054086860581433055,
      0.16898327172489302,
      0.009249229570745898,
      0.03756644387419714,
      0.009265412818681628,
      0.11035813374684103,
      0.030086234154092388,
      0.04508569861542974,
      0.02753692604932683,
      0.027892926104390356,
      0.06407528369571241,
      0.0011691360019147694,
      0.006769557176984012
    ],
    [
      0.030408839644257325,
      0.02327413524220447,
      0.03435576127263598,
      0.15535205388907275,
      0.016668773147464337,
      0.0428105043421528,
      0.06524900309423261,
      0.03446044034144603,
      0.06446882155280409,
      0.07249752766549662,
      0.04402589002659106,
      0.08114157247958931,
      0.06471152367379772,
      0.05112674759586372,
      0.08275303601238725,
      0.058006508833073595,
      0.029884561032395254,
      0.029466765845267463,
      0.019337534309267736
    ],
    [
      0.009604190455067137,
      0.07478691361584236,
      0.014080039834303813,
      0.03680691819749314,
      0.3359976980199654,
      0.02243905398111967,
      0.057138200265440524,
      0.02994715406440012,
      0.10675000103692778,
      0.020842796349524906,
      0.003498714196386218,
      0.01905790313319123,
      0.020818630937581448,
      0.004438596433444795,
      0.0006109711283898078,
      0.01464148281950454,
      0.04025051970102111,
      0.08221824938781522,
      0.10607196644258086
    ],
    [
      0.025113345342775095,
      0.010316281064190323,
      0.045717232616714,
      0.01951545464594199,
      0.017708659974763848,
      0.27276733941483305,
      0.026800067114549176,
      0.017814843385456226,
      0.04022296440699891,
      0.05552011437189798,
      0.021779260931367048,
      0.08591130212216905,
      0.04627389284614211,
      0.060806016750765586,
      0.05740522789485665,
      0.061280481034987365,
      0.05801409606255052,
      0.06181113118928901,
      0.015222288829752025
    ],
    [
      0.02276970693639377,
      0.010765267447003719,
      0.05750605204214024,
      0.010115454370167535,
      0.025847320105722243,
      0.04857373940024094,
      0.18940609438688968,
      0.0482069090103847,
      0.06230753662611038,
      0.029583100231969608,
      0.0664255980736557,
      0.05628242383893915,
      0.08537468995153664,
      0.015187472062181292,
      0.07516271497327545,
      0.0956623209907438,
      0.044615333346701896,
      0.03582210366767486,
      0.020386162538268353
    ],
    [
      0.01549135311884928,
      0.031052354648689346,
      0.057733527902642606,
      0.030899808735664558,
      0.03087511803390735,
      0.027966029495616804,
      0.023690186946412426,
      0.3435587694658475,
      0.007656586896064758,
      0.04664035290620449,
      0.08316442511410746,
      0.07295033844057452,
      0.010733153885379498,
      0.04633374870887154,
      0.008206387682605754,
      0.04968939426996318,
      0.031566864444454154,
      0.040234554882671796,
      0.0415570444214729
    ],
    [
      0.006898891366396113,
      0.014348551586600849,
      0.02306579907158417,
      0.03023468098960875,
      0.052744165563164,
      0.009499626601386093,
      0.060171526273632085,
      0.03627865090871233,
      0.33680388403934747,
      0.050663788259251816,
      0.002093296269428719,
      0.02943185783659185,
      0.0799427006175134,
      0.020022934450094832,
      0.029257263599645617,
      0.05312438806949623,
      0.060522754749650104,
      0.04142810590801521,
      0.06346713383988041
    ],
    [
      0.014807795667544834,
      0.009672979668753868,
      0.011407189713740032,
      0.013968993739642024,
      0.013578290613133544,
      0.06176320399709827,
      0.06077707095958752,
      0.07332639149807575,
      0.034603093056048445,
      0.33341659120990397,
      0.04670218753701,
      0.05950075011373275,
      0.0559677970207406,
      0.0056172069787760615,
      0.07742968708453572,
      0.05028999980347618,
      0.05317091073504198,
      0.019820578372353292,
      0.0041792822308050915
    ],
    [
      0.020419439277289744,
      0.008520047453770668,
      0.014799857054268341,
      0.04339653252408043,
      0.013881739381626847,
      0.01564289886767781,
      0.03850447564804918,
      0.1044198183869195,
      0.012059285637573242,
      0.016281347707258375,
      0.48540332008485954,
      0.11640180228965855,
      0.00779268520720556,
      0.04189464062517022,
      0.012996219862481588,
      0.027594113056939443,
      0.012282260338482568,
      0.0016767476892618246,
      0.006032768907426695
    ],
    [
      0.05881006151316801,
      0.00019082688089485427,
      0.039177681398532324,
      0.02886683089416508,
      0.0064319561575094065,
      0.0055336554410150675,
      0.05620468495484938,
      0.045000656204376384,
      0.025837504869341874,
      0.06725667420390682,
      0.06049014785997752,
      0.42007498686386324,
      0.06434961088288016,
      0.04127062633244539,
      0.026337189616508196,
      0.02262047566791646,
      0.022093159534652095,
      0.005805056175933338,
      0.0036482145480645073
    ],
    [
      0.05408343423743046,
      0.02699460847780931,
      0.04866811997006974,
      0.0004435144563386634,
      0.03957254351754995,
      0.02118694097574696,
      0.07822945725546246,
      0.04058370338914641,
      0.10781337658723639,
      0.03569273698780887,
      0.053643113577156766,
      0.04147089494608579,
      0.27924881928621537,
      0.06902606743138952,
      0.036300922970333355,
      0.033884127934113474,
      0.009210528597300507,
      0.020588604232203416,
      0.0033584851706027243
    ],
    [
      0.023536320998667117,
      0.005028241065665781,
      0.014307664177246653,
      0.030417894261353044,
      0.008377071328379558,
      0.023520539766117635,
      0.03566991286301411,
      0.035138819983669606,
      0.02046270475901851,
      0.026861572934807468,
      0.010145861628279526,
      0.04467442713117502,
      0.0239476298081965,
      0.6408629690646006,
      0.019274114482331562,
      0.021062298041398916,
      0.010174146404152047,
      0.003971030427445595,
      0.0025667808744806613
    ],
    [
      0.041541288263601345,
      0.0020974755918207705,
      0.017319436452441984,
      0.06798815593238017,
      0.03457329793742682,
      0.05484330219027772,
      0.08421906545287529,
      0.06039490399181857,
      0.03893822083836249,
      0.08747819973128826,
      0.025749032758009726,
      0.0869841620797081,
      0.05758556022142882,
      0.062216325879352906,
