{
  "poids_LS": 0.68,
  "poids_EM": 0.31999999999999995,
  "mae_validation": 6.634012235118485,
  "matrice_de_transition": [
    [
      0.2795822287090198,
      0.0018781867357573314,
      0.006806668414378345,
      0.046582317297678644,
      0.004391684141033758,
      0.026736362206621688,
      0.11633542600620861,
      0.06772339992965228,
      0.07305454789564514,
      0.05954203153795748,
      0.010774050243858998,
      0.14998787684769052,
      0.015871787625840836,
      0.02580110670162596,
      0.004832610033730381,
      0.04133876036697004,
      0.05805850042384861,
      0.004064175466801763,
      0.006638279415679889
    ],
    [
      0.004584046682525731,
      0.5884062091254526,
      0.0015727924920057746,
      0.0083355409767554,
      0.027486117616544306,
      0.005463406983016866,
      0.04837500610318469,
      0.013476338096311038,
      0.05716765715464478,
      0.014327743487741386,
      0.0018233905422434496,
      0.03150434332518444,
      0.009222984693567245,
      0.00011573831418455634,
      0.02938089131305167,
      0.05276611343855869,
      0.06313520493658048,
      0.009853233779068632,
      0.03300324093937835
    ],
    [
      0.014802454551288454,
      0.012629001409554965,
      0.40628722473979595,
      0.016371564561568713,
      0.02893224695704318,
      0.012376766855878123,
      0.06885684471584777,
      0.17318490617198123,
      0.01669044583743967,
      0.021127276956140764,
      0.004408820969484194,
      0.08736020150413967,
      0.014316126288936153,
      0.021453417928531622,
      0.01310307261826704,
      0.02404254576614316,
      0.060279562737107814,
      0.0005563175027698531,
      0.0032212019280816115
    ],
    [
      0.014469633734070397,
      0.011074681453539672,
      0.016347722836049832,
      0.2272106106324714,
      0.007931609527417973,
      0.020370797605187944,
      0.10365584209363968,
      0.06762082539827385,
      0.0905757871681962,
      0.0867513728670407,
      0.020949122391835148,
      0.10637470970041692,
      0.049656286652851156,
      0.024327969116247416,
      0.046496523519901044,
      0.0593541801894735,
      0.023609461099333394,
      0.01402136069960682,
      0.0092015033144471
    ],
    [
      0.004570023710961314,
      0.035586338077426845,
      0.006699795906285828,
      0.017514072599550637,
      0.4482560632765873,
      0.010677319366480734,
      0.08364806626540235,
      0.03717576048719881,
      0.0930224142685642,
      0.03624899546574243,
      0.0016648156770908396,
      0.03421697512589377,
      0.009906263048365893,
      0.002112045886546222,
      0.0002907223213155962,
      0.0069669509327010435,
      0.03276523019836174,
      0.06278982750954819,
      0.07588831987597641
    ],
    [
      0.01194984462407142,
      0.0049088623651165845,
      0.021753924813901083,
      0.00928616429249284,
      0.008426425564199898,
      0.4327680409484181,
      0.052757831823804634,
      0.01057943265971771,
      0.03934472510214116,
      0.06290397840063656,
      0.010363365796338222,
      0.08720324251180887,
      0.02201880403087803,
      0.028933718007799234,
      0.04025558273613901,
      0.04754878761278665,
      0.05692442035046094,
      0.036227565751199134,
      0.015845282608089904
    ],
    [
      0.010834656088692945,
      0.005122506443183925,
      0.027363474577672676,
      0.004813301707737711,
      0.01919436059318525,
      0.02311315480754959,
      0.3863121093014672,
      0.037447644070518316,
      0.046687854761912825,
      0.05803550094879568,
      0.034878900152356535,
      0.07731580182031969,
      0.07576629775588344,
      0.007226752505424554,
      0.043514751726207765,
      0.08216257216050404,
      0.03346441978170786,
      0.017045461968261642,
      0.009700478828618396
    ],
    [
      0.007371350182946868,
      0.014775841617220207,
      0.02747171587932436,
      0.01559734831908149,
      0.01469150597895963,
      0.013307255670776768,
      0.015285766921179715,
      0.5764503830388716,
      0.004184066797951749,
      0.035658943791872566,
      0.0395726632513225,
      0.05427016926997022,
      0.014296805515092615,
      0.024827480183127665,
      0.014881765675796854,
      0.037356647133979626,
      0.04113300666337372,
      0.01914506700736799,
      0.029722217101783716
    ],
    [
      0.003282743847207072,
      0.006827563580241295,
      0.010975547513616258,
      0.014386762701375164,
      0.02509759550960963,
      0.004520268419990407,
      0.0941619731880952,
      0.03930225341120104,
      0.44528694660087026,
      0.07056533729480766,
      0.000996066626345264,
      0.05594979869563399,
      0.06163910905842626,
      0.009527641671420587,
      0.013921671898716128,
      0.04625588328265537,
      0.042238684836809245,
      0.019713002067754448,
      0.03535114979522475
    ],
    [
      0.010804817091194803,
      0.004602756124908903,
      0.005427956443712728,
      0.015415956179039448,
      0.006461045347513358,
      0.029389182571109954,
      0.07548454032759279,
      0.056193593215472494,
      0.02260602214852709,
      0.48210392028535226,
      0.022222602248093973,
      0.061665930557854465,
      0.029260686869546734,
      0.006149480781737381,
      0.03684386597331067,
      0.04148582218409369,
      0.08246181363159247,
      0.009431353277551008,
      0.001988654741795731
    ],
    [
      0.02162366085215035,
      0.0040541489742849275,
      0.007042311163369321,
      0.02949086856092143,
      0.025152078357942694,
      0.007443461171237024,
      0.03879238570057495,
      0.11860463250980363,
      0.005738247440927043,
      0.00774725838858391,
      0.5355255732175648,
      0.10065451566283432,
      0.003708043518670303,
      0.019934996282608874,
      0.006184074878801646,
      0.046078375793388734,
      0.01855689866248438,
      0.0007978576365260725,
      0.0028706112273257137
    ],
    [
      0.027983969790652433,
      9.080238198714255e-05,
      0.018642168100416866,
      0.013735889793506057,
      0.0030605590637962973,
      0.002633114856691184,
      0.06335793357329964,
      0.0691075318898992,
      0.05179582929185556,
      0.07243140684583416,
      0.028783416082071085,
      0.4934613529006241,
      0.050660086186141394,
      0.019638067548524197,
      0.01253219431566189,
      0.025449812114152967,
      0.03895016875167415,
      0.005949743122311249,
      0.001735953390900583
    ],
    [
      0.025734868336026385,
      0.012845018160444577,
      0.023158064521074075,
      0.0002110403361016688,
      0.01883005788195685,
      0.010081518382511563,
      0.08387363548588725,
      0.053943009038726966,
      0.09338996013003242,
      0.05134231947210337,
      0.025525347724446337,
      0.0568770364091081,
      0.4515722687899731,
      0.03284511758817048,
      0.017273301636441148,
      0.02406986807978246,
      0.005985210898397316,
      0.010844267530908478,
      0.0015980895979076158
    ],
    [
      0.011199438988213349,
      0.0023926202840342746,
      0.006808107861292086,
      0.014564238294636322,
      0.007932331109179572,
      0.016674888542969238,
      0.05479883819720792,
      0.03520357938688669,
      0.02296787569670812,
      0.024245515790416512,
      0.004827770588921113,
      0.04666492616726275,
      0.01139515470427194,
      0.6714896478288792,
      0.0192517232511015,
      0.02926835901445052,
      0.01720405549562617,
      0.00188956094688861,
      0.001221367851053995
    ],
    [
      0.019766858355914393,
      0.0009980553001972437,
      0.00824121883238875,
      0.03235124148455264,
      0.01645123470628488,
      0.026096441190912815,
      0.12445469586260587,
      0.06882557164139616,
      0.053674081707389486,
      0.09911476698454075,
      0.012252327855112433,
      0.11452099350191712,
      0.042080327597842124,
