{
  "poids_LS": 0.6425,
  "poids_EM": 0.35750000000000004,
  "mae_validation": 6.733864170931661,
  "matrice_de_transition": [
    [
      0.27167102752198036,
      0.0020982867438538943,
      0.00760432486918831,
      0.04989146230512739,
      0.004906334626311153,
      0.029869529652710173,
      0.11215327824387047,
      0.06561062438067325,
      0.07123155395504772,
      0.0584871120139366,
      0.012036634256811228,
      0.15271552592608725,
      0.017731762738244065,
      0.02882467389322276,
      0.005398931522058161,
      0.041738888342070235,
      0.05607340019478455,
      0.004540446029317596,
      0.0074162027847048785
    ],
    [
      0.0051212396531342165,
      0.5771440267172157,
      0.0017571041121627017,
      0.009312362184968925,
      0.030707147024733098,
      0.006103649988839157,
      0.04687159423433454,
      0.014649443423101037,
      0.05737884550771176,
      0.014179465076011533,
      0.0020370691214126042,
      0.0299310962948241,
      0.00975475384949141,
      0.00012930139787805907,
      0.029313782477414774,
      0.05434269571187822,
      0.06549680877535391,
      0.010287011642718159,
      0.035482602806816255
    ],
    [
      0.016537117194017573,
      0.014108962512237191,
      0.39359535765367293,
      0.016957543188394143,
      0.028160553293534004,
      0.013154153617340323,
      0.06728556980793131,
      0.1727379237839931,
      0.015898827085663734,
      0.022876124500614853,
      0.004925479676845625,
      0.08980679004059727,
      0.01599379733842086,
      0.023967490342031425,
      0.014638588940720213,
      0.02445216069574393,
      0.06068336283908703,
      0.0006215109601256955,
      0.003598686529028676
    ],
    [
      0.016165293937281777,
      0.012372495686376356,
      0.018263471605899428,
      0.21956608331934385,
      0.008861095018912269,
      0.022758000449545915,
      0.09957000815753253,
      0.06409312486031342,
      0.08779845040060129,
      0.08523500635623812,
      0.023404097672128334,
      0.10369033340032888,
      0.05125790761252633,
      0.02717890299705767,
      0.05035359931697405,
      0.05921081089623946,
      0.024277024921999547,
      0.015664488906591997,
      0.010279804484108873
    ],
    [
      0.005105573364589594,
      0.039756612070875316,
      0.0074849282390537005,
      0.019566502982310482,
      0.43631368399396786,
      0.011928567729740198,
      0.0808278677547681,
      0.03640675980392235,
      0.0944827958396667,
      0.03461003811295333,
      0.0018599112642499228,
      0.03260430789262754,
      0.011067153249346274,
      0.0023595512638758583,
      0.0003247913433447677,
      0.007783390495126949,
      0.03356153759226167,
      0.0648566809008532,
      0.07909934610646625
    ],
    [
      0.013350217040954793,
      0.005484119673528686,
      0.024303212878030122,
      0.010374386670519348,
      0.009413897310004575,
      0.4157466897214409,
      0.04999636749303277,
      0.011349157205009043,
      0.0394381548154239,
      0.062118460950770754,
      0.01157782272559661,
      0.08706580204482592,
      0.024599132628246555,
      0.03232438808683821,
      0.04208001307217281,
      0.04900960606195695,
      0.057040343298555576,
      0.03894922164886828,
      0.01577900667422417
    ],
    [
      0.012104342349086653,
      0.005722800166994543,
      0.0305701317547437,
      0.005377360501613225,
      0.019902122243455146,
      0.025821727636559315,
      0.3653646609062993,
      0.038592246723695586,
      0.0483495230453381,
      0.055008649808707795,
      0.03823493184611177,
      0.07507820841804516,
      0.07678846713839974,
      0.008073637564653995,
      0.04688155632695966,
      0.08359871565308274,
      0.03465068718223914,
      0.019042977042667306,
      0.010837253691347118
    ],
    [
      0.008235180282510957,
      0.016507385556738204,
      0.03069105758393269,
      0.017225269639994586,
      0.016413166835868964,
      0.014866699694695925,
      0.0161798541579066,
      0.5516746794672732,
      0.0045534838296659,
      0.03682717880403554,
      0.04421008472608687,
      0.05625742130939622,
      0.013917693639591219,
      0.027115381090121696,
      0.014171619080776523,
      0.038668641510148094,
      0.040115331959233336,
      0.02138862954729393,
      0.030981241284729375
    ],
    [
      0.0036674403918016516,
      0.007627668687300824,
      0.012261744487868166,
      0.01607271145544257,
      0.028038719983392017,
      0.005049987375458034,
      0.09054596819719486,
      0.03898059357051075,
      0.43374619526453806,
      0.06844815122719533,
      0.0011127931841201,
      0.053128741157438014,
      0.06358629964981852,
      0.01064416217979019,
      0.01555311782434693,
      0.04698657528125546,
      0.04418379865732423,
      0.022023119497569427,
      0.038342211927634935
    ],
    [
      0.011230665875912892,
      0.005142141608296667,
      0.006064045089460316,
      0.015262024004635465,
      0.007218199099175081,
      0.03283322740366191,
      0.07391991592674116,
      0.05801623133064306,
      0.02388230628762511,
      0.46628611931987896,
      0.024826813449042494,
      0.06143559221273513,
      0.03210186880052481,
      0.006092855909081921,
      0.04116150651705803,
      0.042422436824453534,
      0.07934576013195944,
      0.01053658998976402,
      0.002221700219349919
    ],
    [
      0.02149555217397369,
      0.004529244557208943,
      0.007867582002826666,
      0.03097019451444899,
      0.023953106126419727,
      0.008315741777241365,
      0.03876175697158285,
      0.1170956097307734,
      0.006410698312910683,
      0.008655140230996089,
      0.5301934186289792,
      0.10232975892100712,
      0.00414257986851448,
      0.022271128659477106,
      0.006908771153661217,
      0.04411196486397923,
      0.017889383947165036,
      0.000891356578306472,
      0.0032070109805279463
    ],
    [
      0.03126334125049453,
      0.00010144328612626084,
      0.020826797174684473,
      0.015345564378682553,
      0.0034192183290849268,
      0.002941683003959683,
      0.06259694967771982,
      0.06654297064675846,
      0.049034305417120054,
      0.07188090337328869,
      0.0321564726541888,
      0.48565429268394744,
      0.05211641860068808,
      0.02193940358936688,
      0.014000810837028524,
      0.025148818875191638,
      0.037156869898799454,
      0.005934350893973174,
      0.0019393854288967457
    ],
    [
      0.028750673219154484,
      0.01435029372612168,
      0.02587190020713745,
      0.00023577162548858317,
      0.021036705289998674,
      0.01126294631796214,
      0.08327319099328886,
      0.052521806310048186,
      0.09492436613611795,
      0.0496774702716465,
      0.0285165994109049,
      0.05523808518963764,
      0.4332399869278712,
      0.036694154805534215,
      0.019297516671961598,
      0.025113938277051717,
      0.006328329802535954,
      0.011880899094876026,
      0.0017853657226624148
    ],
    [
      0.012511873244644605,
      0.002673005473569542,
      0.007605933001287255,
      0.01625079744003172,
      0.007979643898456165,
      0.017403149311389282,
      0.05276384614037878,
      0.0351966900886721,
      0.022701368150145396,
      0.024523819741947464,
      0.005393524954810307,
      0.04645317095065767,
      0.01273052439617881,
      0.6682314905135304,
      0.01925410529697704,
      0.028395373804551413,
      0.016456192826320413,
      0.0021109938703521196,
      0.0013644968960993852
    ],
    [
      0.022083287069498116,
      0.0011150149056891087,
      0.009206986664309308,
      0.03614240259602366,
      0.018379113773427644,
      0.02915461789297292,
      0.12017430964880474,
      0.06792869210420704,
      0.05210643693408873,
      0.09787683429802453,
      0.013688147525633425,
      0.11159154335061829,
      0.04372982043013858,
