{
  "poids_LS": 0.81,
  "poids_EM": 0.18999999999999995,
  "mae_validation": 6.291708737094202,
  "matrice_de_transition": [
    [
      0.3070077261574231,
      0.0011151733743559153,
      0.004041459371037142,
      0.035110614605189654,
      0.0026075624587387934,
      0.015874715060181625,
      0.1308335382489808,
      0.0750476884994462,
      0.07937426022304947,
      0.06319908588789652,
      0.006397092332291279,
      0.14053202670924853,
      0.009423873902842996,
      0.015319407104090412,
      0.002869362207527413,
      0.039951650053289364,
      0.0649401812179373,
      0.0024131041834135466,
      0.003941478403059934
    ],
    [
      0.002721777717749652,
      0.6274484414740074,
      0.0009338455421284285,
      0.004949227454948518,
      0.01631988233482318,
      0.003243897896166264,
      0.05358683391519851,
      0.009409572963439052,
      0.05643553753067924,
      0.014841775315071545,
      0.001082638134457048,
      0.03695826636376694,
      0.007379518286363489,
      6.871962404708032e-05,
      0.02961353527659291,
      0.047300628224384335,
      0.054948311628832625,
      0.008349470518416944,
      0.024408119798926962
    ],
    [
      0.008788957389827518,
      0.00749846958692326,
      0.4502856973050222,
      0.014340171988573895,
      0.031607451657208324,
      0.009681826082809163,
      0.07430393106329149,
      0.17473444511700667,
      0.019434724176929572,
      0.015064605468630605,
      0.00261773745063124,
      0.07887869457775337,
      0.00850019998405584,
      0.012737966895065648,
      0.007779949367096054,
      0.02262254734352718,
      0.058879722383579886,
      0.00033031351726960025,
      0.0019125886447984564
    ],
    [
      0.008591345029604297,
      0.0065755921130391795,
      0.009706460433904588,
      0.2537116386513134,
      0.004709393156904421,
      0.012095161078080341,
      0.11782006640547774,
      0.07985018726320325,
      0.10020388796252519,
      0.09200811010448957,
      0.012438541420152117,
      0.11568054754072214,
      0.04410400065931058,
      0.014444731662771902,
      0.033125327423381305,
      0.05985119373935148,
      0.021295239847424055,
      0.008325182915391548,
      0.005463392592952965
    ],
    [
      0.0027134515783832796,
      0.02112938823347219,
      0.00397800381935721,
      0.01039898060598319,
      0.48965631145633437,
      0.006339658373847935,
      0.09342475443560104,
      0.03984162952255718,
      0.08795975815540882,
      0.04193071428874463,
      0.0009884843082726858,
      0.039807554867883364,
      0.005881843684967248,
      0.0012540272451368193,
      0.00017261637828113523,
      0.004136627116291244,
      0.03000469789950864,
      0.05562473575302418,
      0.06475676227694498
    ],
    [
      0.007095220245542404,
      0.0029146370292879717,
      0.012916392858253767,
      0.005513660048667624,
      0.0050031901787436885,
      0.49177539186860547,
      0.062330908170480405,
      0.007911054236041094,
      0.039020835429427664,
      0.06562710556017136,
      0.0061532484415758185,
      0.0876797027973498,
      0.013073664893333828,
      0.017179395067130794,
      0.0339308909045552,
      0.04248461698899632,
      0.056522554130399534,
      0.02679249197261279,
      0.01607503917882444
    ],
    [
      0.006433077052661435,
      0.0030414882006404554,
      0.01624706303049315,
      0.0028578978889692653,
      0.016740786872249624,
      0.013723435666982567,
      0.45892993040471564,
      0.03347968820617042,
      0.040927404712705215,
      0.06852858490110032,
      0.023244656947338405,
      0.08507279228153804,
      0.07222277722982692,
      0.004290884300095828,
      0.03184316244360124,
      0.07718394138623123,
      0.029352026126532746,
      0.010120743043655348,
      0.005759659304492172
    ],
    [
      0.004376739171124703,
      0.008773155960224497,
      0.016311331303348837,
      0.009953887739916104,
      0.008723081675007278,
      0.007901183054523704,
      0.012186264500526518,
      0.6623394887537457,
      0.002903421088009364,
      0.031609062416374276,
      0.02349626880547273,
      0.04738102886662679,
      0.015611060016830786,
      0.016896090372215025,
      0.017343607205200662,
      0.03280839996326229,
      0.04466094563772703,
      0.011367383535624742,
      0.02535759993423877
    ],
    [
      0.0019491291592791987,
      0.004053865875768268,
      0.0065167313362096526,
      0.008542140353941503,
      0.014901697333830715,
      0.002683909374369304,
      0.10669745715654969,
      0.04041734085892737,
      0.4852948845668219,
      0.07790491566253038,
      0.0005914145593925004,
      0.0657294648280467,
      0.05488884834159981,
      0.005657037242405973,
      0.0082659926898627,
      0.04372281768750838,
      0.0354956235923573,
      0.011704594977729202,
      0.024982134402869477
    ],
    [
      0.009328541304172096,
      0.002732886449164661,
      0.0032228491384544322,
      0.01594958771697325,
      0.003836245675086056,
      0.01744982715159653,
      0.08090857158387842,
      0.049875114416214554,
      0.018181570466320636,
      0.5369389636323261,
      0.013194670084805795,
      0.06246443682093482,
      0.01941125617548942,
      0.006345780340276308,
      0.02187604542165321,
      0.038238891430846245,
      0.09326413243032032,
      0.00559986600854591,
      0.0011807637529412153
    ],
    [
      0.022067770936496103,
      0.0024071509534816754,
      0.004181372253250534,
      0.024362538588692577,
      0.0293085154272223,
      0.004419555070421982,
      0.03889856529441424,
      0.12383591147710842,
      0.003407084418050432,
      0.004599934668221696,
      0.5540103757913285,
      0.09484700570116865,
      0.002201650839210492,
      0.011836404042799018,
      0.0036717944592884774,
      0.05289526701534166,
      0.02087094967559143,
      0.00047372797168735554,
      0.001704425416224642
    ],
    [
      0.01661548206319988,
      5.391391430486588e-05,
      0.011068787309622513,
      0.008155684564894222,
      0.0018172069441290512,
      0.0015634119461603903,
      0.06599601107797633,
      0.07799801086612038,
      0.06136911205760529,
      0.07433981888399174,
      0.017090153298729704,
      0.5205258283184366,
      0.04561146714904624,
      0.01166010260693624,
      0.007440990374924247,
      0.026493255342552247,
      0.04516693810830639,
      0.006003102847216578,
      0.0010307223258472211
    ],
    [
      0.015280078074515663,
      0.007626729532763966,
      0.01375010080938773,
      0.00012530519956036583,
      0.011180346867411877,
      0.00598590153961624,
      0.08595517639356162,
      0.058869845164813424,
      0.08807068597560258,
      0.05711379670035382,
      0.01515567521139001,
      0.06255873396993902,
      0.5151241792452597,
      0.019501788567976217,
      0.010256022846636929,
      0.020450424729249034,
      0.0047957320307167066,
      0.0072506114424876495,
      0.0009488656987576467
    ],
    [
      0.006649666899251675,
      0.0014206182936453505,
      0.004042314042642176,
      0.008717499923932283,
      0.007768313439687379,
      0.014150251212446424,
      0.061853477327548895,
      0.03522746228736391,
      0.023891768524792235,
      0.023280728758442542,
      0.00286648878717191,
      0.047399010918160345,
      0.0067658731056614635,
      0.682784593188755,
      0.019243465492066302,
      0.03229470774210076,
      0.0197966460825528,
      0.001121926812215112,
      0.0007251871615633094
    ],
    [
      0.011736572148824169,
      0.0005925953344921134,
      0.004893223681730819,
      0.019208549631453128,
      0.009767920606856646,
      0.015494761957104483,
      0.13929336807044976,
      0.07193475403698506,
      0.05910858358816539,
      0.10340626696446367,
      0.007274819663973006,
      0.1246764206930864,
