{
  "poids_LS": 0.905,
  "poids_EM": 0.09499999999999997,
  "mae_validation": 6.045585752857291,
  "matrice_de_transition": [
    [
      0.3270494358312564,
      0.0005575866871779577,
      0.002020729685518571,
      0.02672744725298616,
      0.0013037812293693967,
      0.007937357530090812,
      0.1414283125802374,
      0.08040005322352635,
      0.08399251153922956,
      0.06587154868208274,
      0.0031985461661456394,
      0.13362198237731013,
      0.004711936951421498,
      0.007659703552045206,
      0.0014346811037637065,
      0.03893799251636887,
      0.06996910179823289,
      0.0012065520917067733,
      0.001970739201529967
    ],
    [
      0.001360888858874826,
      0.6559793035748743,
      0.00046692277106421425,
      0.002474613727474259,
      0.00815994116741159,
      0.001621948948083132,
      0.057395477316285526,
      0.006437706135571061,
      0.05590052703624289,
      0.015217413958120507,
      0.000541319067228524,
      0.04094382550734646,
      0.006032369758022283,
      3.435981202354016e-05,
      0.029783544326873048,
      0.043306619798641546,
      0.04896558190393996,
      0.00725056659717148,
      0.01812706973475095
    ],
    [
      0.004394478694913759,
      0.00374923479346163,
      0.4824384272565337,
      0.012855692800616143,
      0.03356240893809823,
      0.007712446287104927,
      0.07828449416334653,
      0.17586680049990985,
      0.021440158348095265,
      0.010634191689296264,
      0.00130886872531562,
      0.07268067028539414,
      0.00425009999202792,
      0.006368983447532824,
      0.003889974683548027,
      0.021584856188538573,
      0.05785676212523255,
      0.00016515675863480012,
      0.0009562943223992282
    ],
    [
      0.004295672514802148,
      0.0032877960565195897,
      0.004853230216952294,
      0.27307777451123644,
      0.0023546965784522105,
      0.0060475805390401705,
      0.12817084571028248,
      0.08878702862603627,
      0.10723980777376561,
      0.09584957193185607,
      0.0062192707100760585,
      0.12248096750094517,
      0.04004656089480016,
      0.007222365831385951,
      0.02335406873746304,
      0.06021439594887769,
      0.01960407816333646,
      0.004162591457695774,
      0.0027316962964764823
    ],
    [
      0.0013567257891916398,
      0.010564694116736094,
      0.001989001909678605,
      0.005199490302991595,
      0.5199103389723033,
      0.0031698291869239675,
      0.10056925732920777,
      0.04178976458685754,
      0.08426012484194914,
      0.046082739582477016,
      0.0004942421541363429,
      0.04389297852549114,
      0.002940921842483624,
      0.0006270136225684096,
      8.630818914056762e-05,
      0.002068313558145622,
      0.027987385834962148,
      0.05038870716171817,
      0.056622162493037406
    ],
    [
      0.003547610122771202,
      0.0014573185146439858,
      0.006458196429126884,
      0.002756830024333812,
      0.0025015950893718442,
      0.5348961483102808,
      0.06932661780843578,
      0.005961085387969722,
      0.03878414682244472,
      0.0676170830998314,
      0.0030766242207879092,
      0.08802788531370663,
      0.006536832446666914,
      0.008589697533565397,
      0.02930900071993626,
      0.03878387691776493,
      0.05622888266189312,
      0.019897630365184316,
      0.016242938211284294
    ],
    [
      0.0032165385263307174,
      0.0015207441003202277,
      0.008123531515246574,
      0.0014289489444846326,
      0.014947790691565896,
      0.006861717833491284,
      0.511996799672474,
      0.03058002815145466,
      0.0367178450613612,
      0.07619660778932295,
      0.014742709989825159,
      0.09074136223396684,
      0.06963328146078565,
      0.002145442150047914,
      0.02331392412169648,
      0.07354571120503188,
      0.02634681537852017,
      0.005060371521827674,
      0.002879829652246086
    ],
    [
      0.0021883695855623515,
      0.004386577980112248,
      0.008155665651674419,
      0.005829820393602939,
      0.004361540837503639,
      0.003950591527261852,
      0.009921243500818413,
      0.7251046044684615,
      0.0019675646076668515,
      0.028649533718894747,
      0.011748134402736365,
      0.04234665703341428,
      0.016571476768100987,
      0.011100074741163486,
      0.01914264524591883,
      0.029484680876968854,
      0.04723905488821599,
      0.005683691767812371,
      0.022168072004109775
    ],
    [
      0.0009745645796395994,
      0.002026932937884134,
      0.0032583656681048263,
      0.0042710701769707515,
      0.0074508486669153575,
      0.001341954687184652,
      0.11585800313349719,
      0.041232212455342775,
      0.5145314546188635,
      0.08326845370048161,
      0.0002957072796962502,
      0.07287614392480983,
      0.04995596551007278,
      0.0028285186212029865,
      0.00413299634493135,
      0.04187173129105482,
      0.030568001913719334,
      0.005852297488864601,
      0.017404777000763698
    ],
    [
      0.008249724382886273,
      0.0013664432245823306,
      0.0016114245692272161,
      0.016339549225463334,
      0.001918122837543028,
      0.008724913575798266,
      0.08487228673270253,
      0.04525776452444914,
      0.014948317313938997,
      0.5770107260781916,
      0.006597335042402897,
      0.06304796062857046,
      0.012213595283678307,
      0.006489230017670139,
      0.010938022710826605,
      0.035866134341934655,
      0.10115813462939066,
      0.002799933004272955,
      0.0005903818764706076
    ],
    [
      0.022392312921210307,
      0.0012035754767408377,
      0.002090686126625267,
      0.020614912839756108,
      0.032345911747080465,
      0.002209777535210991,
      0.03897615807452757,
      0.127658769183985,
      0.001703542209025216,
      0.002299967334110848,
      0.5675185007490788,
      0.09060305611379758,
      0.001100825419605246,
      0.005918202021399509,
      0.0018358972296442387,
      0.05787684136984573,
      0.02256198695440043,
      0.00023686398584367777,
      0.000852212708112321
    ],
    [
      0.00830774103159994,
      2.695695715243294e-05,
      0.005534393654811257,
      0.004077842282447111,
      0.0009086034720645256,
      0.0007817059730801951,
      0.06792383694677853,
      0.08449489934874353,
      0.06836497254026855,
      0.0757344276811069,
      0.008545076649364852,
      0.5403037142006842,
      0.041922091698861325,
      0.00583005130346812,
      0.0037204951874621234,
      0.02725577154792095,
      0.04970996186892226,
      0.006042096492339703,
      0.0005153611629236106
    ],
    [
      0.007640039037257832,
      0.003813364766381983,
      0.006875050404693865,
      6.265259978018291e-05,
      0.005590173433705939,
      0.00299295076980812,
      0.08747630244147753,
      0.06247022541079967,
      0.08418352409351923,
      0.06133141467484453,
      0.007577837605695005,
      0.06671074372593086,
      0.5615659599625844,
      0.009750894283988109,
      0.0051280114233184645,
      0.017805446896166918,
      0.0039264974735654925,
      0.0046244781471032,
      0.00047443284937882335
    ],
    [
      0.0033248334496258376,
      0.0007103091468226752,
      0.002021157021321088,
      0.00444488342226395,
      0.007648454373520007,
      0.012305323932448984,
      0.06700879053818269,
      0.03524491517617419,
      0.024566920976084466,
      0.022575692081230794,
      0.001433244393585955,
      0.04793545746689321,
      0.0033829365528307317,
      0.6910385917209719,
      0.019237430975848274,
      0.03450627027384516,
      0.02169123151146072,
      0.000560963406107556,
      0.0003625935807816547
    ],
    [
      0.0058682860744120845,
      0.0002962976672460567,
      0.0024466118408654094,
      0.009604274815726564,
      0.004883960303428323,
      0.007747380978552242,
      0.15013701314541264,
      0.07420684886453079,
      0.06307995034719394,
      0.10654236310363809,
      0.003637409831986503,
