{
  "poids_LS": 0.08,
  "poids_EM": 0.92,
  "mae_validation": 8.270132513354525,
  "matrice_de_transition": [
    [
      0.15300300971638894,
      0.005399786865302329,
      0.019569171691337747,
      0.0995286374168586,
      0.012626091905472057,
      0.07686704134403737,
      0.0494210618087985,
      0.03391899114598805,
      0.043886644846086675,
      0.04266331915362344,
      0.030975394451094623,
      0.1936302621020382,
      0.045631389424292415,
      0.07417818176717465,
      0.013893753846974846,
      0.047740807968573155,
      0.026296896758823823,
      0.011684504467055072,
      0.019085053320079686
    ],
    [
      0.013179134212261478,
      0.4082112905936613,
      0.004521778414516603,
      0.023964680308171775,
      0.0790225881475649,
      0.015707295076173494,
      0.02432041620158245,
      0.03224602332495098,
      0.060546670803716465,
      0.01195528890006373,
      0.0052422478089499186,
      0.006332390839419057,
      0.01773129118835382,
      0.00033274765328059953,
      0.028307149942861334,
      0.0779914298116711,
      0.10092086635695523,
      0.01679367959746104,
      0.07267303081838478
    ],
    [
      0.04255705683495431,
      0.03630837905247053,
      0.2032173513618286,
      0.025747222590775568,
      0.016585148340896364,
      0.024814955039273313,
      0.04371644618918444,
      0.16603318796417155,
      0.0040245458090247405,
      0.0491088376677261,
      0.012675360287267061,
      0.1265056180874611,
      0.04115886308069145,
      0.06167857654452842,
      0.037671333777517746,
      0.030596384639755406,
      0.06674036436877522,
      0.0015994128204633278,
      0.009260955543234634
    ],
    [
      0.0416001969854524,
      0.03183970917892656,
      0.04699970315364328,
      0.10489817362243117,
      0.022803377391326676,
      0.05856604311491535,
      0.03828249911592552,
      0.011177616790907353,
      0.04613839888667772,
      0.06248950869419971,
      0.06022872687652606,
      0.06342468889900822,
      0.07528222200765383,
      0.06994291120921134,
      0.10820973627306905,
      0.05706027149772898,
      0.034290482261991884,
      0.04031141201136961,
      0.02645432202903542
    ],
    [
      0.01313881816901378,
      0.1023107219726022,
      0.019261913230571758,
      0.05035295872370809,
      0.2571779947546777,
      0.030697293178632117,
      0.03852489009525456,
      0.024871749554775516,
      0.11638851940620434,
      0.01002567782111686,
      0.004786345071636165,
      0.008414299393634127,
      0.028480506264051946,
      0.00607213192382039,
      0.0008358266737823392,
      0.020029983931515505,
      0.045506148500760665,
      0.09585948177042826,
      0.1272647395638138
    ],
    [
      0.03435580329420534,
      0.014112979299710183,
      0.06254253383996562,
      0.026697722340916923,
      0.02422597349707471,
      0.16042642131678403,
      0.008574402531454922,
      0.02289502538437901,
      0.04083960051466499,
      0.05033569920278366,
      0.029794676664472396,
      0.08500419504008153,
      0.06330406158877434,
      0.08318443927242282,
      0.06944646811267967,
      0.07092188279951127,
      0.05877918751997513,
      0.07977406011390532,
      0.014784867666238195
    ],
    [
      0.031149636254992223,
      0.014727206024153788,
      0.07866998941080895,
      0.013838242409745922,
      0.03051854699750354,
      0.06645032007170508,
      0.051152934978782094,
      0.055761286521354717,
      0.07327454729671717,
      0.009605882707389598,
      0.08857540725244022,
      0.041514307383927286,
      0.09212100787614422,
      0.020776913453095597,
      0.09738362533823787,
      0.1051408680417632,
      0.052444698190208354,
      0.04900570315875223,
      0.027888876632277897
    ],
    [
      0.02119263177597225,
      0.0424805446495081,
      0.07898118315305755,
      0.04164408945369096,
      0.04223807968950894,
      0.038258360053483216,
      0.029591162708809866,
      0.18003912589329873,
      0.010094739305378147,
      0.05435070398648009,
      0.11377140684755221,
      0.08606620190078605,
      0.008231015507070288,
      0.06143389469503214,
      0.003519420155471579,
      0.058348557152675035,
      0.024850211397127654,
      0.05504206764618298,
      0.049866604028914234
    ],
    [
      0.009437888560720333,
      0.019629245293193726,
      0.031554699101646745,
      0.04136194276645361,
      0.0721555870901277,
      0.012995771707472424,
      0.0363058933336899,
      0.03415569596015643,
      0.26063492521955484,
      0.036690360213010476,
      0.0028636915507426345,
      0.010812878084498429,
      0.09279415852070223,
      0.027391969805334194,
      0.040024806708808876,
      0.05794695526025684,
      0.073360505965049,
      0.056674880944794045,
      0.08320814391378759
    ],
    [
      0.017618397646684218,
      0.013232923859113099,
      0.015605374775674098,
      0.012953041388575746,
      0.01857550537410091,
      0.08449389989194113,
      0.050450549913966816,
      0.08535580305820145,
      0.04302656837409535,
      0.2290191048377808,
      0.06388998146327018,
      0.05798051703594516,
      0.07471959776519588,
      0.005243482819250028,
      0.10592611467326819,
      0.05647165642985113,
      0.032604957637463974,
      0.027115140672959153,
      0.005717382382662728
    ],
    [
      0.01957392200132379,
      0.011655678301069169,
      0.020246644594686804,
      0.05316008381736229,
      0.005968522653575297,
      0.021399950867306446,
      0.03830232603670129,
      0.09446026804532,
      0.016497461392665252,
      0.022273367867178744,
      0.45021109980019414,
      0.12745840779359896,
      0.010660625116177123,
      0.057313114312500524,
      0.01777921527655474,
      0.014615800922836748,
      0.007876663217374914,
      0.002293840705012459,
      0.008253007278561427
    ],
    [
      0.08045391314812576,
      0.0002610568482130349,
      0.0535962332886985,
      0.03949068315632993,
      0.008799107308414355,
      0.007570205212987156,
      0.0511821912440226,
      0.028074551999647604,
      0.007611447296087587,
      0.06362335128510678,
      0.08275232123595438,
      0.3685483894337971,
      0.07396140481888824,
      0.056459444202007075,
      0.036030058657527946,
      0.02063392029077168,
      0.010257387105679167,
      0.005703467468902038,
      0.004990865998839178
    ],
    [
      0.07398774646607587,
      0.03692942721127817,
      0.06657943549808798,
      0.000606740966292298,
      0.05413641641062595,
      0.02898436534972075,
      0.07426652360431316,
      0.031203765379866435,
      0.1179404562274009,
      0.02470473226479359,
      0.07338537470778324,
      0.03065381689758076,
      0.15825575899634298,
      0.09442971306599013,
      0.04966074220476831,
      0.040774991236090574,
      0.011475113364615513,
      0.027430372554389224,
      0.004594507593984396
    ],
    [
      0.03219838709111338,
      0.006878783316598541,
      0.019573310101214752,
      0.04154918462096266,
      0.008689335737605079,
      0.028327060837689915,
      0.022238965287941864,
      0.03509335061545336,
      0.018703754951704527,
      0.02869837901491176,
      0.013879840443148201,
      0.04327684270158152,
      0.03276106977478183,
      0.6193591307832986,
      0.019289835985110117,
      0.015300595656064812,
      0.005238252786734047,
      0.005432487722304755,
      0.003511432571780236
    ],
    [
      0.05682971777325389,
      0.0028694089880670764,
      0.023693504143117657,
      0.09300981926808885,
      0.047297299780569034,
      0.07502726842387436,
      0.05596851644178786,
      0.05447549904637049,
      0.028591765334577586,
      0.0793078440002812,
      0.03522544258344825,
      0.06764979108113581,
      0.06847221291458544,
      0.08511378410260918,
      0.13737559798081994,
