{
  "poids_LS": 0.1425,
  "poids_EM": 0.8575,
  "mae_validation": 8.096677260840927,
  "matrice_de_transition": [
    [
      0.16618834502812133,
      0.0050329535184747256,
      0.018239744266654475,
      0.09401339573777735,
      0.011768341096676401,
      0.07164509560055657,
      0.05639130807936206,
      0.03744028372761974,
      0.04692496808041568,
      0.0444215183603249,
      0.028871087762840912,
      0.18908418030471033,
      0.042531430903620375,
      0.06913890311451333,
      0.012949884699761882,
      0.04707392801007283,
      0.029605397140597234,
      0.010890720196195351,
      0.017788514371704707
    ],
    [
      0.012283812594580671,
      0.42698159460738955,
      0.004214592380921725,
      0.022336644961149236,
      0.07365420580058359,
      0.014640223399803013,
      0.026826102649666013,
      0.03029084778030099,
      0.06019469021527149,
      0.012202419586280152,
      0.004886116843667995,
      0.00895446922335295,
      0.01684500926181355,
      0.0003101425137914284,
      0.02841899800225616,
      0.0753637926894719,
      0.09698485995899951,
      0.0160707164913785,
      0.06854076103932161
    ],
    [
      0.039665952430405785,
      0.03384177721466683,
      0.22437046317203352,
      0.024770591546066523,
      0.01787130444674499,
      0.023519310436836312,
      0.04633523770237853,
      0.16677815861081838,
      0.005343910395317962,
      0.0461940917602693,
      0.01181426244166468,
      0.12242797052669849,
      0.038362744664883604,
      0.05748845585536209,
      0.035112139906762464,
      0.029913693090420797,
      0.06606736419880986,
      0.001490757058203591,
      0.008631814541656194
    ],
    [
      0.03877409664676677,
      0.029676685457532097,
      0.0438067885372273,
      0.1176390524776437,
      0.021254234905502854,
      0.054587371707652085,
      0.045092222342770744,
      0.017057117687508026,
      0.0507672934993359,
      0.06501678621220397,
      0.05613710140937076,
      0.06789864939915496,
      0.07261285374152854,
      0.06519135474119427,
      0.10178127661128071,
      0.0572992203197857,
      0.03317787589088162,
      0.03757286499972766,
      0.024657153412932467
    ],
    [
      0.012246235412966648,
      0.09536026531685476,
      0.01795335934262531,
      0.04693224141910835,
      0.2770819602257099,
      0.028611879239866345,
      0.04322522094631162,
      0.026153417360236273,
      0.11395455012103349,
      0.01275727340909869,
      0.00446118575970436,
      0.011102078115744506,
      0.026545689262417984,
      0.0056596229616043305,
      0.0007790449704003869,
      0.018669251327472332,
      0.04417896951092745,
      0.09241472611825326,
      0.12191302917966405
    ],
    [
      0.03202184926606639,
      0.01315421711902335,
      0.05829372039975057,
      0.024884018377539414,
      0.02258018725406692,
      0.18879534002841258,
      0.013176843082741349,
      0.021612151142226796,
      0.040683884325860425,
      0.05164489495256001,
      0.027770581782375087,
      0.08523326248505311,
      0.05900351392649348,
      0.07753332247402453,
      0.06640575088595668,
      0.06848718538422745,
      0.05858598260648406,
      0.07523796695112343,
      0.014895327556014413
    ],
    [
      0.02903349248766938,
      0.013726716484469428,
      0.07332556078235726,
      0.0128981444199534,
      0.029338944247053717,
      0.061936032023355556,
      0.08606534897072846,
      0.053853615432725925,
      0.07050510015767505,
      0.014650634607536064,
      0.08298202109618151,
      0.0452436297210515,
      0.09041739223861707,
      0.019365438354379864,
      0.09177228433698474,
      0.10274729555413203,
      0.050467585855989545,
      0.04567651136807613,
      0.025994251861063366
    ],
    [
      0.01975291494336544,
      0.03959463808364478,
      0.07361561364537701,
      0.038930887252169144,
      0.03936864492799339,
      0.035659286680284626,
      0.028101017314265057,
      0.22133196517929588,
      0.00947904425252123,
      0.05240364563287514,
      0.10604237105627828,
      0.08275411516840941,
      0.008862868632905948,
      0.05762072651670876,
      0.0047029978138387945,
      0.056161899859060935,
      0.026546335904028284,
      0.051302796746306424,
      0.04776823039067147
    ],
    [
      0.008796727653062702,
      0.01829573678142785,
      0.029411037477893573,
      0.03855202817634127,
      0.06725371296715707,
      0.012112906781693047,
      0.042332568318523785,
      0.034691795694640246,
      0.2798695107801086,
      0.040219003659031013,
      0.002669147287784575,
      0.015514640648158384,
      0.08954884086838183,
      0.02553110229138486,
      0.03730573016609088,
      0.05672913526259001,
      0.07011864959752405,
      0.05282468522843576,
      0.07822304035977062
    ],
    [
      0.016908649672154073,
      0.012333948053466829,
      0.014545227032761454,
      0.013209595012582382,
      0.017313582454664706,
      0.07875382517102122,
      0.053058257248719515,
      0.08231807286625052,
      0.04089942814226532,
      0.2553821064469028,
      0.05954962946168933,
      0.05836441427781071,
      0.0699842945468991,
      0.0053378576070091275,
      0.09873004710035596,
      0.054910632029251394,
      0.037798380136852355,
      0.02527307948593747,
      0.005328973253405749
    ],
    [
      0.019787436464951555,
      0.010863852329529144,
      0.018871193195591232,
      0.05069454056148304,
      0.007966809706113567,
      0.019946149857299214,
      0.0383533739183548,
      0.09697530601037038,
      0.01537670993935919,
      0.02076023146315845,
      0.45909802411450357,
      0.12466633569664431,
      0.00993639786643683,
      0.053419560351053476,
      0.01657138815178879,
      0.01789315247185258,
      0.00898918774290715,
      0.0021380091353784604,
      0.007692341023224375
    ],
    [
      0.07498829404838896,
      0.0002433220079811711,
      0.049955184831585835,
      0.03680789218103577,
      0.008201341866266641,
      0.0070559249675396585,
      0.052450497736655624,
      0.032348820738215475,
      0.012213987087313418,
      0.06454085707268256,
      0.07713056028242488,
      0.3815601564615916,
      0.0715341841279771,
      0.05262388413393594,
      0.03358236445525023,
      0.021135575689040564,
      0.013246218527136975,
      0.005729121182798831,
      0.004651812602178907
    ],
    [
      0.06896140499419572,
      0.03442063460181633,
      0.062056376021315696,
      0.0005655221506474408,
      0.05045867073055625,
      0.02701531879063646,
      0.07526726442531045,
      0.033572436594331075,
      0.11538311288392501,
      0.02747948093222169,
      0.0683999552303523,
      0.03338540226336485,
      0.18880956209984612,
      0.08801465103705058,
      0.046287050478900894,
      0.03903487424064181,
      0.01090324852438445,
      0.02570265328110998,
      0.004282380719393065
    ],
    [
      0.030010996663727963,
      0.006411474667373096,
      0.01824360153455614,
      0.03873825271197033,
      0.008610481088810755,
      0.02711329289032318,
      0.025630618715990407,
      0.03510483277914433,
      0.019147934195975734,
      0.028234539095693505,
      0.012936916499999547,
      0.04362976806258998,
      0.03053545362160372,
      0.6247893929755466,
      0.019285865908650886,
      0.016755571005896655,
      0.00648469056891031,
      0.005063432849865573,
      0.0032728841633712525
    ],
    [
      0.05296900325061436,
      0.002674476312247302,
      0.02208389108991673,
      0.08669121741563716,
      0.04408416800199777,
      0.06993030725377421,
      0.06310249346478973,
      0.055970298275018995,
      0.03120450662341216,
      0.08137106514447488,
      0.032832409799246606,
      0.07253220799996718,
      0.06572305819409134,
      0.07933159768259497,
      0.1514429020378338,
