{
  "poids_LS": 0.515,
  "poids_EM": 0.485,
  "mae_validation": 7.076305242784284,
  "matrice_de_transition": [
    [
      0.2447729434860463,
      0.002846626771382206,
      0.010316356815542181,
      0.06114255533045313,
      0.00665614627625429,
      0.040522298969411,
      0.09793397585192082,
      0.05842718751414461,
      0.06503337455701655,
      0.05490038563226562,
      0.016329419900848796,
      0.16198953279263612,
      0.02405567812041502,
      0.03910480234465185,
      0.007324424582372609,
      0.043099323457410896,
      0.049324059415966785,
      0.006159765941871423,
      0.010061142239389835
    ],
    [
      0.006947695753203062,
      0.53885260652921,
      0.0023837636206962523,
      0.012633554292894903,
      0.04165864701257497,
      0.00828047620863494,
      0.041759993880244074,
      0.018638001534187022,
      0.05809688590813948,
      0.01367531847613003,
      0.0027635762905877286,
      0.02458205639159896,
      0.011562768979633554,
      0.00017541588243596824,
      0.029085612436249325,
      0.0597030754411646,
      0.07352626182718354,
      0.011761856379126545,
      0.043912433156105116
    ],
    [
      0.022434970179296566,
      0.019140830261356746,
      0.3504430095608549,
      0.0189498705196006,
      0.025536794837602805,
      0.0157972686063118,
      0.06194323512101536,
      0.17121818366483355,
      0.013207323329625563,
      0.02882220615182673,
      0.006682119281874483,
      0.09812519106455307,
      0.02169787890666886,
      0.03251533654793074,
      0.019859344437060986,
      0.025844851456386528,
      0.06205628318581635,
      0.0008431687151355587,
      0.0048821341722486925
    ],
    [
      0.02193053862820045,
      0.016785064078021068,
      0.02477701742338803,
      0.19357469045471032,
      0.012021345689992868,
      0.030874490120362984,
      0.08567817277476829,
      0.052098943031248054,
      0.07835550539077861,
      0.08007936021950943,
      0.03175101362512515,
      0.09456345398002952,
      0.05670341887542189,
      0.0368720781918125,
      0.06346765702702224,
      0.05872335529924375,
      0.026546741919064476,
      0.02125112481034159,
      0.013946028460958888
    ],
    [
      0.006926442186925742,
      0.05393554364860007,
      0.010154378170464459,
      0.026544766283693937,
      0.39570959443306214,
      0.016182812164822365,
      0.07123919281861171,
      0.0337921574807824,
      0.09944809318141523,
      0.0290375831134704,
      0.002523236260590804,
      0.02712123929952237,
      0.015014179932679558,
      0.0032010695467966184,
      0.0004406260182439505,
      0.01055928500737502,
      0.036268982731521446,
      0.07188398243129021,
      0.09001683529013169
    ],
    [
      0.01811148325835825,
      0.007439994522129825,
      0.032970792296068835,
      0.014074342755809464,
      0.01277130124574047,
      0.3578740955497187,
      0.04060738876840846,
      0.01396622065899957,
      0.03975581584058521,
      0.05944770162122701,
      0.01570697628507512,
      0.08659850445708385,
      0.03337224985929951,
      0.04385266635557072,
      0.04828307621468769,
      0.05397638878913592,
      0.05743448132207734,
      0.048202851700943336,
      0.015553668499080683
    ],
    [
      0.016421275634425248,
      0.007763798827950638,
      0.041472766156785155,
      0.007295160400789969,
      0.02230851185437278,
      0.03503087525519235,
      0.29414333636272877,
      0.042483895744498325,
      0.05399919520898402,
      0.044717355932409004,
      0.04964543960487955,
      0.06747039085031177,
      0.08026384303895515,
      0.010953046766034091,
      0.058328691969516046,
      0.08848160352785031,
      0.03868399634404549,
      0.02583452829564655,
      0.01470228822462476
    ],
    [
      0.011172202621028849,
      0.02239463495109938,
      0.04163681937960099,
      0.022760202131099097,
      0.02226681374936069,
      0.02016880937602104,
      0.019219750762778008,
      0.46743728732383905,
      0.0058095017374940085,
      0.04079917784538964,
      0.059977317740285675,
      0.06301407824344457,
      0.012628713262886476,
      0.0348942441739014,
      0.011757120657707402,
      0.04312942238912087,
      0.036655237965156046,
      0.029016742183042114,
      0.03526192350674461
    ],
    [
      0.004975408643423219,
      0.010348026051303213,
      0.016634814200324644,
      0.021804937219271736,
      0.0380385431942521,
      0.006851031824047962,
      0.07825155122813375,
      0.037886950112163774,
      0.3945076407210085,
      0.06124971859731343,
      0.0015096634805545409,
      0.043537145527571715,
      0.07020674766055215,
      0.014440331908246831,
      0.021100033971491634,
      0.04947092807649577,
      0.05079718564707518,
      0.029877518758940336,
      0.04851182317782953
    ],
    [
      0.01267855174395439,
      0.0069760522518150575,
      0.008226746485002105,
      0.01473865461166193,
      0.009792521854824935,
      0.044542979834338525,
      0.06860019296384565,
      0.06421320092222296,
      0.02822167236055836,
      0.4125055960372701,
      0.033681131532267435,
      0.060652441839329406,
      0.04176188736585025,
      0.00590033134205336,
      0.05584148436579899,
      0.045606926601676985,
      0.06875117823320713,
      0.014294394811288247,
      0.0030140548430341555
    ],
    [
      0.021059982668173046,
      0.006144569539150594,
      0.01067350285698163,
      0.035999902756442666,
      0.01987660053924166,
      0.011281495837656115,
      0.03865761929300969,
      0.11196493228207063,
      0.008697031277655051,
      0.01174193849519749,
      0.5120640930277879,
      0.1080255859987946,
      0.005620003457984679,
      0.030213978740829078,
      0.009372738488183747,
      0.037426167703986934,
      0.015619833915079276,
      0.001209252980359829,
      0.004350770141415535
    ],
    [
      0.042413204213957605,
      0.00013762236019926295,
      0.028254536027194316,
      0.020818457968282623,
      0.004638659831066263,
      0.003990814704672576,
      0.06000960443274845,
      0.057823462420080005,
      0.039645124243019365,
      0.07000919156663413,
      0.043624864999388994,
      0.4591102879472467,
      0.057067948810146776,
      0.029763946128231987,
      0.018994107009675056,
      0.024125441862723113,
      0.031059653799025522,
      0.005882017317623716,
      0.0026310543580836967
    ],
    [
      0.039004409821789994,
      0.019468230649423813,
      0.0350989415397529,
      0.00031985800940409183,
      0.028539306477340855,
      0.01527980129849409,
      0.08123167971845437,
      0.047689717032540324,
      0.10014134655680874,
      0.04401698299009318,
      0.03868685514486399,
      0.049665651043438085,
      0.3709102285967248,
      0.049780881344570885,
      0.026179847792731116,
      0.02866377694776719,
      0.00749493407660732,
      0.015405446412365683,
      0.0024221045468287303
    ],
    [
      0.01697414971651086,
      0.003626315117989448,
      0.01031853847727082,
      0.021985098534376066,
      0.008140507381996585,
      0.019879235924017424,
      0.04584487314715975,
      0.03517326647474252,
      0.021795242491832133,
      0.0254700531771527,
      0.0073170897988335615,
      0.04573320321420041,
      0.01727078134866216,
      0.6571537556413445,
      0.01926220425295387,
      0.02542722409089445,
      0.013913459750680836,
      0.0028638658101280503,
      0.0018511356492537112
    ],
    [
      0.029959144695682755,
      0.0015126775643614478,
      0.0124905972928392,
      0.0490323503750251,
      0.02493390260171302,
      0.03955241867997724,
      0.10562099652188092,
      0.0648793016777641,
      0.04677644470486621,
      0.09366786316386938,
      0.018569934405404782,
      0.10163141283620226,
      0.04933809605994653,
      0.044869766619310275,
