{
  "poids_LS": 0.5825,
  "poids_EM": 0.4175,
  "mae_validation": 6.8944314233696575,
  "matrice_de_transition": [
    [
      0.2590131056227173,
      0.0024504467568083935,
      0.008880575196884248,
      0.055186094317045395,
      0.005729775402754982,
      0.034882597566451734,
      0.10546184182412946,
      0.06223018350230683,
      0.06831476365009188,
      0.056799240775503204,
      0.014056768677534788,
      0.157079764451522,
      0.020707722918089217,
      0.033662381399777626,
      0.006305045903382606,
      0.04237909310223054,
      0.05289723982828208,
      0.005302478929342926,
      0.008660880175144858
    ],
    [
      0.00598074840610779,
      0.5591245348640365,
      0.002052002704413784,
      0.010875276118110561,
      0.03586079407783515,
      0.007128038798154819,
      0.044466135244174324,
      0.01652641194596503,
      0.05771674687261892,
      0.013942219617243767,
      0.0023789548480832507,
      0.027413901046247566,
      0.010605584498970064,
      0.00015100233178766336,
      0.029206408340395743,
      0.05686522734918946,
      0.06927537491739139,
      0.0109810562245574,
      0.039449581794716894
    ],
    [
      0.019312577422384156,
      0.016476900276528747,
      0.37328837031587625,
      0.01789510899131483,
      0.02692584343191932,
      0.014397972435679841,
      0.06477152995526497,
      0.17202275196321215,
      0.014632237082822241,
      0.02567428057177338,
      0.00575213360862391,
      0.0937213316989294,
      0.01867807101759639,
      0.027990006203631103,
      0.01709541505664528,
      0.025107544583105153,
      0.06132944300225377,
      0.0007258204918950428,
      0.004202661890543978
    ],
    [
      0.018878350262419973,
      0.014448998458915042,
      0.02132866963765877,
      0.20733483961833982,
      0.010348271805303138,
      0.026577525000518652,
      0.09303267385976112,
      0.05844880399957678,
      0.08335471157244945,
      0.08280881993895403,
      0.027332058120597424,
      0.099395331320188,
      0.05382050114800659,
      0.031740397206354055,
      0.05652492059229084,
      0.05898142002706501,
      0.025345127038265396,
      0.018293494037768275,
      0.012005086355567702
    ],
    [
      0.00596245281039484,
      0.04642905046039284,
      0.008741139971482292,
      0.022850391594726224,
      0.4172058771417769,
      0.013930565110955334,
      0.07631555013775332,
      0.03517635871068002,
      0.09681940635343071,
      0.031987706348490776,
      0.002172064203704455,
      0.03002404031940158,
      0.012924577570914877,
      0.0027555598676032747,
      0.00037930177859144194,
      0.009089693795008394,
      0.03483562942250157,
      0.0681636463269412,
      0.08423698807524999
    ],
    [
      0.015590812907968182,
      0.006404531366988045,
      0.028382073780636573,
      0.012115542475361755,
      0.010993852103292056,
      0.38851252775827755,
      0.04557802456379781,
      0.012580716477475173,
      0.03958764235667628,
      0.06086163303098547,
      0.013520953812410027,
      0.08684589729765319,
      0.02872765838403618,
      0.03774946021330057,
      0.04499910160982687,
      0.051346915580629406,
      0.057225820015506995,
      0.04330387108513889,
      0.015672965180039
    ],
    [
      0.014135840365716579,
      0.006683270125091528,
      0.035700783238057324,
      0.006279854571814045,
      0.02103454088388697,
      0.03015544416297486,
      0.3318487434740308,
      0.04042361096877923,
      0.05100819229881853,
      0.05016568798456719,
      0.04360458255612014,
      0.07149805897440592,
      0.07842393815042581,
      0.0094286536594211,
      0.052268443688162664,
      0.08589654524120865,
      0.036548715023089186,
      0.022239001161716364,
      0.012656093471713066
    ],
    [
      0.009617308441813494,
      0.01927785585996699,
      0.035842004311306006,
      0.01982994375345553,
      0.019167824206923895,
      0.017361810132966567,
      0.017610393736669616,
      0.512033553752716,
      0.00514455108040854,
      0.038696354823496294,
      0.05162995908570983,
      0.05943702457247779,
      0.013311114638788986,
      0.030776022541312145,
      0.013035384528743995,
      0.040767832512017634,
      0.03848705243260873,
      0.024978329611175427,
      0.032995679977442426
    ],
    [
      0.004282954863152977,
      0.008907836858596065,
      0.014319659646671213,
      0.01877022946195041,
      0.032744519141443815,
      0.005897537704206235,
      0.08476036021175434,
      0.03846593782540629,
      0.4152809931264065,
      0.06506065351901562,
      0.0012995556765598368,
      0.04861504909632446,
      0.0667018045960461,
      0.012430594993181549,
      0.0181634313053562,
      0.04815568247901561,
      0.04729598077014821,
      0.025719307385273383,
      0.04312791133949122
    ],
    [
      0.011912023931461832,
      0.006005158381717085,
      0.007081786922656451,
      0.015015732525589097,
      0.008429645101833834,
      0.03834369913574502,
      0.07141651688537856,
      0.06093245231491595,
      0.02592436091018193,
      0.4409776377751219,
      0.02899355137056011,
      0.0610670508605442,
      0.03664775989008972,
      0.0060022561128331865,
      0.04806973138705377,
      0.043921020249029274,
      0.07436007453254659,
      0.012304968729304831,
      0.0025945729834366184
    ],
    [
      0.021290578288891034,
      0.005289397489887366,
      0.009188015345958412,
      0.03333711604009307,
      0.02203475055598299,
      0.009711390746848306,
      0.038712751005195487,
      0.11468117328432503,
      0.007486619708084503,
      0.01010775117885557,
      0.521661971287242,
      0.10501014813408358,
      0.004837838028265162,
      0.026008940462466268,
      0.008068285193436523,
      0.04096570737692403,
      0.01682136040265409,
      0.0010409548851551104,
      0.003745250585651517
    ],
    [
      0.03651033558624185,
      0.00011846873274885006,
      0.024322203693512633,
      0.017921043714964936,
      0.0039930731535467315,
      0.0034353920395892796,
      0.06137937544479212,
      0.062439672657733314,
      0.044615867217543265,
      0.07100009781721595,
      0.03755336316957712,
      0.47316299633726466,
      0.05444655046396275,
      0.025621541254715163,
      0.016350597271215125,
      0.02466722969285351,
      0.03428759173419996,
      0.005909723328632252,
      0.002264876689690605
    ],
    [
      0.03357596103215943,
      0.016758734631205037,
      0.030214037304838834,
      0.00027534168850764604,
      0.02456734114286558,
      0.013153231014683056,
      0.08231247980513146,
      0.05024788194416213,
      0.09737941574585479,
      0.04701371155091553,
      0.033302602109238584,
      0.05261576323848491,
      0.40390833594850817,
      0.04285261435331617,
      0.022536260728794312,
      0.02678445059268253,
      0.006877320049157773,
      0.0135395095972241,
      0.0020850075222700925
    ],
    [
      0.014611768054934604,
      0.003121621776825968,
      0.008882453225279521,
      0.018949292072664353,
      0.008055344361298717,
      0.018568366540861348,
      0.049507858849452184,
      0.03518566721152877,
      0.022274956075645037,
      0.02496910606439699,
      0.006298731940233015,
      0.04611436260408955,
      0.014867115903229798,
      0.6630184388089724,
      0.0192579165703779,
      0.026998597468712842,
      0.0152596125554312,
      0.002465286547893734,
      0.0015935033681720092
    ],
    [
      0.025789573011232064,
      0.0013021502744760916,
      0.010752215195382197,
      0.04220826037437728,
      0.021463720280856056,
      0.03404770061626907,
      0.11332569170672294,
      0.06649368484470448,
      0.04959820529680754,
      0.09589614199959857,
      0.015985458998467005,
      0.10690442310854016,
      0.04636900896181291,
      0.03862500528569493,
