{
  "poids_LS": 0.46,
  "poids_EM": 0.54,
  "mae_validation": 7.225344004288559,
  "matrice_de_transition": [
    [
      0.23316984841172184,
      0.0031694401165904976,
      0.01148625294926346,
      0.06599596800804464,
      0.007410966987994468,
      0.04511761122367411,
      0.0918001591338249,
      0.05532845004230873,
      0.06235965011080703,
      0.053353170330368335,
      0.01818120978651206,
      0.16599008477428467,
      0.026783641618606416,
      0.04353936755899382,
      0.008155029431920018,
      0.04368617782089118,
      0.046412579080006185,
      0.006858296100227977,
      0.011202096513959816
    ],
    [
      0.007735578776762173,
      0.5223347389971291,
      0.002654087330259745,
      0.014066225398274738,
      0.04638282347791853,
      0.009219499283840964,
      0.03955498980593053,
      0.02035855601347902,
      0.05840662882597106,
      0.01345784347225958,
      0.003076971540035822,
      0.022274627413737133,
      0.01234269707498899,
      0.00019530840518643887,
      0.02898718614398188,
      0.06201539610869991,
      0.07698994745738455,
      0.012398063912479183,
      0.04754883056168071
    ],
    [
      0.02497914205529927,
      0.02131143987862401,
      0.3318282711678746,
      0.019809305838944562,
      0.024404977464456017,
      0.016937435856456358,
      0.05963869858940456,
      0.17056260949578436,
      0.012046282493687529,
      0.03138718255038872,
      0.00743988538600458,
      0.10171352091802421,
      0.024158463112579763,
      0.03620264275439712,
      0.022111435043325633,
      0.026445620019800987,
      0.06264852333538587,
      0.0009387857859241272,
      0.00543577825363772
    ],
    [
      0.024417506926243802,
      0.0186885249528482,
      0.0275867822858341,
      0.1823627170621233,
      0.013384591077517832,
      0.034375720958754664,
      0.07968561633514448,
      0.04692498224223946,
      0.07428207813163942,
      0.07785535600366567,
      0.03535164403622182,
      0.09062636873990039,
      0.05905246294961214,
      0.04105344788366753,
      0.06912470152939598,
      0.05851308033583384,
      0.027525835525641508,
      0.023661046180586513,
      0.015527536843129484
    ],
    [
      0.007711915012247219,
      0.06005194550565782,
      0.011305905591857337,
      0.029554997511741704,
      0.37819410481855376,
      0.018017976430936243,
      0.0671029016696815,
      0.032664289811976936,
      0.10158998615236559,
      0.026633778996046388,
      0.0028093764550907925,
      0.024755994024065236,
      0.016716818894117448,
      0.0035640774335467507,
      0.0004905939172200687,
      0.011756729698933014,
      0.037436900242574685,
      0.07491536740520421,
      0.09472634042818345
    ],
    [
      0.020165362803120524,
      0.008283705241134238,
      0.036709748123458084,
      0.015670402243581672,
      0.01421959313958733,
      0.3329094470834856,
      0.03655724108327641,
      0.015095149992093522,
      0.039892846086733234,
      0.05829560936142384,
      0.017488179781320754,
      0.08639692510550885,
      0.03715673180210668,
      0.04882564913816122,
      0.05095890737420392,
      0.05611892251458568,
      0.05760450164594948,
      0.052194613684191406,
      0.01545646379607761
    ],
    [
      0.01828348214966935,
      0.008644229622872876,
      0.04617586334982265,
      0.00812244663180739,
      0.023346562274768626,
      0.03900344873773994,
      0.263420412049816,
      0.044162646302491664,
      0.056436308691341086,
      0.04027797426028011,
      0.05456761942238723,
      0.06418858719364248,
      0.08176302479997906,
      0.012195144852903938,
      0.06326667205061881,
      0.09058794731696573,
      0.04042385519815804,
      0.028764217071441524,
      0.016369558023293547
    ],
    [
      0.012439153433722844,
      0.024934232729059105,
      0.04635852054635987,
      0.0251478200684383,
      0.02479191633949438,
      0.0224559939444358,
      0.02053107870997744,
      0.4310995887521616,
      0.006351313384008095,
      0.04251258919656199,
      0.06677886923660674,
      0.06592871456793603,
      0.012072682512151095,
      0.03824983217082597,
      0.010715572318344252,
      0.04505368080750129,
      0.03516264839908349,
      0.03230730057493349,
      0.037108492308398244
    ],
    [
      0.005539630242161935,
      0.011521513541657188,
      0.018521236429227438,
      0.024277662058570595,
      0.04235219242246626,
      0.007627952958733814,
      0.07294807724147992,
      0.03741518234581802,
      0.37758120542772133,
      0.058144512364815354,
      0.0016808624319576335,
      0.039399594471550954,
      0.07306262719459414,
      0.016077895320522246,
      0.023492821329083473,
      0.05054260967444257,
      0.053650019250497165,
      0.033265690989335635,
      0.05289871430536446
    ],
    [
      0.013303129961540924,
      0.007767150960783776,
      0.00915967649876523,
      0.014512887422536092,
      0.010903014023928794,
      0.04959424558874806,
      0.06630541050926327,
      0.06688640349113978,
      0.030093555764568788,
      0.38930615462124274,
      0.037500641293658585,
      0.060314612266487724,
      0.04592895419795143,
      0.005817281528825352,
      0.06217402382996177,
      0.04698062807420475,
      0.06418096643374535,
      0.015915408655867328,
      0.003355854876780297
    ],
    [
      0.02087208994018061,
      0.006841376394105816,
      0.011883900088185732,
      0.038169580821616415,
      0.01811810793300798,
      0.01256084072646248,
      0.03861269715715461,
      0.10975169887282629,
      0.009683292556564388,
      0.013073498530735351,
      0.5042435996311956,
      0.1104826094441147,
      0.006257323437756138,
      0.033640306226902485,
      0.010435626357977781,
      0.034542098340853006,
      0.014640812332610909,
      0.0013463847616377478,
      0.0048441564461121425
    ],
    [
      0.047222949021725996,
      0.0001532290196033031,
      0.03145865866945347,
      0.023179314026541477,
      0.005164693420156252,
      0.004443381320666374,
      0.058893494719231394,
      0.054062105930140276,
      0.03559488922674064,
      0.06920178647356745,
      0.04857201463849497,
      0.4476599329627875,
      0.059203903018148575,
      0.03313923898813459,
      0.021148077907679447,
      0.023683985112246498,
      0.02842948214814265,
      0.005859442049394538,
      0.0029294213471447346
    ],
    [
      0.04342759031704453,
      0.021675968145750228,
      0.03907923387931251,
      0.0003561305671715662,
      0.03177572267580219,
      0.017012562270488266,
      0.08035102779597675,
      0.04560528636381144,
      0.10239180869906753,
      0.04157520416275645,
      0.043074024285003204,
      0.04726185592154807,
      0.3440228818656421,
      0.05542613593003769,
      0.029148696511494442,
      0.030195079903762103,
      0.007998175136010656,
      0.01692583937285142,
      0.002696776196469102
    ],
    [
      0.01889905329261003,
      0.004037546729307839,
      0.011488682015930398,
      0.024458718614289315,
      0.008209899472935591,
      0.020947351717700156,
      0.04286021813047703,
      0.03516316217069447,
      0.02140436475687347,
      0.025878232306064772,
      0.008146862868804379,
      0.04542262889651297,
      0.019229323563458904,
      0.6523751249121663,
      0.019265697920237995,
      0.02414684578304243,
      0.012816594502365726,
      0.00318863409787453,
      0.002061058248653617
    ],
    [
      0.03335657347560555,
      0.0016842183190828492,
      0.013907056779656018,
      0.05459272000518259,
      0.02776145856685574,
      0.04403774450966539,
      0.09934309674163927,
      0.06356387835655342,
      0.04447723237069179,
      0.09185222855697892,
      0.020675803255502233,
      0.09733488594763064,
      0.05175735221398134,
      0.04995809066892278,
      0.22290480664746432,
