{
  "poids_LS": 0.6775,
  "poids_EM": 0.3225,
  "mae_validation": 6.640655755902794,
  "matrice_de_transition": [
    [
      0.27905481529655046,
      0.0018928600696304359,
      0.006859845511365677,
      0.046802926964841896,
      0.004425994173385585,
      0.026945240036360923,
      0.11605661615538607,
      0.067582548226387,
      0.07293301496627197,
      0.05947170356968942,
      0.010858222511389147,
      0.15016972011958363,
      0.01599578596666772,
      0.026002677847732417,
      0.0048703647996189,
      0.04136543556531005,
      0.05792616040857766,
      0.004095926837636153,
      0.00669014097361489
    ],
    [
      0.004619859547232964,
      0.5876553969649034,
      0.00158507993334957,
      0.008400662390636303,
      0.027700852910423564,
      0.005506089850071687,
      0.04827477864526134,
      0.01355454511809704,
      0.05718173637818257,
      0.014317858260292728,
      0.0018376357808547268,
      0.03139946018982708,
      0.009258435970628857,
      0.0001166425197641232,
      0.02937641739067588,
      0.052871218923446664,
      0.06329264519249872,
      0.009882152303311936,
      0.03316853173054088
    ],
    [
      0.014918098727470398,
      0.012727665483067117,
      0.4054411002673877,
      0.01641062980335708,
      0.028880800712809233,
      0.012428592639975604,
      0.06875209305532001,
      0.17315510734611536,
      0.016637671253987938,
      0.021243866792439038,
      0.004443264883308291,
      0.08752330740657019,
      0.014427971025568469,
      0.021621022756098278,
      0.013205440373097253,
      0.024069853428116548,
      0.06030648274390644,
      0.0005606637332602427,
      0.0032463675681447496
    ],
    [
      0.014582677747617826,
      0.011161202402395454,
      0.016475439420706475,
      0.22670097547826287,
      0.007993575226850928,
      0.020529944461478482,
      0.10338345316456586,
      0.0673856453624098,
      0.09039063138368986,
      0.08665028176632052,
      0.021112787410521364,
      0.10619575128041103,
      0.04976306138349618,
      0.024518031374968104,
      0.046753661906372576,
      0.059344622236591225,
      0.023653965354177804,
      0.014130902580072501,
      0.00927339005909122
    ],
    [
      0.0046057270212032,
      0.03586435634365675,
      0.006752138061803688,
      0.01765090129173463,
      0.447459904657746,
      0.010760735924031366,
      0.08346005303136006,
      0.03712449377498037,
      0.09311977303997103,
      0.03613973164222316,
      0.001677822049568112,
      0.034109463977009355,
      0.009983655728431254,
      0.002128546245034865,
      0.00029299358945087436,
      0.007021380236862772,
      0.03281831735795507,
      0.0629276177356352,
      0.07610238829134242
    ],
    [
      0.01204320278519698,
      0.0049472128523440585,
      0.02192387735150969,
      0.009358712451027942,
      0.00849225701392021,
      0.43163328419995295,
      0.05257373420175317,
      0.0106307476294038,
      0.03935095374969334,
      0.0628516105706455,
      0.010444329591622116,
      0.08719407981401,
      0.022190825937369266,
      0.02915976267973517,
      0.040377211425207934,
      0.04764617550939801,
      0.056932148547000586,
      0.03640900947771041,
      0.015840864212498855
    ],
    [
      0.01091930183938586,
      0.005162526024771301,
      0.02757725172281075,
      0.004850905627329412,
      0.019241544703203245,
      0.023293726329483577,
      0.3849156127417893,
      0.037523950914063464,
      0.04679863264747451,
      0.05783371087278982,
      0.03510263559860689,
      0.07716662892683472,
      0.07583444238138452,
      0.007283211509373185,
      0.043739205366257895,
      0.0822583150600093,
      0.03354350427507661,
      0.017178629639888688,
      0.00977626381946698
    ],
    [
      0.007428938856251142,
      0.014891277879854743,
      0.027686338659631587,
      0.015705876407142366,
      0.014806283369420255,
      0.013411218605704713,
      0.01534537273696151,
      0.5747986694674316,
      0.004208694600066027,
      0.035736826126016766,
      0.039881824682973466,
      0.05440265273926529,
      0.014271531390059189,
      0.024980006910260602,
      0.014834422569462163,
      0.0374441134257242,
      0.041065161683097685,
      0.019294637843363056,
      0.029806152047313426
    ],
    [
      0.0033083902835133777,
      0.006880903920711931,
      0.011061293978566387,
      0.01449915928497966,
      0.02529367047452846,
      0.004555583017021583,
      0.09392090618870183,
      0.03928080942182169,
      0.4445175631784481,
      0.07042419155696683,
      0.0010038483968635866,
      0.05576172819308759,
      0.061768921764519084,
      0.009602076371978564,
      0.01403043496042485,
      0.046304596082562044,
      0.042368359091510245,
      0.019867009896408782,
      0.03555055393738544
    ],
    [
      0.01083320701017601,
      0.004638715157134755,
      0.005470362353429235,
      0.015405694034079181,
      0.006511522264290808,
      0.029618785559946754,
      0.07538023203420267,
      0.056315102423150534,
      0.022691107757800297,
      0.48104940022098736,
      0.02239621632815721,
      0.061650574668179844,
      0.02945009899827861,
      0.006145705790227017,
      0.037131708676227164,
      0.041548263160117685,
      0.08225407673161693,
      0.009505035725031877,
      0.0020041911069660105
    ],
    [
      0.021615120273605237,
      0.004085822013146529,
      0.007097329219333146,
      0.029589490291156602,
      0.02507214687584116,
      0.007501613211637314,
      0.03879034378530881,
      0.11850403099120162,
      0.005783077499059287,
      0.0078077838447447225,
      0.5351700962449925,
      0.10076619854671251,
      0.0037370126086599155,
      0.02009073844106676,
      0.006232387963792285,
      0.04594728173142809,
      0.018512397681463087,
      0.0008040908993114326,
      0.002893037877539196
    ],
    [
      0.028202594554641913,
      9.151177559641711e-05,
      0.018787810038701377,
      0.013843201432517827,
      0.0030844696814822064,
      0.0026536860665090844,
      0.06330720131359431,
      0.06893656114035647,
      0.05161172770020652,
      0.07239470661433112,
      0.02900828652021227,
      0.4929408822195123,
      0.05075717501377784,
      0.019791489951247045,
      0.012630102083753002,
      0.025429745898222215,
      0.038830615494815826,
      0.005948716973755378,
      0.0017495155267669943
    ],
    [
      0.025935921994901596,
      0.012945369864823053,
      0.023338986900144968,
      0.00021268908872746313,
      0.01897716770915964,
      0.010160280244874937,
      0.08383360585304735,
      0.053848262190148384,
      0.09349225386377144,
      0.05123132952540624,
      0.02572476450354358,
      0.05676777299447674,
      0.45035011666583297,
      0.033101720069328065,
      0.017408249305475847,
      0.024139472759600412,
      0.006008085492006559,
      0.01091337630183965,
      0.0016105746728912692
    ],
    [
      0.011286934605308767,
      0.0024113126300032927,
      0.006861296203958432,
      0.014676675570996018,
      0.007935485295131346,
      0.01672343926086391,
      0.05466317206008597,
      0.03520312010033905,
      0.022950108526937272,
      0.02426406938718524,
      0.004865487546647059,
      0.04665080915282241,
      0.011484179350399066,
      0.6712724373411892,
      0.01925188205415987,
      0.029210160000457248,
      0.01715419798433912,
      0.0019043231417861777,
      0.0012309097873903544
    ],
    [
      0.01992128693681998,
      0.001005852607230035,
      0.008305603354516787,
      0.03260398555865071,
      0.016579759977427732,
      0.026300319637716826,
      0.12416933678168579,
      0.06876577967225023,
      0.053569572055836095,
      0.09903223813877302,
      0.012348049166480501,
      0.11432569682516387,
      0.04219029378666189,
