{
  "poids_LS": 0.7625,
  "poids_EM": 0.23750000000000004,
  "mae_validation": 6.416030803886966,
  "matrice_de_transition": [
    [
      0.29698687132050655,
      0.001393966717944895,
      0.00505182421379643,
      0.0393021982812914,
      0.0032594530734234932,
      0.01984339382522704,
      0.12553615108335248,
      0.0723715061374061,
      0.0770651345649594,
      0.061862854490803414,
      0.007996365415364103,
      0.1439870488752177,
      0.01177984237855375,
      0.019149258880113023,
      0.003586702759409268,
      0.04045847882174961,
      0.06242572092778951,
      0.003016380229266935,
      0.00492684800382492
    ],
    [
      0.003402222147187067,
      0.6131830104235739,
      0.0011673069276605362,
      0.0061865343186856495,
      0.020399852918528985,
      0.0040548723702078324,
      0.05168251221465499,
      0.01089550637737305,
      0.056703042777897415,
      0.014653955993547062,
      0.0013532976680713108,
      0.034965486791977175,
      0.008053092550534095,
      8.589953005885043e-05,
      0.02952853075145284,
      0.04929763243725574,
      0.057939676491278964,
      0.008898922479039678,
      0.027548644831014976
    ],
    [
      0.010986196737284402,
      0.00937308698365408,
      0.4342093323292664,
      0.015082411582552774,
      0.030629973016763366,
      0.010666515980661286,
      0.07231364951326398,
      0.17416826742555505,
      0.018432007091346722,
      0.017279812358297782,
      0.0032721718132890515,
      0.08197770672393298,
      0.010625249980069805,
      0.01592245861883207,
      0.009724936708870072,
      0.02314139292102148,
      0.05939120251275355,
      0.00041289189658700047,
      0.002390735805998072
    ],
    [
      0.010739181287005376,
      0.008219490141298979,
      0.01213307554238074,
      0.2440285707213519,
      0.005886741446130529,
      0.015118951347600433,
      0.11264467675307537,
      0.07538176658178672,
      0.09668592805690499,
      0.09008737919080634,
      0.015548176775190154,
      0.11228033756061061,
      0.046132720541565794,
      0.018055914578464886,
      0.03801095676634045,
      0.05966959263458837,
      0.02214082068946785,
      0.01040647864423944,
      0.006829240741191209
    ],
    [
      0.003391814472979101,
      0.026411735291840245,
      0.004972504774196515,
      0.012998725757478992,
      0.4745292976983498,
      0.007924572967309923,
      0.08985250298879766,
      0.03886756199040701,
      0.08980957481213868,
      0.03985470164187844,
      0.0012356053853408578,
      0.037764843039079475,
      0.0073523046062090635,
      0.0015675340564210247,
      0.00021577047285141913,
      0.005170783895364058,
      0.031013353931781895,
      0.05824275004867718,
      0.06882406216889878
    ],
    [
      0.00886902530692801,
      0.003643296286609966,
      0.016145491072817215,
      0.006892075060834533,
      0.006253987723429613,
      0.47021501364776774,
      0.05883305335150271,
      0.008886038660076784,
      0.03913917973291914,
      0.06463211679034134,
      0.007691560551969777,
      0.08750561153917139,
      0.016342081116667292,
      0.0214742438339135,
      0.036241835996864674,
      0.04433498702461203,
      0.05666938986465274,
      0.03023992277632704,
      0.015991089662594514
    ],
    [
      0.008041346315826798,
      0.003801860250800571,
      0.020308828788116445,
      0.0035723723612115835,
      0.01763728496259149,
      0.01715429458372822,
      0.43239649577083633,
      0.03492951823352831,
      0.04303218453837723,
      0.06469457345698901,
      0.02749563042609504,
      0.08223850730532363,
      0.07351752511434757,
      0.005363605375119788,
      0.036107781604553635,
      0.07900305647683092,
      0.030854631500539038,
      0.012650928804569191,
      0.007199574130615219
    ],
    [
      0.005470923963905881,
      0.010966444950280626,
      0.020389164129186056,
      0.012015921413072693,
      0.010903852093759103,
      0.009876478818154635,
      0.013318775000380574,
      0.6309569308963878,
      0.003371349328180621,
      0.03308882676511404,
      0.029370336006840927,
      0.049898214783233044,
      0.015130851641195684,
      0.019794098187740805,
      0.016444088184841575,
      0.034470259506409015,
      0.043371891012482545,
      0.014209229419530935,
      0.02695236389930327
    ],
    [
      0.0024364114490989996,
      0.0050673323447103374,
      0.008145914170262069,
      0.010677675442426883,
      0.018627121667288405,
      0.0033548867179616316,
      0.10211718416807591,
      0.04000990506071967,
      0.4706765995408011,
      0.07522314664355477,
      0.0007392681992406259,
      0.06215612527966513,
      0.05735528975736333,
      0.00707129655300747,
      0.01033249086232838,
      0.04464836088573517,
      0.037959434431676285,
      0.01463074372216151,
      0.028770813103922373
    ],
    [
      0.009867949764815009,
      0.0034161080614558276,
      0.004028561423068042,
      0.015754606962728207,
      0.004795307093857572,
      0.021812283939495674,
      0.07892671400946635,
      0.05218378936209727,
      0.01979819704251146,
      0.5169030824093933,
      0.01649333760600725,
      0.062172674917117,
      0.023010086621394983,
      0.0062740555015793915,
      0.027345056777066522,
      0.039425269975302046,
      0.08931713133078513,
      0.006999832510682391,
      0.0014759546911765197
    ],
    [
      0.021905499944138998,
      0.0030089386918520956,
      0.00522671531656317,
      0.026236351463160813,
      0.02778981726729321,
      0.00552444383802748,
      0.03885976890435758,
      0.12192448262367013,
      0.004258855522563042,
      0.005749918335277123,
      0.5472563133124533,
      0.0969689804948542,
      0.0027520635490131166,
      0.014795505053498779,
      0.004589743074110599,
      0.05040447983808963,
      0.020025431036186928,
      0.0005921599646091947,
      0.0021305317702808037
    ],
    [
      0.02076935257899986,
      6.739239288108238e-05,
      0.013835984137028148,
      0.010194605706117781,
      0.002271508680161315,
      0.0019542649327004887,
      0.06503209814357523,
      0.07474956662480878,
      0.057871181816273654,
      0.07364251448543416,
      0.02136269162341214,
      0.5106368853773128,
      0.047456154874138706,
      0.014575128258670307,
      0.009301237968655313,
      0.026111997239867894,
      0.04289542622799845,
      0.005983606024655016,
      0.0012884029073090269
    ],
    [
      0.01910009759314459,
      0.009533411915954963,
      0.01718762601173467,
      0.00015663149945045738,
      0.013975433584264854,
      0.007482376924520304,
      0.08519461336960367,
      0.057069655041820294,
      0.09001426691664426,
      0.05500498771310845,
      0.018944594014237523,
      0.06048272909194311,
      0.4919032888865972,
      0.024377235709970285,
      0.012820028558296169,
      0.021772913645790096,
      0.0052303493092923144,
      0.008563678090179879,
      0.001186082123447059
    ],
    [
      0.008312083624064598,
      0.0017757728670566887,
      0.005052892553302722,
      0.010853808174766456,
      0.007828242972771064,
      0.015072714852445147,
      0.05927582072223199,
      0.03521873584295877,
      0.023554192299146116,
      0.023633247097048414,
      0.003583110983964889,
      0.047130787643793914,
      0.008457341382076834,
      0.6786575939226466,
      0.01924648275017532,
      0.031188926476228555,
      0.018849353368098835,
      0.0014024085152688909,
      0.0009064839519541372
    ],
    [
      0.014670715186030218,
      0.0007407441681151421,
      0.006116529602163526,
      0.02401068703931642,
      0.012209900758570813,
      0.01936845244638061,
      0.13387154553296834,
      0.0707987066232122,
      0.057122900208651115,
      0.10183821889487644,
      0.009093524579966261,
      0.12096578383477455,
