{
  "poids_LS": 0.2825,
  "poids_EM": 0.7175,
  "mae_validation": 7.710320557173422,
  "matrice_de_transition": [
    [
      0.19572349612640183,
      0.004211246821580893,
      0.015261826835363949,
      0.08165925437663536,
      0.009846979284974132,
      0.05994793713515958,
      0.07200465972542441,
      0.045327979110474724,
      0.05373081212531265,
      0.04835988458333618,
      0.0241574407811526,
      0.17890095707869585,
      0.035587523817315,
      0.05785091893255197,
      0.01083561781000484,
      0.0455801169030321,
      0.03701643799576969,
      0.00911264342946958,
      0.014884267127344756
    ],
    [
      0.010278292170975664,
      0.46902707559814083,
      0.0035264956656691983,
      0.01868984578381875,
      0.061629029343345444,
      0.012249982844733134,
      0.032438840293373204,
      0.025911254560285,
      0.05940625369715476,
      0.012755992323404937,
      0.004088383481436485,
      0.014827924803364872,
      0.014859737746363351,
      0.000259507001335685,
      0.028669537655300573,
      0.06947788553574566,
      0.08816820562757875,
      0.014451279133753603,
      0.059284476734220104
    ],
    [
      0.03318987856421708,
      0.028316589097986528,
      0.2717534336268925,
      0.022582938005918256,
      0.020752294123845914,
      0.020617066527377437,
      0.052201330691933306,
      0.1684468928593073,
      0.008299287068614778,
      0.03966506092756605,
      0.009885403267515344,
      0.11329403999059015,
      0.03209943941347403,
      0.048102585511629506,
      0.029379545636270633,
      0.028384464019911276,
      0.06455984381808746,
      0.0012473681507417802,
      0.007222538698120489
    ],
    [
      0.032443631888110974,
      0.02483151232160849,
      0.03665465979645549,
      0.14617862111331975,
      0.01778415573725749,
      0.04567514775538235,
      0.06034600237090404,
      0.030227199695893537,
      0.0611360174316902,
      0.07067788785253354,
      0.04697186036294288,
      0.07792032091948364,
      0.06663346882540792,
      0.054547868252836015,
      0.08738152696887484,
      0.05783446568119276,
      0.03068563761959464,
      0.03143851969364967,
      0.02063149571286186
    ],
    [
      0.010246850039421072,
      0.07979124240798052,
      0.015022198633625259,
      0.03926983465680495,
      0.32166684288082215,
      0.023940552017031026,
      0.05375396205267943,
      0.029024353244468372,
      0.1085024589222508,
      0.018876047526177987,
      0.0037328289009771177,
      0.017122702453271754,
      0.022211699178757906,
      0.004735602886240358,
      0.0006518539548248135,
      0.015621210294415624,
      0.04120608857370103,
      0.08469847345738124,
      0.10992519791916866
    ],
    [
      0.02679379224303514,
      0.011006589834284843,
      0.04877637829366884,
      0.020821321499573796,
      0.018893626069729462,
      0.2523417179424605,
      0.023486309917622947,
      0.018738512839805824,
      0.04033508006293819,
      0.05457749343205902,
      0.02323660924647711,
      0.08574637356178949,
      0.04937028716298434,
      0.06487482084561236,
      0.0595945442980972,
      0.06303346317399171,
      0.05815320360026408,
      0.06507711826649198,
      0.015142757709113146
    ],
    [
      0.024293330448866217,
      0.01148561991557646,
      0.061354040654625464,
      0.01079232492281815,
      0.026696634086046115,
      0.05182402679505261,
      0.1642691563126883,
      0.04958043219419743,
      0.0643015385662207,
      0.025950878863864147,
      0.07045283610616197,
      0.05359731175620972,
      0.08660129321055621,
      0.016203734133256622,
      0.07920288049417772,
      0.09738569318183823,
      0.046038854227339436,
      0.038219121756961655,
      0.021750292373542816
    ],
    [
      0.016527949238326185,
      0.033130207376110936,
      0.061596737948172595,
      0.03285331432076027,
      0.03294111106219855,
      0.02983736232431979,
      0.02476309163048469,
      0.3138279251799295,
      0.008099887334121737,
      0.04804223492080006,
      0.08872933088382469,
      0.07533504088788572,
      0.010278219634777822,
      0.04907922979726438,
      0.007354211768581358,
      0.05126378752136534,
      0.0303456547994857,
      0.04292682993058292,
      0.04306787344100769
    ],
    [
      0.007360527219909608,
      0.01530867771507228,
      0.024609235440686456,
      0.03225781949448963,
      0.05627351493170285,
      0.010135289347947243,
      0.055832320284551686,
      0.03589265909988398,
      0.3229549824357488,
      0.04812316497811702,
      0.002233368138758522,
      0.02604658879075668,
      0.0822793293271841,
      0.021362759060138355,
      0.031214998710402574,
      0.054001218467816345,
      0.0628568913342681,
      0.044200246823793185,
      0.06705640839877264
    ],
    [
      0.015318814209206541,
      0.010320242248819183,
      0.012170496088637135,
      0.013784275130357244,
      0.01448687511512761,
      0.0658960577961606,
      0.058899521678565575,
      0.07551355723628043,
      0.036134634022966065,
      0.3144352300513361,
      0.04982724097814822,
      0.05922434409958954,
      0.0593772153379143,
      0.005549257131589509,
      0.08261085573703253,
      0.051413937371908,
      0.049431646535482335,
      0.021146862427008903,
      0.0044589368038701165
    ],
    [
      0.020265708863477755,
      0.009090162153279487,
      0.015790182061617152,
      0.0451717236683135,
      0.012442972703799293,
      0.016689635594883016,
      0.038467721173258654,
      0.10260899105208322,
      0.012866226683953609,
      0.017370805918152987,
      0.4790047345785567,
      0.11841209419946588,
      0.008314128827018572,
      0.04469799947741209,
      0.013865855392313069,
      0.025234419941648042,
      0.011481242680099358,
      0.0017889464193983037,
      0.0064364486112693745
    ],
    [
      0.06274530726497851,
      0.00020359596586179621,
      0.04179923628765345,
      0.03079844039637687,
      0.006862347275855761,
      0.0059039372177372654,
      0.0552915042801536,
      0.04192318271260751,
      0.022523676219659276,
      0.06659607003685228,
      0.06453781574651878,
      0.41070651460385116,
      0.06609720978033617,
      0.044032229581456604,
      0.028099529442148153,
      0.022259283781162865,
      0.019941200911202467,
      0.0057865855019276465,
      0.003892332993659902
    ],
    [
      0.05770240009718417,
      0.02880093915662183,
      0.051924722793345784,
      0.0004731920036029606,
      0.04222052040720013,
      0.02260465449828765,
      0.07750892386434441,
      0.03887826011473186,
      0.10965466379453903,
      0.033694917947260636,
      0.05723261560090703,
      0.03950415348272124,
      0.2572500810516931,
      0.073644912092226,
      0.03872998101295789,
      0.03513701217083659,
      0.009622271282266871,
      0.021832562108964473,
      0.0035832165203084827
    ],
    [
      0.025111242106384622,
      0.005364703293108101,
      0.015265054345240853,
      0.032441765235827515,
      0.00843384667551147,
      0.02439445268822169,
      0.03322792239481915,
      0.03513055282581211,
      0.02014289570314324,
      0.027195537676644614,
      0.010824766867346559,
      0.04442032087124893,
      0.025550073438484745,
      0.636953180286182,
      0.019276972937382206,
      0.020014715789519986,
      0.009276711200985138,
      0.004236749935601807,
      0.0027385357285351296
    ],
    [
      0.04432100271990181,
      0.002237827118411008,
      0.01847835785074665,
      0.07253754926614539,
      0.03688675281799813,
      0.05851311423274984,
      0.07908260199631392,
      0.05931864854719165,
      0.0370570471104016,
      0.08599268050746878,
      0.027472016362634914,
      0.0834688218981495,
      0.05956495162018457,
      0.06637950010176315,
      0.1829536631255449,
