{
  "poids_LS": 0.0175,
  "poids_EM": 0.9825,
  "mae_validation": 8.444029619685704,
  "matrice_de_transition": [
    [
      0.13981767440465656,
      0.005766620212129933,
      0.020898599116021016,
      0.10504387909593986,
      0.013483842714267712,
      0.08208898708751816,
      0.04245081553823496,
      0.03039769856435636,
      0.040848321611757665,
      0.040905119946921975,
      0.033079701139348335,
      0.1981763438993661,
      0.04873134794496445,
      0.07921746041983597,
      0.014837622994187812,
      0.04840768792707348,
      0.02298839637705041,
      0.01247828873791479,
      0.020381592268454665
    ],
    [
      0.014074455829942285,
      0.38944098657993304,
      0.004828964448111481,
      0.025592715655194314,
      0.0843909704945462,
      0.016774366752543977,
      0.021814729753498883,
      0.03420119886960098,
      0.060898651392161426,
      0.011708158213847306,
      0.005598378774231842,
      0.003710312455485164,
      0.018617573114894086,
      0.0003553527927697707,
      0.028195301883466507,
      0.0806190669338703,
      0.10485687275491092,
      0.017516642703543587,
      0.07680530059744793
    ],
    [
      0.045448161239502835,
      0.03877498089027424,
      0.18206423955162368,
      0.02672385363548462,
      0.015298992235047737,
      0.02611059964171031,
      0.04109765467599034,
      0.1652882173175247,
      0.002705181222731519,
      0.05202358357518291,
      0.013536458132869444,
      0.13058326564822378,
      0.04395498149649929,
      0.06586869723369475,
      0.04023052764827303,
      0.03127907618909002,
      0.06741336453874057,
      0.001708068582723065,
      0.009890096544813074
    ],
    [
      0.044426297324138025,
      0.034002732900321034,
      0.05019261777005926,
      0.09215729476721866,
      0.0243525198771505,
      0.06254471452217862,
      0.0314727758890803,
      0.005298115894306676,
      0.04150950427401955,
      0.05996223117619544,
      0.06432035234368136,
      0.05895072839886148,
      0.0779515902737791,
      0.07469446767722841,
      0.1146381959348574,
      0.05682132267567226,
      0.03540308863310214,
      0.04304995902301157,
      0.028251490645138367
    ],
    [
      0.014031400925060911,
      0.10926117862834964,
      0.02057046711851821,
      0.05377367602830782,
      0.2372740292836454,
      0.032782707117397884,
      0.03382455924419751,
      0.02359008174931476,
      0.1188224886913752,
      0.00729408223313503,
      0.005111504383567969,
      0.005726520671523748,
      0.030415323265685912,
      0.006484640886036449,
      0.0008926083771642916,
      0.021390716535558678,
      0.04683332749059389,
      0.09930423742260326,
      0.1326164499479635
    ],
    [
      0.03668975732234429,
      0.015071741480397017,
      0.06679134728018069,
      0.02851142630429443,
      0.025871759740082503,
      0.13205750260515547,
      0.0039719619801684945,
      0.024177899626531232,
      0.04099531670346955,
      0.049026503453007325,
      0.0318187715465697,
      0.08477512759510991,
      0.06760460925105521,
      0.08883555607082111,
      0.07248718533940267,
      0.07335658021479508,
      0.058972392433466185,
      0.08431015327668721,
      0.014674407776461975
    ],
    [
      0.03326578002231506,
      0.01572769556383815,
      0.08401441803926066,
      0.014778340399538443,
      0.03169814974795336,
      0.07096460812005462,
      0.016240520986835733,
      0.05766895760998351,
      0.0760439944357593,
      0.004561130807243132,
      0.09416879340869895,
      0.03778498504680308,
      0.09382462351367139,
      0.02218838855181133,
      0.102994966339491,
      0.10753444052939436,
      0.054421810524427155,
      0.05233489494942833,
      0.029783501403492427
    ],
    [
      0.022632348608579062,
      0.045366451215371424,
      0.08434675266073809,
      0.04435729165521279,
      0.0451075144510245,
      0.0408574334266818,
      0.03108130810335467,
      0.13874628660730157,
      0.010710434358235063,
      0.056297762340085045,
      0.12150044263882613,
      0.0893782886331627,
      0.007599162381234629,
      0.06524706287335552,
      0.002335842497104363,
      0.06053521444628914,
      0.02315408689022702,
      0.05878133854605954,
      0.051964977667157
    ],
    [
      0.010079049468377965,
      0.020962753804959607,
      0.033698360725399924,
      0.044171857356565945,
      0.07705746121309834,
      0.0138786366332518,
      0.03027921834885602,
      0.03361959622567262,
      0.24140033965900118,
      0.03316171676698993,
      0.003058235813700694,
      0.006111115520838475,
      0.09603947617302266,
      0.02925283731928353,
      0.04274388325152687,
      0.05916477525792366,
      0.07660236233257399,
      0.06052507666115234,
      0.08819324746780453
    ],
    [
      0.018328145621214365,
      0.014131899664759369,
      0.016665522518586738,
      0.01269648776456911,
      0.019837428293537112,
      0.09023397461286105,
      0.04784284257921411,
      0.08839353325015238,
      0.04515370860592537,
      0.20265610322865876,
      0.06823033346485104,
      0.0575966197940796,
      0.07945490098349267,
      0.005149108031490929,
      0.11312218224618044,
      0.058032680830450864,
      0.027411535138075586,
      0.028957201859980835,
      0.006105791511919707
    ],
    [
      0.019360407537696023,
      0.012447504272609194,
      0.021622095993782373,
      0.05562562707324155,
      0.0039702356010370265,
      0.02285375187731368,
      0.03825127815504779,
      0.09194523008026961,
      0.01761821284597132,
      0.02378650427119904,
      0.4413241754858847,
      0.13025047989055363,
      0.011384852365917417,
      0.06120666827394757,
      0.018987042401320684,
      0.011338449373820916,
      0.006764138691842678,
      0.002449672274646458,
      0.008813673533898482
    ],
    [
      0.08591953224786257,
      0.00027879168844489866,
      0.05723728174581117,
      0.042173474131624075,
      0.00939687275056207,
      0.008084485458434652,
      0.04991388475138958,
      0.023800283261079733,
      0.003008907504861757,
      0.06270584549753103,
      0.0883740821894839,
      0.3555366224060026,
      0.07638862550979937,
      0.0602950042700782,
      0.03847775285980566,
      0.020132264892502798,
      0.007268555684221357,
      0.005677813755005245,
      0.005329919395499447
    ],
    [
      0.07901408793795603,
      0.03943821982074,
      0.07110249497486025,
      0.0006479597819371551,
      0.05781416209069565,
      0.030953411908805042,
      0.07326578278331586,
      0.028835094165401795,
      0.12049779957087678,
      0.021929983597365487,
      0.07837079418521416,
      0.027922231531796658,
      0.12770195589283984,
      0.10084477509492969,
      0.05303443393063572,
      0.04251510823153934,
      0.012046978204846575,
      0.029158091827668466,
      0.004906634468575728
    ],
    [
      0.034385777518498806,
      0.007346091965823985,
      0.020903018667873363,
      0.04436011652995498,
      0.008768190386399402,
      0.029540828785056653,
      0.018847311859893315,
      0.03508186845176239,
      0.01825957570743332,
      0.029162218934130013,
      0.014822764386296856,
      0.042923917340573055,
      0.03498668592795995,
      0.6139288685910506,
      0.019293806061569347,
      0.013845620306232967,
      0.003991815004557785,
      0.005801542594743937,
      0.0037499809801892193
    ],
    [
      0.06069043229589342,
      0.003064341663886851,
      0.025303117196318586,
      0.09932842112054055,
      0.0505104315591403,
      0.08012422959397453,
      0.04883453941878599,
      0.05298069981772198,
      0.025979024045743017,
      0.07724462285608748,
      0.0376184753676499,
      0.06276737416230442,
      0.07122136763507954,
      0.0908959705226234,
      0.12330829392380604,
      0.022056415414845768,
