{
  "poids_LS": 0.9625,
  "poids_EM": 0.03749999999999998,
  "mae_validation": 5.898676598928292,
  "matrice_de_transition": [
    [
      0.33917994431805015,
      0.0002201000080965622,
      0.0007976564548099619,
      0.021653424908231418,
      0.0005146504852773933,
      0.0031331674460884774,
      0.14784093914915586,
      0.0836396423986275,
      0.08678776891481224,
      0.0674890919522481,
      0.0012625840129522256,
      0.1294395871237685,
      0.0018599751124032222,
      0.003023567191596791,
      0.0005663214883277788,
      0.03832446295454857,
      0.07301292214946443,
      0.00047627056251583143,
      0.0007779233690249867
    ],
    [
      0.0005371929706084838,
      0.6732479832675043,
      0.00018431162015692662,
      0.000976821208213523,
      0.0032210294081887842,
      0.0006402430058222888,
      0.0597007088485224,
      0.004638944634493067,
      0.05557670489487352,
      0.015444774189439615,
      0.00021367857916915415,
      0.043356137620565637,
      0.0052169903856052365,
      1.356308369350269e-05,
      0.029886444541516288,
      0.04088919364621827,
      0.04534445601782072,
      0.00658544053957554,
      0.014325381538012834
    ],
    [
      0.0017346626427291148,
      0.0014799611026822218,
      0.5018992901219222,
      0.011957192239483822,
      0.034745672555478974,
      0.006520453252862888,
      0.08069378235548509,
      0.17655217349482494,
      0.022653973767485028,
      0.007952625454436,
      0.0005166587073614288,
      0.0689292345294925,
      0.0016776710494847047,
      0.002514072413499798,
      0.0015355163224531681,
      0.02095677996315073,
      0.057237601968864425,
      6.519345735584213e-05,
      0.00037748460094706363
    ],
    [
      0.001695660203211374,
      0.0012978142328366798,
      0.0019157487698495891,
      0.28479938305803193,
      0.0009294854914942934,
      0.0023872028443579613,
      0.13443579107898007,
      0.09419616945090889,
      0.11149839081741114,
      0.09817466724842,
      0.0024549752802931805,
      0.12659701116108016,
      0.03759074208996491,
      0.002850933880810243,
      0.017439885848617775,
      0.06043422886516987,
      0.01858048030191502,
      0.0016431282069851736,
      0.001078301169661769
    ],
    [
      0.0005355496536282787,
      0.004170273993448457,
      0.0007851323327678701,
      0.002052430382759839,
      0.5382219872056531,
      0.0012512483632594604,
      0.10489356171218027,
      0.04296889896788144,
      0.08202087309959195,
      0.048595807523420305,
      0.00019509558715908267,
      0.04636573494983269,
      0.0011608902009803774,
      0.0002475053773296353,
      3.406902202917142e-05,
      0.0008164395624259032,
      0.02676638116431558,
      0.047219531961717166,
      0.05169858893961965
    ],
    [
      0.001400372416883369,
      0.0005752573084120995,
      0.002549288064129032,
      0.0010882223780265042,
      0.0009874717458046751,
      0.5609955535249791,
      0.07356086311561928,
      0.004780841085189681,
      0.038640887928744524,
      0.06882154318962565,
      0.001214456929258385,
      0.08823862736308051,
      0.0025803285973685177,
      0.0033906700790389713,
      0.026511540871351116,
      0.03654395529570382,
      0.05605113414148135,
      0.015724424655424975,
      0.01634456130987842
    ],
    [
      0.001269686260393704,
      0.000600293723810616,
      0.0032066571770710153,
      0.0005640587938755127,
      0.013862556161152059,
      0.0027085728290097166,
      0.5441162205450647,
      0.028824970749916173,
      0.03416995369344245,
      0.0808377795374577,
      0.00959679472606714,
      0.0941723387841211,
      0.06806595507426065,
      0.0008468850592294395,
      0.018151490400543594,
      0.07134362451641121,
      0.024527872031038872,
      0.00199751507440566,
      0.0011367748627287178
    ],
    [
      0.0008638300995640858,
      0.0017315439395179922,
      0.003219341704608322,
      0.003333674368202865,
      0.0017216608569093307,
      0.0015594440239191517,
      0.00855030973783719,
      0.7630940166115788,
      0.0014011251590384886,
      0.026858240033578194,
      0.004637421474764354,
      0.03929953723962777,
      0.017152781643869793,
      0.007591960017105975,
      0.020231536691616668,
      0.02747295616684388,
      0.048799489434564566,
      0.0022435625399259353,
      0.020237568256926436
    ],
    [
      0.0003846965445945786,
      0.0008001051070595263,
      0.0012861969742519047,
      0.0016859487540674012,
      0.0029411244737823773,
      0.0005297189554676257,
      0.12140254411954436,
      0.041725424211067876,
      0.5322272733345729,
      0.08651480567082051,
      0.00011672655777483558,
      0.07720176548337698,
      0.046970273269938,
      0.0011165205083695996,
      0.0016314459256307956,
      0.040751336893201345,
      0.027585494055596356,
      0.002310117429814973,
      0.012818481731068096
    ],
    [
      0.007596756246318537,
      0.0005393854833877619,
      0.0006360886457475851,
      0.016575578559549442,
      0.0007571537516617212,
      0.003444044832551946,
      0.08727137748067501,
      0.04246305274785429,
      0.012991348300655374,
      0.6012646875585838,
      0.0026042112009485112,
      0.06340114609108677,
      0.007857116322845265,
      0.006576054822408511,
      0.0043176405437473425,
      0.034429991893382896,
      0.10593608332882797,
      0.0011052367122130083,
      0.00023304547755418714
    ],
    [
      0.022588746227747855,
      0.0004750955829240147,
      0.000825270839457342,
      0.018346613044347194,
      0.03418433583541568,
      0.0008722806060043383,
      0.0390231221256488,
      0.12997260411183134,
      0.0006724508719836376,
      0.0009078818424121765,
      0.5756944711182435,
      0.0880343497845993,
      0.00043453634984417594,
      0.002336132376868226,
      0.0007246962748595677,
      0.06089200479494029,
      0.023585509517890083,
      9.349894178039909e-05,
      0.0003363997532022319
    ],
    [
      0.0032793714598420808,
      1.0640904139118263e-05,
      0.0021846290742676007,
      0.0016096745851764903,
      0.0003586592652886284,
      0.00030856814726849796,
      0.06909067892000091,
      0.08842722658822598,
      0.07259930914819632,
      0.0765785330056766,
      0.0033730565721177036,
      0.5522745398662552,
      0.03968904866322309,
      0.002301336040842678,
      0.0014686165213666272,
      0.027717294514328326,
      0.05245968677666344,
      0.006065697909124753,
      0.000203432037996162
    ],
    [
      0.0030158048831280906,
      0.0015052755656770982,
      0.0027138356860633667,
      2.47312893869143e-05,
      0.0022066474080418173,
      0.0011814279354505734,
      0.08839698399679503,
      0.06464940292810714,
      0.08183076821752143,
      0.06388418344887838,
      0.002991251686458554,
      0.06922380226245223,
      0.5896754588178073,
      0.003849037217363726,
      0.002024215035520446,
      0.016204539260354058,
      0.003400381820552915,
      0.0030349764156862953,
      0.00018727612475479864
    ],
    [
      0.0013124342564312511,
      0.00028038518953526646,
      0.000797825139995166,
      0.0018588260659910098,
      0.00757590809662923,
      0.011188657420871587,
      0.07012911169198735,
      0.035255478766769884,
      0.02497556588081398,
      0.02214895935555,
      0.0005657543658891927,
      0.048260148799021,
      0.0013353696919068674,
      0.6960344329378401,
      0.01923377850550578,
      0.03584484759569046,
      0.022837954271062878,
      0.0002214329234635089,
      0.00014312904504538995
    ],
    [
      0.002316428713583717,
      0.00011695960549186445,
      0.0009657678319205561,
      0.0037911611114710107,
      0.0019278790671427583,
      0.003058176702060094,
      0.15670027200657435,
      0.07558206415488741,
      0.06548367233292174,
