{
  "poids_LS": 0.76,
  "poids_EM": 0.24,
  "mae_validation": 6.422599679750902,
  "matrice_de_transition": [
    [
      0.29645945790803724,
      0.0014086400518179987,
      0.0051050013107837595,
      0.039522807948454655,
      0.003293763105775319,
      0.02005227165496627,
      0.12525734123252996,
      0.07223065443414084,
      0.07694360163558625,
      0.061792526522535356,
      0.008080537682894249,
      0.14416889214711082,
      0.011903840719380629,
      0.019350830026219474,
      0.003624457525297786,
      0.04048515402008962,
      0.06229338091251857,
      0.0030481316001013227,
      0.004978709561759918
    ],
    [
      0.0034380350118942984,
      0.6124321982630248,
      0.0011795943690043312,
      0.00625165573256655,
      0.020614588212408233,
      0.004097555237262651,
      0.051582284756731656,
      0.010973713399159047,
      0.056717122001435215,
      0.014644070766098406,
      0.0013675429066825873,
      0.03486060365661982,
      0.008088543827595704,
      8.680373563841726e-05,
      0.02952405682907705,
      0.049402737922143704,
      0.05809711674719719,
      0.008927841003282979,
      0.0277139356221775
    ],
    [
      0.01110184091346634,
      0.009471751057166225,
      0.4333632078568582,
      0.015121476824341134,
      0.03057852677252942,
      0.010718341764758764,
      0.07220889785273622,
      0.17413846859968918,
      0.018379232507894992,
      0.017396402194596053,
      0.0033066157271131463,
      0.0821408126263635,
      0.010737094716702115,
      0.01609006344639872,
      0.009827304463700282,
      0.023168700582994865,
      0.05941812251955217,
      0.00041723812707738985,
      0.0024159014460612086
    ],
    [
      0.0108522253005528,
      0.008306011090154755,
      0.012260792127037377,
      0.24351893556714338,
      0.005948707145563481,
      0.015278098203890962,
      0.11237228782400156,
      0.07514658654592271,
      0.09650077227239864,
      0.08998628809008616,
      0.01571184179387636,
      0.11210137914060474,
      0.04623949527221081,
      0.018245976837185564,
      0.03826809515281198,
      0.059660034681706095,
      0.022185324944312263,
      0.010516020524705115,
      0.006901127485835326
    ],
    [
      0.0034275177832209856,
      0.02668975355807014,
      0.005024846929714372,
      0.013135554449662978,
      0.47373313907950854,
      0.008007989524860551,
      0.08966448975475538,
      0.038816295278188584,
      0.08990693358354551,
      0.03974543781835917,
      0.0012486117578181298,
      0.03765733189019506,
      0.007429697286274421,
      0.0015840344149096667,
      0.00021804174098669717,
      0.005225213199525783,
      0.03106644109137522,
      0.058380540274764185,
      0.06903813058426476
    ],
    [
      0.008962383468053566,
      0.003681646773837439,
      0.016315443610425813,
      0.0069646232193696315,
      0.006319819173149924,
      0.4690802568993026,
      0.05864895572945126,
      0.00893735362976287,
      0.039145408380471314,
      0.06457974896035029,
      0.007772524347253668,
      0.08749644884137252,
      0.016514103023158522,
      0.021700288505849426,
      0.036363464685933586,
      0.04443237492122337,
      0.05667711806119238,
      0.03042136650283831,
      0.015986671267003465
    ],
    [
      0.00812599206651971,
      0.0038418798323879445,
      0.020522605933254508,
      0.0036099762808032834,
      0.017684469072609482,
      0.017334866105662195,
      0.4309999992111585,
      0.03500582507707346,
      0.04314296242393892,
      0.06449278338098315,
      0.027719365872345383,
      0.08208933441183866,
      0.07358566973984866,
      0.005420064379068416,
      0.03633223524460375,
      0.07909879937633617,
      0.03093371599390779,
      0.012784096476196232,
      0.0072753591214637986
    ],
    [
      0.005528512637210152,
      0.011081881212915156,
      0.02060378690949327,
      0.012124449501133562,
      0.011018629484219724,
      0.009980441753082577,
      0.013378380816162366,
      0.6293052173249479,
      0.0033959771302948974,
      0.03316670909925823,
      0.029679497438491877,
      0.05003069825252811,
      0.015105577516162257,
      0.019946624914873735,
      0.01639674507850689,
      0.03455772579815358,
      0.04330404603220652,
      0.014358800255525994,
      0.02703629884483298
    ],
    [
      0.0024620578854053043,
      0.005120672685180972,
      0.008231660635212194,
      0.010790072026031374,
      0.018823196632207224,
      0.003390201314992806,
      0.10187611716868257,
      0.039988461071340325,
      0.46990721611837893,
      0.07508200090571394,
      0.0007470499697589481,
      0.06196805477711873,
      0.057485102463456145,
      0.007145731253565442,
      0.010441253924037098,
      0.04469707368564184,
      0.03808910868637728,
      0.014784751550815838,
      0.02897021724608305
    ],
    [
      0.009896339683796215,
      0.003452067093681678,
      0.0040709673327845464,
      0.01574434481776794,
      0.004845784010635019,
      0.022041886928332467,
      0.07882240571607625,
      0.05230529856977531,
      0.01988328265178466,
      0.5158485623450284,
      0.01666695168607048,
      0.06215731902744238,
      0.023199498750126852,
      0.006270280510069028,
      0.027632899479983007,
      0.039487710951326034,
      0.0891093944308096,
      0.0070735149581632566,
      0.0014914910563467985
    ],
    [
      0.021896959365593893,
      0.0030406117307136956,
      0.005281733372526991,
      0.02633497319339598,
      0.02770988578519168,
      0.005582595878427768,
      0.038857726989091436,
      0.12182388110506812,
      0.004303685580695283,
      0.005810443791437933,
      0.5469008363398808,
      0.09708066337873236,
      0.0027810326390027276,
      0.014951247211956656,
      0.0046380561591012354,
      0.050273385776129,
      0.01998093005516564,
      0.0005983932273945545,
      0.002152958420494285
    ],
    [
      0.02098797734298933,
      6.810178649035692e-05,
      0.01398162607531265,
      0.010301917345129544,
      0.002295419297847223,
      0.0019748361425183884,
      0.06498136588386991,
      0.07457859587526607,
      0.057687080224624626,
      0.07360581425393113,
      0.021587562061553316,
      0.5101164146962011,
      0.04755324370177515,
      0.014728550661393149,
      0.00939914573674642,
      0.026091931023937143,
      0.04277587297114014,
      0.005982579876099145,
      0.0013019650431754374
    ],
    [
      0.01930115125201979,
      0.009633763620333434,
      0.01736854839080556,
      0.00015828025207625162,
      0.014122543411467639,
      0.007561138786883674,
      0.08515458373676378,
      0.05697490819324171,
      0.09011656065038329,
      0.05489399776641134,
      0.019144010793334755,
      0.06037346567731175,
      0.4906811367624571,
      0.024633838191127858,
      0.012954976227330862,
      0.021842518325608046,
      0.005253223902901557,
      0.008632786861111047,
      0.001198567198430712
    ],
    [
      0.008399579241160013,
      0.001794465213025706,
      0.005106080895969065,
      0.010966245451126146,
      0.007831397158722837,
      0.015121265570339815,
      0.05914015458511005,
      0.03521827655641113,
      0.023536425129375264,
      0.023651800693817147,
      0.0036208279416908348,
      0.04711667062935358,
      0.008546366028203956,
      0.6784403834349566,
      0.019246641553233686,
      0.03113072746223528,
      0.018799495856811788,
      0.0014171707101664577,
      0.0009160258882904963
    ],
    [
      0.014825143766935797,
      0.000748541475147933,
      0.006180914124291562,
      0.02426343111341448,
      0.01233842602971366,
      0.019572330893184615,
      0.13358618645204826,
      0.07073891465406625,
      0.05701839055709773,
      0.1017556900491087,
      0.009189245891334326,
      0.1207704871580213,
      0.03856140955560968,
