{
  "poids_LS": 0.43,
  "poids_EM": 0.5700000000000001,
  "mae_validation": 7.306909753654195,
  "matrice_de_transition": [
    [
      0.22684088746209027,
      0.0033455201230677477,
      0.01212437811311143,
      0.06864328401400363,
      0.007822687376216383,
      0.04762414518054489,
      0.0884544409239544,
      0.05363822960312551,
      0.060901254958329105,
      0.052509234711151626,
      0.019191276996873844,
      0.16817220403700206,
      0.028271621708528996,
      0.04595822131227125,
      0.008608086622582242,
      0.04400628020097133,
      0.04482449889675494,
      0.0072393125502406425,
      0.011824435209179807
    ],
    [
      0.00816533315324896,
      0.5133249930705396,
      0.002801536626385287,
      0.014847682364845557,
      0.04895964700446956,
      0.009731693688498796,
      0.03835226031085042,
      0.021297040274911017,
      0.05857557950842465,
      0.013339220742875696,
      0.0032479144033711453,
      0.021016029789448862,
      0.012768112399728318,
      0.00020615887214124105,
      0.028933499075472366,
      0.06327666192735554,
      0.0788792305284033,
      0.012745086203398804,
      0.04953232005563103
    ],
    [
      0.026366872169482563,
      0.02249540876076979,
      0.3216747774989762,
      0.020278088740404907,
      0.023787622533648675,
      0.01755934526562612,
      0.05838167866307138,
      0.17020502358539386,
      0.01141298749226678,
      0.03278626058596799,
      0.007853212351893723,
      0.1036707917471903,
      0.025500599952167528,
      0.03821390068519696,
      0.023339848101288172,
      0.0267733119634816,
      0.06297156341696925,
      0.0009909405518088012,
      0.0057377659343953715
    ],
    [
      0.025774035088812902,
      0.019726776339117548,
      0.029119381301713775,
      0.1762470952116213,
      0.014128179470713268,
      0.03628548323424104,
      0.07641694918625877,
      0.04410282181187113,
      0.0720602087175635,
      0.07664226279502362,
      0.03731562426045636,
      0.08847886769982996,
      0.060333759717352275,
      0.04333419498831572,
      0.07221036216705438,
      0.05839838490124662,
      0.02805988658377443,
      0.024975548746174654,
      0.0163901777788589
    ],
    [
      0.008140354735149843,
      0.06338816470041658,
      0.011934011458071634,
      0.03119694181794958,
      0.36864020139245823,
      0.01901897512154381,
      0.0648467428611741,
      0.03204908926535577,
      0.10275829140924758,
      0.02532261311381511,
      0.002965452924818059,
      0.02346586023745225,
      0.017645531054901752,
      0.003762081735410459,
      0.0005178491348434059,
      0.012409881348873738,
      0.03807394615769463,
      0.07656885011824822,
      0.09729516141257533
    ],
    [
      0.021285660736627222,
      0.008743911087863918,
      0.03874917857476132,
      0.016540980146002877,
      0.015009570536231072,
      0.3192923661019039,
      0.03434806961865892,
      0.015710929628326587,
      0.039967589857359424,
      0.05766719540153119,
      0.018459745324727463,
      0.08628697273192248,
      0.0392209946800015,
      0.051538185201392396,
      0.05241845164303096,
      0.05728757727392192,
      0.057697240004425186,
      0.054371938402326715,
      0.015403443048985024
    ],
    [
      0.019299231157984313,
      0.00912446460192137,
      0.04874118909147947,
      0.0085736936669078,
      0.02391277159498454,
      0.04117030700094772,
      0.2466624533336817,
      0.04507832842503348,
      0.0577656433180813,
      0.03785649334820981,
      0.057252444777391415,
      0.062398512471822855,
      0.0825807603059921,
      0.01287265290028749,
      0.06596011573122032,
      0.0917368621110287,
      0.04137286911858307,
      0.030362229130966055,
      0.017278977913476525
    ],
    [
      0.013130217513374114,
      0.0263194678806735,
      0.048933993910046526,
      0.026450157125168777,
      0.026169245025021846,
      0.023703549163571123,
      0.021246348499358948,
      0.4112790258948829,
      0.006646847009379416,
      0.043447177206292376,
      0.07048880641641822,
      0.06751851619947682,
      0.011769393011749979,
      0.0400801528964212,
      0.010147455042327988,
      0.04610327630843606,
      0.034348508635771186,
      0.03410215060687424,
      0.03811571165475477
    ],
    [
      0.005847387477837598,
      0.01216159762730481,
      0.019550194008628966,
      0.025626421061824518,
      0.04470509200149216,
      0.008051728123107916,
      0.07005527324875965,
      0.03715785447326579,
      0.3683486043586555,
      0.05645076351072549,
      0.001774243678177502,
      0.037142748440994175,
      0.07462037966770793,
      0.016971111727217925,
      0.02479797806958811,
      0.051127163273322646,
      0.055206110306909154,
      0.03511378493318762,
      0.05529156401129261
    ],
    [
      0.013643808989315394,
      0.008198659347493985,
      0.0096685474153633,
      0.014389741683012906,
      0.011508737025258172,
      0.05234948145478962,
      0.06505371098858197,
      0.06834451398327623,
      0.031114583075847205,
      0.37665191384886415,
      0.0395840102544174,
      0.06013034159039225,
      0.04820189974273389,
      0.005771981630700984,
      0.06562813626495966,
      0.04772991978649263,
      0.06168812363403893,
      0.016799598025637737,
      0.003542291258823647
    ],
    [
      0.020769602997639285,
      0.007221452860445028,
      0.012544116759751606,
      0.03935304158443846,
      0.01715893014778961,
      0.013258665211265952,
      0.03858819417396093,
      0.10854448064960212,
      0.010221253254151299,
      0.013799804004665092,
      0.49997787596032706,
      0.11182280405065292,
      0.006604952517631479,
      0.03550921212839706,
      0.011015383377865435,
      0.032968969597325405,
      0.014106800560355435,
      0.001421183915062067,
      0.005113276248673929
    ],
    [
      0.049846446189599665,
      0.0001617417429145977,
      0.03320636192886755,
      0.02446705369468267,
      0.005451620832387156,
      0.004690235838481173,
      0.05828470760276754,
      0.0520104569356277,
      0.03338567012695224,
      0.06876138369553109,
      0.051270459896189134,
      0.4414142847894462,
      0.06036896894978591,
      0.034980307820808736,
      0.022322971124772748,
      0.023443190521077434,
      0.0269948430658429,
      0.005847128266724079,
      0.0030921669775416643
    ],
    [
      0.04584023422354701,
      0.02288018859829191,
      0.0412503024281632,
      0.00037591559868109764,
      0.033541040602235644,
      0.017957704618848727,
      0.07987067220189803,
      0.044468324180868414,
      0.10361933350393596,
      0.040243324802390956,
      0.04546702563417005,
      0.045950694945971704,
      0.3293570563759605,
      0.058505365703928676,
      0.030768068539910803,
      0.03103033606157751,
      0.008272670259321565,
      0.017755144624025457,
      0.002846597096272941
    ],
    [
      0.019949000697755032,
      0.004261854880936053,
      0.012126942127926532,
      0.025807965930605633,
      0.008247749704356867,
      0.02152996033243619,
      0.04123222448501372,
      0.035157650732122805,
      0.021191158719623293,
      0.026100875467289533,
      0.008599466361515734,
      0.0452532247232289,
      0.020297619316984396,
      0.6497685990598874,
      0.019267603556938427,
      0.023448457615123142,
      0.01221830436692112,
      0.0033657804366453376,
      0.002175561484689929
    ],
    [
      0.03520971644647252,
      0.001777786003476341,
      0.014679671045192463,
      0.0576256488943594,
      0.029303761820569946,
      0.046484285871313466,
      0.09591878777059837,
      0.06284637472680213,
      0.04322311655205119,
      0.09086188240776594,
      0.021824458991919028,
      0.09499132582659157,
      0.053076946479818504,
      0.05273354015052961,
