{
  "poids_LS": 0.8825,
  "poids_EM": 0.11750000000000005,
  "mae_validation": 6.103539129284543,
  "matrice_de_transition": [
    [
      0.3223027151190327,
      0.0006896466920358955,
      0.00249932355840455,
      0.028712934257455417,
      0.001612571520535834,
      0.009817257997743906,
      0.1389190239228345,
      0.07913238789413893,
      0.08289871517487112,
      0.06523859696767022,
      0.003956096573916978,
      0.1352585718243482,
      0.005827922018863435,
      0.009473843867003288,
      0.0017744739967603751,
      0.03917806930142899,
      0.06877804166079447,
      0.0014923144292162732,
      0.002437493222944961
    ],
    [
      0.0016832046412399177,
      0.6492219941299321,
      0.0005775097431583707,
      0.0030607064524023745,
      0.010092558812324869,
      0.0020060947515765067,
      0.05649343019497544,
      0.0071415693316450625,
      0.05602724004808308,
      0.015128446911082595,
      0.000669526214730017,
      0.03999987728913025,
      0.0063514312515767805,
      4.249766223964181e-05,
      0.02974327902549091,
      0.04425256916263326,
      0.05038254420720402,
      0.007510833315361195,
      0.019614686855213694
    ],
    [
      0.005435276280551232,
      0.004637211455070967,
      0.47482330700485986,
      0.013207279976711402,
      0.03309939273999273,
      0.008178878343982248,
      0.07734172921859664,
      0.175598611067117,
      0.020965187097029703,
      0.011683500215980715,
      0.0016188639497324785,
      0.0741486234072687,
      0.005256702621718747,
      0.007877426895632708,
      0.004811284477019931,
      0.021830625146299035,
      0.05809904218642008,
      0.00020427283304830555,
      0.0011827850829674673
    ],
    [
      0.005313068636728977,
      0.004066484596221601,
      0.006002679478862052,
      0.2684910581233599,
      0.0029123878733487885,
      0.007479902245654953,
      0.1257193453486182,
      0.08667040830326002,
      0.10557340571320867,
      0.09493975202537452,
      0.007692255878251972,
      0.12087034172089234,
      0.04100753347060526,
      0.008932926159872104,
      0.02566831421570685,
      0.06012837437293727,
      0.020004616456936155,
      0.005148468381886882,
      0.0033786769982735465
    ],
    [
      0.0016780555813686083,
      0.013066858512805177,
      0.002460081309339329,
      0.006430948532647503,
      0.5127449114027318,
      0.003920578204879646,
      0.09887713822282722,
      0.04132836417689167,
      0.08513635378461064,
      0.045099365170803554,
      0.000611299506431793,
      0.042925378185531396,
      0.003637455963071853,
      0.0007755168489661914,
      0.00010674960235807054,
      0.002558177295601166,
      0.028465170271302107,
      0.051628819196501176,
      0.05854877823133131
    ],
    [
      0.004387833572901227,
      0.001802472899691247,
      0.007987769267604309,
      0.003409763451149717,
      0.0030940781368546514,
      0.5246833375740946,
      0.06766973920997264,
      0.006422920115144523,
      0.03884020465041437,
      0.06714577262991192,
      0.0038052983783429433,
      0.08794542103351685,
      0.00808502960508803,
      0.010624099580988788,
      0.03040365892155654,
      0.0396603679872671,
      0.0562984364307499,
      0.021530623903785802,
      0.016203172650964853
    ],
    [
      0.003978350282566943,
      0.0018809203346065986,
      0.01004752582148919,
      0.0017673842208099416,
      0.015372447681727831,
      0.00848686153089712,
      0.49942833063537334,
      0.03126678974336103,
      0.037714846031416366,
      0.07438049710527023,
      0.016756329006078305,
      0.08939880619260211,
      0.07024658309029543,
      0.00265357318558558,
      0.025334006882147615,
      0.07440739730057909,
      0.02705857581883894,
      0.0062588805664710746,
      0.0035618945698833197
    ],
    [
      0.002706667645300805,
      0.0054255043438230476,
      0.010087270674439418,
      0.006806573186150798,
      0.005394537351649242,
      0.004886257941613347,
      0.010457695842854544,
      0.7102391823255024,
      0.002189214826695342,
      0.02935047472619253,
      0.014530587287594989,
      0.04353900825706988,
      0.01634400964280015,
      0.01247281528535991,
      0.018716557288906633,
      0.030271877502669936,
      0.046628450065731755,
      0.0070298292917679375,
      0.02292348651387717
    ],
    [
      0.0012053825063963474,
      0.002506996002119852,
      0.004030083852655972,
      0.005282639429411196,
      0.009215523351184791,
      0.0016597860604652286,
      0.11368840013895698,
      0.0410392165509286,
      0.5076070038170641,
      0.08199814205991421,
      0.00036574321436115185,
      0.07118350940189223,
      0.05112427986490813,
      0.003498430926224749,
      0.005111863900309831,
      0.042310146490214876,
      0.03173507020602833,
      0.00723836794675359,
      0.01919941428020981
    ],
    [
      0.008505233653717127,
      0.0016900745146149888,
      0.0019930777566757687,
      0.016247189920820946,
      0.0023724150885400625,
      0.010791340475329442,
      0.08393351209219155,
      0.04635134739355148,
      0.01571408779739781,
      0.5675200454989076,
      0.008159861762972011,
      0.06290975762149886,
      0.013918304442265156,
      0.0064552550940768635,
      0.01352860703707502,
      0.03642810312615056,
      0.09928850252961084,
      0.0034630750316007627,
      0.0007302091630031204
    ],
    [
      0.022315447714304312,
      0.0014886328264952476,
      0.002585848630299674,
      0.02150250841187264,
      0.03162652840816669,
      0.0027331458988135962,
      0.038957780837132305,
      0.12675335551656686,
      0.0021070127322154,
      0.002844696439558156,
      0.5643192079959274,
      0.09160820206870125,
      0.0013615472295117528,
      0.00731988144752045,
      0.002270714994559981,
      0.05669699481220002,
      0.02216147812520882,
      0.00029296335091191745,
      0.001054052560033661
    ],
    [
      0.010275363907505197,
      3.3341499635903924e-05,
      0.006845171099371822,
      0.0050436470335530085,
      0.0011237990312377036,
      0.0009668468614412946,
      0.06746724660943064,
      0.0829561626028591,
      0.06670805821542725,
      0.07540412559757963,
      0.010568910592635483,
      0.5356194780706782,
      0.04279589114758934,
      0.007210852927973732,
      0.004601665100282103,
      0.02707517560454415,
      0.04863398255719744,
      0.0060328611553368576,
      0.0006374203857213082
    ],
    [
      0.009449521967134694,
      0.004716530105788246,
      0.008503351816331892,
      7.749137341233155e-05,
      0.006914161878531035,
      0.003701807531078467,
      0.08711603574591849,
      0.0616175037735924,
      0.08510416769717055,
      0.060332505154570414,
      0.009372588617570145,
      0.06572737299424858,
      0.5505665908453232,
      0.012060316614406354,
      0.006342540444630737,
      0.018431889014528476,
      0.004132368816048676,
      0.00524645708548373,
      0.000586798524231703
    ],
    [
      0.004112294003484591,
      0.0008785402605438358,
      0.0024998521053181894,
      0.00545681890950119,
      0.007676842047085963,
      0.012742280393501011,
      0.06578779530408521,
      0.03524078159724543,
      0.024407016448146836,
      0.022742674452149367,
      0.001772697013119472,
      0.04780840433693016,
      0.004184158367974855,
      0.6890836973317627,
      0.019238860203373596,
      0.0339824791479057,
      0.02124251390987726,
      0.0006938231601856619,
      0.000448471007808889
    ],
    [
      0.007258143302562321,
      0.00036647343054117565,
      0.0030260725400177457,
      0.011878971482609179,
      0.006040687743713982,
      0.009582286999788305,
      0.14756878141713192,
      0.07366872114221733,
      0.06213936348321349,
      0.10579960349172836,
      0.004498901634299099,
