{
  "poids_LS": 0.725,
  "poids_EM": 0.275,
  "mae_validation": 6.514802748409539,
  "matrice_de_transition": [
    [
      0.2890756701334671,
      0.0016140667260414571,
      0.005849480668606391,
      0.04261134328874015,
      0.0037741035587008868,
      0.022976561271315518,
      0.12135400332101437,
      0.07025873058842708,
      0.07524214062436202,
      0.06080793496678253,
      0.009258949428316328,
      0.14671469795361444,
      0.013639817490956972,
      0.022172826071709815,
      0.004153024247737047,
      0.0408586067968498,
      0.06044062069872546,
      0.003492650791782766,
      0.005704771372849906
    ],
    [
      0.003939415117795551,
      0.601920828015337,
      0.0013516185478174628,
      0.0071633555268991725,
      0.023620882326717767,
      0.004695115376030121,
      0.050179100345804854,
      0.012068611704163046,
      0.056914231130964395,
      0.01450567758181721,
      0.001566976247240465,
      0.03339223976161684,
      0.008584861706458254,
      9.946261375235313e-05,
      0.029461421915815945,
      0.050874214710575266,
      0.06030128033005239,
      0.009332700342689203,
      0.030028006698452875
    ],
    [
      0.012720859380013516,
      0.010853048086336302,
      0.4215174652431435,
      0.0156683902093782,
      0.02985827935325419,
      0.011443902742123485,
      0.07074237460534752,
      0.17372128503756695,
      0.017640388339570788,
      0.019028659902771864,
      0.0037888305206504806,
      0.08442429526039057,
      0.01230292102955451,
      0.018436531032331865,
      0.011260453031323241,
      0.023551007850622245,
      0.059795002614732765,
      0.0004780853539428426,
      0.002768220406945135
    ],
    [
      0.012434841490216751,
      0.009517304374135659,
      0.01404882431223033,
      0.2363840434082244,
      0.006816226937624822,
      0.017506154191958397,
      0.10855884281696823,
      0.07185406604382633,
      0.09390859128931008,
      0.08857101268000377,
      0.018003152055483335,
      0.10959596126052257,
      0.047734341501240965,
      0.02090684845927513,
      0.04186803256341345,
      0.05952622334135434,
      0.022808384512134006,
      0.012049606851224614,
      0.007907541910852979
    ],
    [
      0.00392736412660738,
      0.030582009285288703,
      0.005757637106964385,
      0.01505115614023883,
      0.46258691841573046,
      0.009175821330569383,
      0.08703230447816343,
      0.03809856130713055,
      0.09126995638324117,
      0.038215744289089346,
      0.0014307009724999406,
      0.03615217580581324,
      0.00851319480718944,
      0.00181503943375066,
      0.0002498394948805905,
      0.005987223457789961,
      0.031809661325681825,
      0.060309603439982186,
      0.0720350883993886
    ],
    [
      0.010269397723811378,
      0.004218553595022065,
      0.018694779136946248,
      0.007980297438861037,
      0.007241459469234288,
      0.4531936624207906,
      0.05607158902073086,
      0.009655763205368114,
      0.039232609446201876,
      0.06384659934047553,
      0.008906017481228162,
      0.08736817107218842,
      0.01892240971403581,
      0.024864913912952473,
      0.03806626633289846,
      0.045795805473782314,
      0.056785312812747374,
      0.03296157867399618,
      0.01592481372872878
    ],
    [
      0.009311032576220502,
      0.004402153974611187,
      0.02351548596518746,
      0.004136431155087096,
      0.018345046612861383,
      0.019862867412737933,
      0.41144904737566856,
      0.036074120886705585,
      0.04469385282180251,
      0.061667722316901125,
      0.030851662119850264,
      0.08000091390304911,
      0.07453969449686387,
      0.0062104904343492275,
      0.039474586205305515,
      0.08043919996940962,
      0.03204089890107032,
      0.014648443878974852,
      0.008336348993343937
    ],
    [
      0.006334754063469967,
      0.012697988889798619,
      0.023608505833794376,
      0.013643842733985783,
      0.012625512950668435,
      0.011435922842073787,
      0.014212862237107458,
      0.6061812273247895,
      0.00374076635989477,
      0.034257061777277005,
      0.03400775748160528,
      0.051885466822659036,
      0.014751739765694289,
      0.022081999094734833,
      0.015733941589821245,
      0.03578225388257748,
      0.042354216308342164,
      0.01645279195945687,
      0.028211388082248927
    ],
    [
      0.002821107993693578,
      0.005867437451769864,
      0.009432111144513974,
      0.012363624196494285,
      0.02156824614107078,
      0.0038846056734292574,
      0.09850117917717559,
      0.03968824522002938,
      0.4591358482044689,
      0.07310596057594244,
      0.0008559947570154615,
      0.059335067741469155,
      0.05930248034875557,
      0.00818781706137707,
      0.011963936787959175,
      0.04537905288433526,
      0.039904548252191266,
      0.01694086115197648,
      0.031761875236332546
    ],
    [
      0.010293798549533098,
      0.0039554935448435895,
      0.004664650068815627,
      0.015600674788324225,
      0.005552460845519293,
      0.025256328772047622,
      0.07736208960861472,
      0.05400642747726783,
      0.021074481181609477,
      0.5010852814439201,
      0.01909754880695576,
      0.06194233657199767,
      0.025851268552373054,
      0.006217430628923932,
      0.031662697320813865,
      0.04036188461566188,
      0.0862010778311521,
      0.0081050692228954,
      0.001709000168730707
    ],
    [
      0.021777391265962343,
      0.0034840342747761103,
      0.006051986156020512,
      0.027715677416688365,
      0.026590845035770246,
      0.006396724444031819,
      0.03882914017536547,
      0.12041545984463989,
      0.004931306394546679,
      0.006657800177689299,
      0.5419241587238676,
      0.09864422375302698,
      0.0031865998988572924,
      0.017131637430367004,
      0.005314439348970166,
      0.048438068908680125,
      0.019357916320867585,
      0.0006856589063895938,
      0.0024669315234830355
    ],
    [
      0.02404872403884194,
      7.803329702020065e-05,
      0.016020613211295748,
      0.01180428029129427,
      0.0026301679454499433,
      0.002262833079968987,
      0.06427111424799542,
      0.07218500538166805,
      0.05510965794153815,
      0.0730920110128887,
      0.024735748195529844,
      0.5028298251606361,
      0.048912487288685386,
      0.016876464299512985,
      0.01076985449002194,
      0.025811004000906565,
      0.04110212737512377,
      0.00596821379631694,
      0.001491834945305189
    ],
    [
      0.02211590247627268,
      0.01103868748163206,
      0.019901461697798037,
      0.00018136278883737166,
      0.016182080992306672,
      0.008663804859970876,
      0.0845941688770053,
      0.05564845231314151,
      0.09154867292272978,
      0.0533401385126516,
      0.021935845700696077,
      0.05884377787247265,
      0.47357100702449534,
      0.02822627292733401,
      0.014844243593816614,
      0.02281698384305935,
      0.0055734682134309516,
      0.009600309654147423,
      0.0013733582482018576
    ],
    [
      0.009624517880495849,
      0.0020561580565919553,
      0.005850717693297888,
      0.01254036732016185,
      0.00787555576204766,
      0.015800975620865187,
      0.057240828665402865,
      0.035211846544744185,
      0.023287684752583387,
      0.02391155104857937,
      0.004148865349854082,
      0.04691903242718884,
      0.0097927110739837,
      0.6753994366072977,
      0.019248864796050855,
      0.03031594126632945,
      0.018101490698793077,
      0.0016238414387323998,
      0.001049612996999527
    ],
    [
      0.016987143899613935,
      0.0008577037736070066,
      0.0070822974340840825,
      0.02780184815078743,
      0.01413777982571357,
      0.022426629148440708,
      0.1295911593191672,
      0.06990182708602308,
      0.05555525543535037,
      0.10060028620836023,
      0.01052934425048725,
      0.11803633368347571,
      0.040100936199086376,
