{
  "poids_LS": 0.6125,
  "poids_EM": 0.38749999999999996,
  "mae_validation": 6.81403630888978,
  "matrice_de_transition": [
    [
      0.2653420665723488,
      0.0022743667503311435,
      0.008242450033036277,
      0.05253877831108639,
      0.005318055014533067,
      0.03237606360958095,
      0.10880756003399998,
      0.06392040394149005,
      0.0697731588025698,
      0.0576431763947199,
      0.013046701467173006,
      0.15489764518880464,
      0.019219742828166637,
      0.031243527646500187,
      0.0058519887127203825,
      0.042058990722150386,
      0.05448532001153331,
      0.00492146247933026,
      0.008038541479924867
    ],
    [
      0.005550994029621002,
      0.5681342807906261,
      0.0019045534082882426,
      0.010093819151539741,
      0.03328397055128412,
      0.006615844393496987,
      0.04566886473925443,
      0.015587927684533032,
      0.05754779619016534,
      0.014060842346627649,
      0.0022080119847479275,
      0.028672498670535836,
      0.010180169174230735,
      0.0001401518648328612,
      0.02926009540890526,
      0.05560396153053384,
      0.06738609184637265,
      0.01063403393363778,
      0.03746609230076657
    ],
    [
      0.01792484730820086,
      0.015292931394382966,
      0.3834418639847746,
      0.017426326089854484,
      0.027543198362726663,
      0.01377606302651008,
      0.06602854988159815,
      0.17238033787360263,
      0.015265532084242988,
      0.024275202536194113,
      0.005338806642734767,
      0.09176406086976334,
      0.017335934178008622,
      0.02597874827283126,
      0.015867001998682743,
      0.02477985263942454,
      0.0610064029206704,
      0.000673665726010369,
      0.003900674209786326
    ],
    [
      0.017521822099850873,
      0.013410747072645697,
      0.019796070621779096,
      0.21345046146884186,
      0.009604683412107701,
      0.02466776272503228,
      0.09630134100864683,
      0.06127096442994511,
      0.08557658098652536,
      0.08402191314759609,
      0.025368077896362876,
      0.10154283236025843,
      0.052539204380266456,
      0.02945965010170586,
      0.05343925995463244,
      0.059096115461652235,
      0.02481107598013247,
      0.016978991472180134,
      0.011142445419838286
    ],
    [
      0.0055340130874922165,
      0.043092831265634075,
      0.008113034105267996,
      0.02120844728851835,
      0.42675978056787245,
      0.012929566420347764,
      0.07857170894626073,
      0.03579155925730119,
      0.0956511010965487,
      0.03329887223072205,
      0.002015987733977189,
      0.03131417410601456,
      0.011995865410130573,
      0.002557555565739566,
      0.00035204656096810477,
      0.00843654214506767,
      0.03419858350738163,
      0.0665101636138972,
      0.08166816709085811
    ],
    [
      0.014470514974461486,
      0.0059443255202583645,
      0.026342643329333344,
      0.01124496457294055,
      0.010203874706648314,
      0.40212960873985926,
      0.047787196028415295,
      0.011964936841242106,
      0.03951289858605009,
      0.061490046990878115,
      0.012549388269003318,
      0.08695584967123954,
      0.026663395506141364,
      0.035036924150069385,
      0.04353955734099983,
      0.050178260821293175,
      0.05713308165703128,
      0.04112654636700358,
      0.015725985927131585
    ],
    [
      0.013120091357401614,
      0.006203035146043035,
      0.033135457496400504,
      0.005828607536713635,
      0.020468331563671057,
      0.027988585899767084,
      0.3486067021901651,
      0.03950792884623741,
      0.049678857672078316,
      0.05258716889663749,
      0.04091975720111595,
      0.07328813369622554,
      0.07760620264441279,
      0.008751145612037546,
      0.04957500000756115,
      0.0847476304471457,
      0.03559970110266416,
      0.020640989102191833,
      0.01174667358153009
    ],
    [
      0.008926244362162224,
      0.017892620708352593,
      0.03326653094761934,
      0.018527606696725055,
      0.017790495521396426,
      0.01611425491383124,
      0.016895123947288107,
      0.5318541166099947,
      0.004849017455037219,
      0.03776176681376592,
      0.04792002190589834,
      0.057847222940937,
      0.013614404139190102,
      0.028945701815716915,
      0.01360350180476026,
      0.03971823701108286,
      0.039301192195921035,
      0.023183479579234677,
      0.0319884606310859
    ],
    [
      0.003975197627477314,
      0.008267752772948443,
      0.013290702067269688,
      0.01742147045869649,
      0.030391619562417913,
      0.005473762539832134,
      0.08765316420447461,
      0.03872326569795852,
      0.4245135941954723,
      0.06675440237310548,
      0.0012061744303399683,
      0.05087189512688125,
      0.06514405212293231,
      0.011537378586485868,
      0.01685827456485156,
      0.04757112888013553,
      0.04573988971373622,
      0.0238712134414214,
      0.04073506163356307
    ],
    [
      0.011571344903687362,
      0.0055736499950068755,
      0.006572916006058382,
      0.01513887826511228,
      0.007823922100504458,
      0.03558846326970346,
      0.07266821640605987,
      0.059474341822779504,
      0.02490333359890352,
      0.4536318785475004,
      0.0269101824098013,
      0.061251321536639675,
      0.034374814345307265,
      0.006047556010957554,
      0.044615618952055895,
      0.0431717285367414,
      0.07685291733225302,
      0.011420779359534424,
      0.0024081366013932685
    ],
    [
      0.021393065231432362,
      0.004909321023548154,
      0.008527798674392538,
      0.03215365527727103,
      0.022993928341201363,
      0.009013566262044834,
      0.03873725398838916,
      0.11588839150754923,
      0.006948659010497592,
      0.009381445704925828,
      0.5259276949581106,
      0.10366995352754535,
      0.0044902089483898205,
      0.024140034560971683,
      0.007488528173548869,
      0.04253883612045164,
      0.017355372174909567,
      0.0009661557317307911,
      0.0034761307830897315
    ],
    [
      0.03388683841836818,
      0.00010995600943755544,
      0.02257450043409855,
      0.01663330404682374,
      0.0037061457413158287,
      0.003188537521774481,
      0.06198816256125597,
      0.06449132165224589,
      0.04682508631733167,
      0.07144050059525231,
      0.03485491791188296,
      0.47940864451060605,
      0.05328148453232541,
      0.023780472422041017,
      0.015175704054121822,
      0.024908024284022577,
      0.03572223081649971,
      0.005922037111302713,
      0.002102131059293675
    ],
    [
      0.031163317125656953,
      0.015554514178663355,
      0.028042968755988138,
      0.0002555566569981146,
      0.022802023216432123,
      0.012208088666322597,
      0.08279283539921016,
      0.05138484412710516,
      0.09615189094098636,
      0.04834559091128102,
      0.030909600760071737,
      0.05392692421406128,
      0.41857416143818976,
      0.03977338457942518,
      0.02091688870037795,
      0.025949194434867123,
      0.006602824925846863,
      0.012710204346050063,
      0.0019351866224662534
    ],
    [
      0.013561820649789603,
      0.0028973136251977546,
      0.008244193113283386,
      0.017600044756348035,
      0.008017494129877442,
      0.017985757926125313,
      0.051135852494915486,
      0.035191178650100435,
      0.022488162112895217,
      0.02474646290317223,
      0.005846128447521659,
      0.046283766777373614,
      0.013798820149704303,
      0.6656249646612513,
      0.019256010933677473,
      0.02769698563663213,
      0.015857902690875808,
      0.0022881402091229266,
      0.001479000132135697
    ],
    [
      0.023936430040365088,
      0.0012085825900826,
      0.00997960092984575,
      0.039175331485200464,
      0.019921417027141845,
      0.03160115925462099,
      0.11675000067776384,
      0.06721118847445577,
      0.05085232111544814,
      0.09688648814881155,
      0.014836803262050212,
      0.10924798322957922,
      0.045049414695975745,
