{
  "poids_LS": 0.4175,
  "poids_EM": 0.5825,
  "mae_validation": 7.340946778493857,
  "matrice_de_transition": [
    [
      0.2242038203997438,
      0.003418886792433268,
      0.012390263598048084,
      0.06974633234981988,
      0.007994237537975514,
      0.04866853432924105,
      0.0870603916698417,
      0.052933971086799175,
      0.06029359031146331,
      0.052157594869811336,
      0.019612138334524586,
      0.16908142039646762,
      0.028891613412663403,
      0.04696607704280351,
      0.008796860452024834,
      0.0441396561926714,
      0.04416279882040026,
      0.007398069404412586,
      0.0120837429988548
    ],
    [
      0.00834439747678512,
      0.5095709322677939,
      0.0028629738331042622,
      0.015173289434250064,
      0.05003332347386582,
      0.009945108023772891,
      0.0378511230212337,
      0.021688075383841016,
      0.058645975626113636,
      0.01328979460563241,
      0.00331914059642753,
      0.020491614112662083,
      0.012945368785036371,
      0.00021067990003907527,
      0.0289111294635934,
      0.06380218935179538,
      0.07966643180799443,
      0.012889678824615313,
      0.05035877401144366
    ],
    [
      0.026945093050392267,
      0.022988729128330526,
      0.31744415513693525,
      0.02047341494934671,
      0.02353039131247895,
      0.017818474186113518,
      0.05785792036043256,
      0.1700560294560645,
      0.011149114575008136,
      0.03336920976745935,
      0.008025431921014198,
      0.10448632125934282,
      0.026059823635329094,
      0.03905192482303022,
      0.023851686875439225,
      0.02690985027334852,
      0.0631061634509623,
      0.0010126717042607484,
      0.005863594134711059
    ],
    [
      0.026339255156550025,
      0.02015938108339644,
      0.029757964224996967,
      0.17369891944057878,
      0.014438007967878032,
      0.03708121751569369,
      0.07505500454088973,
      0.042926921632551,
      0.07113442979503186,
      0.07613680729142276,
      0.03813394935388743,
      0.08758407559980061,
      0.06086763337057732,
      0.044284506281919135,
      0.07349605409941205,
      0.05835059513683527,
      0.028282407857996482,
      0.025523258148503043,
      0.01674961150207949
    ],
    [
      0.008318871286359268,
      0.06477825603156606,
      0.012195722235660924,
      0.03188108527886952,
      0.36465940829825183,
      0.019436057909296964,
      0.06390667669096269,
      0.03179275570426361,
      0.10324508526628176,
      0.024776293996218744,
      0.0030304847872044197,
      0.022928304493030176,
      0.018032494455228542,
      0.0038445835278536704,
      0.0005292054755197963,
      0.012682027869682371,
      0.03833938195566127,
      0.07725780124868321,
      0.09836550348940526
    ],
    [
      0.02175245154225501,
      0.008935663524001285,
      0.039598941262804326,
      0.01690372093867838,
      0.015338727784832628,
      0.3136185823595782,
      0.03342758150840163,
      0.01596750447675703,
      0.03999873309512034,
      0.05740535625157592,
      0.018864564301146924,
      0.08624115924292816,
      0.04008110421245767,
      0.05266840856107205,
      0.05302659508837555,
      0.05777451675697867,
      0.05773588098712339,
      0.05527915703488309,
      0.01538135107102978
    ],
    [
      0.01972245991144888,
      0.00932456250985824,
      0.0498100748171698,
      0.008761713264866303,
      0.024148692145074504,
      0.04207316461061762,
      0.23967997053529244,
      0.04545986264275924,
      0.05831953274588973,
      0.03684754296818051,
      0.05837112200864315,
      0.06165264800439801,
      0.08292148343349753,
      0.013154947920030635,
      0.06708238393147094,
      0.09221557660855492,
      0.041768291585426824,
      0.031028067489101273,
      0.01765790286771943
    ],
    [
      0.013418160879895474,
      0.026896649193846163,
      0.05000710781158263,
      0.02699279756547314,
      0.026743131977324953,
      0.02422336383821084,
      0.021544377578267906,
      0.40302045803768344,
      0.006769986019950798,
      0.04383658887701336,
      0.072034613574673,
      0.06818093354595214,
      0.011643022386582847,
      0.040842786532085874,
      0.009910739510654545,
      0.046540607767158876,
      0.03400928373439106,
      0.03485000478684955,
      0.038535386382403315
    ],
    [
      0.005975619659369124,
      0.012428299329657985,
      0.0199789263333796,
      0.026188403979846984,
      0.04568546682608629,
      0.00822830110826379,
      0.06884993825179288,
      0.037050634526369024,
      0.36450168724654475,
      0.05574503482152139,
      0.0018131525307691137,
      0.03620239592826218,
      0.075269443198172,
      0.01734328523000779,
      0.025341793378131708,
      0.05137072727285601,
      0.055854481580414145,
      0.03588382407645927,
      0.05628858472209599
    ],
    [
      0.013785758584221423,
      0.00837845450862324,
      0.009880576963945828,
      0.014338430958211579,
      0.011761121609145412,
      0.053497496398973596,
      0.06453216952163142,
      0.06895206002166641,
      0.031540011122213205,
      0.3713793135270397,
      0.04045208065473357,
      0.06005356214201914,
      0.04914896038639324,
      0.005753106673149164,
      0.0670673497795421,
      0.04804212466661257,
      0.06064943913416125,
      0.01716801026304207,
      0.0036199730846750424
    ],
    [
      0.02072690010491373,
      0.0073798180547530335,
      0.01281920703957072,
      0.0398461502356143,
      0.016759272737281956,
      0.013549425413267396,
      0.03857798459763022,
      0.10804147305659204,
      0.010445403544812512,
      0.01410243128546915,
      0.4982004910974651,
      0.11238121847004384,
      0.006749797967579537,
      0.03628792292068647,
      0.011256948802818625,
      0.03231349928752224,
      0.013884295655248988,
      0.0014523502289888668,
      0.005225409499741339
    ],
    [
      0.05093957000954702,
      0.00016528871096097044,
      0.03393457162029009,
      0.0250036118897415,
      0.0055711739208166985,
      0.004793091887570672,
      0.058031046304240934,
      0.051155603187914116,
      0.03246516216870707,
      0.06857788253801593,
      0.05239481208689503,
      0.4388119313838873,
      0.06085441308796814,
      0.03574741983442296,
      0.02281250996522829,
      0.023342859441423655,
      0.02639707678155134,
      0.005841997523944719,
      0.003159977656873718
    ],
    [
      0.046845502517923035,
      0.023381947120184272,
      0.04215491432351766,
      0.00038415936181006907,
      0.03427658973824958,
      0.018351513930665583,
      0.07967052403769857,
      0.04399458993797549,
      0.10413080217263113,
      0.03968837506890534,
      0.04646410952965623,
      0.045404377872814886,
      0.3232462957552599,
      0.05978837810971658,
      0.03144280688508428,
      0.03137835946066726,
      0.008387043227367778,
      0.018100688478681303,
      0.0029090224711912074
    ],
    [
      0.020386478783232114,
      0.0043553166107811415,
      0.012392883841258253,
      0.026370152312404093,
      0.00826352063411573,
      0.021772713921909534,
      0.040553893799404016,
      0.03515535429938461,
      0.021102322870769047,
      0.026193643451133182,
      0.008788051150145464,
      0.04518263965102721,
      0.02074274254762002,
      0.6486825466214377,
      0.01926839757223027,
      0.02315746254515677,
      0.011969016810485867,
      0.0034395914111331736,
      0.0022232711663717256
    ],
    [
      0.03598185935100043,
      0.0018167725386402957,
      0.015001593655832647,
      0.058889369264849736,
      0.029946388176284196,
      0.04750367810533349,
      0.09449199236599798,
      0.06254741488107243,
      0.04270056829428427,
      0.0904492381789272,
      0.022303065548759354,
      0.09401484244282529,
      0.053626777423917325,
      0.05388997743453244,
      0.21333903988869488,
