{
  "poids_LS": 0.2175,
  "poids_EM": 0.7825,
  "mae_validation": 7.889334848233442,
  "matrice_de_transition": [
    [
      0.18201074740220016,
      0.0045927535022816,
      0.01664443135703455,
      0.08739510572287985,
      0.010739040126121613,
      0.0653787607083796,
      0.06475560360403831,
      0.041665834825577765,
      0.05057095596161048,
      0.046531357408366655,
      0.02634591973693646,
      0.18362888214791684,
      0.038811480678813924,
      0.06309176873131973,
      0.011817241723106322,
      0.046273672059872435,
      0.03357559759872533,
      0.009938179071163688,
      0.016232667633654732
    ],
    [
      0.011209426653363701,
      0.44950595942386345,
      0.003845969140607871,
      0.020383002544722188,
      0.06721214698420601,
      0.013359737388158432,
      0.02983292638736629,
      0.027944637126720993,
      0.05977231350913753,
      0.012498976409739857,
      0.004458759685329686,
      0.012100963284073625,
      0.015781470949965227,
      0.00028301634640442297,
      0.02855321567352995,
      0.07221062814283284,
      0.09226165228145267,
      0.015203160764079448,
      0.0635820373044458
    ],
    [
      0.03619662714494755,
      0.03088185500930238,
      0.24975419734427945,
      0.023598634292415665,
      0.019414691773763343,
      0.021964536913911915,
      0.04947778751821144,
      0.16767212338679457,
      0.006927147898869827,
      0.04269639667132113,
      0.01078094502694182,
      0.11753479345378329,
      0.03500740256591419,
      0.05246031102836248,
      0.032041107261856126,
      0.029094463231219267,
      0.06525976399485142,
      0.0013603701434919066,
      0.007876845339762066
    ],
    [
      0.03538277624034402,
      0.027081056991858733,
      0.03997529099752811,
      0.1329281071038987,
      0.019395263922514266,
      0.04981296601893616,
      0.05326389021498501,
      0.024112518763428837,
      0.0563219670345257,
      0.0680495192338091,
      0.05122715084878439,
      0.07326740199933104,
      0.06940961182217821,
      0.05948948697957377,
      0.09406712501713471,
      0.057585958906253766,
      0.03184274824554931,
      0.03428660858575731,
      0.02250055107360893
    ],
    [
      0.011175136105710089,
      0.08701971732995785,
      0.016383094677089566,
      0.04282738065358867,
      0.3009667187909486,
      0.02610938251334742,
      0.04886561796758009,
      0.027691418726789187,
      0.11103378697882847,
      0.016035188114676885,
      0.004070994585386194,
      0.01432741258227696,
      0.024223908860457225,
      0.005164612206945059,
      0.000710906926342044,
      0.017036372202620522,
      0.04258635472312757,
      0.08828101933564322,
      0.11549097671868437
    ],
    [
      0.02922110443229965,
      0.01200370250219915,
      0.0531951442714925,
      0.022707573621486402,
      0.020605243762457565,
      0.22283804248236683,
      0.01869977174428506,
      0.02007270205164413,
      0.040497024899294944,
      0.05321592985229162,
      0.025341667923858315,
      0.08550814341901902,
      0.053842856731756435,
      0.07075198231594658,
      0.0627568902138891,
      0.06556554848588687,
      0.05835413671029478,
      0.06979465515578515,
      0.015027879423745878
    ],
    [
      0.02649411996688197,
      0.012526129036848193,
      0.06691224642821522,
      0.011770026832202372,
      0.02792342094651393,
      0.05651888636533611,
      0.12796024576106407,
      0.05156441012637137,
      0.0671817635908245,
      0.020704336887711824,
      0.07626995770867105,
      0.04971881652560054,
      0.08837305347358444,
      0.017671668235920982,
      0.08503867513548097,
      0.09987500856897465,
      0.048095051054926986,
      0.0416814812192648,
      0.023720702135605926
    ],
    [
      0.018025254744237267,
      0.036131550204608794,
      0.06717693023616035,
      0.03567504461034296,
      0.03592532321417472,
      0.032540398632446316,
      0.026312842840811285,
      0.2708833723224925,
      0.008740210189092929,
      0.0500671756085492,
      0.09676752810674956,
      0.07877961108955742,
      0.009621092383908738,
      0.053044924702720694,
      0.0061232910038794535,
      0.05353791110672401,
      0.02858168531230904,
      0.04681567166645454,
      0.04525018202478016
    ],
    [
      0.008027334563873544,
      0.016695526567308792,
      0.02683864352938976,
      0.03518013066820646,
      0.06137146401959231,
      0.011053468870757794,
      0.04956457830032445,
      0.03533511537602082,
      0.302951013452773,
      0.04445337579425566,
      0.002435694172234904,
      0.02115675572455033,
      0.08565445968559732,
      0.02329806127464566,
      0.034042838314829287,
      0.05526775126538983,
      0.06622842195649406,
      0.0482044503688058,
      0.07224091609495026
    ],
    [
      0.016056952102717893,
      0.011255177086691303,
      0.013273049741266283,
      0.013517459361390344,
      0.01579927495134126,
      0.07186573550591732,
      0.05618750605042276,
      0.07867279663590938,
      0.038346859864069285,
      0.28701770837784923,
      0.0543412070597923,
      0.05882509096804937,
      0.06430193068494294,
      0.005451107352320047,
      0.09009476601286126,
      0.05303740274853171,
      0.044030487136118415,
      0.02306260606151145,
      0.0048628822982973744
    ],
    [
      0.020043653821304876,
      0.009913661163681113,
      0.017220651516676545,
      0.047735888654427926,
      0.01036475416915949,
      0.018201588645290537,
      0.038414631376339006,
      0.09999335156843084,
      0.014031808195391912,
      0.018944467778334095,
      0.4697623332916749,
      0.12131584918029874,
      0.009067325166748477,
      0.04874729559731702,
      0.015121995602069654,
      0.02182597433067158,
      0.010324217173545834,
      0.001951011251817662,
      0.00701954151681991
    ],
    [
      0.06842955112870479,
      0.00022204019970293454,
      0.04558592668305062,
      0.033588543010682786,
      0.007484023335689384,
      0.006438788673002661,
      0.053972465527815254,
      0.03747794322449692,
      0.017737034836784415,
      0.06564186401777347,
      0.07038444713818946,
      0.39717427689494494,
      0.06862151929888374,
      0.04802121205225058,
      0.03064513141251697,
      0.021737562166963226,
      0.01683281623288635,
      0.005759905639474983,
      0.004244948526186582
    ],
    [
      0.06292979522793953,
      0.03141008347046213,
      0.056628704649188955,
      0.0005160595718736121,
      0.046045375914472615,
      0.024652462919735312,
      0.07646815341050721,
      0.03641484205168864,
      0.11231430087175395,
      0.03080917933313541,
      0.06241745185743519,
      0.03666330470230577,
      0.22547412582404988,
      0.08031657660232312,
      0.04223862040786,
      0.0369467338461033,
      0.010217010716107176,
      0.023629390153174886,
      0.003907828469883467
    ],
    [
      0.027386128150865458,
      0.005850704288302563,
      0.016647951254565807,
      0.03536513442117954,
      0.008515855510257566,
      0.025656771353483092,
      0.029700602829648665,
      0.0351186113755735,
      0.019680949289101184,
      0.027677931192631598,
      0.011805407768221159,
      0.04405327849580013,
      0.02786471423778998,
      0.631305707606244,
      0.019281101816899807,
      0.01850154142569487,
      0.007980415907521824,
      0.004620567002938555,
      0.002986626073280472
    ],
    [
      0.04833614582344692,
      0.002440557101263573,
      0.020152355426075616,
      0.07910889519269514,
      0.04022840986771225,
      0.063813953849654,
      0.07166326589239197,
      0.0577640573493972,
      0.03433979617001365,
      0.08384693051750734,
      0.029960770458204625,
      0.07839110830256485,
      0.06242407252949842,
      0.07239297397857791,
      0.16832366690625045,
      0.02971258009481806,
