{
  "poids_LS": 0.87,
  "poids_EM": 0.13,
  "mae_validation": 6.135833154109812,
  "matrice_de_transition": [
    [
      0.31966564805668624,
      0.0007630133614014161,
      0.0027652090433412033,
      0.029815982593271662,
      0.0017841216822949645,
      0.010861647146440062,
      0.1375249746687218,
      0.07842812937781261,
      0.0822910505280053,
      0.06488695712632993,
      0.004376957911567719,
      0.13616778818381375,
      0.006447913722997841,
      0.010481699597535548,
      0.0019632478262029676,
      0.03931144529312905,
      0.06811634158443979,
      0.0016510712833882166,
      0.002696801012619956
    ],
    [
      0.0018622689647760785,
      0.6454679333271865,
      0.000638946949877346,
      0.0033863135218068813,
      0.011166235281721126,
      0.0022195090868506024,
      0.055992292905358725,
      0.007532604440575059,
      0.05609763616577207,
      0.01507902077383931,
      0.0007407524077864016,
      0.03947546161234348,
      0.006528687636884833,
      4.7018690137476026e-05,
      0.029720909413611944,
      0.0447780965870731,
      0.051169745486795155,
      0.007655425936577703,
      0.020441140811026326
    ],
    [
      0.006013497161460935,
      0.005130531822631706,
      0.47059268464281895,
      0.013402606185653212,
      0.03284216151882301,
      0.008438007264469647,
      0.07681797091595782,
      0.17544961693778766,
      0.02070131417977106,
      0.012266449397472075,
      0.0017910835188529543,
      0.07496415291942123,
      0.005815926304880314,
      0.008715451033465972,
      0.005323123251170986,
      0.021967163456165954,
      0.05823364222041315,
      0.00022600398550025287,
      0.0013086132832831549
    ],
    [
      0.0058782887044661,
      0.004499089340500493,
      0.006641262402145246,
      0.2659428823523174,
      0.003222216370513552,
      0.008275636527107605,
      0.12435740070324915,
      0.0854945081239399,
      0.10464762679067703,
      0.09443429652177367,
      0.008510580971683031,
      0.119975549620863,
      0.04154140712383032,
      0.009883237453475515,
      0.026954006148064508,
      0.060080584608525923,
      0.020227137731158206,
      0.005696177784215272,
      0.003738110721494135
    ],
    [
      0.0018565721325780342,
      0.014456949843954658,
      0.002721792086928618,
      0.0071150919935674475,
      0.5087641183085253,
      0.004337660992632799,
      0.09793707205261581,
      0.04107203061579952,
      0.08562314764164482,
      0.044553046053207195,
      0.0006763313688181537,
      0.04238782244110933,
      0.004024419363398645,
      0.0008580186414094029,
      0.00011810594303446098,
      0.0028303238164097996,
      0.02873060606926875,
      0.05231777032693617,
      0.05961912030816125
    ],
    [
      0.0048546243785290155,
      0.001994225335828613,
      0.008837531955647317,
      0.0037725042438252173,
      0.003423235385456209,
      0.5190095538317688,
      0.06674925109971537,
      0.006679494963574966,
      0.038871347888175284,
      0.06688393347995665,
      0.004210117354762404,
      0.08789960754452253,
      0.008945139137544201,
      0.011754322940668442,
      0.031011802366901136,
      0.04014730747032386,
      0.056337077413448115,
      0.02243784253634218,
      0.01618108067300961
    ],
    [
      0.0044015790360315095,
      0.00208101824254347,
      0.011116411547179527,
      0.0019554038187684455,
      0.015608368231817797,
      0.009389719140567023,
      0.4924458478369841,
      0.031648323961086786,
      0.03826873545922478,
      0.07337154672524093,
      0.017875006237330043,
      0.08865294172517726,
      0.07058730621780085,
      0.0029358682053287257,
      0.026456275082398235,
      0.07488611179810532,
      0.0274539982856827,
      0.006924718924606293,
      0.003940819524126224
    ],
    [
      0.002994611011822166,
      0.00600268565699571,
      0.011160384575975523,
      0.00734921362645516,
      0.00596842430395235,
      0.005406072616253063,
      0.010755724921763505,
      0.701980614468303,
      0.0023123538372667248,
      0.029739886396913523,
      0.016076394445849768,
      0.04420142560354521,
      0.01621763901763302,
      0.013235448921024583,
      0.018479841757233186,
      0.03070920896139276,
      0.04628922516435163,
      0.007777683471743247,
      0.023343161241525724
    ],
    [
      0.0013336146879278732,
      0.0027736977044730267,
      0.004458816177406606,
      0.0058446223474336615,
      0.010195898175778914,
      0.0018363590456211033,
      0.11248306514199022,
      0.04093199660403184,
      0.5037600867049534,
      0.0812924133707101,
      0.00040465206695276357,
      0.07024315688916025,
      0.051773343395372214,
      0.0038706044290146143,
      0.005655679208853428,
      0.04255371048974824,
      0.03238344147953332,
      0.008008407090025246,
      0.0201964349910132
    ],
    [
      0.008647183248623156,
      0.0018698696757442422,
      0.0022051073052582965,
      0.01619587919601962,
      0.0026247996724273024,
      0.011939355419513421,
      0.08341197062524101,
      0.046958893431941665,
      0.016139515843763812,
      0.5622474451770832,
      0.009027932163288179,
      0.06283297817312575,
      0.014865365085924509,
      0.006436380136525043,
      0.014967820551657463,
      0.036740308006270504,
      0.09824981802973316,
      0.0038314872690050975,
      0.000807890988854516
    ],
    [
      0.022272744821578757,
      0.0016469980208032521,
      0.0028609389101187876,
      0.021995617063048492,
      0.031226870997659032,
      0.0030239061008150415,
      0.0389475712608016,
      0.12625034792355677,
      0.002331163022876612,
      0.003147323720362214,
      0.5625418231330656,
      0.09216661648809218,
      0.001506392679459811,
      0.008098592239809856,
      0.0025122804195131694,
      0.056041524502396856,
      0.021938973220102374,
      0.00032412966483871705,
      0.0011661858111010714
    ],
    [
      0.011368487727452553,
      3.6888467682276664e-05,
      0.007573380790794354,
      0.005580205228611837,
      0.001243352119667246,
      0.0010697029105307936,
      0.06721358531090403,
      0.08210130885514552,
      0.06578755025718208,
      0.07522062444006447,
      0.01169326278334138,
      0.5330171246651193,
      0.04328133528577156,
      0.007977964941587956,
      0.005091203940737644,
      0.026974844524890376,
      0.048036216272905885,
      0.0060277304125575,
      0.0007052310650533621
    ],
    [
      0.010454790261510721,
      0.00521828862768061,
      0.009407963711686344,
      8.573513654130297e-05,
      0.007649711014544971,
      0.004095616842895324,
      0.08691588758171903,
      0.06114376953069947,
      0.08561563636586574,
      0.05977755542108479,
      0.010369672513056327,
      0.06518105592109176,
      0.5444558302246226,
      0.013343329020194259,
      0.007017278789804217,
      0.018779912413618226,
      0.004246741784094888,
      0.005592000940139577,
      0.000649223899149969
    ],
    [
      0.004549772088961674,
      0.0009720019903889243,
      0.0027657938186499108,
      0.006019005291299654,
      0.007692612976844829,
      0.012985033982974358,
      0.0651094646184755,
      0.03523848516450724,
      0.024318180599292593,
      0.022835442435993017,
      0.0019612818017492022,
      0.047737819264728476,
      0.004629281598610476,
      0.687997644893313,
      0.019239654218665442,
      0.03369148407793933,
      0.02099322635344201,
      0.000767634134673498,
      0.0004961806894906855
    ],
    [
      0.008030286207090225,
      0.00040545996570513033,
      0.00334799515065793,
      0.013142691853099513,
      0.006683314099428233,
      0.010601679233808333,
      0.14614198601253156,
      0.07336976129648762,
      0.061616815225446576,
      0.10538695926288963,
      0.004977508191139427,
      0.12936354093516456,
