{
  "poids_LS": 0.31,
  "poids_EM": 0.69,
  "mae_validation": 7.634808240161258,
  "matrice_de_transition": [
    [
      0.20152504366356408,
      0.004049840148976747,
      0.014676878768503309,
      0.07923254803783962,
      0.009469568929104041,
      0.05765028100802801,
      0.07507156808447238,
      0.046877347846392664,
      0.05506767434841741,
      0.049133492234284815,
      0.023231545838320964,
      0.1769006810878716,
      0.03422354206821931,
      0.05563363632538098,
      0.010420315385231133,
      0.045286689721291955,
      0.03847217816374999,
      0.008763378350291302,
      0.014313789990059764
    ],
    [
      0.009884350659196108,
      0.4772860093641813,
      0.0033913338108874517,
      0.01797351023112883,
      0.05926694111067366,
      0.011780471307130119,
      0.033541342330529966,
      0.025050977320639004,
      0.059251382238238975,
      0.012864729825340163,
      0.003931685856712439,
      0.015981639292295787,
      0.01446977369868563,
      0.00024956073996044965,
      0.028718750801434295,
      0.068321725201978,
      0.08643636281247824,
      0.014133175367077285,
      0.0574662780314323
    ],
    [
      0.03191779262621573,
      0.027231284289352897,
      0.28106080282338275,
      0.022153220346246272,
      0.02131820281041931,
      0.020046982902305156,
      0.05335359895773871,
      0.1687746799438319,
      0.008879807486583796,
      0.038382572728285054,
      0.009506520215450296,
      0.11149987506385456,
      0.030869147310518583,
      0.04625893240839631,
      0.028253500333138306,
      0.028084079738204044,
      0.0642637237433027,
      0.0011995596153474958,
      0.006945716657425975
    ],
    [
      0.031200147739089298,
      0.02387978188419492,
      0.03524977736523246,
      0.15178460780961323,
      0.017102533043495006,
      0.04392453233618651,
      0.06334228059071595,
      0.03281418009039784,
      0.0631727310612598,
      0.07178988996045542,
      0.04517154515739454,
      0.07988886353954822,
      0.0654589467883128,
      0.0524571834069085,
      0.08455300471768798,
      0.0579396031628977,
      0.030196090816306125,
      0.030233559008527207,
      0.01984074152177656
    ],
    [
      0.009854113626760334,
      0.07673304147945165,
      0.014446434922928818,
      0.03776471904278106,
      0.3304245876880763,
      0.023022969883974082,
      0.05582210762714454,
      0.02958828707887111,
      0.10743151243677561,
      0.020077949584889995,
      0.0035897588037271232,
      0.018305325091000323,
      0.02136037969803896,
      0.004554098942865291,
      0.0006268700053367543,
      0.015022487948636627,
      0.04062212981817441,
      0.08318278097042422,
      0.10757044535014279
    ],
    [
      0.025766852470654,
      0.010584734474782637,
      0.04690690037997421,
      0.020023291755687688,
      0.01816948012280603,
      0.2648240421755771,
      0.025511383760188976,
      0.018174048173258846,
      0.040266564939864184,
      0.055153539561960604,
      0.022346007498354293,
      0.085847163237577,
      0.047478046191580754,
      0.062388329454317104,
      0.05825662871833908,
      0.06196219631126683,
      0.05806819343832802,
      0.06308123727486795,
      0.015191360060614681
    ],
    [
      0.023362227191244166,
      0.01104540451811534,
      0.05900249205810671,
      0.01037868180730944,
      0.02617760887584819,
      0.049837740053778806,
      0.1796306184691447,
      0.04874105691520075,
      0.06308298182504217,
      0.028170569699928594,
      0.06799174619740814,
      0.055238213584544366,
      0.08585170233004424,
      0.015582685089821696,
      0.07673389045362632,
      0.09633252128728052,
      0.04516892480028316,
      0.03675427736906416,
      0.02091665747420842
    ],
    [
      0.015894473831979186,
      0.03186040848713107,
      0.059235887364793155,
      0.03165950535209067,
      0.0316785597671317,
      0.028693770040112407,
      0.02410742765688497,
      0.3319967744657683,
      0.007828981510864693,
      0.04718552924521387,
      0.08532855513566415,
      0.07387772272563999,
      0.010556235010145514,
      0.047401435798802086,
      0.007874985938262934,
      0.05030165831217513,
      0.031091949582521976,
      0.04128155073463723,
      0.04214458904018087
    ],
    [
      0.007078416420540249,
      0.014721933969895294,
      0.023666024326235057,
      0.0310214570748402,
      0.05411669031759577,
      0.009746828780604316,
      0.0584840572778786,
      0.036128542983056865,
      0.3314182000823924,
      0.04967576809436606,
      0.0021477686630569756,
      0.02811536431876706,
      0.08085138956016312,
      0.020543977354000643,
      0.030018605031606655,
      0.053465377668842934,
      0.061430474532557094,
      0.04250616070859553,
      0.06486296283500516
    ],
    [
      0.015006525100413275,
      0.009924692894334824,
      0.011704031081755571,
      0.013897158724920165,
      0.013931629030575678,
      0.06337042491895584,
      0.06004691290585677,
      0.07417695595182201,
      0.035198692320960845,
      0.32603495075934985,
      0.04791748609745263,
      0.05939325888601039,
      0.0572936819218637,
      0.005590782038203513,
      0.07944458600495113,
      0.05072708663564411,
      0.05171675243521323,
      0.02033635550471936,
      0.004288036786997046
    ],
    [
      0.020359655227473968,
      0.008741758725801876,
      0.0151849834460151,
      0.044086884635726624,
      0.01332221900691613,
      0.016049963150479834,
      0.038490182241186194,
      0.10371560775670538,
      0.01237309604449894,
      0.016705025900384057,
      0.48291498127685284,
      0.11718358247680585,
      0.00799546883713284,
      0.042984835734375386,
      0.013334411457416052,
      0.02667645462321501,
      0.011970753471333542,
      0.0017203805287593441,
      0.00618975545892107
    ],
    [
      0.06034043486109432,
      0.00019579263615977614,
      0.04019717496652387,
      0.02961801236724744,
      0.006599330481310766,
      0.005677653909740366,
      0.05584955913691213,
      0.04380386095757738,
      0.024548793727798644,
      0.0669997725833856,
      0.06206424092696578,
      0.4164316920960807,
      0.06502923267633529,
      0.0423445831515053,
      0.027022543993145954,
      0.022480012156401174,
      0.02125628673664391,
      0.005797873136042235,
      0.0037431494991293827
    ],
    [
      0.0554908098495569,
      0.027697070408458622,
      0.04993457662356598,
      0.0004550557247192234,
      0.04060231230796946,
      0.02173827401229056,
      0.07794924982558321,
      0.0399204754490963,
      0.10852943272340963,
      0.034915807360929,
      0.05503903103083742,
      0.04070605104366624,
      0.27069375441723453,
      0.0708222847994926,
      0.03724555665357623,
      0.03437136069283913,
      0.009370650752565202,
      0.0210723656287216,
      0.003445880695488297
    ],
    [
      0.024148790318335035,
      0.005159087487448905,
      0.014679982575911063,
      0.031204955195870892,
      0.008399150630041968,
      0.023860394791380322,
      0.03472024990316051,
      0.03513560497783613,
      0.02033833457062257,
      0.02699144811218858,
      0.010409880332361149,
      0.04457560803009265,
      0.024570802331086373,
      0.6393424956507712,
      0.019275226103740144,
      0.020654904943445997,
      0.009825143825142695,
      0.004074365791728566,
      0.0026335744288351766
    ],
    [
      0.042622288329940416,
      0.002152056741050307,
      0.017770128107338242,
      0.06975736445106663,
      0.035472974835426774,
      0.05627045131790576,
      0.08222155188643476,
      0.059976360207796994,
      0.03820665327748881,
      0.08690049781091402,
      0.026419081937586186,
      0.08561708534243531,
      0.05835532354316716,
      0.06383533807695688,
      0.189143276910631,
