{
  "poids_LS": 0.8075,
  "poids_EM": 0.1925,
  "mae_validation": 6.2982307500805685,
  "matrice_de_transition": [
    [
      0.30648031274495385,
      0.0011298467082290198,
      0.004094636468024474,
      0.035331224272352905,
      0.0026418724910906204,
      0.01608359288992086,
      0.13055472839815827,
      0.07490683679618092,
      0.0792527272936763,
      0.06312875791962846,
      0.006481264599821429,
      0.14071386998114163,
      0.00954787224366988,
      0.01552097825019687,
      0.0029071169734159324,
      0.03997832525162938,
      0.06480784120266637,
      0.0024448555542479363,
      0.003993339960994934
    ],
    [
      0.0027575905824568855,
      0.6266976293134583,
      0.0009461329834722239,
      0.005014348868829421,
      0.016534617628702435,
      0.0032865807632210843,
      0.053486606457275154,
      0.009487779985225053,
      0.05644961675421704,
      0.014831890087622888,
      0.0010968833730683253,
      0.03685338322840958,
      0.0074149695634251,
      6.962382962664719e-05,
      0.02960906135421712,
      0.04740573370927231,
      0.05510575188475086,
      0.008378389042660247,
      0.024573410590089495
    ],
    [
      0.008904601566009461,
      0.00759713366043541,
      0.44943957283261393,
      0.014379237230362257,
      0.031556005412974375,
      0.009733651866906647,
      0.07419917940276373,
      0.1747046462911408,
      0.01938194959347784,
      0.015181195304928882,
      0.002652181364455336,
      0.07904180048018387,
      0.008612044720688156,
      0.012905571722632306,
      0.007882317121926267,
      0.022649855005500562,
      0.058906642390378496,
      0.0003346597477599898,
      0.0019377542848615947
    ],
    [
      0.008704389043151725,
      0.00666211306189496,
      0.00983417701856123,
      0.2532020034971049,
      0.004771358856337375,
      0.012254307934370877,
      0.11754767747640393,
      0.0796150072273392,
      0.10001873217801886,
      0.09190701900376941,
      0.012602206438838333,
      0.11550158912071626,
      0.044210775389955596,
      0.014634793921492589,
      0.033382465809852845,
      0.059841635786469206,
      0.021339744102268465,
      0.008434724795857228,
      0.0055352793375970846
    ],
    [
      0.002749154888625166,
      0.02140740649970209,
      0.004030345974875069,
      0.010535809298167182,
      0.488860152837493,
      0.006423074931398568,
      0.09323674120155875,
      0.03979036281033875,
      0.08805711692681567,
      0.04182145046522536,
      0.0010014906807499584,
      0.03970004371899895,
      0.005959236365032608,
      0.001270527603625462,
      0.00017488764641641338,
      0.004191056420452972,
      0.03005778505910197,
      0.05576252597911118,
      0.06497083069231098
    ],
    [
      0.007188578406667965,
      0.0029529875165154457,
      0.013086345395862373,
      0.005586208207202726,
      0.005069021628464001,
      0.49064063512014033,
      0.062146810548428945,
      0.007962369205727184,
      0.039027064076979846,
      0.0655747377301803,
      0.0062342122368597135,
      0.08767054009955094,
      0.013245686799825067,
      0.01740543973906673,
      0.034052519593624125,
      0.04258200488560768,
      0.05653028232693917,
      0.026973935699124072,
      0.016070620783233392
    ],
    [
      0.006517722803354351,
      0.0030815077822278305,
      0.016460840175631222,
      0.0028955018085609673,
      0.016787970982267617,
      0.013904007188916554,
      0.45753343384503775,
      0.03355599504971558,
      0.04103818259826691,
      0.06832679482509448,
      0.02346839239358876,
      0.08492361938805307,
      0.07229092185532802,
      0.004347343304044459,
      0.03206761608365137,
      0.07727968428573648,
      0.0294311106199015,
      0.010253910715282396,
      0.005835444295340756
    ],
    [
      0.0044343278444289765,
      0.008888592222859032,
      0.016525954083656064,
      0.01006241582797698,
      0.008837859065467904,
      0.00800514598945165,
      0.012245870316308312,
      0.6606877751823058,
      0.002928048890123641,
      0.031686944750518475,
      0.023805430237123695,
      0.04751351233592186,
      0.01558578589179736,
      0.017048617099347966,
      0.017296264098865973,
      0.03289586625500686,
      0.044593100657451,
      0.011516954371619809,
      0.025441534879768482
    ],
    [
      0.0019747755955855048,
      0.004107206216238905,
      0.006602477801159782,
      0.008654536937545998,
      0.015097772298749545,
      0.00271922397140048,
      0.10645639015715633,
      0.040395896869548024,
      0.48452550114439974,
      0.07776376992468956,
      0.000599196329910823,
      0.0655413943255003,
      0.055018661047692624,
      0.005731471942963948,
      0.008374755751571423,
      0.04377153048741506,
      0.0356252978470583,
      0.011858602806383537,
      0.025181538545030156
    ],
    [
      0.009356931223153304,
      0.0027688454813905123,
      0.003265255048170939,
      0.015939325572012983,
      0.0038867225918635053,
      0.017679430140433335,
      0.08080426329048832,
      0.049996623623892594,
      0.018266656075593843,
      0.5358844435679612,
      0.013368284164869033,
      0.0624490809312602,
      0.019600668304221296,
      0.006342005348765944,
      0.022163888124569705,
      0.03830133240687024,
      0.09305639553034478,
      0.005673548456026779,
      0.0011963001181114947
    ],
    [
      0.02205923035795099,
      0.002438823992343277,
      0.004236390309214359,
      0.024461160318927748,
      0.029228583945120765,
      0.004477707110822272,
      0.0388965233791481,
      0.1237353099585064,
      0.0034519144761826753,
      0.004660460124382509,
      0.5536548988187561,
      0.09495868858504684,
      0.0022306199292001045,
      0.011992146201256902,
      0.003720107544279116,
      0.052764172953381025,
      0.02082644869457014,
      0.0004799612344727156,
      0.0017268520664381248
    ],
    [
      0.016834106827189357,
      5.462330791414045e-05,
      0.011214429247907023,
      0.00826299620390599,
      0.0018411175618149604,
      0.0015839831559782906,
      0.065945278818271,
      0.07782704011657765,
      0.06118501046595626,
      0.0743031186524887,
      0.01731502373687089,
      0.5200053576373248,
      0.04570855597668269,
      0.011813525009659088,
      0.007538898143015358,
      0.026473189126621492,
      0.04504738485144807,
      0.006002076698660707,
      0.0010442844617136323
    ],
    [
      0.015481131733390874,
      0.007727081237142442,
      0.013931023188458624,
      0.00012695395218616015,
      0.01132745669461467,
      0.006064663401979613,
      0.08591514676072173,
      0.058775098316234835,
      0.08817297970934161,
      0.05700280675365669,
      0.015355091990487253,
      0.06244947055530766,
      0.5139020271211195,
      0.019758391049133805,
      0.01039097051567163,
      0.020520029409066984,
      0.00481860662432595,
      0.007319720213418822,
      0.0009613507737413002
    ],
    [
      0.006737162516347094,
      0.0014393106396143687,
      0.004095502385308521,
      0.00882993720029198,
      0.007771467625639152,
      0.014198801930341095,
      0.06171781119042695,
      0.03522700300081627,
      0.023874001355021383,
      0.02329928235521127,
      0.0029042057448978574,
      0.04738489390372001,
      0.00685489775178859,
      0.6825673827010651,
      0.019243624295124672,
      0.03223650872810748,
      0.019746788571265748,
      0.0011366890071126798,
      0.0007347290978996689
    ],
    [
      0.011891000729729755,
      0.0006003926415249045,
      0.004957608203858857,
      0.019461293705551202,
      0.009896445877999498,
      0.015698640403908493,
      0.1390080089895297,
      0.07187496206783911,
      0.05900407393661201,
      0.10332373811869591,
      0.0073705409753410745,
      0.12448112401633316,
