{
  "poids_LS": 0.65,
  "poids_EM": 0.35,
  "mae_validation": 6.713861350271768,
  "matrice_de_transition": [
    [
      0.27325326775938824,
      0.0020542667422345814,
      0.007444793578226316,
      0.04922963330363764,
      0.004803404529255673,
      0.029242896163492474,
      0.1129897077963381,
      0.06603317949046905,
      0.0715961527431672,
      0.05869809591874078,
      0.01178411745422078,
      0.15216999611040788,
      0.017359767715763415,
      0.028219960454903395,
      0.005285667224392604,
      0.04165886274705019,
      0.05647042024059736,
      0.0044451919168144284,
      0.00726061811089988
    ],
    [
      0.005013801059012519,
      0.5793964631988631,
      0.001720241788131316,
      0.009116997943326217,
      0.030062941143095337,
      0.005975601387674698,
      0.04717227660810457,
      0.014414822357743036,
      0.05733660783709836,
      0.014209120758357504,
      0.0019943334055787733,
      0.030245745700896172,
      0.009648400018306575,
      0.0001265887811393585,
      0.029327204244542153,
      0.05402737925721431,
      0.06502448800759922,
      0.010200256069988253,
      0.03498673043332867
    ],
    [
      0.016190184665471747,
      0.013812970291700744,
      0.39613373107089755,
      0.016840347463029058,
      0.028314892026235838,
      0.012998676265047882,
      0.0675998247895146,
      0.17282732026159073,
      0.01605715083601892,
      0.02252635499172003,
      0.004822147935373338,
      0.08931747233330575,
      0.01565826312852392,
      0.02346467585933146,
      0.014331485676229576,
      0.024370237709823776,
      0.06060260281869119,
      0.0006084722686545269,
      0.0035231896088392628
    ],
    [
      0.015826161896639497,
      0.012112932839809017,
      0.017880321851929507,
      0.22109498878196937,
      0.00867519792061341,
      0.022280559880674317,
      0.10038717494475397,
      0.06479866496790553,
      0.08835391775412026,
      0.08553827965839864,
      0.022913102616069696,
      0.10422720866034647,
      0.05093758342059129,
      0.026608716220895615,
      0.049582184157559446,
      0.059239484754886274,
      0.024143512157466317,
      0.01533586326519496,
      0.010064144250176517
    ],
    [
      0.004998463433863938,
      0.03892255727218562,
      0.007327901772500125,
      0.01915601690575851,
      0.43870215985049177,
      0.011678318057088303,
      0.08139190745689495,
      0.03656055994057764,
      0.09419071952544619,
      0.03493782958351115,
      0.001820892146818106,
      0.03292684133928079,
      0.010834975209150196,
      0.0023100501884099306,
      0.00031797753893893335,
      0.007620102582641767,
      0.03340227611348169,
      0.0644433102225922,
      0.07845714086036829
    ],
    [
      0.013070142557578117,
      0.005369068211846265,
      0.023793355265204312,
      0.010156742194914045,
      0.00921640296084364,
      0.4191509599668364,
      0.05054866035918715,
      0.011195212295950776,
      0.03941946887276735,
      0.06227556444074392,
      0.011334931339744931,
      0.0870932901382225,
      0.024083066908772845,
      0.031646254071030416,
      0.041715127004966046,
      0.04871744237212289,
      0.05701715870893665,
      0.03840489046933444,
      0.015792261860997317
    ],
    [
      0.01185040509700791,
      0.005602741422232419,
      0.029928800319329492,
      0.005264548742838122,
      0.019760569913401166,
      0.025280013070757366,
      0.3695541505853329,
      0.03836332619306013,
      0.04801718938865304,
      0.05561402003672537,
      0.03756372550736072,
      0.07552572709850007,
      0.07658403326189647,
      0.007904260552808106,
      0.04620819540680927,
      0.083311486954567,
      0.03441343370213288,
      0.018643474027786173,
      0.010609898718801372
    ],
    [
      0.008062414262598138,
      0.016161076768834604,
      0.03004718924301102,
      0.016899685375811966,
      0.016068834664487094,
      0.014554810889912092,
      0.016001036710561224,
      0.556629820181593,
      0.0044796004233230696,
      0.03659353180160295,
      0.04328260043113399,
      0.055859970901511014,
      0.013993516014691499,
      0.026657800908722887,
      0.014313648399780589,
      0.038406242634914406,
      0.04031886690006141,
      0.020939917039308743,
      0.030729436448140246
    ],
    [
      0.0035905010828827352,
      0.007467647665888917,
      0.012004505093017783,
      0.015735521704629087,
      0.027450495088635535,
      0.004944043584364509,
      0.09126916919537494,
      0.039044925538648814,
      0.4360543455318045,
      0.06887158844071781,
      0.0010894478725651327,
      0.05369295266507722,
      0.06319686153154007,
      0.010420858078116269,
      0.015226828639220766,
      0.04684043688153544,
      0.043794775893221234,
      0.02156109601160643,
      0.0377439995011529
    ],
    [
      0.011145496118969273,
      0.0050342645116191135,
      0.005936827360310797,
      0.01529281043951626,
      0.007066768348842736,
      0.03214441843715152,
      0.07423284080691149,
      0.05765170370760894,
      0.023627049459805507,
      0.46944967951297367,
      0.024305971208852785,
      0.06148165988175901,
      0.03153363241432919,
      0.006104180883613013,
      0.04029797840830855,
      0.042235113896381564,
      0.07996897083188605,
      0.010315542647321416,
      0.002175091123839081
    ],
    [
      0.02152117390960902,
      0.00443422544062414,
      0.007702527834935196,
      0.03067432932374347,
      0.024192900572724323,
      0.008141285656040496,
      0.03876788271738127,
      0.11739741428657946,
      0.006276208138513955,
      0.008473563862513652,
      0.5312598495466963,
      0.10199471026937255,
      0.004055672598545644,
      0.021803902184103458,
      0.0067638318986893015,
      0.044505247049861134,
      0.018022886890228906,
      0.000872656789950392,
      0.0031397310298874994
    ],
    [
      0.030607466958526102,
      9.931510529843717e-05,
      0.02038987135983095,
      0.015023629461647252,
      0.0033474864760272005,
      0.0028799693745059827,
      0.06274914645683578,
      0.06705588289538661,
      0.04958661019206716,
      0.07199100406779778,
      0.03148186133976525,
      0.48721570472728276,
      0.05182515211777874,
      0.02147913638119834,
      0.013707087532755194,
      0.025209017522983906,
      0.037515529669374395,
      0.005937429339640789,
      0.001898699021297513
    ],
    [
      0.02814751224252886,
      0.014049238612986258,
      0.02532913306992477,
      0.00023082536761120028,
      0.020595375808390305,
      0.011026660730872023,
      0.08339327989180853,
      0.052806046855783946,
      0.09461748493490084,
      0.05001044011173787,
      0.027918349073613184,
      0.05556587543353173,
      0.4369064433002916,
      0.03592434736206146,
      0.018892673664857505,
      0.024905124237597866,
      0.006259706021708226,
      0.011673572782082517,
      0.0017479104977114548
    ],
    [
      0.012249386393358352,
      0.002616928435662488,
      0.007446367973288221,
      0.01591348561095264,
      0.007970181340600846,
      0.017257497157705273,
      0.05317084455174462,
      0.03519806794831502,
      0.02275466965945794,
      0.024468158951641273,
      0.005280374081632467,
      0.04649552199397868,
      0.012463450457797435,
      0.6688831219766003,
      0.01925362888780193,
      0.028569970846531238,
      0.016605765360181563,
      0.0020667072856594177,
      0.001335871087090307
    ],
    [
      0.02162000132678137,
      0.0010916229845907355,
      0.009013833097925195,
      0.03538417037372945,
      0.017993537959999088,
      0.028542982552560894,
      0.12103038689156498,
      0.06810806801164487,
      0.052419965888748886,
      0.09812442083532778,
      0.013400983591529225,
      0.11217743338087806,
      0.04339992186367929,
