{
  "poids_LS": 0.2575,
  "poids_EM": 0.7424999999999999,
  "mae_validation": 7.77906137315538,
  "matrice_de_transition": [
    [
      0.1904493620017089,
      0.004357980160311934,
      0.015793597805237255,
      0.08386535104826785,
      0.010190079608492393,
      0.06203671543255189,
      0.06921656121719899,
      0.04391946207782205,
      0.05251548283158105,
      0.04765660490065558,
      0.02499916345645408,
      0.180719389797627,
      0.03682750722558382,
      0.05986663039361649,
      0.011213165468890025,
      0.04584686888643223,
      0.03569303784306031,
      0.009430157137813467,
      0.015402882706694746
    ],
    [
      0.010636420818047986,
      0.4615189539926495,
      0.003649370079107149,
      0.019341059922627763,
      0.06377638228213796,
      0.012676811515281324,
      0.031436565714139775,
      0.026693324778144997,
      0.059547045932532745,
      0.012657140048918367,
      0.004230835867549254,
      0.013779093449791316,
      0.015214250516979454,
      0.0002685490571313534,
      0.028624798431542642,
      0.07052894038462534,
      0.08974260818676102,
      0.014740464376186618,
      0.06093738464584537
    ],
    [
      0.03434632032603649,
      0.029303229833108006,
      0.2632921889028106,
      0.02297359042380187,
      0.02023783168150646,
      0.02113532436835223,
      0.05115381408665567,
      0.16814890460064855,
      0.0077715412340974895,
      0.040830959290548766,
      0.010229842405756296,
      0.11492509901489519,
      0.033217886779797166,
      0.04977863378729603,
      0.030403223184572743,
      0.028657540639645117,
      0.0648290438860736,
      0.0012908304556456748,
      0.007474195098751864
    ],
    [
      0.03357407202358522,
      0.025696721810166273,
      0.03793182564302188,
      0.14108226957123474,
      0.01840381273158702,
      0.04726661631828766,
      0.05762211308016596,
      0.027875399337253273,
      0.05928445958662693,
      0.06966697684533182,
      0.048608510549804994,
      0.07613073671942495,
      0.06770121613185802,
      0.05644849084004284,
      0.08995291083359018,
      0.057738886152370064,
      0.031130680168038743,
      0.03253393849830645,
      0.021350363159303037
    ],
    [
      0.010603883141839925,
      0.08257142507027948,
      0.015545620188803837,
      0.04063812157864484,
      0.31370525669240923,
      0.02477471759253733,
      0.05187382971225661,
      0.028511686122284073,
      0.10947604663631913,
      0.017783409290985257,
      0.003862892625749839,
      0.016047590964427604,
      0.02298562597941149,
      0.004900606471126782,
      0.0006745666361775944,
      0.01616550333603289,
      0.04173696016963431,
      0.08607637571825123,
      0.11206588207282854
    ],
    [
      0.027727373854290718,
      0.011390094706559576,
      0.05047590366975486,
      0.021546803084924796,
      0.019551940566932574,
      0.2409941504578091,
      0.021645333697108377,
      0.01925166253666671,
      0.04039736653846002,
      0.05405381513214848,
      0.024046247199316032,
      0.08565474658380084,
      0.05109050622789668,
      0.06713526756497167,
      0.060810831188786385,
      0.06400734214010523,
      0.0582304855656605,
      0.06689155553160472,
      0.015098573753202657
    ],
    [
      0.02513978795579535,
      0.011885815731450203,
      0.06349181210600613,
      0.011168364118735157,
      0.027168475186226042,
      0.05362974201439241,
      0.15030419071590975,
      0.05034350062964894,
      0.06540931742183755,
      0.023932978103805562,
      0.07269019056866545,
      0.05210558282136003,
      0.08728273946556707,
      0.01676832417274291,
      0.08144741689467895,
      0.0983431221768907,
      0.04682969916102696,
      0.03955079847323209,
      0.022508142282028624
    ],
    [
      0.017103835971368907,
      0.034284570002456265,
      0.0637429657512448,
      0.03393859520136899,
      0.03408888496680477,
      0.03087699167359922,
      0.025359149788302608,
      0.2973107894655307,
      0.008346165355264503,
      0.04882105826224203,
      0.09182094520033425,
      0.07665987558083637,
      0.01002547838444356,
      0.050604497068593726,
      0.006880780705234472,
      0.052138450438810977,
      0.029667204996725444,
      0.04442253829053354,
      0.04390722289630478
    ],
    [
      0.00761699158297266,
      0.015842081119778632,
      0.025466700090187724,
      0.03338178533053456,
      0.0582342645808911,
      0.010488435318258993,
      0.053421650290618135,
      0.03567821920609046,
      0.3152611482115273,
      0.0467117075997088,
      0.0023111858439417454,
      0.0241658837652927,
      0.08357745638811226,
      0.022107106065718085,
      0.03230262932748977,
      0.05448834646688306,
      0.06415363388127808,
      0.045740325110336495,
      0.0690504498203794
    ],
    [
      0.015602713399018598,
      0.01067983257107769,
      0.012594555185802192,
      0.01368165368075459,
      0.014991644282902089,
      0.06819208768452857,
      0.05785643874466449,
      0.0767286493130608,
      0.036985490115698065,
      0.30389002940768733,
      0.05156338177878055,
      0.059070785202843326,
      0.061271336625233,
      0.00551150721648587,
      0.08548928276619742,
      0.05203834713214788,
      0.047354277535726984,
      0.021883686901817575,
      0.0046143004555729075
    ],
    [
      0.020180303078026648,
      0.009406892541895496,
      0.01634036262125538,
      0.0461579409706652,
      0.011643657882783983,
      0.017271155998885908,
      0.03844730202059725,
      0.10160297586606307,
      0.013314527265276032,
      0.017976060479761104,
      0.4754499648528329,
      0.11952892303824775,
      0.008603819726914689,
      0.0462554210619909,
      0.014348986242219447,
      0.023923479322041707,
      0.011036232869886463,
      0.0018512790472519029,
      0.006660715113404195
    ],
    [
      0.06493155490487323,
      0.0002106899019545417,
      0.043255655670498515,
      0.031871556786494525,
      0.007101453452714846,
      0.006109649315916264,
      0.05478418168310039,
      0.04021347521718036,
      0.020682660303168947,
      0.06622906772182197,
      0.06678652012793057,
      0.40550180779273337,
      0.06706809805670062,
      0.045566453608685054,
      0.029078607123059232,
      0.02205862162185531,
      0.018745668342619346,
      0.00577632401636893,
      0.00402795435232401
    ],
    [
      0.059712936685936226,
      0.02980445620040656,
      0.05373394658405469,
      0.0004896795298609034,
      0.043691618679228,
      0.023392273121921364,
      0.07710862753594548,
      0.03793079162894601,
      0.11067760113192938,
      0.0325850184802894,
      0.059226783391879395,
      0.038411519336407594,
      0.24502855981029187,
      0.07621093690380182,
      0.04007945770330485,
      0.035833058969016084,
      0.009851017218359296,
      0.02252364981827617,
      0.0037080672701450147
    ],
    [
      0.025986198277338786,
      0.005551626752798278,
      0.015796937771904294,
      0.03356613799942445,
      0.008465388535029199,
      0.02487995986716838,
      0.03187126102359973,
      0.03512595996033572,
      0.019965224005434757,
      0.027381073644331913,
      0.01120193644460602,
      0.044279150726845545,
      0.026440319899755985,
      0.6347810754092829,
      0.0192785609679659,
      0.01943272564958725,
      0.008778136088114633,
      0.004384371884577479,
      0.0028339550918987226
    ],
    [
      0.04586528852895762,
      0.0023158001887389175,
      0.01912220307202702,
      0.07506499000712605,
      0.038172005529426636,
      0.0605518987007899,
      0.07622901118711319,
      0.05872072885573225,
      0.03601195059486777,
      0.0851673920497913,
      0.02842922947631557,
      0.08151585513061695,
      0.060664613508382204,
      0.06869237466976882,
      0.17732674150273933,
