{
  "poids_LS": 0.0075,
  "poids_EM": 0.9925,
  "mae_validation": 8.471888220765567,
  "matrice_de_transition": [
    [
      0.13770802075477936,
      0.00582531354762235,
      0.02111130750397034,
      0.10592631776459284,
      0.013621082843675018,
      0.08292449840647509,
      0.04133557613494478,
      0.029834291751295292,
      0.04036218989426502,
      0.04062380807384974,
      0.033416390209468926,
      0.19890371698693857,
      0.04922734130827198,
      0.08002374500426178,
      0.014988642057741886,
      0.04851438872043353,
      0.02245903631596666,
      0.012605294221252346,
      0.020589038500194664
    ],
    [
      0.014217707288771215,
      0.3864377379377365,
      0.004878114213486661,
      0.025853201310717923,
      0.08524991167006321,
      0.016945098220763254,
      0.02141381992180551,
      0.03451402695674497,
      0.060954968286312625,
      0.011668617304052678,
      0.00565535972867695,
      0.0032907799140557406,
      0.018759378223140527,
      0.0003589696150880381,
      0.028177406193963334,
      0.08103948887342219,
      0.10548663377858382,
      0.017632316800516794,
      0.07746646376209804
    ],
    [
      0.045910737944230604,
      0.03916963718432283,
      0.17867974166199088,
      0.026880114602638065,
      0.015093207258111958,
      0.02631790277810023,
      0.04067864803387928,
      0.16516902201406122,
      0.0024940828889246035,
      0.052489942920376,
      0.013674233788165825,
      0.1312356892579458,
      0.044402360443028546,
      0.06653911654396137,
      0.04063999866759387,
      0.03138830683698356,
      0.06752104456593502,
      0.0017254535046846227,
      0.009990759105065625
    ],
    [
      0.044878473378327725,
      0.03434881669574415,
      0.050703484108685824,
      0.09011875415038466,
      0.024600382674882314,
      0.06318130194734076,
      0.03038322017278506,
      0.004357395750850568,
      0.040768881135994244,
      0.059557866773314753,
      0.06497501241842621,
      0.058234894718838005,
      0.07837868919635915,
      0.07545471671211114,
      0.11566674948074353,
      0.05678309086414318,
      0.03558110565247978,
      0.043488126544874287,
      0.02853903762371484
    ],
    [
      0.014174214166028452,
      0.11037325169326923,
      0.02077983574058964,
      0.05432099079704378,
      0.23408939480828028,
      0.033116373347600404,
      0.03307250630802837,
      0.023385014900441037,
      0.11921192377700254,
      0.006857026939057938,
      0.005163529873477058,
      0.005296476075986086,
      0.030724893985947344,
      0.006550642319991019,
      0.0009016934497054041,
      0.021608433752205586,
      0.047045676128967207,
      0.09985539832695127,
      0.13347272360942744
    ],
    [
      0.03706318996684652,
      0.01522514342930691,
      0.06747115743061509,
      0.02880161893843483,
      0.02613508553896375,
      0.1275184756112949,
      0.003235571491962666,
      0.024383159505275587,
      0.04102023129367828,
      0.04881703213304311,
      0.03214262672770528,
      0.08473847680391446,
      0.06829269687702015,
      0.08973973475856482,
      0.07297370009567833,
      0.07374613180124048,
      0.059003305219624755,
      0.08503592818273233,
      0.014656734194097779
    ],
    [
      0.033604363025086716,
      0.015887773890187647,
      0.08486952661981292,
      0.014928756077905246,
      0.031886886188025335,
      0.07168689420779054,
      0.010654534748124316,
      0.057974184984164116,
      0.07648710597800604,
      0.003753970503219697,
      0.09506373519370033,
      0.03718829347286321,
      0.09409720201567574,
      0.022414224567605848,
      0.1038927808996915,
      0.10791741212741535,
      0.054738148497902164,
      0.05286756563593651,
      0.030086641366886754
    ],
    [
      0.022862703301796152,
      0.04582819626590956,
      0.08520524378196698,
      0.04479140400745628,
      0.045566624012866985,
      0.04127328516639358,
      0.03131973136648184,
      0.132139432321542,
      0.01080894556669217,
      0.05660929167666184,
      0.12273708836542997,
      0.08990822251034296,
      0.007498065881100923,
      0.06585716978188727,
      0.0021464700717656084,
      0.060885079613267404,
      0.02288270696912292,
      0.05937962189003979,
      0.052300717449275835
    ],
    [
      0.010181635213603187,
      0.021176115166842147,
      0.03404134658520043,
      0.04462144369098392,
      0.07784176107277363,
      0.0140198950213765,
      0.029314950351282596,
      0.033533820268155205,
      0.2383228059693126,
      0.03259713381562665,
      0.0030893628957739836,
      0.005358833510652882,
      0.09655872699739391,
      0.02955057612151542,
      0.04317893549836175,
      0.05935962645755035,
      0.07712105935137799,
      0.06114110797576967,
      0.08899086403644725
    ],
    [
      0.01844170529713919,
      0.014275735793662772,
      0.01683514615745276,
      0.012655439184728048,
      0.020039335960646904,
      0.09115238656820823,
      0.04742560940565368,
      0.08887957008086453,
      0.04549405104301818,
      0.19843802297119925,
      0.06892478978510398,
      0.057535196235381114,
      0.08021254949842015,
      0.005134008065449473,
      0.1142735530578464,
      0.05828244473454682,
      0.026580587538173443,
      0.029251931649904302,
      0.006167936972600823
    ],
    [
      0.019326245223515583,
      0.012574196428055597,
      0.021842168217637667,
      0.05602011399418223,
      0.003650509672630903,
      0.023086360038914837,
      0.038243110493983226,
      0.09154282400586156,
      0.017797533078500287,
      0.024028606095842286,
      0.43990226759559514,
      0.13069721142606636,
      0.011500728725875865,
      0.061829636907779095,
      0.019180294741283237,
      0.010814073125978383,
      0.006586134767757521,
      0.0024746053257878975,
      0.00890338013475241
    ],
    [
      0.08679403130382046,
      0.00028162926288199686,
      0.0578198494989492,
      0.04260272068767114,
      0.009492515221305705,
      0.008166770297706252,
      0.0497109557125683,
      0.02311640026290887,
      0.002272501138265624,
      0.0625590445715189,
      0.08927356394204862,
      0.3534547396815555,
      0.07677698082034515,
      0.06090869388096959,
      0.03886938393217009,
      0.020052000028779778,
      0.006790342656788108,
      0.0056737091607817584,
      0.005384167938965091
    ],
    [
      0.07981830257345685,
      0.03983962663825389,
      0.07182618449114382,
      0.0006545547924403323,
      0.0584026013995068,
      0.031268459358258525,
      0.07310566425195629,
      0.028456106771087453,
      0.12090697450583292,
      0.021486023810576987,
      0.07916846130160311,
      0.0274851778732712,
      0.12281334739627935,
      0.10187118501956001,
      0.0535742246067745,
      0.04279352695081114,
      0.012138476579283545,
      0.029434526911393148,
      0.0049565747685103405
    ],
    [
      0.03473575998688047,
      0.007420861349700056,
      0.021115772038538743,
      0.044809865635393756,
      0.008780807130206495,
      0.02973503165663533,
      0.018304647311405547,
      0.035080031305571836,
      0.018188507028349926,
      0.029236433321204937,
      0.01497363221720064,
      0.0428674492828117,
      0.035342784512468445,
      0.6130600266402909,
      0.01929444127380282,
      0.013612824250259871,
      0.0037923849594095824,
      0.005860591374334206,
      0.003788148725534657
    ],
    [
      0.061308146619515745,
      0.0030955308920180146,
      0.025560655284830733,
      0.10033939741693282,
      0.0510245326437117,
      0.08093974338119055,
      0.04769310309510569,
      0.05274153194113822,
      0.025560985439529484,
      0.0769145074730165,
      0.03800136061312216,
      0.0619861874552914,
      0.0716612323903586,
      0.09182112034982567,
      0.12105752527468383,
