{
  "poids_LS": 0.575,
  "poids_EM": 0.42500000000000004,
  "mae_validation": 6.9145728948060015,
  "matrice_de_transition": [
    [
      0.25743086538530935,
      0.0024944667584277064,
      0.009040106487846242,
      0.05584792331853515,
      0.005832705499810462,
      0.03550923105566944,
      0.10462541227166183,
      0.06180762839251103,
      0.06795016486197239,
      0.056588256870699016,
      0.014309285480125234,
      0.15762529426720134,
      0.021079717940569866,
      0.034267094838096986,
      0.006418310201048163,
      0.04245911869725058,
      0.052500219782469264,
      0.0053977330418460935,
      0.008816464848949856
    ],
    [
      0.0060881870002294875,
      0.5568720983823892,
      0.00208886502844517,
      0.011070640359753267,
      0.036504999959472914,
      0.007256087399319278,
      0.04416545287040429,
      0.01676103301132303,
      0.05775898454323232,
      0.013912563934897796,
      0.002421690563917082,
      0.027099251640175497,
      0.010711938330154897,
      0.00015371494852636392,
      0.02919298657326836,
      0.057180543803853366,
      0.06974769568514606,
      0.011067811797287306,
      0.039945454168204476
    ],
    [
      0.019659509950929983,
      0.016772892497065192,
      0.3707499968986516,
      0.018012304716679917,
      0.026771504699217488,
      0.014553449787972282,
      0.06445727497368169,
      0.17193335548561453,
      0.014473913332467054,
      0.026024050080668198,
      0.0058554653500961975,
      0.09421064940622093,
      0.019013605227493333,
      0.028492820686331067,
      0.01740251832113592,
      0.025189467569025306,
      0.061410203022649615,
      0.0007388591833662113,
      0.004278158810733391
    ],
    [
      0.01921748230306225,
      0.014708561305482381,
      0.02171181939162869,
      0.20580593415571433,
      0.010534168903601999,
      0.027054965569390247,
      0.09221550707253968,
      0.0577432638919847,
      0.08279924421893045,
      0.08250554663679352,
      0.02782305317665606,
      0.09885845606017038,
      0.05414082533994163,
      0.03231058398251611,
      0.05729633575170545,
      0.0589527461684182,
      0.02547863980279863,
      0.018622119679165314,
      0.012220746589500057
    ],
    [
      0.006069562741120496,
      0.04726310525908254,
      0.008898166438035867,
      0.023260877671278195,
      0.4148174012852531,
      0.014180814783607228,
      0.07575151043562647,
      0.035022558574024726,
      0.09711148266765121,
      0.03165991487793295,
      0.002211083321136272,
      0.029701506872748328,
      0.013156755611110954,
      0.002805060943069202,
      0.0003861155829972763,
      0.009252981707493576,
      0.03499489090128155,
      0.0685770170052022,
      0.08487919332134795
    ],
    [
      0.01587088739134486,
      0.006519582828670465,
      0.028891931393462383,
      0.012333186950967058,
      0.011191346452452991,
      0.3851082575128821,
      0.04502573169764343,
      0.01273466138653344,
      0.03960632829933283,
      0.06070452954101231,
      0.013763845198261706,
      0.0868184092042566,
      0.02924372410350989,
      0.03842759422910837,
      0.04536398767703363,
      0.05163907927046346,
      0.05724900460512592,
      0.04384820226467272,
      0.015659709993265852
    ],
    [
      0.014389777617795321,
      0.006803328869853653,
      0.03634211467347153,
      0.006392666330589149,
      0.021176093213940952,
      0.03069715872877681,
      0.3276592537949972,
      0.04065253149941468,
      0.05134052595550359,
      0.04956031775654961,
      0.04427578889487119,
      0.07105054029395101,
      0.07862837202692907,
      0.009598030671266989,
      0.05294180460831304,
      0.0861837739397244,
      0.036785968503195446,
      0.022638504176597497,
      0.012883448444258812
    ],
    [
      0.009790074461726313,
      0.019624164647870593,
      0.03648587265222767,
      0.020155528017638154,
      0.01951215637830576,
      0.0176736989377504,
      0.017789211184014993,
      0.5070784130383963,
      0.005218434486751369,
      0.03893000182592889,
      0.05255744338066271,
      0.05983447498036299,
      0.013235292263688707,
      0.031233602722710953,
      0.012893355209739929,
      0.04103023138725133,
      0.03828351749178065,
      0.02542704211916062,
      0.03324748481403156
    ],
    [
      0.004359894172071894,
      0.009067857880007971,
      0.014576899041521596,
      0.019107419212763894,
      0.0333327440362003,
      0.006003481495299761,
      0.08403715921357427,
      0.038401605857268234,
      0.41297284285914004,
      0.06463721630549316,
      0.001322900988114804,
      0.048050837588685266,
      0.06709124271432457,
      0.012653899094855472,
      0.018489720490482364,
      0.04830182087873563,
      0.0476850035342512,
      0.02618133087123638,
      0.043726123765973256
    ],
    [
      0.011997193688405452,
      0.006113035478394638,
      0.007209004651805969,
      0.014984946090708301,
      0.00858107585216618,
      0.03903250810225541,
      0.07110359200520824,
      0.061296979937950066,
      0.02617961773800154,
      0.43781407758202723,
      0.029514393610749815,
      0.06102098319152034,
      0.037215996276285336,
      0.005990931138302095,
      0.048933259495803245,
      0.044108343177101245,
      0.07373686383261997,
      0.012526016071747435,
      0.002641182078947456
    ],
    [
      0.0212649565532557,
      0.005384416606472171,
      0.009353069513849883,
      0.03363298123079858,
      0.021794956109678396,
      0.009885846868049174,
      0.03870662525939706,
      0.11437936872851899,
      0.007621109882481232,
      0.010289327547338007,
      0.5205955403695249,
      0.10534519678571813,
      0.004924745298233998,
      0.026476166937839916,
      0.008213224448408439,
      0.04057242519104213,
      0.01668785745959022,
      0.0010596546735111903,
      0.003812530536291964
    ],
    [
      0.037166209878210274,
      0.00012059691357667372,
      0.024759129508366156,
      0.018242978632000237,
      0.004064805006604458,
      0.00349710566904298,
      0.06122717866567616,
      0.06192676040910516,
      0.04406356244259616,
      0.07088999712270685,
      0.03822797448400067,
      0.4716015842939293,
      0.054737816946872096,
      0.026081808462883705,
      0.016644320575488453,
      0.024607031045061244,
      0.033928931963625016,
      0.005906644882964638,
      0.0023055630972898377
    ],
    [
      0.03417912200878505,
      0.01705978974434046,
      0.030756804442051512,
      0.00028028794638502893,
      0.02500867062447395,
      0.013389516601773174,
      0.08219239090661178,
      0.04996364139842637,
      0.0976862969470719,
      0.04668074171082415,
      0.0339008524465303,
      0.052287972994590814,
      0.40024187957608776,
      0.04362242179678892,
      0.022941103735898406,
      0.02699326463213638,
      0.006945943829985501,
      0.01374683591001761,
      0.0021224627472210527
    ],
    [
      0.014874254906220857,
      0.003177698814733022,
      0.009042018253278555,
      0.019286603901743433,
      0.008064806919154035,
      0.018714018694545358,
      0.04910086043808635,
      0.035184289351885854,
      0.02222165456633249,
      0.02502476685470318,
      0.006411882813410854,
      0.04607201156076853,
      0.015134189841611174,
      0.6623668073459026,
      0.019258392979553007,
      0.02682400042673302,
      0.015110040021570048,
      0.002509573132586436,
      0.0016221291771810874
    ],
    [
      0.02625285875394881,
      0.0013255421955744647,
      0.01094536876176631,
      0.042966492596671485,
      0.02184929609428461,
      0.034659335956681095,
      0.11246961446396271,
      0.06631430893726666,
      0.0492846763421474,
      0.09564855546229532,
      0.016272622932571205,
      0.10631853307828038,
      0.0466989075282722,
