{
  "poids_LS": 0.0625,
  "poids_EM": 0.9375,
  "mae_validation": 8.318791410842035,
  "matrice_de_transition": [
    [
      0.14931111582910386,
      0.005502500202414058,
      0.01994141137024906,
      0.10107290508700136,
      0.01286626213193484,
      0.07832918615221199,
      0.047469392853040714,
      0.032933029223131176,
      0.043035914340474546,
      0.042171023375747026,
      0.03156460032380566,
      0.19490316500529,
      0.04649937781008058,
      0.07558917978991982,
      0.014158037208194476,
      0.047927534356953246,
      0.025370516651927265,
      0.011906764062895793,
      0.01944808422562468
    ],
    [
      0.013429824265212104,
      0.40295560546981735,
      0.0046077905039231684,
      0.024420530205338086,
      0.08052573520471966,
      0.016006075145557228,
      0.02361882399611905,
      0.03279347247745298,
      0.06064522536848105,
      0.011886092307923129,
      0.005341964479228857,
      0.005598208891917567,
      0.017979450127785093,
      0.00033907709233756746,
      0.028275832486230782,
      0.07872716820588688,
      0.10202294814838282,
      0.016996109267164154,
      0.07383006635652245
    ],
    [
      0.0433665660682279,
      0.036999027567055566,
      0.19729448005497122,
      0.026020679283294105,
      0.016225024631258748,
      0.025177735527955672,
      0.04298318456549008,
      0.16582459618311043,
      0.003655123724862638,
      0.04992496652181401,
      0.012916467684035728,
      0.12764735940447466,
      0.041941776237117645,
      0.062851810337495,
      0.038387908061329225,
      0.030787538273569098,
      0.0669288044163655,
      0.0016298364338960542,
      0.009437115023676597
    ],
    [
      0.04239150508028437,
      0.03244535582091702,
      0.04789371924623975,
      0.10133072754297168,
      0.023237137287357348,
      0.05968007110894907,
      0.03637577661240886,
      0.009531356539859162,
      0.04484230839513344,
      0.06178187098915851,
      0.061374382007329545,
      0.06217197995896714,
      0.0760296451221689,
      0.07127334702025612,
      0.11000970497836977,
      0.0569933658275531,
      0.034602012045902755,
      0.04107820517462936,
      0.026957529241544244
    ],
    [
      0.013388741340706976,
      0.10425684983621147,
      0.019628308319196767,
      0.051310759568996014,
      0.2516048844227886,
      0.03128120908148653,
      0.037208797456958584,
      0.0245128825692465,
      0.11707003080605217,
      0.009260831056481948,
      0.00487738967897707,
      0.00766172135144322,
      0.029022255024509457,
      0.006187634433240886,
      0.0008517255507292859,
      0.020410989060647592,
      0.04587775861791396,
      0.09682401335303725,
      0.1287632184713757
    ],
    [
      0.035009310422084244,
      0.014381432710302495,
      0.06373220160322585,
      0.027205559450662622,
      0.02468679364511689,
      0.15248312407752804,
      0.007285719177094722,
      0.02325423017218163,
      0.040883201047530265,
      0.04996912439284629,
      0.03036142323145964,
      0.08494005615548947,
      0.06450821493421298,
      0.08476675197597433,
      0.0702978689361621,
      0.07160359807579074,
      0.058833284895752624,
      0.08104416619948425,
      0.014753938897100853
    ],
    [
      0.03174215650984262,
      0.01500734309526541,
      0.08016642942677543,
      0.014101469846887827,
      0.030848835767629486,
      0.06771432072524296,
      0.04137745906103711,
      0.05629543442617078,
      0.07404999249564896,
      0.008193352175348587,
      0.09014155537619266,
      0.040470097129532506,
      0.09259802025465182,
      0.021172126480736003,
      0.09895480081858875,
      0.10581106833829991,
      0.052998289643789616,
      0.049937876860141533,
      0.028419371568217965
    ],
    [
      0.021595752489102157,
      0.04328859848794983,
      0.0804835426152081,
      0.04240378607011708,
      0.04304152142273329,
      0.038986100597978815,
      0.03000840341928241,
      0.1684771308932195,
      0.010267133920178083,
      0.054895880325489484,
      0.1159355368691089,
      0.08699358618585151,
      0.008054096631836304,
      0.06250158178496268,
      0.0031880184111287586,
      0.058960821194886985,
      0.024375296535195476,
      0.05608906349814842,
      0.05045414864762221
    ],
    [
      0.00961741361486447,
      0.020002627676488173,
      0.03215492435629763,
      0.04214871885168506,
      0.07352811184455947,
      0.013242973886690648,
      0.03461842433793641,
      0.03400558803450096,
      0.25524924126259985,
      0.03570234004812472,
      0.002918163944370891,
      0.009496384566673642,
      0.09370284746335196,
      0.027913012709240008,
      0.04078614814076991,
      0.05828794485960354,
      0.074268225747956,
      0.057752935745374365,
      0.08460397290891232
    ],
    [
      0.017817127079552658,
      0.013484637084694055,
      0.015902216143689637,
      0.012881206373853888,
      0.018928843791543044,
      0.0861011208137987,
      0.04972039186023605,
      0.08620636751194771,
      0.04362216763900775,
      0.22163746438722662,
      0.06510528002371282,
      0.0578730258082228,
      0.07604548266631898,
      0.0052170578786774795,
      0.10794101359368362,
      0.05690874326201905,
      0.03115079933763522,
      0.02763091780532522,
      0.005826136938854682
    ],
    [
      0.019514137951508016,
      0.011877389573100375,
      0.02063177098643356,
      0.05385043592900848,
      0.00540900227886458,
      0.02180701515010847,
      0.03828803262983831,
      0.0937560574151059,
      0.01681127179959095,
      0.022697046060304427,
      0.44772276099218744,
      0.12824018798074627,
      0.010863408746104405,
      0.05840330942170569,
      0.018117406871489203,
      0.013698142489112313,
      0.007565156350225888,
      0.0023374735445099784,
      0.008409993830055803
    ],
    [
      0.08198428649605206,
      0.0002660226034779567,
      0.05461572685669005,
      0.04024186462941228,
      0.008966481632215716,
      0.007714203681712454,
      0.05082706542608536,
      0.026877756752848595,
      0.0063227361545443546,
      0.06336644966458557,
      0.08432641430294265,
      0.3649050946660146,
      0.07464102661234336,
      0.057533401021066986,
      0.0367154130341657,
      0.020493456779256396,
      0.00942051430767098,
      0.005696284429010936,
      0.005085800949904053
    ],
    [
      0.07539512207820231,
      0.03763188914192748,
      0.06784589215158421,
      0.0006182822346728579,
      0.055166185201045465,
      0.02953569838626435,
      0.07398631617443392,
      0.030540537439816336,
      0.11865651236357413,
      0.02392780263791372,
      0.0747812921614639,
      0.029888972995161207,
      0.1497006941273621,
      0.09622593043409321,
      0.05060537588801118,
      0.04126222399481622,
      0.01163523551988021,
      0.02791413395090741,
      0.004681903118869969
    ],
    [
      0.0328108564107813,
      0.007009629738381665,
      0.019945628499879162,
      0.0423362455554805,
      0.008711415039267489,
      0.0286669158629526,
      0.02128930232808827,
      0.03509013560961989,
      0.01857938476330859,
      0.02882825419229287,
      0.014143859147229824,
      0.043178023600499146,
      0.0333842422976717,
      0.6178386573694691,
      0.0192909476065187,
      0.014893202558111895,
      0.004889250207724694,
      0.005535823086587726,
      0.003578226126134751
    ],
    [
      0.05791071783959296,
      0.002923990137296613,
      0.024144195798013916,
      0.09477902778677533,
      0.04819697667856899,
      0.0764544175515024,
      0.053971002875347326,
      0.0540569552623489,
      0.027860197773703906,
      0.07873014207990696,
      0.035895491763024714,
      0.06628271434386301,
      0.06924197623632378,
      0.08673279630021316,
      0.13343675284485604,
      0.023779052467839536,
