{
  "poids_LS": 0.07,
  "poids_EM": 0.9299999999999999,
  "mae_validation": 8.297933750196579,
  "matrice_de_transition": [
    [
      0.15089335606651175,
      0.005458480200794745,
      0.019781880079287068,
      0.10041107608551159,
      0.01276333203487936,
      0.07770255266299428,
      0.048305822405508334,
      0.03335558433292698,
      0.043400513128594026,
      0.0423820072805512,
      0.031312083521215214,
      0.19435763518961066,
      0.04612738278759993,
      0.07498446635160046,
      0.01404477291052892,
      0.0478475087619332,
      0.025767536697740075,
      0.011811509950392625,
      0.01929249955181968
    ],
    [
      0.013322385671090406,
      0.40520804195146476,
      0.004570928179891783,
      0.02422516596369538,
      0.0798815293230819,
      0.01587802654439277,
      0.023919506369889078,
      0.03255885141209498,
      0.06060298769786765,
      0.0119157479902691,
      0.005299228763395026,
      0.005912858297989635,
      0.017873096296600256,
      0.0003363644755988669,
      0.02828925425335816,
      0.07841185175122298,
      0.10155062738062812,
      0.016909353694434248,
      0.07333419398303487
    ],
    [
      0.04301963353968207,
      0.03670303534651912,
      0.19983285347219581,
      0.025903483557929017,
      0.01637936336396058,
      0.02502225817566323,
      0.04329743954707337,
      0.16591399266070803,
      0.0038134474752178245,
      0.04957519701291918,
      0.012813135942563442,
      0.12715804169718314,
      0.0416062420272207,
      0.06234899585479503,
      0.03808080479683859,
      0.03070561528764894,
      0.06684804439596966,
      0.0016167977424248856,
      0.009361618103487183
    ],
    [
      0.0420523730396421,
      0.032185792974349675,
      0.04751056949226983,
      0.10285963300559717,
      0.023051240189058485,
      0.059202630540077475,
      0.03719294339963028,
      0.010236896647451244,
      0.04539777574865241,
      0.06208514429131902,
      0.06088338695127091,
      0.06270885521898474,
      0.07570932093023386,
      0.07070316024409407,
      0.10923828981895517,
      0.0570220396861999,
      0.03446849928136952,
      0.04074957953323232,
      0.026741869007611888
    ],
    [
      0.01328163140998132,
      0.10342279503752178,
      0.01947128185264319,
      0.05090027349244404,
      0.2539933602793125,
      0.031030959408834637,
      0.03777283715908543,
      0.02466668270590179,
      0.11677795449183168,
      0.009588622527039768,
      0.004838370561545253,
      0.007984254798096465,
      0.02879007698431338,
      0.006138133357774959,
      0.0008449117463234516,
      0.02024770114816241,
      0.04571849713913398,
      0.09641064267477625,
      0.12812101322527772
    ],
    [
      0.03472923593870757,
      0.014266381248620076,
      0.06322234399040003,
      0.02698791497505732,
      0.024489299295955953,
      0.15588739432292345,
      0.007838012043249094,
      0.023100285263123365,
      0.04086451510487371,
      0.050126227882819445,
      0.030118531845607963,
      0.08496754424888606,
      0.06399214921473928,
      0.08408861796016653,
      0.06993298286895536,
      0.07131143438595668,
      0.058810100306133685,
      0.08049983501995042,
      0.014767194083873999
    ],
    [
      0.03148821925776387,
      0.014887284350503285,
      0.07952509799136122,
      0.013988658088112723,
      0.030707283437575505,
      0.067172606159441,
      0.045566948740070674,
      0.05606651389553532,
      0.0737176588389639,
      0.008798722403366164,
      0.08947034903744161,
      0.040917615809987415,
      0.09239358637814857,
      0.021002749468890112,
      0.09828143989843836,
      0.10552383963978416,
      0.052761036163683356,
      0.0495383738452604,
      0.02819201659567222
    ],
    [
      0.021422986469189338,
      0.04294228970004623,
      0.07983967427428643,
      0.042078201805934454,
      0.04269718925135143,
      0.03867421179319498,
      0.02982958597193703,
      0.17343227160753916,
      0.010193250513835251,
      0.054662233323056884,
      0.11500805257415603,
      0.08659613577796631,
      0.008129919006936583,
      0.062044001603563874,
      0.003330047730132824,
      0.05869842231965329,
      0.02457883147602355,
      0.05564035099016323,
      0.05020234381103307
    ],
    [
      0.009540474305945554,
      0.019842606655076266,
      0.03189768496144725,
      0.041811529100871575,
      0.072939886949803,
      0.013137030095597123,
      0.035341625336116476,
      0.03406992000263902,
      0.25755739152986623,
      0.03612577726164719,
      0.0028948186328159238,
      0.010060596074312837,
      0.0933134093450735,
      0.027689708607566085,
      0.04045985895564375,
      0.05814180645988352,
      0.073879202983853,
      0.05729091225941137,
      0.08400576048243029
    ],
    [
      0.01773195732260904,
      0.0133767599880165,
      0.01577499841454012,
      0.012911992808734682,
      0.018777413041210698,
      0.08541231184728831,
      0.050033316740406376,
      0.08584183988891358,
      0.043366910811188146,
      0.22480102458032125,
      0.06458443778352312,
      0.057919093477246664,
      0.07547724628012335,
      0.005228382853208572,
      0.10707748548493415,
      0.05672142033394708,
      0.03177401003756183,
      0.027409870462882617,
      0.005779527843343844
    ],
    [
      0.01953975968714335,
      0.01178237045651557,
      0.02046671681854209,
      0.05355457073830297,
      0.005648796725169174,
      0.0216325590289076,
      0.03829415837563673,
      0.09405786197091194,
      0.01667678162519422,
      0.02251546969182199,
      0.4487891919099046,
      0.1279051393291117,
      0.01077650147613557,
      0.05793608294633205,
      0.017972467616517288,
      0.014091424674994213,
      0.007698659293289755,
      0.0023187737561538987,
      0.008342713879415356
    ],
    [
      0.08132841220408364,
      0.000263894422650133,
      0.054178801041836526,
      0.039919929712376984,
      0.008894749779157989,
      0.007652490052258754,
      0.05097926220520132,
      0.027390669001476742,
      0.006875040929491455,
      0.06347655035909466,
      0.0836518029885191,
      0.36646650670934994,
      0.074349760129434,
      0.05707313381289845,
      0.036421689729892376,
      0.020553655427048657,
      0.009779174078245917,
      0.005699362874678551,
      0.00504511454230482
    ],
    [
      0.07479196110157668,
      0.03733083402879205,
      0.06730312501437154,
      0.000613335976795475,
      0.054724855719437096,
      0.029299412799174234,
      0.07410640507295357,
      0.03082477798555209,
      0.11834963116235704,
      0.02426077247800509,
      0.07418304182417218,
      0.0302167632390553,
      0.15336715049978247,
      0.09545612299062045,
      0.05020053288090709,
      0.04105340995536237,
      0.011566611739052482,
      0.0277068076381139,
      0.004644447893919009
    ],
    [
      0.03254836955949505,
      0.0069535527004746115,
      0.01978606347188013,
      0.04199893372640143,
      0.00870195248141217,
      0.02852126370926859,
      0.021696300739454093,
      0.0350915134692628,
      0.018632686272621133,
      0.028772593401986676,
      0.014030708274051984,
      0.043220374643820156,
      0.03311716835929033,
      0.6184902888325388,
      0.019290471197343593,
      0.015067799600091716,
      0.005038822741585845,
      0.005491536501895024,
      0.003549600317125673
    ],
    [
      0.05744743209687621,
      0.0029005982161982398,
      0.023951042231629804,
      0.09402079556448112,
      0.04781140086514043,
      0.07584278221109038,
      0.05482708011810755,
      0.05423633116978672,
      0.028173726728364053,
      0.0789777286172102,
      0.03560832782892051,
      0.06686860437412279,
      0.06891207766986449,
      0.08603893392981145,
      0.1351248293316977,
      0.024066158643338494,
