{
  "poids_LS": 0.495,
  "poids_EM": 0.505,
  "mae_validation": 7.130435798358472,
  "matrice_de_transition": [
    [
      0.24055363618629194,
      0.002964013442367039,
      0.010741773591440828,
      0.06290743266775914,
      0.0069306265350689,
      0.042193321607324856,
      0.0957034970453405,
      0.05730037388802246,
      0.06406111112203128,
      0.05433776188612115,
      0.01700279804108998,
      0.16344427896778108,
      0.025047664847030075,
      0.04071737151350348,
      0.007626462709480758,
      0.043312725044131,
      0.048265339293799295,
      0.0064137769085465335,
      0.010476034702869827
    ],
    [
      0.00723419867086092,
      0.5328461092448169,
      0.0024820631514466136,
      0.013154525603942115,
      0.04337652936360899,
      0.008621939145073493,
      0.04095817421685733,
      0.01926365770847502,
      0.05820951969644188,
      0.013596236656540774,
      0.0028775381994779444,
      0.02374299130874011,
      0.011846379196126439,
      0.000182649527072503,
      0.029049821057242985,
      0.060543919320268355,
      0.07478578387452936,
      0.01199320457307296,
      0.045234759485405326
    ],
    [
      0.023360123588752092,
      0.019930142849453932,
      0.34367401378158935,
      0.019262392453907495,
      0.025125224883731246,
      0.016211874879091637,
      0.06110522183679324,
      0.17097979305790656,
      0.012785126662011731,
      0.02975492484221291,
      0.006957670592467245,
      0.09943003828399713,
      0.02259263679972737,
      0.03385617516846397,
      0.020678286475702676,
      0.026063312752173606,
      0.06227164324020527,
      0.0008779385590586746,
      0.005083459292753794
    ],
    [
      0.02283489073657985,
      0.017477231668867298,
      0.025798750100641147,
      0.1894976092210423,
      0.012517071285456491,
      0.03214766497068723,
      0.08349906134217781,
      0.05021750274433584,
      0.07687425911472799,
      0.07927063141374806,
      0.03306033377461485,
      0.09313178661998256,
      0.05755761672058198,
      0.03839257626157796,
      0.06552476411879452,
      0.0586468916761856,
      0.02690277595781976,
      0.022127459854067017,
      0.014521122418111833
    ],
    [
      0.007212068668860825,
      0.05615968977843925,
      0.010573115414607325,
      0.02763939582116585,
      0.38934032548233183,
      0.01685014462522741,
      0.06973508694627345,
      0.03338202378303496,
      0.10022696335266991,
      0.028163472525316213,
      0.0026272872404089816,
      0.026261150108447047,
      0.015633321373202426,
      0.0033330724147057574,
      0.0004587961633261753,
      0.010994719440668837,
      0.03669368000826807,
      0.07298630423998621,
      0.0917293826130596
    ],
    [
      0.01885834854736271,
      0.007746798419949611,
      0.03433041259693765,
      0.014654728024090267,
      0.013297952843502965,
      0.34879604156199756,
      0.0391346077919968,
      0.01437674041648828,
      0.03980564502100267,
      0.059028758981298585,
      0.01635468664734626,
      0.08652520287469294,
      0.03474842511122939,
      0.045661023731058174,
      0.04925610572723905,
      0.05475549196202674,
      0.05749630689439448,
      0.04965440151303355,
      0.015518321334352294
    ],
    [
      0.017098441639968556,
      0.008083955480649633,
      0.043182983317889695,
      0.007595991757523576,
      0.022685984734516725,
      0.03647544743066421,
      0.2829713638853059,
      0.043094350492859534,
      0.0548854182934775,
      0.04310303532436214,
      0.05143532317488235,
      0.06627700770243203,
      0.08080900004296385,
      0.011404718797623127,
      0.06012432108991705,
      0.08924754672389229,
      0.03931667229099551,
      0.026899869668662906,
      0.01530856815141341
    ],
    [
      0.011632912007463029,
      0.02331812505217564,
      0.04335380162205876,
      0.02362842683558608,
      0.023185032873045668,
      0.02100051285544459,
      0.019696597289032343,
      0.45422357875231995,
      0.006006524154408222,
      0.04142223651854322,
      0.06245060919349333,
      0.06407394599780511,
      0.012426520262619064,
      0.03611445799096488,
      0.011378375807029892,
      0.043829152723077386,
      0.03611247812294784,
      0.030213308871002615,
      0.03593340307098229
    ],
    [
      0.005180580133873661,
      0.010774748775068295,
      0.017320785919925658,
      0.022704109888107685,
      0.039607142913602705,
      0.007133548600297363,
      0.0763230152329869,
      0.03771539819712895,
      0.3883525733416313,
      0.060120552694586854,
      0.0015719176447011201,
      0.042032581507200524,
      0.07124524930929468,
      0.015035809512710618,
      0.021970138465161392,
      0.04986063047574915,
      0.05183457968468318,
      0.031109581388174993,
      0.05010705631511496
    ],
    [
      0.01290567109580404,
      0.007263724509621864,
      0.008565993762734151,
      0.014656557451979805,
      0.01019633718904452,
      0.0463798037450329,
      0.06776572661672478,
      0.06518527458364726,
      0.02890235723474397,
      0.40406943552235103,
      0.035070044172773304,
      0.06052959472193242,
      0.04327718439570522,
      0.005870131409970447,
      0.05814422598913091,
      0.0461064544098689,
      0.06708928303340285,
      0.014883854391135187,
      0.003138345764396389
    ],
    [
      0.02099165803981216,
      0.006397953850043402,
      0.011113647304692212,
      0.03678887659832403,
      0.019237148682429414,
      0.01174671216085843,
      0.03864128397088057,
      0.11116012013325452,
      0.009055671742712993,
      0.012226142144483984,
      0.5092202772472089,
      0.10891904906982008,
      0.005851756177901573,
      0.031459916008492135,
      0.00975924316810885,
      0.03637741520830187,
      0.01526382606690896,
      0.0012591190826427084,
      0.004530183343123393
    ],
    [
      0.04416220232587338,
      0.00014329750907345935,
      0.029419671533470373,
      0.02167695108037675,
      0.0048299447725535325,
      0.004155384383215776,
      0.05960374635510589,
      0.05645569642373828,
      0.0381723115098271,
      0.06971558971460987,
      0.04542382850451844,
      0.45494652249835243,
      0.05784465943123834,
      0.03099132535001475,
      0.019777369154403927,
      0.023964912135277072,
      0.030103227744159022,
      0.0058738081291767425,
      0.002739551445014983
    ],
    [
      0.04061283909279165,
      0.020271044284451603,
      0.03654632057232003,
      0.00033304803041044615,
      0.029716185094963158,
      0.015909896197401064,
      0.08091144265573523,
      0.04693174224391164,
      0.10095969642672104,
      0.04312906341651618,
      0.04028218937764188,
      0.048791543726387165,
      0.36113301160360384,
      0.05183370119383154,
      0.02725942914500869,
      0.029220614386310795,
      0.00767793082548126,
      0.015958316579815043,
      0.0025219851466979563
    ],
    [
      0.017674114653274193,
      0.0037758538857415903,
      0.010744045218601575,
      0.02288459674525361,
      0.00816574086961077,
      0.02026764166717478,
      0.044759544050184216,
      0.03516959218236141,
      0.021653105133665345,
      0.025618481951302546,
      0.007618825460641132,
      0.0456202670986777,
      0.017982978517679157,
      0.6554160717398252,
      0.019263474677420823,
      0.02496163197894826,
      0.013514599660384432,
      0.0029819633693085883,
      0.001927471139944586
    ],
    [
      0.03119457334292741,
      0.0015750560206237755,
      0.013005673469863496,
      0.05105430296780964,
      0.025962104770855827,
      0.0411834462544093,
      0.10333812387452032,
      0.06440096592459657,
      0.04594036749243914,
      0.09300763239772739,
      0.019335704896349313,
      0.10006903942217621,
      0.050217825570504644,
      0.046720066273714826,
      0.2307824969193921,
