{
  "poids_LS": 0.7025,
  "poids_EM": 0.2975,
  "mae_validation": 6.574301837376998,
  "matrice_de_transition": [
    [
      0.2843289494212434,
      0.0017461267308993944,
      0.006328074541492369,
      0.0445968302932094,
      0.004082893849867322,
      0.0248564617389686,
      0.11884471466361149,
      0.06899106525903967,
      0.07414834426000358,
      0.06017498325237001,
      0.010016499836087663,
      0.14835128740065248,
      0.014755802558398904,
      0.023986966386667887,
      0.004492817140733713,
      0.04109868358190992,
      0.05924956056128703,
      0.0037784131292922644,
      0.006171525394264898
    ],
    [
      0.0042617309001606405,
      0.5951635185703947,
      0.0014622055199116188,
      0.0077494482518272855,
      0.025553499971631036,
      0.005079261179523494,
      0.04927705322449477,
      0.012772474900237042,
      0.057040944142804584,
      0.014416710534779298,
      0.0016951833947419573,
      0.03244829154340064,
      0.00890392320001275,
      0.00010760046396845473,
      0.02942115661443381,
      0.05182016407456698,
      0.061718242633316434,
      0.009592967060878917,
      0.03151562381891561
    ],
    [
      0.013761656965650985,
      0.011741024747945633,
      0.4139023449914697,
      0.016019977385473456,
      0.029395263155148687,
      0.011910334799000805,
      0.06979960966059764,
      0.1734530956047741,
      0.017165417088505226,
      0.020077968429456312,
      0.004098825745067337,
      0.08589224838226511,
      0.01330952365924533,
      0.019944974480431744,
      0.01218176282479514,
      0.023796776808382707,
      0.06003728267592029,
      0.0005172014283563478,
      0.002994711167513373
    ],
    [
      0.013452237612143574,
      0.010295992913837666,
      0.015198273574140081,
      0.2317973270203479,
      0.007373918232521397,
      0.01893847589857317,
      0.10610734245530395,
      0.06973744572105008,
      0.09224218922875313,
      0.08766119277352223,
      0.01947613722365924,
      0.10798533548046974,
      0.04869531407704606,
      0.02261740878776127,
      0.044182278041657246,
      0.05944020176541391,
      0.0232089228057337,
      0.013035483775415716,
      0.008554522612650039
    ],
    [
      0.004248693918784347,
      0.03308417368135778,
      0.006228716506625107,
      0.016282614369894734,
      0.4554214908461589,
      0.009926570348525059,
      0.0853401853717829,
      0.03763716089716468,
      0.09214618532590269,
      0.03723236987741589,
      0.00154775832479539,
      0.03518457546585351,
      0.009209728927777668,
      0.001963542660148441,
      0.0002702809080980934,
      0.006477087195245502,
      0.032287445762021784,
      0.06154971547476519,
      0.07396170413768251
    ],
    [
      0.0111096211739414,
      0.004563707980069325,
      0.020224351975423667,
      0.008633230865676939,
      0.007833942516717093,
      0.4429808516846044,
      0.05441471042226775,
      0.010117597932542912,
      0.03928866727417152,
      0.06337528887055605,
      0.009634691638783192,
      0.08728570679199865,
      0.020470606872456918,
      0.026899315960375852,
      0.039160924534518735,
      0.04667229654328449,
      0.05685486658160416,
      0.03459457221259765,
      0.01588504816840934
    ],
    [
      0.010072844332456723,
      0.004762330208897556,
      0.02543948027143007,
      0.004474866431412403,
      0.018769703603023317,
      0.021488011110143763,
      0.3988805783385679,
      0.03676088247861195,
      0.045690853791857666,
      0.059851611632848405,
      0.0328652811361034,
      0.07865835786168439,
      0.07515299612637366,
      0.006718621469886891,
      0.04149466896575664,
      0.08130088606495683,
      0.03275265934138909,
      0.015846952923618245,
      0.009018413910981167
    ],
    [
      0.0068530521232084175,
      0.013736915253509412,
      0.025540110856559366,
      0.014620595526533636,
      0.013658509464814032,
      0.012371589256425277,
      0.014749314579143587,
      0.5913158051818306,
      0.00396241657892326,
      0.03495800278457479,
      0.03679021036646389,
      0.05307781804631463,
      0.014524272640393451,
      0.023454739638931247,
      0.01530785363280905,
      0.036569450508278555,
      0.04174361148585794,
      0.01779892948341243,
      0.028966802592016325
    ],
    [
      0.003051925920450325,
      0.006347500516005579,
      0.010203829329065116,
      0.013375193448934725,
      0.023332920825340206,
      0.004202437046709832,
      0.0963315761826354,
      0.03949524931561521,
      0.4522113974026696,
      0.07183564893537506,
      0.0009260306916803627,
      0.05764243321855158,
      0.06047079470359092,
      0.008857729366398828,
      0.012942804343337652,
      0.045817468083495315,
      0.041071616544500256,
      0.018326931609865465,
      0.03355651251577865
    ],
    [
      0.010549307820363951,
      0.004279124834876247,
      0.005046303256264178,
      0.015508315483681836,
      0.006006753096516325,
      0.027322755671578786,
      0.07642331496810376,
      0.05510001034637016,
      0.021840251665068283,
      0.49159460086463613,
      0.020660075527524868,
      0.06180413356492606,
      0.027555977710959894,
      0.006183455705330658,
      0.03425328164706227,
      0.04092385339987779,
      0.08433144573137229,
      0.008768211250223203,
      0.001848827455263219
    ],
    [
      0.021700526059056344,
      0.003769091624530519,
      0.006547148659694917,
      0.028603272988804898,
      0.02587146169685647,
      0.006920092807634421,
      0.038810762937970214,
      0.11951004617722177,
      0.005334776917736862,
      0.0072025292831366045,
      0.5387248659707162,
      0.09964936970793065,
      0.003447321708763798,
      0.01853331685648794,
      0.005749257113885907,
      0.04725822235103443,
      0.018957407491675984,
      0.0007417582714578331,
      0.0026687713754043746
    ],
    [
      0.026016346914747187,
      8.441783950367159e-05,
      0.01733139065585631,
      0.012770085042400164,
      0.0028453635046231203,
      0.0024479739683300854,
      0.06381452391064753,
      0.07064626863578363,
      0.05345274361669686,
      0.07276170892936143,
      0.026759582138800465,
      0.4981455890306301,
      0.049786286737413386,
      0.01825726592401859,
      0.011651024402841915,
      0.025630408057529766,
      0.04002614806339895,
      0.005958978459314094,
      0.001613894168102886
    ],
    [
      0.02392538540614953,
      0.011941852821038318,
      0.021529763109436054,
      0.00019620156246952025,
      0.01750606943713176,
      0.00937266162124122,
      0.08423390218144627,
      0.05479573067593424,
      0.0924693165263811,
      0.05234122899237748,
      0.023730596712571207,
      0.057860407140790375,
      0.4625716379072342,
      0.03053569525775224,
      0.01605877261512888,
      0.023443425961420905,
      0.005779339555914134,
      0.01022228859252795,
      0.0014857239230547366
    ],
    [
      0.010411978434354598,
      0.002224389170313115,
      0.0063294127772949875,
      0.013552302807399087,
      0.007903943435613615,
      0.016237932081917213,
      0.05601983343130539,
      0.035207712965815444,
      0.023127780224645754,
      0.02407853341949794,
      0.0044883179693875975,
      0.0467919792972258,
      0.01059393288912782,
      0.6734445422180885,
      0.01925029402357618,
      0.029792150140389984,
      0.017652773097209626,
      0.001756701192810505,
      0.001135490424026761
    ],
    [
      0.018377001127764164,
      0.0009278795369021251,
      0.007661758133236416,
      0.030076544817670036,
      0.015294507265999225,
      0.024261535169676763,
      0.12702292759088654,
      0.06936369936370962,
      0.05461466857136992,
      0.09985752659645049,
      0.01139083605279984,
      0.11627866359269642,
      0.04109063189846425,
