{
  "poids_LS": 0.6375,
  "poids_EM": 0.36250000000000004,
  "mae_validation": 6.74720947252235,
  "matrice_de_transition": [
    [
      0.27061620069704173,
      0.002127633411600103,
      0.007710679063162971,
      0.0503326816394539,
      0.0049749546910148055,
      0.030287285312188637,
      0.11159565854222539,
      0.06532892097414271,
      0.0709884880963014,
      0.05834645607740049,
      0.012204978791871523,
      0.1530792124698735,
      0.017979759419897826,
      0.029227816185435667,
      0.0054744410538351985,
      0.04179223873875026,
      0.05580872016424268,
      0.004603948770986374,
      0.007519925900574877
    ],
    [
      0.005192865382548681,
      0.5756424023961173,
      0.001781678994850292,
      0.009442605012730728,
      0.031136617612491604,
      0.006189015722948796,
      0.04667113931848786,
      0.014805857466673037,
      0.05740700395478735,
      0.01415969462111422,
      0.002065559598635158,
      0.02972133002410939,
      0.00982565640361463,
      0.00013110980903719276,
      0.029304834632663188,
      0.05455290668165416,
      0.06581168928719036,
      0.010344848691204762,
      0.035813184389141314
    ],
    [
      0.016768405546381454,
      0.014306290659261488,
      0.39190310870885653,
      0.01703567367197087,
      0.02805766080506611,
      0.013257805185535284,
      0.06707606648687578,
      0.17267832613226136,
      0.015793277918760278,
      0.023109304173211394,
      0.004994367504493815,
      0.09013300184545828,
      0.01621748681168549,
      0.024302699997164733,
      0.014843324450380635,
      0.024506776019690698,
      0.06073720285268426,
      0.0006302034211064744,
      0.0036490178091549514
    ],
    [
      0.016391381964376627,
      0.012545537584087914,
      0.018518904775212706,
      0.21854681301092682,
      0.008985026417778175,
      0.023076294162126976,
      0.09902523029938491,
      0.06362276478858538,
      0.08742813883158863,
      0.08503282415479779,
      0.02373142770950076,
      0.10333241656031712,
      0.051471457073816354,
      0.027559027514499033,
      0.050867876089917115,
      0.05919169499047493,
      0.024366033431688368,
      0.015883572667523355,
      0.010423577973397108
    ],
    [
      0.005176979985073365,
      0.04031264860333511,
      0.007589612550089417,
      0.01984016036667846,
      0.4347213667562853,
      0.01209540084484146,
      0.08045184128668353,
      0.03630422637948549,
      0.09467751338248037,
      0.034391510465914786,
      0.0018859240092044672,
      0.032389285594858715,
      0.01122193860947699,
      0.0023925519808531428,
      0.0003293338796153239,
      0.007892249103450403,
      0.033667711911448336,
      0.0651322613530272,
      0.07952748293719823
    ],
    [
      0.013536933363205909,
      0.005560820647983632,
      0.024643117953247327,
      0.010519482987589548,
      0.009545560209445199,
      0.41347717622451063,
      0.049628172248929854,
      0.011451787144381222,
      0.03945061211052826,
      0.06201372529078865,
      0.011739750316164395,
      0.08704747664922818,
      0.024943176441229023,
      0.03277647743071008,
      0.042323270450310646,
      0.049204381855179655,
      0.057055799691634865,
      0.03931210910189083,
      0.015770169883042074
    ],
    [
      0.01227363385047248,
      0.005802839330169292,
      0.030997686045019835,
      0.005452568340796627,
      0.019996490463491133,
      0.026182870680427277,
      0.3625716677869436,
      0.0387448604107859,
      0.04857107881646147,
      0.05460506965669607,
      0.038682402738612474,
      0.07477986263107522,
      0.07692475638940191,
      0.008186555572551255,
      0.0473304636070599,
      0.08379020145209325,
      0.034808856168976644,
      0.019309312385921394,
      0.010988823673044282
    ],
    [
      0.008350357629119502,
      0.01673825808200727,
      0.031120303144547133,
      0.017442325816116332,
      0.01664272161679021,
      0.015074625564551811,
      0.016299065789470185,
      0.5483712523243935,
      0.004602739433894453,
      0.036982943472323934,
      0.04482840758938878,
      0.05652238824798635,
      0.013867145389524365,
      0.02742043454438757,
      0.014076932868107146,
      0.03884357409363723,
      0.03997964199868129,
      0.021687771219284058,
      0.031149111175788793
    ],
    [
      0.0037187332644142623,
      0.007734349368242094,
      0.01243323741776842,
      0.016297504622651556,
      0.028430869913229666,
      0.0051206165695203846,
      0.09006383419840816,
      0.038937705591752046,
      0.43220742841969373,
      0.0681658597515137,
      0.0011283567251567446,
      0.052752600152345216,
      0.06384592506200415,
      0.010793031580906137,
      0.015770643947764368,
      0.0470840008810688,
      0.04444314716672623,
      0.02233113515487809,
      0.038741020211956294
    ],
    [
      0.011287445713875303,
      0.005214059672748368,
      0.006148856908893327,
      0.015241499714714935,
      0.007319152932729978,
      0.0332924333813355,
      0.07371129933996094,
      0.058259249745999137,
      0.024052477506171514,
      0.4641770791911492,
      0.02517404160916896,
      0.06140488043338589,
      0.032480693057988556,
      0.006085305926061194,
      0.04173719192289101,
      0.042547318776501517,
      0.07893028633200835,
      0.010683954884725753,
      0.0022527729496904774
    ],
    [
      0.02147847101688347,
      0.004592590634932146,
      0.00797761811475431,
      0.031167437974919325,
      0.023793243162216666,
      0.008432045858041942,
      0.038757673141050566,
      0.11689440669356937,
      0.006500358429175169,
      0.008776191143317713,
      0.5294824646838343,
      0.10255312468876349,
      0.004200518048493704,
      0.02258261297639287,
      0.007005397323642492,
      0.043849776740057966,
      0.017800381985122456,
      0.0009038231038771918,
      0.0032518642809549105
    ],
    [
      0.03170059077847347,
      0.00010286207334480994,
      0.021118081051253488,
      0.015560187656706085,
      0.003467039564456744,
      0.0029828254235954826,
      0.06249548515830918,
      0.06620102914767304,
      0.04866610223382199,
      0.07180750291028262,
      0.03260621353047116,
      0.4846133513217238,
      0.05231059625596096,
      0.02224624839481257,
      0.01419662637321074,
      0.025108686443330128,
      0.036917763385082826,
      0.00593229859686143,
      0.0019665097006295673
    ],
    [
      0.029152780536904895,
      0.014550997134878627,
      0.02623374496527923,
      0.00023906913074017177,
      0.02133092494440425,
      0.011420470042688884,
      0.08319313172760907,
      0.05233231261289101,
      0.09512895360359602,
      0.049455490378252254,
      0.028915432969099375,
      0.055019558360374914,
      0.4307956826795909,
      0.03720735976784938,
      0.019567412010030993,
      0.02525314763668762,
      0.006374078989754439,
      0.012019116636738367,
      0.0018103358726297215
    ],
    [
      0.012686864478835437,
      0.0027103901655075773,
      0.007712309686619944,
      0.016475671992751108,
      0.007985952270359711,
      0.01750025074717862,
      0.052492513866134904,
      0.035195771515576825,
      0.0226658338106037,
      0.024560926935484926,
      0.0054689588702621994,
      0.046424936921776995,
      0.01290857368843306,
      0.6677970695381505,
      0.019254422903093777,
      0.028278975776564866,
      0.01635647780374631,
      0.002140518260147254,
      0.001383580768772104
    ],
    [
      0.02239214423130928,
      0.0011306095197546905,
      0.009335755708565383,
      0.0366478907442198,
      0.018636164315713345,
      0.02956237478658093,
      0.11960359148696459,
      0.06780910816591518,
      0.05189741763098197,
      0.09771177660648903,
      0.013879590148369557,
      0.11120094999711178,
      0.04394975280777811,
