{
  "poids_LS": 0.56,
  "poids_EM": 0.43999999999999995,
  "mae_validation": 6.954904116108341,
  "matrice_de_transition": [
    [
      0.25426638491049364,
      0.0025825067616663307,
      0.009359169069770225,
      0.05717158132151463,
      0.006038565693921418,
      0.03676249803410482,
      0.1029525531667266,
      0.06096251817291942,
      0.06722096728573344,
      0.05616628906109067,
      0.014814319085306123,
      0.15871635389856004,
      0.02182370798553115,
      0.0354765217147357,
      0.006644838796379273,
      0.042619169887290656,
      0.051706179690843644,
      0.005588241266852425,
      0.009127634196559849
    ],
    [
      0.00630306418847288,
      0.5523672254190943,
      0.0021625896765079403,
      0.011461368843038673,
      0.03779341172274842,
      0.007512184601648192,
      0.04356408812286424,
      0.017230275142039026,
      0.05784345988445911,
      0.013853252570205855,
      0.002507161995584743,
      0.026469952828031364,
      0.01092464599252456,
      0.00015914018200376498,
      0.029166143039013603,
      0.05781117671318117,
      0.07069233722065543,
      0.011241322942747115,
      0.04093719891517963
    ],
    [
      0.020353375008021625,
      0.01736487693813808,
      0.3656732500642025,
      0.018246696167410086,
      0.026462827233813817,
      0.01486440449255716,
      0.06382876501051511,
      0.1717545625304193,
      0.014157265831756683,
      0.026723589098457828,
      0.006062128833040767,
      0.09518928482080397,
      0.01968467364728721,
      0.029498449651730978,
      0.01801672485011718,
      0.02535331354086561,
      0.061571723063441296,
      0.000764936566308548,
      0.004429152651112216
    ],
    [
      0.019895746384346796,
      0.01522768699861705,
      0.022478118899568522,
      0.20274812323046332,
      0.010905963100199713,
      0.028009846707133426,
      0.09058117349809686,
      0.05633218367680055,
      0.0816883095118925,
      0.0818990000324725,
      0.02880504328877333,
      0.09778470554013517,
      0.05478147372381169,
      0.033450957534840196,
      0.058839166070534646,
      0.0588953984511246,
      0.025745665331865092,
      0.019279370961959377,
      0.012652067057364763
    ],
    [
      0.006283782602571807,
      0.048931214856461916,
      0.009212219371143015,
      0.024081849824382124,
      0.41004044957220537,
      0.01468131412891101,
      0.07462343103137278,
      0.03471495830071415,
      0.09769563529609222,
      0.031004331936817318,
      0.0022891215559999044,
      0.029056439979441843,
      0.013621111691503103,
      0.0029040630940010553,
      0.0003997431918089448,
      0.009579557532463935,
      0.03531341385884153,
      0.0694037583617242,
      0.08616360381354388
    ],
    [
      0.016431036358098203,
      0.006749685752035304,
      0.02991164661911399,
      0.012768475902177657,
      0.01158633515077486,
      0.37829971702209125,
      0.043921145965334696,
      0.01304255120464997,
      0.03964370018464593,
      0.06039032256106598,
      0.014249627969965057,
      0.08676343301746339,
      0.03027585554245729,
      0.039783862260723946,
      0.046093759811447144,
      0.052223406650131574,
      0.05729537378436378,
      0.04493686462374037,
      0.01563319961971956
    ],
    [
      0.0148976521219528,
      0.007043446359377897,
      0.03762477754429993,
      0.0066182898481393524,
      0.02145919787404891,
      0.03178058786038069,
      0.31928027443693013,
      0.04111037256068559,
      0.05200519326887369,
      0.048349577300514465,
      0.04561820157237328,
      0.07015550293304121,
      0.0790372397799356,
      0.009936784694958763,
      0.054288526448613775,
      0.08675823133675588,
      0.03726047546340795,
      0.023437510206359757,
      0.013338158389350296
    ],
    [
      0.010135606501551944,
      0.020316782223677783,
      0.03777360933407099,
      0.020806696546003388,
      0.02020082072106949,
      0.018297476547318055,
      0.018146846078705745,
      0.4971681316097571,
      0.005366201299437028,
      0.03939729583079407,
      0.05441241197056844,
      0.06062937579613339,
      0.013083647513488148,
      0.032148763085508555,
      0.012609296571731798,
      0.04155502913771871,
      0.0378764476101245,
      0.026324467135130987,
      0.03375109448720982
    ],
    [
      0.004513772789909724,
      0.009387899922831781,
      0.015091377831222354,
      0.019781798714390852,
      0.03450919382571324,
      0.0062153690774868105,
      0.08259075721721414,
      0.03827294192099212,
      0.40835654232460716,
      0.06379034187844823,
      0.001369591611224738,
      0.04692241457340689,
      0.06787011895088146,
      0.013100507298203308,
      0.019142298860734677,
      0.04859409767817566,
      0.0484630490624572,
      0.027105377843162366,
      0.04492254861893732
    ],
    [
      0.012167533202292686,
      0.006328789671749742,
      0.0074634401101050015,
      0.014923373220946709,
      0.008883937352830867,
      0.04041012603527619,
      0.0704777422448676,
      0.06202603518401829,
      0.026690131393640744,
      0.43148695719583796,
      0.030556078091129216,
      0.060928847853472606,
      0.03835246904867656,
      0.005968281189239911,
      0.05066031571330217,
      0.04448298903324518,
      0.07249044243276677,
      0.012968110756632636,
      0.0027344002699691305
    ],
    [
      0.02121371308198504,
      0.005574454839641775,
      0.009683177849632817,
      0.0342247116122096,
      0.021315367217069215,
      0.010234759110450908,
      0.038694373767800216,
      0.1137757596169069,
      0.007890090231274686,
      0.010652480284302875,
      0.5184626785340907,
      0.10601529408898724,
      0.0050985598381716665,
      0.0274106198885872,
      0.008503102958352264,
      0.03978586081927834,
      0.016420851573462486,
      0.0010970542502233497,
      0.003947090437572856
    ],
    [
      0.0384779584621471,
      0.000124853275232321,
      0.02563298113807319,
      0.01888684846607083,
      0.0042082687127199085,
      0.003620532927950378,
      0.060922785107444234,
      0.06090093591184888,
      0.04295895289270197,
      0.07066979573368867,
      0.039577197112847746,
      0.4684787602072587,
      0.05532034991269076,
      0.02700234287922077,
      0.0172317671840351,
      0.02448663374947671,
      0.03321161242247515,
      0.0059004879916294065,
      0.0023869359124883017
    ],
    [
      0.03538544396203628,
      0.017661899970611294,
      0.031842338716476855,
      0.0002901804621397946,
      0.025891329587690668,
      0.0138620877759534,
      0.08195221310957243,
      0.049395160306954865,
      0.09830005934950611,
      0.04601480203064141,
      0.035097353121113714,
      0.05163239250680263,
      0.3929089668312471,
      0.045162036683734405,
      0.02375078975010658,
      0.02741089271104408,
      0.007083191391640955,
      0.014161488535604626,
      0.002197373197122972
    ],
    [
      0.015399228608793355,
      0.0032898528905471276,
      0.00936114830927662,
      0.01996122755990159,
      0.008083732034864673,
      0.01900532300191337,
      0.048286863615354704,
      0.03518153363260002,
      0.022115051547707404,
      0.025136088435315562,
      0.00663818455976653,
      0.045987309474126506,
      0.015668337718373917,
      0.661063544419763,
      0.019259345797903223,
      0.02647480634277338,
      0.014810894953847747,
      0.002598146301971839,
      0.001679380795199243
    ],
    [
      0.027179430239382293,
      0.0013723260377712103,
      0.011331675894534531,
      0.04448295704125988,
      0.022620447721141707,
      0.03588260663750512,
      0.11075745997844227,
      0.06595555712239101,
      0.04865761843282711,
      0.09515338238768883,
      0.016846950800779595,
      0.10514675301776086,
      0.047358704661190784,
      0.04070659239690004,
