{
  "poids_LS": 0.665,
  "poids_EM": 0.33499999999999996,
  "mae_validation": 6.673895655743586,
  "matrice_de_transition": [
    [
      0.276417748234204,
      0.0019662267389959566,
      0.007125730996302331,
      0.04790597530065814,
      0.004597544335144716,
      0.02798962918505708,
      0.11466256690127336,
      0.06687828971006067,
      0.07232535031940616,
      0.05912006372834913,
      0.01127908384903989,
      0.15107893647904921,
      0.016615777670802127,
      0.02701053357826468,
      0.0050591386290614925,
      0.041498811557010115,
      0.05726446033222299,
      0.004254683691808096,
      0.006949448763289885
    ],
    [
      0.004798923870769124,
      0.5839013361621579,
      0.0016465171400685454,
      0.00872626946004081,
      0.02877452937981982,
      0.005719504185345782,
      0.04777364135564463,
      0.013945580227027039,
      0.05725213249587156,
      0.014268432123049445,
      0.0019088619739111115,
      0.030875044513040305,
      0.009435692355936911,
      0.00012116354766195743,
      0.029354047778796914,
      0.053396746347886506,
      0.06407984647208985,
      0.010026744924528444,
      0.033994985686353514
    ],
    [
      0.0154963196083801,
      0.013220985850627856,
      0.40121047790534675,
      0.016605956012298886,
      0.02862356949163951,
      0.012687721560463001,
      0.06822833475268118,
      0.173006113216786,
      0.016373798336729296,
      0.021826815973930398,
      0.004615484452428766,
      0.08833883691872271,
      0.014987194708730035,
      0.02245904689393154,
      0.013717279147248308,
      0.024206391737983467,
      0.0604410827778995,
      0.00058239488571219,
      0.003372195768460437
    ],
    [
      0.015147897815354947,
      0.011593807146674346,
      0.01711402234398967,
      0.22415279970722038,
      0.00830340372401569,
      0.02132567874293113,
      0.10202150851919682,
      0.06620974518308968,
      0.08946485246115823,
      0.08614482626271967,
      0.02193111250395242,
      0.1053009591803817,
      0.050296935036721224,
      0.025468342668571516,
      0.048039353838730245,
      0.059296832472179886,
      0.023876486628399855,
      0.014678611982400891,
      0.009632823782311808
    ],
    [
      0.004784243572412626,
      0.03725444767480623,
      0.007013848839392977,
      0.018335044752654572,
      0.44347911156353953,
      0.01117781871178452,
      0.08251998686114864,
      0.036868160213888224,
      0.0936065668970052,
      0.03559341252462679,
      0.0017428539119544728,
      0.03357190823258728,
      0.010370619128758045,
      0.0022110480374780764,
      0.0003043499301272648,
      0.0072935267576714055,
      0.033083753155921714,
      0.0636165688660702,
      0.07717273036817235
    ],
    [
      0.012509993590824768,
      0.005138965288481425,
      0.0227736400395527,
      0.009721453243703443,
      0.008821414262521768,
      0.4259595004576272,
      0.051653246091495894,
      0.010887322477834242,
      0.039382096987454256,
      0.06258977142069025,
      0.010849148568041577,
      0.08714826632501568,
      0.023050935469825437,
      0.030289986039414823,
      0.04098535487055253,
      0.04813311499245477,
      0.05697078952969879,
      0.03731622811026679,
      0.01581877223454361
    ],
    [
      0.011342530592850427,
      0.005362623932708172,
      0.028646137448501082,
      0.0050389252252879164,
      0.01947746525329321,
      0.024196583939153478,
      0.3779331299434,
      0.03790548513178922,
      0.047352522075282934,
      0.05682476049276053,
      0.03622131282985863,
      0.07642076445940987,
      0.07617516550888995,
      0.00756550652911633,
      0.04486147356650852,
      0.08273702955753554,
      0.03393892674192037,
      0.017844467998023906,
      0.010155188773709885
    ],
    [
      0.007716882222772503,
      0.015468459193027405,
      0.02875945256116769,
      0.01624851684744673,
      0.015380170321723362,
      0.013931033280344429,
      0.01564340181587047,
      0.5665401016102323,
      0.00433183361063741,
      0.03612623779673776,
      0.041427631841228246,
      0.05506507008574062,
      0.014145160764892056,
      0.025742640545925274,
      0.01459770703778872,
      0.037881444884447016,
      0.04072593678171756,
      0.020042492023338365,
      0.03022582677496198
    ],
    [
      0.0034366224650449035,
      0.007147605623065106,
      0.011490026303317021,
      0.015061142203002125,
      0.026274045299122584,
      0.004732156002177458,
      0.09271557119173507,
      0.03917358947492493,
      0.4406706460663373,
      0.06971846286776273,
      0.0010427572494551983,
      0.05482137568035561,
      0.062417985294983165,
      0.009974249874768429,
      0.014574250268968447,
      0.046548160082095405,
      0.04301673036501524,
      0.020637049039680437,
      0.03654757464818883
    ],
    [
      0.01097515660508204,
      0.004818510318264008,
      0.005682391902011763,
      0.015354383309277854,
      0.006763906848178047,
      0.030766800504130734,
      0.07485869056725214,
      0.05692264846154072,
      0.023116535804166297,
      0.47577679989916294,
      0.02326428672847338,
      0.061573795219806736,
      0.030397159641937965,
      0.006126830832675198,
      0.03857092219080961,
      0.04186046804023763,
      0.08121539223173926,
      0.009873447962436211,
      0.002081872932817406
    ],
    [
      0.021572417380879685,
      0.0042441872074545335,
      0.0073724194991522584,
      0.03008259894233245,
      0.02467248946533351,
      0.0077923734136387595,
      0.038780134208978106,
      0.11800102339819155,
      0.0060072277897204995,
      0.008110411125548781,
      0.5333927113821306,
      0.10132461296610343,
      0.0038818580586079737,
      0.020869449233356166,
      0.006473953388745474,
      0.04529181142162493,
      0.018289892776356644,
      0.0008352572132382322,
      0.0030051711286066063
    ],
    [
      0.029295718374589268,
      9.505874364278985e-05,
      0.01951601973012391,
      0.014379759627576654,
      0.003204022769911749,
      0.0027565421155985835,
      0.06305354001506772,
      0.0680817073926429,
      0.05069121974196136,
      0.07221120545681596,
      0.030132638710918168,
      0.49033852881395346,
      0.051242619151960066,
      0.020558601964861267,
      0.013119640924208543,
      0.025329414818568437,
      0.03823284921052427,
      0.0059435862309760185,
      0.001817326206099048
    ],
    [
      0.026941190289277623,
      0.013447128386715418,
      0.02424359879549942,
      0.00022093285185643453,
      0.01971271684517358,
      0.010554089556691794,
      0.08363345768884789,
      0.05337452794725546,
      0.09400372253246662,
      0.05067637979192062,
      0.02672184839902976,
      0.05622145592131992,
      0.44423935604513237,
      0.03438473247511597,
      0.018082987650649328,
      0.024487496158690163,
      0.006122458460052771,
      0.011258920156495496,
      0.0016730000478095352
    ],
    [
      0.01172441269078585,
      0.0025047743598483815,
      0.007127237917290153,
      0.015238861952794482,
      0.00795125622489021,
      0.016966192850337253,
      0.05398484137447627,
      0.035200823667600856,
      0.022861272678083033,
      0.024356837371028894,
      0.00505407233527679,
      0.046580224080620715,
      0.011929302581034687,
      0.6701863849027396,
      0.01925267606945172,
      0.02891916493049088,
      0.016904910427903867,
      0.0019781341162740137,
      0.0012786194690721508
    ],
    [
      0.020693429841347883,
      0.0010448391423939897,
      0.008627525965156972,
      0.03386770592914105,
      0.017222386333141982,
      0.027319711871736856,
      0.12274254137708542,
      0.06846681982652052,
      0.053047023798069186,
      0.09861959390993427,
      0.01282665572332083,
      0.11334921344139759,
      0.042740124730760706,
