{
  "poids_LS": 0.9575,
  "poids_EM": 0.04249999999999998,
  "mae_validation": 5.911394610254443,
  "matrice_de_transition": [
    [
      0.3381251174931116,
      0.00024944667584277054,
      0.0009040106487846237,
      0.02209464424255792,
      0.0005832705499810458,
      0.003550923105566942,
      0.14728331944751077,
      0.08335793899209697,
      0.08654470305606592,
      0.06734843601571197,
      0.0014309285480125227,
      0.12980327366755473,
      0.0021079717940569857,
      0.0034267094838096967,
      0.000641831020104816,
      0.03837781335122859,
      0.07274824211892257,
      0.000539773304184609,
      0.0008816464848949851
    ],
    [
      0.0006088187000229485,
      0.671746358946406,
      0.00020888650284451687,
      0.001107064035975326,
      0.0036504999959472897,
      0.0007256087399319275,
      0.05950025393267572,
      0.004795358678065067,
      0.05560486334194911,
      0.015425003734542302,
      0.0002421690563917081,
      0.04314637134985093,
      0.005287892939728458,
      1.5371494852636386e-05,
      0.029877496696764705,
      0.041099404615994206,
      0.045659336529657174,
      0.006643277588062144,
      0.014655963120337888
    ],
    [
      0.0019659509950929973,
      0.0016772892497065185,
      0.5002070411771058,
      0.012035322723060545,
      0.03464278006701108,
      0.006624104821057848,
      0.08048427903442956,
      0.17649257584309322,
      0.02254842460058157,
      0.008185805127032545,
      0.0005855465350096194,
      0.06925544633435352,
      0.0019013605227493323,
      0.002849282068633105,
      0.0017402518321135909,
      0.0210113952870975,
      0.05729144198246165,
      7.388591833662109e-05,
      0.00042781588107333886
    ],
    [
      0.0019217482303062242,
      0.0014708561305482374,
      0.002171181939162868,
      0.28378011274961495,
      0.0010534168903601994,
      0.0027054965569390235,
      0.13389101322083247,
      0.09372580937918083,
      0.11112807924839849,
      0.09797248504697965,
      0.002782305317665605,
      0.12623909432106845,
      0.03780429155125493,
      0.0032310583982516094,
      0.01795416262156084,
      0.06041511295940533,
      0.018669488811603845,
      0.0018622119679165302,
      0.001222074658950005
    ],
    [
      0.0006069562741120493,
      0.004726310525908252,
      0.0008898166438035863,
      0.0023260877671278184,
      0.5366296699679705,
      0.001418081478360722,
      0.10451753524409568,
      0.04286636554344458,
      0.08221559064240563,
      0.048377279876381754,
      0.00022110833211362707,
      0.04615071265206386,
      0.0013156755611110947,
      0.00028050609430692005,
      3.861155829972761e-05,
      0.0009252981707493571,
      0.02687255548350224,
      0.04749511241389116,
      0.052126725770351635
    ],
    [
      0.0015870887391344851,
      0.0006519582828670462,
      0.0028891931393462368,
      0.0012333186950967052,
      0.0011191346452452985,
      0.5587260400280488,
      0.07319266787151638,
      0.004883471024561859,
      0.038653345223848896,
      0.06871680752964353,
      0.0013763845198261698,
      0.08822030196748279,
      0.0029243724103509873,
      0.0038427594229108347,
      0.026754798249488957,
      0.03673873108892652,
      0.056066590534560624,
      0.016087312108447525,
      0.016335724518696318
    ],
    [
      0.0014389777617795313,
      0.0006803328869853649,
      0.003634211467347151,
      0.0006392666330589145,
      0.013956924381188045,
      0.003069715872877679,
      0.541323227425709,
      0.028977584437006477,
      0.03439150946456582,
      0.08043419938544598,
      0.010044265618567838,
      0.09387399299715116,
      0.06820224432526283,
      0.0009598030671266984,
      0.018600397680643845,
      0.0715351103154217,
      0.024686041017776376,
      0.0022638504176597488,
      0.0012883448444258804
    ],
    [
      0.0009790074461726308,
      0.001962416464787058,
      0.0036485872652227656,
      0.0035507305443246108,
      0.0019512156378305753,
      0.001767369893775039,
      0.008669521369400775,
      0.7597905894686992,
      0.0014503807632670418,
      0.02701400470186659,
      0.005255744338066268,
      0.0395645041782179,
      0.01710223339380294,
      0.007897013471371846,
      0.020136850478947293,
      0.027647888750333006,
      0.04866379947401252,
      0.0025427042119160605,
      0.020405438147985854
    ],
    [
      0.0004359894172071891,
      0.0009067857880007968,
      0.0014576899041521588,
      0.0019107419212763886,
      0.0033332744036200282,
      0.0006003481495299759,
      0.12092041012075765,
      0.04168253623230917,
      0.5306885064897285,
      0.08623251419513886,
      0.00013229009881148034,
      0.07682562447828419,
      0.04722989868212363,
      0.0012653899094855466,
      0.0018489720490482353,
      0.040848762493014695,
      0.027844842564998355,
      0.0026181330871236368,
      0.013217290015389455
    ],
    [
      0.007653536084280949,
      0.0006113035478394636,
      0.0007209004651805965,
      0.016555054269628913,
      0.0008581075852166177,
      0.0039032508102255395,
      0.08706276089389481,
      0.04270607116321036,
      0.013161519519201775,
      0.599155647429854,
      0.00295143936107498,
      0.06337043431173753,
      0.008235940580309008,
      0.0065685048393877826,
      0.004893325949580322,
      0.03455487384543088,
      0.1055206095288769,
      0.0012526016071747429,
      0.00026411820789474545
    ],
    [
      0.022571665070657634,
      0.0005384416606472168,
      0.0009353069513849877,
      0.018543856504817532,
      0.034024472871212616,
      0.000988584686804917,
      0.039019038295116514,
      0.1297714010746273,
      0.0007621109882481227,
      0.0010289327547338002,
      0.5749835171730987,
      0.08825771555235568,
      0.0004924745298233995,
      0.0026476166937839905,
      0.0008213224448408435,
      0.06062981667101902,
      0.023496507555847503,
      0.00010596546735111898,
      0.0003812530536291962
    ],
    [
      0.0037166209878210254,
      1.2059691357667366e-05,
      0.0024759129508366146,
      0.0018242978632000229,
      0.0004064805006604456,
      0.0003497105669042978,
      0.06898921440059026,
      0.08808528508914056,
      0.07223110596489825,
      0.07650513254267055,
      0.003822797448400065,
      0.5512335985040315,
      0.03988322631849598,
      0.002608180846288369,
      0.0016644320575488446,
      0.027677162082466813,
      0.05222058026294681,
      0.006063645612013009,
      0.00023055630972898362
    ],
    [
      0.0034179122008785034,
      0.0017059789744340449,
      0.0030756804442051496,
      2.802879463850288e-05,
      0.0025008670624473935,
      0.0013389516601773166,
      0.08831692473111526,
      0.06445990923094996,
      0.08203535568499949,
      0.06366220355548413,
      0.0033900852446530285,
      0.0690052754331895,
      0.587231154569527,
      0.00436224217967889,
      0.0022941103735898394,
      0.016343748619989957,
      0.0034461310077713997,
      0.0031731939575486354,
      0.00021224627472210515
    ],
    [
      0.001487425490622085,
      0.00031776988147330204,
      0.000904201825327855,
      0.0020837006187103962,
      0.007582216468532776,
      0.011285758856660926,
      0.06985777941774346,
      0.0352545601936746,
      0.024940031541272285,
      0.02218606654908746,
      0.0006411882813410851,
      0.04823191477014032,
      0.0015134189841611166,
      0.6956000119624602,
      0.019234096111622516,
      0.035728449567703914,
      0.02273823924848878,
      0.0002509573132586435,
      0.00016221291771810866
    ],
    [
      0.0026252858753948796,
      0.0001325542195574464,
      0.0010945368761766305,
      0.004296649259667146,
      0.00218492960942846,
      0.0034659335956681073,
      0.15612955384473418,
      0.07546248021659553,
