{
  "poids_LS": 0.13,
  "poids_EM": 0.87,
  "mae_validation": 8.131324719760592,
  "matrice_de_transition": [
    [
      0.16355127796577484,
      0.005106320187840246,
      0.01850562975159113,
      0.0951164440735936,
      0.011939891258435531,
      0.07268948474925273,
      0.05499725882524935,
      0.036736025211293405,
      0.046317303433549874,
      0.04406987851898461,
      0.029291949100491654,
      0.1899933966641759,
      0.04315142260775478,
      0.07014675884504559,
      0.013138658529204475,
      0.04720730400177289,
      0.028943697064242553,
      0.011049477050367296,
      0.018047822161379703
    ],
    [
      0.012462876918116832,
      0.42322753380464384,
      0.004276029587640701,
      0.022662252030553744,
      0.07472788226997984,
      0.014853637735077108,
      0.026324965360049298,
      0.030681882889230985,
      0.06026508633296049,
      0.012152993449036866,
      0.004957343036724379,
      0.008430053546566172,
      0.0170222656471216,
      0.0003146635416892626,
      0.028396628390377196,
      0.07588932011391174,
      0.09777206123859064,
      0.016215309112595007,
      0.06936721499513424
    ],
    [
      0.04024417331131549,
      0.03433509758222757,
      0.22013984080999255,
      0.02496591775500833,
      0.017614073225575264,
      0.023778439357323714,
      0.04581147939973971,
      0.166629164481489,
      0.005080037478059317,
      0.046777040941760654,
      0.011986482010785155,
      0.123243500038851,
      0.03892196834804517,
      0.05832647999319535,
      0.03562397868091352,
      0.03005023140028772,
      0.06620196423280292,
      0.0015124882106555384,
      0.008757642741971883
    ],
    [
      0.0393393167145039,
      0.03010929020181099,
      0.04444537146051049,
      0.11509087670660119,
      0.021564063402667616,
      0.05538310598910474,
      0.0437302776974017,
      0.015881217508187894,
      0.04984151457680426,
      0.06451133070860313,
      0.05695542650280182,
      0.06700385729912561,
      0.0731467273947536,
      0.06614166603479768,
      0.10306696854363838,
      0.05725143055537436,
      0.03340039716510367,
      0.038120574402056046,
      0.025016587136153057
    ],
    [
      0.012424751964176074,
      0.09675035664800426,
      0.0182150701202146,
      0.0476163848800283,
      0.27310116713150345,
      0.0290289620276195,
      0.04228515477610021,
      0.025897083799144124,
      0.11444134397806766,
      0.012210954291502325,
      0.004526217622090721,
      0.010564522371322431,
      0.026932652662744774,
      0.005742124754047543,
      0.0007904013110767773,
      0.018941397848280965,
      0.04444440530889408,
      0.09310367724868825,
      0.122983371256494
    ],
    [
      0.03248864007169418,
      0.013345969555160717,
      0.05914348308779358,
      0.025246759170214916,
      0.022909344502668474,
      0.18312155628608687,
      0.012256354972484066,
      0.021868725990657235,
      0.04071502756362133,
      0.05138305580260474,
      0.028175400758794548,
      0.08518744899605879,
      0.05986362345894965,
      0.07866354583370418,
      0.06701389433130127,
      0.06897412486728421,
      0.05862462358918227,
      0.0761451855836798,
      0.01487323557805917
    ],
    [
      0.029456721241133948,
      0.0139268143924063,
      0.0743944465080476,
      0.013086164017911904,
      0.02957486479714368,
      0.06283888963302546,
      0.07908286617233919,
      0.05423514965045168,
      0.07105898958548347,
      0.013641684227506772,
      0.08410069832743325,
      0.044497765253626656,
      0.09075811536612248,
      0.01964773337412301,
      0.09289455253723536,
      0.10322601005165827,
      0.05086300832283331,
      0.046342349726211346,
      0.026373176815306272
    ],
    [
      0.020040858309886802,
      0.040171819396817444,
      0.07468872754691311,
      0.03947352769247351,
      0.0399425318802965,
      0.036179101354924345,
      0.02839904639317402,
      0.21307339732209646,
      0.009602183263092614,
      0.05279305730359613,
      0.10758817821453306,
      0.08341653251488473,
      0.008736498007738815,
      0.05838336015237343,
      0.004466282282165352,
      0.05659923131778376,
      0.026207111002648158,
      0.05205065092628173,
      0.048187905118320024
    ],
    [
      0.008924959834594228,
      0.018562438483781023,
      0.029839769802644207,
      0.039114011094363736,
      0.06823408779175119,
      0.012289479766848922,
      0.041127233321557016,
      0.03458457574774348,
      0.2760225936679978,
      0.0395132749698269,
      0.0027080561403761867,
      0.014574288135426394,
      0.09019790439884591,
      0.025903275794174726,
      0.037849545474634476,
      0.05697269926212337,
      0.07076702087102904,
      0.05359472437170741,
      0.079220061070574
    ],
    [
      0.0170505992670601,
      0.012513743214596083,
      0.014757256581343983,
      0.013158284287781055,
      0.017565967038551945,
      0.0799018401152052,
      0.052536715781768974,
      0.0829256189046407,
      0.04132485618863132,
      0.25010950612507843,
      0.0604176998620055,
      0.0582876348294376,
      0.07093135519055845,
      0.005318982649457307,
      0.1001692606149384,
      0.05522283690937134,
      0.036759695636974676,
      0.025641491723341805,
      0.005406655079257145
    ],
    [
      0.019744733572226003,
      0.011022217523837148,
      0.019146283475410347,
      0.051187649212658885,
      0.007567152295605914,
      0.020236910059300662,
      0.0383431643420241,
      0.0964722984173603,
      0.015600860230020401,
      0.021062858743962506,
      0.4573206392516417,
      0.12522475011603523,
      0.010081243316384889,
      0.054198271143342885,
      0.01681295357674198,
      0.017237682162049413,
      0.008766682837800703,
      0.0021691754493052603,
      0.007804474274291785
    ],
    [
      0.07608141786833632,
      0.00024686897602754386,
      0.050683394523008365,
      0.0373444503760946,
      0.008320894954696184,
      0.007158781016629158,
      0.05219683643812902,
      0.0314939669905019,
      0.011293479129068251,
      0.06435735591516739,
      0.07825491247313078,
      0.37895780305603266,
      0.07201962826615933,
      0.05339099614755016,
      0.03407190329570577,
      0.02103524460938679,
      0.012648452242845415,
      0.005723990440019472,
      0.004719623281510961
    ],
    [
      0.06996667328857174,
      0.0349223931237087,
      0.06296098791667015,
      0.0005737659137764121,
      0.05119421986657019,
      0.027409128102453318,
      0.075067116261111,
      0.03309870235143814,
      0.1158945815526202,
      0.026924531198736067,
      0.06939703912583849,
      0.032839085190208034,
      0.18269880147914547,
      0.08929766344283849,
      0.046961788824074376,
      0.039382897639731566,
      0.011017621492430662,
      0.026048197135765828,
      0.004344806094311331
    ],
    [
      0.030448474749205045,
      0.006504936397218185,
      0.018509543247887863,
      0.03930043909376879,
      0.008626252018569619,
      0.027356046479796524,
      0.0249522880303807,
      0.03510253634640614,
      0.01905909834712149,
      0.028327307079537154,
      0.013125501288629276,
      0.04355918299038828,
      0.03098057685223934,
      0.623703340537097,
      0.01928665992394273,
      0.016464575935930287,
      0.006235403012475058,
      0.00513724382435341,
      0.003320593845053049
    ],
    [
      0.053741146155142264,
      0.002713462847411257,
      0.022405813700556915,
      0.08795493778612751,
      0.04472679435771202,
      0.07094969948779423,
      0.061675698060189355,
      0.05567133842928929,
      0.030681958365645245,
      0.08095842091563614,
      0.03331101635608693,
      0.07155572461620091,
      0.06627288913819016,
      0.08048803496659782,
      0.148629441226431,
      0.02636300804733018,
