{
  "poids_LS": 0.1875,
  "poids_EM": 0.8125,
  "mae_validation": 7.972191035617815,
  "matrice_de_transition": [
    [
      0.17568178645256863,
      0.00476883350875885,
      0.01728255652088252,
      0.09004242172883886,
      0.011150760514343529,
      0.06788529466525038,
      0.061409885394167814,
      0.039975614386394555,
      0.049112560809132566,
      0.045687421789149946,
      0.02735598694729824,
      0.18581100141063422,
      0.04029946076873651,
      0.06551062248459717,
      0.012270298913768546,
      0.04659377443995259,
      0.03198751741547409,
      0.010319195521176354,
      0.01685500632887472
    ],
    [
      0.01163918102985049,
      0.4404962134972739,
      0.003993418436733413,
      0.021164459511293008,
      0.06978897051075704,
      0.013871931792816265,
      0.02863019689228618,
      0.02888312138815299,
      0.05994126419159112,
      0.012380353680355975,
      0.0046297025486650096,
      0.010842365659785354,
      0.016206886274704554,
      0.0002938668133592251,
      0.028499528605020436,
      0.07347189396148847,
      0.09415093535247142,
      0.015550183054999068,
      0.06556552679839613
    ],
    [
      0.03758435725913084,
      0.03206582389144816,
      0.23960070367538108,
      0.024067417193876006,
      0.018797336842956,
      0.022586446323081676,
      0.04822076759187828,
      0.1673145374764041,
      0.006293852897449082,
      0.044095474706900395,
      0.011194271992830964,
      0.11949206428294937,
      0.03634953940550196,
      0.054471568959162324,
      0.03326952031981866,
      0.02942215517489988,
      0.0655828040764348,
      0.0014125249093765804,
      0.008178833020519718
    ],
    [
      0.03673930440291313,
      0.02811930837812808,
      0.04150789001340779,
      0.12681248525339672,
      0.0201388523157097,
      0.051722728294422524,
      0.0499952230660993,
      0.021290358333060515,
      0.05410009762044978,
      0.06683642602516705,
      0.05319113107301894,
      0.0711199009592606,
      0.07069090858991835,
      0.06177023408422197,
      0.09715278565479311,
      0.05747126347166654,
      0.03237679930368224,
      0.03560111115134545,
      0.023363192009338344
    ],
    [
      0.011603575828612713,
      0.09035593652471662,
      0.017011200543303864,
      0.044469324959796545,
      0.29141281536485314,
      0.02711038120395499,
      0.046609459159072705,
      0.027076218180168022,
      0.11220209223571048,
      0.014724022232445608,
      0.0042270710551134605,
      0.01303727879566398,
      0.02515262102124153,
      0.005362616508808768,
      0.0007381621439653811,
      0.017689523852561246,
      0.043223400638247526,
      0.08993450204868723,
      0.11805979770307624
    ],
    [
      0.030341402365806344,
      0.01246390834892883,
      0.05523457472279573,
      0.023578151523907607,
      0.021395221159101304,
      0.20922096150078512,
      0.01649060027966758,
      0.020688481687877194,
      0.040571768669921134,
      0.052587515892398976,
      0.026313233467265024,
      0.08539819104543267,
      0.05590711960965125,
      0.07346451837917775,
      0.06421643448271613,
      0.06673420324522311,
      0.0584468750687705,
      0.07197197987392046,
      0.014974858676653291
    ],
    [
      0.027509868975196933,
      0.013006364015896688,
      0.06947757216987203,
      0.012221273867302783,
      0.02848963026672984,
      0.05868574462854389,
      0.11120228704492983,
      0.052480092248913195,
      0.06851109821756472,
      0.01828285597564152,
      0.07895478306367522,
      0.04792874180378093,
      0.08919078897959751,
      0.018349176283304534,
      0.08773211881608248,
      0.10102392336303759,
      0.04904406497535201,
      0.04327949327878933,
      0.024630122025788903
    ],
    [
      0.018716318823888536,
      0.03751678535622319,
      0.06975240359984701,
      0.036977381667073435,
      0.03730265189970219,
      0.03378795385158164,
      0.027028112630192794,
      0.25106280946521387,
      0.00903574381446425,
      0.05100176361827958,
      0.10047746528656105,
      0.08036941272109821,
      0.009317802883507621,
      0.05487524542831593,
      0.005555173727863191,
      0.05458750660765878,
      0.027767545548996738,
      0.0486105216983953,
      0.04625740137113668
    ],
    [
      0.008335091799549207,
      0.017335610652956416,
      0.027867601108791284,
      0.03652888967146038,
      0.06372436359861822,
      0.011477244035131895,
      0.046671774307604184,
      0.035077787503468585,
      0.2937184123837072,
      0.0427596269401658,
      0.002529075418454772,
      0.01889990969399355,
      0.08721221215871112,
      0.024191277681341338,
      0.035347995055333925,
      0.055852304864269904,
      0.06778451301290606,
      0.050052544312657786,
      0.0746337658008784
    ],
    [
      0.016397631130492363,
      0.011686685473401513,
      0.013781920657864351,
      0.013394313621867158,
      0.016404997952670638,
      0.07462097137195887,
      0.05493580652974146,
      0.08013090712804585,
      0.0393678871753477,
      0.2743634676054707,
      0.056424576020551113,
      0.05864082029195391,
      0.06657487622972541,
      0.005405807454195678,
      0.09354887844785914,
      0.05378669446081959,
      0.041537644336411994,
      0.023946795431281857,
      0.005049318680340724
    ],
    [
      0.019941166878763548,
      0.010293737630020325,
      0.01788086818824242,
      0.04891934941724997,
      0.00940557638394112,
      0.01889941313009401,
      0.038390128393145324,
      0.09878613334520664,
      0.014569768892978823,
      0.019670773252263837,
      0.4654966096208064,
      0.12265604378683696,
      0.009414954246623818,
      0.0506162014988116,
      0.015701752621957308,
      0.020252845587143978,
      0.00979020540129036,
      0.0020258104052419813,
      0.007288661319381696
    ],
    [
      0.07105304829657846,
      0.00023055292301422915,
      0.047333629942464706,
      0.03487628267882398,
      0.007770950747920287,
      0.006685643190817461,
      0.0533636784113514,
      0.03542629422998435,
      0.015527815736996015,
      0.06520146123973711,
      0.07308289239588363,
      0.39092862872160355,
      0.0697865852305211,
      0.049862280884924726,
      0.031820024629610276,
      0.021496767575794162,
      0.0153981771505866,
      0.005747591856804521,
      0.004407694156583513
    ],
    [
      0.065342439134442,
      0.032614303923003816,
      0.058799773198039654,
      0.0005358446033831435,
      0.04781069384090607,
      0.02559760526809577,
      0.07598779781642852,
      0.035277879868745615,
      0.11354182567662237,
      0.029477299972769922,
      0.06481045320660203,
      0.03535214372672941,
      0.21080830033436837,
      0.0833958063762141,
      0.043857992436276354,
      0.03778199000391871,
      0.010491505839418085,
      0.024458695404348925,
      0.004057649369687306
    ],
    [
      0.02843607555601046,
      0.006075012439930776,
      0.01728621136656194,
      0.03671438173749585,
      0.008553705741678842,
      0.026239379968219127,
      0.02807260918418536,
      0.035113099937001825,
      0.019467743251851,
      0.02790057435385636,
      0.012258011260932514,
      0.043883874322516066,
      0.028933009991315477,
      0.6286991817539651,
      0.019283007453600235,
      0.017803153257775584,
      0.00738212577207722,
      0.0047977133417093625,
      0.003101129309316784
    ],
    [
      0.0501892887943139,
      0.0025341247856570646,
      0.02092496969161206,
      0.08214182408187194,
      0.04177071312142645,
      0.06626049521130209,
      0.06823895692135108,
      0.05704655371964591,
      0.03308568035137305,
      0.08285658436829435,
      0.031109426194621415,
      0.07604754818152579,
      0.0637436667953356,
      0.07516842346018474,
      0.1615713609588838,
