{
  "poids_LS": 0.2225,
  "poids_EM": 0.7775,
  "mae_validation": 7.875534295871993,
  "matrice_de_transition": [
    [
      0.18306557422713876,
      0.004563406834535392,
      0.016538077163059887,
      0.08695388638855336,
      0.010670420061417961,
      0.06496100504890114,
      0.0653132233056834,
      0.0419475382321083,
      0.050814021820356804,
      0.04667201334490277,
      0.02617757520187616,
      0.18326519560413063,
      0.03856348399716016,
      0.06268862643910683,
      0.011741732191329285,
      0.04622032166319241,
      0.03384027762926721,
      0.00987467632949491,
      0.016128944517784734
    ],
    [
      0.011137800923949238,
      0.45100758374496164,
      0.0038213942579202807,
      0.020252759716960386,
      0.0667826763964475,
      0.013274371654048794,
      0.03003338130321298,
      0.027788223083148992,
      0.05974415506206193,
      0.012518746864637172,
      0.004430269208107132,
      0.012310729554788334,
      0.015710568395842006,
      0.00028120793524528926,
      0.028562163518281537,
      0.07200041717305691,
      0.09194677176961621,
      0.015145323715592844,
      0.06325145572212074
    ],
    [
      0.035965338792583665,
      0.030684526862278082,
      0.25144644628909585,
      0.023520503808838942,
      0.01951758426223123,
      0.02186088534571695,
      0.04968729083926697,
      0.16773172103852632,
      0.007032697065773285,
      0.04246321699872458,
      0.01071205719929363,
      0.11720858164892227,
      0.03478371309264956,
      0.05212510137322918,
      0.031836371752195704,
      0.029039847907272497,
      0.0652059239812542,
      0.0013516776825111276,
      0.00782651405963579
    ],
    [
      0.035156688213249174,
      0.026908015094147177,
      0.039719857828214834,
      0.13394737741231572,
      0.01927133252364836,
      0.04949467230635509,
      0.05380866807313263,
      0.024582878835156894,
      0.05669227860353836,
      0.06825170143524945,
      0.050899820811411964,
      0.07362531883934278,
      0.06919606236088818,
      0.0591093624621324,
      0.09355284824419165,
      0.0576050748120183,
      0.03175373973586049,
      0.034067524824825945,
      0.02235677758432069
    ],
    [
      0.011103729485226319,
      0.08646368079749805,
      0.01627841036605385,
      0.04255372326922069,
      0.3025590360286312,
      0.02594254939824616,
      0.04924164443566466,
      0.02779395215122605,
      0.1108390694360148,
      0.016253715761715432,
      0.00404498184043165,
      0.014542434880045791,
      0.024069123500326507,
      0.005131611489967775,
      0.0007063643900714877,
      0.016927513594297068,
      0.04248018040394092,
      0.08800543888346923,
      0.1150628398879524
    ],
    [
      0.02903438811004853,
      0.011927001527744202,
      0.05285523919627529,
      0.0225624773044162,
      0.02047358086301694,
      0.2251075559792971,
      0.019067966988387978,
      0.019970072112271954,
      0.04048456760419057,
      0.05332066551227373,
      0.02517974033329053,
      0.08552646881461676,
      0.053498812918773966,
      0.07029989297207472,
      0.06251363283575126,
      0.06537077269266417,
      0.0583386803172155,
      0.0694317677027626,
      0.015036716214927975
    ],
    [
      0.026324828465496143,
      0.012446089873673445,
      0.06648469213793909,
      0.01169481899301897,
      0.027829052726477944,
      0.056157743321468154,
      0.1307532388804198,
      0.051411796439281066,
      0.06696020781970113,
      0.02110791703972354,
      0.07582248681617035,
      0.05001716231257048,
      0.08823676422258228,
      0.017558750228023723,
      0.08458976785538071,
      0.09968352276996414,
      0.04793688206818948,
      0.04141514587601071,
      0.023569132153908764
    ],
    [
      0.01791007739762872,
      0.03590067767933972,
      0.06674768467554591,
      0.03545798843422121,
      0.03569576843325348,
      0.03233247276259043,
      0.026193631209247704,
      0.2741867994653723,
      0.008690954584864376,
      0.0499114109402608,
      0.09614920524344765,
      0.07851464415096729,
      0.00967164063397559,
      0.05273987124845483,
      0.0062179772165488305,
      0.05336297852323488,
      0.02871737527286109,
      0.04651652999446442,
      0.045082312133720735
    ],
    [
      0.007976041691260934,
      0.016588845886367522,
      0.026667150599489504,
      0.034955337500997476,
      0.060979314089754655,
      0.010982839676695444,
      0.05004671229911116,
      0.03537800335477952,
      0.30448978029761725,
      0.0447356672699373,
      0.002420130631198259,
      0.021532896729643126,
      0.08539483427341168,
      0.023149191873529713,
      0.03382531219141185,
      0.05517032566557649,
      0.06596907344709206,
      0.04789643471149714,
      0.0718421078106289
    ],
    [
      0.01600017226475548,
      0.011183259022239602,
      0.013188237921833271,
      0.013537983651310875,
      0.015698321117786365,
      0.07140652952824372,
      0.05639612263720298,
      0.07842977822055332,
      0.038176688645522885,
      0.28912674850657905,
      0.05399397889966583,
      0.058855802747398614,
      0.06392310642747921,
      0.005458657335340775,
      0.08951908060702828,
      0.05291252079648374,
      0.04444596093606949,
      0.022915241166549718,
      0.004831809567956816
    ],
    [
      0.020060734978395098,
      0.009850315085957911,
      0.0171106154047489,
      0.04753864519395759,
      0.010524617133362554,
      0.01808528456448996,
      0.03841871520687128,
      0.10019455460563487,
      0.013942148079127428,
      0.01882341686601247,
      0.47047328723681964,
      0.12109248341254236,
      0.009009386986769253,
      0.04843581128040125,
      0.015025369432088377,
      0.022088162454592844,
      0.010413219135588412,
      0.001938544726246942,
      0.006974688216392945
    ],
    [
      0.06799230160072585,
      0.00022062141248438543,
      0.045294642806481614,
      0.033373919732659255,
      0.007436202100317566,
      0.006397646253366862,
      0.054073930047225896,
      0.03781988472358236,
      0.01810523802008248,
      0.06571526448077952,
      0.06993470626190709,
      0.3982152182571685,
      0.06842734164361086,
      0.04771436724680489,
      0.030449315876334756,
      0.021777694598824737,
      0.017071922746602974,
      0.0057619579365867256,
      0.004217824254453761
    ],
    [
      0.06252768791018912,
      0.031209380061705188,
      0.05626685989104717,
      0.0005127620666220235,
      0.04575115626006704,
      0.02449493919500857,
      0.076548212676187,
      0.036604335748845813,
      0.11210971340427589,
      0.03103115922652966,
      0.06201861829924072,
      0.0368818315315685,
      0.22791843007233015,
      0.07980337164000796,
      0.0419687250697906,
      0.036807524486467395,
      0.01017126152888869,
      0.023491172611312543,
      0.0038828583199161603
    ],
    [
      0.027211136916674625,
      0.005813319596364527,
      0.01654157456923312,
      0.03514025986846015,
      0.00850954713835402,
      0.025559669917693754,
      0.029971935103892552,
      0.03511952994866877,
      0.01971648362864288,
      0.027640823999094136,
      0.011729973852769266,
      0.04408151252468081,
      0.027686664945535733,
      0.631740128581624,
      0.01928078421078307,
      0.01861793945368142,
      0.008080130930095927,
      0.004591042613143421,
      0.0029675422006077536
    ],
    [
      0.048027288661635754,
      0.002424962487197991,
      0.02002358638181954,
      0.078603407044499,
      0.039971359325426545,
      0.06340619695604599,
      0.07223398405423213,
      0.05788364128768908,
      0.03454881547312041,
      0.08401198820904283,
      0.02976932783546849,
      0.07878170165607136,
      0.0622041401518589,
      0.07193039906497678,
      0.16944905123081155,
      0.029903984211817367,
