{
  "poids_LS": 0.5375,
  "poids_EM": 0.4625,
  "mae_validation": 7.0155486257728645,
  "matrice_de_transition": [
    [
      0.24951966419826996,
      0.002714566766524269,
      0.009837762942656205,
      0.059157068325983886,
      0.006347355985087855,
      0.038642398501757914,
      0.1004432645093237,
      0.059694852843532015,
      0.06612717092137499,
      0.05553333734667815,
      0.015571869493077461,
      0.1603529433455981,
      0.02293969305297309,
      0.03729066202969378,
      0.006984631689375942,
      0.042859246672350776,
      0.050515119553405215,
      0.005874003604361924,
      0.009594388217974842
    ],
    [
      0.0066253799708379715,
      0.5456099159741521,
      0.0022731766486020965,
      0.01204746156796679,
      0.0397260293676617,
      0.007896330405141566,
      0.04266204100155416,
      0.017934138338113026,
      0.0579701728962993,
      0.01376428552316794,
      0.0026353691430862363,
      0.02552600460981516,
      0.011243707486079058,
      0.00016727803221986662,
      0.029125877737631464,
      0.05875712607717289,
      0.07210929952391948,
      0.011501589660936831,
      0.042424816035642375
    ],
    [
      0.021394172593659097,
      0.018252853599747414,
      0.35805812981252866,
      0.018598283343505342,
      0.02599981103570831,
      0.015330836549434481,
      0.06288600006576522,
      0.17148637309762643,
      0.013682294580691123,
      0.027772897625142283,
      0.006372124057457626,
      0.09665723794267853,
      0.02069127627697804,
      0.031006893099830863,
      0.018938034643589084,
      0.025599082498626073,
      0.06181400312462883,
      0.0008040526407220534,
      0.004655643411680455
    ],
    [
      0.020913142506273626,
      0.016006375538319063,
      0.02362756816147828,
      0.19816140684258682,
      0.011463654395096291,
      0.02944216841374821,
      0.08812967313643255,
      0.0542155633540243,
      0.08002190745133556,
      0.08098918012599096,
      0.030278028456949244,
      0.09617407976008235,
      0.05574244629961679,
      0.03516151786332635,
      0.06115341154877845,
      0.05880937687518417,
      0.026146203625464784,
      0.020265247886150486,
      0.013299047759161827
    ],
    [
      0.006605112394748775,
      0.051433379252531,
      0.009683298770803738,
      0.025313308054038034,
      0.4028750220026337,
      0.015432063146866688,
      0.07293131192499225,
      0.03425355789074828,
      0.09857186423875372,
      0.030020957525143853,
      0.0024061789082953544,
      0.028088839639482104,
      0.014317645812091332,
      0.0030525663203988373,
      0.0004201846050264477,
      0.01006942126991948,
      0.03579119829518149,
      0.07064387039650721,
      0.0880902195518378
    ],
    [
      0.017271259808228228,
      0.007094840137082565,
      0.031441219457591416,
      0.013421409328993562,
      0.012178818198257666,
      0.36808690628590496,
      0.04226426736687157,
      0.01350438593182477,
      0.03969975801261556,
      0.0599190120911465,
      0.01497830212752009,
      0.08668096873727363,
      0.03182405270087841,
      0.04181826430814734,
      0.04718841801306742,
      0.05309989771963375,
      0.05736492755322056,
      0.046569858162341854,
      0.015593434059400122
    ],
    [
      0.015659463878189023,
      0.007403622593664269,
      0.03954877185054255,
      0.006956725124464661,
      0.021883854864210846,
      0.033405731557786526,
      0.30671180539982945,
      0.04179713415259196,
      0.05300219423892886,
      0.04653346661646173,
      0.04763182058862642,
      0.06881294689167648,
      0.07965054140944537,
      0.010444915730496428,
      0.056308609209064914,
      0.0876199174323031,
      0.037972235903726725,
      0.024636019251003158,
      0.01402022330698753
    ],
    [
      0.010653904561290398,
      0.021355708587388583,
      0.039705214356835994,
      0.021783449338551246,
      0.021233817235215093,
      0.01923314296166955,
      0.018683298420741876,
      0.48230270946679804,
      0.00558785151846552,
      0.040098236838091855,
      0.05719486485542706,
      0.06182172701978898,
      0.01285618038818731,
      0.03352150362970498,
      0.0121832086147196,
      0.0423422257634198,
      0.03726584278764027,
      0.027670604659086554,
      0.034506508996977214
    ],
    [
      0.004744590716666472,
      0.009867962987067498,
      0.0158630960157735,
      0.020793367966831296,
      0.036273868509982675,
      0.006533200450767387,
      0.08042115422267393,
      0.038079946016577944,
      0.40143209152280784,
      0.06252003023788083,
      0.0014396275458896397,
      0.04522978005048929,
      0.06903843330571681,
      0.013770419603225071,
      0.020121166416113157,
      0.04903251287733572,
      0.04963011735476619,
      0.028491448301051357,
      0.046717185898383425
    ],
    [
      0.012423042473123539,
      0.0066524209617824,
      0.007845093297553554,
      0.014831013916304318,
      0.009338229603827903,
      0.042476552934807364,
      0.06953896760435661,
      0.06311961805312062,
      0.027455901877099554,
      0.42199627661655403,
      0.03211860481169833,
      0.06079064484640101,
      0.040057178207263414,
      0.005934306265646635,
      0.05325090003955059,
      0.04504495781746108,
      0.07062081033298695,
      0.013631252783960443,
      0.0028742275565016434
    ],
    [
      0.021136847875079044,
      0.005859512189396185,
      0.010178340353307225,
      0.03511230718432613,
      0.020595983878155436,
      0.010758127474053513,
      0.03867599653040496,
      0.11287034594948876,
      0.00829356075446487,
      0.011197209389750185,
      0.5152633857809392,
      0.10702044004389093,
      0.005359281648078173,
      0.028812299314708145,
      0.008937920723268006,
      0.03860601426163264,
      0.01602034274427088,
      0.0011531536152915895,
      0.004148930289494196
    ],
    [
      0.04044558133805236,
      0.000131237817715792,
      0.02694375858263376,
      0.01985265321717673,
      0.004423464271893086,
      0.0038056738163114775,
      0.060466194770096335,
      0.05936219916596444,
      0.04130203856786067,
      0.0703394936501614,
      0.04160103105611837,
      0.46379452407725263,
      0.05619414936141877,
      0.028383144503726383,
      0.018112937096855082,
      0.02430603780609991,
      0.032135633110750336,
      0.005891252654626561,
      0.0025089951352859994
    ],
    [
      0.037194926891913144,
      0.018565065310017555,
      0.03347064012811488,
      0.00030501923577194327,
      0.027215318032515763,
      0.014570944537223747,
      0.08159194641401339,
      0.0485424386697476,
      0.09922070295315744,
      0.04501589251036729,
      0.03689210413298885,
      0.05064902177512036,
      0.3819095977139859,
      0.04747145901415265,
      0.02496531877141885,
      0.02803733482940564,
      0.007289062734124138,
      0.014783467473985156,
      0.0023097388719758513
    ],
    [
      0.016186689162652108,
      0.003458084004268288,
      0.00983984339327372,
      0.020973163047138827,
      0.00811211970843063,
      0.0194422794629654,
      0.04706586838125723,
      0.03517740005367127,
      0.021955147019769767,
      0.025303070806234132,
      0.006977637179300046,
      0.04586025634416346,
      0.01646955953351804,
      0.6591086500305539,
      0.01926077502542855,
      0.025951015216833916,
      0.014362177352264291,
      0.002731006056049945,
      0.0017652582222264773
    ],
    [
      0.02856928746753253,
      0.0014425018010663293,
      0.011911136593686866,
      0.04675765370814249,
      0.02377717516142737,
      0.03771751265874119,
      0.10818922825016158,
      0.06541742940007755,
      0.04771703156884665,
      0.09441062277577911,
      0.017708442603092192,
      0.10338908292698157,
      0.048348400360568665,
      0.042788179508105165,
