{
  "poids_LS": 0.4825,
  "poids_EM": 0.5175000000000001,
  "mae_validation": 7.164302953890799,
  "matrice_de_transition": [
    [
      0.23791656912394546,
      0.0030373801117325604,
      0.011007659076377484,
      0.06401048100357538,
      0.007102176696828033,
      0.04323771075602102,
      0.09430944779122778,
      0.05659611537169613,
      0.06345344647516547,
      0.05398612204478086,
      0.017423659378740727,
      0.16435349532724663,
      0.025667656551164486,
      0.04172522724403575,
      0.007815236538923352,
      0.04344610103583106,
      0.04760363921744461,
      0.006572533762718478,
      0.010735342492544825
    ],
    [
      0.007413262994397082,
      0.5290920484420714,
      0.0025435003581655894,
      0.013480132673346626,
      0.044450205833005255,
      0.008835353480347592,
      0.04045703692724061,
      0.019654692817405024,
      0.058279915814130875,
      0.01354681051929749,
      0.0029487643925343297,
      0.02321857563195333,
      0.012023635581434494,
      0.00018717055497033728,
      0.02902745144536402,
      0.0610694467447082,
      0.0755729851541205,
      0.012137797194289469,
      0.04606121344121797
    ],
    [
      0.023938344469661803,
      0.020423463217014676,
      0.3394433914195483,
      0.019457718662849306,
      0.024867993662561517,
      0.01647100379957904,
      0.060581463534154424,
      0.17083079892857722,
      0.012521253744753087,
      0.030337874023704275,
      0.007129890161587723,
      0.10024556779614965,
      0.02315186048288894,
      0.03469419930629724,
      0.021190125249853736,
      0.02619985106204053,
      0.06240624327419834,
      0.0008996697115106221,
      0.005209287493069482
    ],
    [
      0.023400110804316976,
      0.017909836413146193,
      0.02643733302392435,
      0.18694943344999979,
      0.012826899782621257,
      0.03294339925213989,
      0.08213711669680876,
      0.049041602565015704,
      0.07594848019219635,
      0.0787651759101472,
      0.03387865886804591,
      0.09223699451995321,
      0.058091490373807037,
      0.03934288755518138,
      0.06681045605115218,
      0.05859910191177426,
      0.027125297232041816,
      0.02267516925639541,
      0.014880556141332425
    ],
    [
      0.007390585220070252,
      0.05754978110958874,
      0.010834826192196617,
      0.0283235392820858,
      0.38535953238812537,
      0.017267227412980566,
      0.06879502077606203,
      0.03312569022194281,
      0.10071375720970407,
      0.027617153407719846,
      0.002692319102795343,
      0.02572359436402497,
      0.016020284773529223,
      0.0034155742071489696,
      0.00047015250400256586,
      0.011266865961477473,
      0.036959115806234726,
      0.07367525537042122,
      0.09279972468988956
    ],
    [
      0.019325139352990506,
      0.007938550856086978,
      0.035180175284980665,
      0.01501746881676577,
      0.013627110092104525,
      0.34312225781967187,
      0.03821411968173952,
      0.014633315264918725,
      0.03983678825876359,
      0.058766919831343314,
      0.016759505623765724,
      0.08647938938569863,
      0.035608534643685574,
      0.046791247090737835,
      0.049864249172583655,
      0.05524243144508351,
      0.05753494787709269,
      0.050561620145589924,
      0.015496229356397048
    ],
    [
      0.017521670393433126,
      0.008284053388586506,
      0.04425186904358004,
      0.007784011355482082,
      0.02292190528460669,
      0.03737830504033411,
      0.27598888108691666,
      0.0434758847105853,
      0.05543930772128593,
      0.04209408494433284,
      0.05255400040613409,
      0.0655311432350072,
      0.08114972317046928,
      0.011687013817366275,
      0.061246589290167686,
      0.08972626122141852,
      0.039712094757839274,
      0.02756570802679813,
      0.015687493105656317
    ],
    [
      0.011920855373984393,
      0.02389530636534831,
      0.04442691552359487,
      0.024171067275890447,
      0.023758919825348782,
      0.02152032753008431,
      0.01999462636794131,
      0.44596501089512053,
      0.006129663164979607,
      0.041811648189264215,
      0.06399641635174813,
      0.06473636334428044,
      0.012300149637451931,
      0.036877091626629555,
      0.01114166027535645,
      0.04426648418180021,
      0.03577325322156772,
      0.03096116305097793,
      0.036353077798630846
    ],
    [
      0.0053088123154051885,
      0.011041450477421472,
      0.017749518244676295,
      0.023266092806130154,
      0.040587517738196834,
      0.007310121585453239,
      0.07511768023602011,
      0.03760817825023219,
      0.3845056562295206,
      0.059414824005382755,
      0.001610826497292732,
      0.04109222899446854,
      0.07189431283975878,
      0.015407983015500486,
      0.022513953773704996,
      0.05010419447528252,
      0.052482950958188175,
      0.031879620531446655,
      0.051104077025918355
    ],
    [
      0.013047620690710072,
      0.007443519670751119,
      0.00877802331131668,
      0.01460524672717848,
      0.010448721772931761,
      0.04752781868921689,
      0.06724418514977423,
      0.06579282062203745,
      0.02932778528110998,
      0.39879683520052667,
      0.035938114573089486,
      0.06045281527355932,
      0.04422424503936459,
      0.005851256452418628,
      0.059583439503713365,
      0.04641865928998885,
      0.06605059853352517,
      0.015252266628539525,
      0.003216027590247785
    ],
    [
      0.02094895514708661,
      0.006556319044351408,
      0.011388737584511328,
      0.03728198524949988,
      0.018837491271921757,
      0.012037472362859878,
      0.03863107439454987,
      0.11065711254024443,
      0.009279822033374206,
      0.012528769425288045,
      0.507442892384347,
      0.10947746348921103,
      0.005996601627849632,
      0.032238626800781545,
      0.01000080859306204,
      0.035721944898498705,
      0.015041321161802512,
      0.0012902853965695083,
      0.004642316594190804
    ],
    [
      0.04525532614582075,
      0.00014684447711983212,
      0.03014788122489291,
      0.022213509275435583,
      0.004949497860983075,
      0.004258240432305276,
      0.05935008505657928,
      0.05560084267602471,
      0.03725180355158194,
      0.06953208855709472,
      0.046548180695224345,
      0.4523441690927935,
      0.058330103569420574,
      0.03175843736362898,
      0.02026690799485947,
      0.023864581055623297,
      0.02950546145986746,
      0.005868677386397384,
      0.0028073621243470378
    ],
    [
      0.04161810738716768,
      0.02077280280634397,
      0.03745093246767449,
      0.00034129179353941763,
      0.0304517342309771,
      0.016303705509217923,
      0.08071129449153577,
      0.04645800800101871,
      0.1014711650954162,
      0.04257411368303056,
      0.041279273273128074,
      0.048245226653230354,
      0.3550222509829032,
      0.053116713599619454,
      0.027934167490182175,
      0.02956863778540055,
      0.007792303793527473,
      0.016303860434470893,
      0.002584410521616223
    ],
    [
      0.01811159273875128,
      0.0038693156155866796,
      0.011009986931933299,
      0.02344678312705208,
      0.008181511799369635,
      0.02051039525664813,
      0.044081213364574504,
      0.03516729574962322,
      0.021564269284811106,
      0.0257112499351462,
      0.007807410249270863,
      0.04554968202647601,
      0.018428101748314784,
      0.6543300193013757,
      0.019264268692712673,
      0.024670636908981892,
      0.013265312103949179,
      0.003055774343796425,
      0.001975180821626383
    ],
    [
      0.03196671624745532,
      0.0016140425557877307,
      0.013327596080503684,
      0.052318023338299983,
      0.026604731126570084,
      0.04220283848842933,
      0.10191132846991995,
      0.06410200607886687,
      0.045417819234672224,
      0.09259498816888864,
      0.019814311453189643,
      0.09909255603840994,
      0.05076765651460347,
