{
  "poids_LS": 0.1775,
  "poids_EM": 0.8225,
  "mae_validation": 7.999828504282788,
  "matrice_de_transition": [
    [
      0.17357213280269143,
      0.0048275268442512665,
      0.017495264908831843,
      0.09092486039749187,
      0.011288000643750833,
      0.06872080598420732,
      0.06029464599087764,
      0.03941220757333348,
      0.04862642909163992,
      0.045406109916077714,
      0.027692676017418833,
      0.1865383744982067,
      0.04079545413204403,
      0.06631690706902299,
      0.01242131797732262,
      0.046700475233312645,
      0.03145815735439035,
      0.010446201004513909,
      0.01706245256061472
    ],
    [
      0.011782432488679419,
      0.4374929648550773,
      0.004042568202108593,
      0.021424945166816613,
      0.07064791168627405,
      0.014042663261035543,
      0.028229287060592814,
      0.029195949475296988,
      0.05999758108574231,
      0.012340812770561347,
      0.0046866835031101175,
      0.010422833118355932,
      0.016348691382951,
      0.00029748363567749255,
      0.028481632915517266,
      0.07389231590104034,
      0.09478069637614432,
      0.015665857151972277,
      0.06622668996304623
    ],
    [
      0.03804693396385861,
      0.03246048018549675,
      0.23621620578574828,
      0.024223678161029456,
      0.01859155186602022,
      0.02279374945947159,
      0.04780176094976722,
      0.16719534217294063,
      0.006082754563642165,
      0.044561834052093484,
      0.011332047648127345,
      0.12014448789267139,
      0.036796918352031215,
      0.05514198826942894,
      0.03367899133913951,
      0.029531385822793417,
      0.06569048410362927,
      0.0014299098313381383,
      0.008279495580772268
    ],
    [
      0.03719148045710283,
      0.028465392173551193,
      0.042018756352034344,
      0.12477394463656272,
      0.020386715113441513,
      0.05235931571958465,
      0.04890566734980407,
      0.020349638189604405,
      0.053359474482424465,
      0.06643206162228638,
      0.053845791147763784,
      0.07040406727923713,
      0.07111800751249839,
      0.0625304831191047,
      0.09818133920067926,
      0.05743303166013746,
      0.03255481632305988,
      0.03603927867320816,
      0.023650738987914817
    ],
    [
      0.011746389069580254,
      0.0914680095896362,
      0.017220569165375295,
      0.0450166397285325,
      0.288228180889488,
      0.027444047434157515,
      0.045857406222903574,
      0.0268711513312943,
      0.11259152732133781,
      0.014286966938368513,
      0.004279096545022549,
      0.012607234200126318,
      0.025462191741502962,
      0.005428617942763337,
      0.0007472472165064934,
      0.017907241069208154,
      0.04343574927662084,
      0.09048566295303524,
      0.1189160713645402
    ],
    [
      0.030714835010308576,
      0.012617310297838724,
      0.05591438487323014,
      0.02386834415804801,
      0.02165854695798255,
      0.20468193450692457,
      0.01575420979146175,
      0.020893741566621552,
      0.040596683260129864,
      0.05237804457243476,
      0.026637088648400593,
      0.0853615402542372,
      0.056595207235616195,
      0.07436869706692148,
      0.06470294923899182,
      0.06712375483166852,
      0.05847778785492907,
      0.07269775477996557,
      0.014957185094289097
    ],
    [
      0.02784845197796859,
      0.013166442342246185,
      0.07033268075042431,
      0.012371689545669588,
      0.028678366706801815,
      0.059408030716279814,
      0.10561630080621841,
      0.052785319623093796,
      0.06895420975981147,
      0.017475695671618083,
      0.07984972484867663,
      0.04733205022984105,
      0.08946336748160184,
      0.018575012299099053,
      0.08862993337628297,
      0.10140689496105859,
      0.04936040294882702,
      0.04381216396529751,
      0.024933261989183227
    ],
    [
      0.018946673517105626,
      0.037978530406761316,
      0.0706108947210759,
      0.037411494019316927,
      0.037761761461544675,
      0.034203805591293414,
      0.027266535893319965,
      0.24445595517945432,
      0.009134255022921357,
      0.05131329295485637,
      0.10171411101316488,
      0.08089934659827848,
      0.009216706383373916,
      0.05548535233684766,
      0.005365801302524436,
      0.054937371774637034,
      0.027496165627892637,
      0.04920880504237554,
      0.046593141153255524
    ],
    [
      0.008437677544774428,
      0.017548972014838956,
      0.028210586968591793,
      0.03697847600587836,
      0.06450866345829351,
      0.011618502423256596,
      0.04570750631003076,
      0.03499201154595118,
      0.2906408786940186,
      0.042195043988802514,
      0.002560202500528062,
      0.018147627683807958,
      0.08773146298308239,
      0.024489016483573232,
      0.0357830473021688,
      0.0560471560638966,
      0.06830321003171005,
      0.050668575627275114,
      0.07543138236952111
    ],
    [
      0.01651119080641719,
      0.011830521602304918,
      0.013951544296730374,
      0.013353265042026097,
      0.01660690561978043,
      0.07553938332730606,
      0.05451857335618103,
      0.080616943958758,
      0.039708229612440506,
      0.27014538734801113,
      0.05711903234080405,
      0.05857939673325542,
      0.06733252474465289,
      0.0053907074881542226,
      0.0947002492595251,
      0.05403645836491554,
      0.040706696736509854,
      0.024241525221205328,
      0.005111464141021841
    ],
    [
      0.019907004564583105,
      0.010420429785466728,
      0.018100940412097713,
      0.049313836338190656,
      0.009085850455534998,
      0.019132021291695164,
      0.038381960732080764,
      0.09838372727079858,
      0.014749089125507795,
      0.019912875076907085,
      0.46407470173051685,
      0.1231027753223497,
      0.009530830606582266,
      0.051239170132643126,
      0.01589500496191986,
      0.019728469339301447,
      0.009612201477205201,
      0.0020507434563834213,
      0.007378367920235624
    ],
    [
      0.07192754735253634,
      0.00023339049745132738,
      0.047916197695602736,
      0.03530552923487104,
      0.007866593218663922,
      0.00676792803008906,
      0.05316074937253012,
      0.034742411231813486,
      0.014791409370399881,
      0.06505466031372498,
      0.07398237414844835,
      0.38884674599715646,
      0.07017494054106688,
      0.050475970495816105,
      0.03221165570197471,
      0.021416502712071142,
      0.01491996412315335,
      0.005743487262581035,
      0.004461942700049156
    ],
    [
      0.06614665376994283,
      0.033015710740517706,
      0.05952346271432322,
      0.0005424396138863207,
      0.04839913314971722,
      0.025912652717549257,
      0.07582767928506895,
      0.03489889247443127,
      0.1139510006115785,
      0.029033340185981426,
      0.06560812032299099,
      0.03491509006820395,
      0.20591969183780787,
      0.08442221630084444,
      0.04439778311241514,
      0.038060408723190504,
      0.010583004213855055,
      0.0247351304880736,
      0.00410758966962192
    ],
    [
      0.028786058024392127,
      0.006149781823806847,
      0.01749896473722732,
      0.03716413084293462,
      0.008566322485485934,
      0.026433582839797805,
      0.027529944635697596,
      0.035111262790811275,
      0.01939667457276761,
      0.027974788740931282,
      0.012408879091836298,
      0.04382740626475471,
      0.029289108575823977,
      0.6278303398032055,
      0.019283642665833715,
      0.017570357201802486,
      0.007182695726929016,
      0.0048567621212996315,
      0.003139297054662222
    ],
    [
      0.05080700311793622,
      0.0025653140137882283,
      0.02118250778012421,
      0.08315280037826422,
      0.042284814205997855,
      0.06707600899851811,
      0.06709752059767078,
      0.05680738584306215,
      0.03266764174515952,
      0.08252646898522337,
      0.03149231144009368,
      0.07526636147451277,
      0.06418353155061464,
      0.07609357328738701,
      0.15932059230976156,
