{
  "poids_LS": 0.145,
  "poids_EM": 0.855,
  "mae_validation": 8.089750085846223,
  "matrice_de_transition": [
    [
      0.1667157584405906,
      0.00501828018460162,
      0.018186567169667142,
      0.0937927860706141,
      0.011734031064324574,
      0.07143621777081732,
      0.056670117930184595,
      0.037581135430885,
      0.047046501009788834,
      0.04449184632859295,
      0.028786915495310764,
      0.1889023370328172,
      0.04240743256279349,
      0.06893733196840687,
      0.012912129933873362,
      0.04704725281173281,
      0.029737737155868173,
      0.010858968825360962,
      0.017736652813769706
    ],
    [
      0.012247999729873438,
      0.4277324067679386,
      0.00420230493957793,
      0.022271523547268333,
      0.07343947050670432,
      0.014597540532748192,
      0.026926330107589356,
      0.030212640758514986,
      0.06018061099173369,
      0.012212304813728807,
      0.004871871605056717,
      0.009059352358710308,
      0.016809557984751936,
      0.0003092383082118615,
      0.028423471924631953,
      0.07525868720458392,
      0.09682741970308129,
      0.0160417979671352,
      0.06837547024815907
    ],
    [
      0.03955030825422384,
      0.033743113141154676,
      0.22521658764444172,
      0.02473152630427816,
      0.017922750690978935,
      0.023467484652738832,
      0.04643998936290629,
      0.16680795743668425,
      0.005396684978769691,
      0.04607750192397102,
      0.011779818527840583,
      0.12226486462426796,
      0.038250899928251286,
      0.05732085102779543,
      0.03500977215193225,
      0.029886385428447414,
      0.06604044419201124,
      0.0014864108277132014,
      0.008606648901593057
    ],
    [
      0.038661052633219346,
      0.029590164508676315,
      0.043679071952570654,
      0.11814868763185218,
      0.0211922692060699,
      0.05442822485136155,
      0.045364611271844546,
      0.017292297723372055,
      0.050952449283842224,
      0.06511787731292415,
      0.05597343639068454,
      0.06807760781916082,
      0.07250607901088353,
      0.06500129248247358,
      0.10152413822480919,
      0.05730877827266797,
      0.03313337163603721,
      0.037463323119261975,
      0.02458526666828835
    ],
    [
      0.012210532102724762,
      0.09508224705062486,
      0.01790101718710745,
      0.04679541272692436,
      0.27787811884455116,
      0.028528462682315715,
      0.0434132341803539,
      0.026204684072454704,
      0.11385719134962666,
      0.012866537232617964,
      0.004448179387227087,
      0.01120958926462892,
      0.026468296582352623,
      0.005643122603115688,
      0.0007767737022651087,
      0.018614822023310603,
      0.04412588235133411,
      0.09227693589216623,
      0.12169896076429805
    ],
    [
      0.03192849110494083,
      0.013115866631795876,
      0.05812376786214196,
      0.024811470219004313,
      0.022514355804346603,
      0.18993009677687772,
      0.013360940704792806,
      0.021560836172540704,
      0.040677655678308236,
      0.05169726278255106,
      0.027689617987091193,
      0.08524242518285198,
      0.05883149202000224,
      0.07730727780208858,
      0.06628412219688777,
      0.0683897974876161,
      0.058578254409944415,
      0.07505652322461213,
      0.014899745951605464
    ],
    [
      0.028948846736976466,
      0.013686696902882052,
      0.0731117836372192,
      0.012860540500361698,
      0.029291760137035723,
      0.06175546050142157,
      0.0874618455304063,
      0.05377730858918077,
      0.07039432227211335,
      0.01485242468354192,
      0.08275828564993115,
      0.045392802614536466,
      0.09034924761311597,
      0.019308979350431233,
      0.0915478306969346,
      0.10265155265462679,
      0.0503885013626208,
      0.04554334369644908,
      0.025918466870214783
    ],
    [
      0.019695326270061167,
      0.039479201821010244,
      0.07340099086506978,
      0.038822359164108276,
      0.039253867537532766,
      0.03555532374535668,
      0.02804141149848326,
      0.22298367875073577,
      0.009454416450406953,
      0.05232576329873095,
      0.10573320962462732,
      0.08262163169911434,
      0.008888142757939373,
      0.05746819978957582,
      0.004750340920173483,
      0.05607443356731637,
      0.026614180884304308,
      0.05115322591031136,
      0.047684295445141765
    ],
    [
      0.008771081216756396,
      0.018242396440957213,
      0.02932529101294344,
      0.03843963159273677,
      0.06705763800223824,
      0.01207759218466187,
      0.042573635317917136,
      0.03471323968401959,
      0.2806388942025307,
      0.04036014939687183,
      0.0026613655172662526,
      0.015702711150704783,
      0.08941902816228901,
      0.025456667590826886,
      0.03719696710438216,
      0.056680422462683344,
      0.06998897534282304,
      0.05267067739978142,
      0.07802363621760994
    ],
    [
      0.016880259753172863,
      0.012297989021240976,
      0.014502821123044948,
      0.013219857157542645,
      0.017263105537887256,
      0.07852422218218441,
      0.05316256554210962,
      0.08219656365857247,
      0.04081434253299212,
      0.2564366265112677,
      0.059376015381626096,
      0.05837977016748533,
      0.06979488241816723,
      0.005341632598519491,
      0.09844220439743946,
      0.0548481910532274,
      0.038006117036827894,
      0.0251993970384566,
      0.00531343688823547
    ],
    [
      0.019795977043496667,
      0.010832179290667541,
      0.018816175139627408,
      0.050595918831247866,
      0.008046741188215098,
      0.019887997816898925,
      0.03835541583362094,
      0.0970759075289724,
      0.015331879881226947,
      0.020699706006997637,
      0.4594535010870759,
      0.12455465281276612,
      0.009907428776447217,
      0.05326381819259559,
      0.016523075066798152,
      0.01802424653381321,
      0.00903368872392844,
      0.0021317758725931005,
      0.007669914373010892
    ],
    [
      0.07476966928439949,
      0.00024261261437189652,
      0.04980954289330132,
      0.036700580542024006,
      0.008177431248580733,
      0.007035353757721758,
      0.05250122999636095,
      0.03251979148775819,
      0.01239808867896245,
      0.06457755730418559,
      0.07690568984428368,
      0.3820806271427033,
      0.07143709530034066,
      0.05247046173121309,
      0.03348445668715912,
      0.021155641904971323,
      0.013365771783995287,
      0.005730147331354703,
      0.0046382504663124964
    ],
    [
      0.0687603513353205,
      0.03432028289743786,
      0.0618754536422448,
      0.0005638733980216465,
      0.05031156090335346,
      0.026936556928273087,
      0.07530729405815034,
      0.03366718344290966,
      0.11528081915018597,
      0.02759047087891881,
      0.06820053845125507,
      0.03349466567799622,
      0.19003171422398624,
      0.087758048555893,
      0.046152102809866195,
      0.03896526956082386,
      0.010880373930775207,
      0.025633544510178807,
      0.004269895644409411
    ],
    [
      0.029923501046632547,
      0.006392782321404078,
      0.018190413191889795,
      0.03862581543561063,
      0.00860732690285898,
      0.027064742172428505,
      0.025766284853112352,
      0.03510529206569196,
      0.019165701365746583,
      0.028215985498924772,
      0.0128991995422736,
      0.04364388507703031,
      0.030446428975476593,
      0.6250066034632364,
      0.019285707105592517,
      0.01681377001988993,
      0.00653454808019736,
      0.005048670654968006,
      0.003263342227034893
    ],
    [
      0.05281457466970878,
      0.002666679005214511,
      0.022019506567788692,
      0.08643847334153909,
      0.043955642730854914,
      0.06972642880697019,
      0.0633878525457098,
      0.05603009024416493,
      0.03130901627496554,
      0.08145359399024263,
      0.032736688487878536,
      0.07272750467672044,
      0.06561309200527157,
      0.0791003102257944,
      0.15200559420011436,
