{
  "poids_LS": 0.0725,
  "poids_EM": 0.9275,
  "mae_validation": 8.290981877915938,
  "matrice_de_transition": [
    [
      0.15142076947898103,
      0.005443806866921641,
      0.01972870298229974,
      0.10019046641834835,
      0.012729022002527535,
      0.07749367483325506,
      0.048584632256330876,
      0.03349643603619225,
      0.04352204605796719,
      0.04245233524881926,
      0.031227911253685067,
      0.19417579191771753,
      0.04600338444677306,
      0.074782895205494,
      0.014007018144640402,
      0.04782083356359319,
      0.025899876713011014,
      0.011779758579558238,
      0.019240637993884684
    ],
    [
      0.013286572806383174,
      0.4059588541120139,
      0.004558640738547988,
      0.02416004454981448,
      0.07966679402920265,
      0.01583534367733795,
      0.024019733827812417,
      0.032480644390308976,
      0.06058890847432985,
      0.011925633217717757,
      0.0052849835247837495,
      0.00601774143334699,
      0.01783764501953865,
      0.0003354602700193001,
      0.028293728175733956,
      0.078306746266335,
      0.10139318712470989,
      0.016880435170190947,
      0.07316890319187234
    ],
    [
      0.04290398936350013,
      0.036604371273006975,
      0.200678977944604,
      0.025864418316140655,
      0.016430809608194527,
      0.024970432391565753,
      0.04340219120760114,
      0.1659437914865739,
      0.0038662220586695535,
      0.04945860717662092,
      0.012778692028739347,
      0.12699493579475263,
      0.04149439729058839,
      0.062181391027228375,
      0.03797843704200838,
      0.03067830762567556,
      0.06682112438917105,
      0.0016124515119344963,
      0.009336452463424046
    ],
    [
      0.04193932902609467,
      0.0320992720254939,
      0.047382852907613196,
      0.10336926815980567,
      0.022989274489625535,
      0.059043483683786945,
      0.037465332328704096,
      0.01047207668331527,
      0.04558293153315874,
      0.06218623539203919,
      0.060719721932584694,
      0.06288781363899061,
      0.07560254619958885,
      0.07051309798537338,
      0.10898115143248364,
      0.05703159763908217,
      0.034423995026525114,
      0.04064003765276665,
      0.02666998226296777
    ],
    [
      0.013245928099739434,
      0.10314477677129189,
      0.019418939697125333,
      0.05076344480026005,
      0.25478951889815377,
      0.030947542851284007,
      0.037960850393127715,
      0.024717949418120225,
      0.11668059572042484,
      0.00969788635055904,
      0.004825364189067981,
      0.00809176594698088,
      0.02871268430424802,
      0.006121632999286316,
      0.0008426404781881735,
      0.020193271844000684,
      0.04566540997954065,
      0.09627285244868924,
      0.12790694480991174
    ],
    [
      0.03463587777758201,
      0.014228030761392603,
      0.06305239145279143,
      0.02691536681652222,
      0.024423467846235645,
      0.1570221510713886,
      0.00802210966530055,
      0.02304897029343728,
      0.040858286457321535,
      0.0501785957128105,
      0.030037568050324072,
      0.08497670694668491,
      0.06382012730824804,
      0.0838625732882306,
      0.06981135417988643,
      0.07121404648934532,
      0.05880237210959405,
      0.08031839129343914,
      0.014771612479465047
    ],
    [
      0.03140357350707096,
      0.01484726476891591,
      0.07931132084622315,
      0.013951054168521023,
      0.030660099327557516,
      0.06699203463750703,
      0.046963445299748524,
      0.05599020705199017,
      0.07360688095340222,
      0.009000512479372022,
      0.08924661359119127,
      0.04106678870347238,
      0.09232544175264748,
      0.020946290464941484,
      0.09805698625838824,
      0.10542809674027893,
      0.05268195167031461,
      0.04940520617363336,
      0.028116231604823638
    ],
    [
      0.021365397795885067,
      0.0428268534374117,
      0.07962505149397921,
      0.041969673717873586,
      0.042582411860890804,
      0.03857024885826704,
      0.02976998015615524,
      0.17508398517897905,
      0.010168622711720974,
      0.054584350988912685,
      0.11469889114250507,
      0.08646365230867126,
      0.00815519313197001,
      0.061891474876430944,
      0.003377390836467513,
      0.05861095602790873,
      0.024646676456299577,
      0.05549078015416817,
      0.05011840886550336
    ],
    [
      0.00951482786963925,
      0.01978926631460563,
      0.031811938496497126,
      0.04169913251726708,
      0.07274381198488417,
      0.013101715498565949,
      0.035582692335509834,
      0.03409136399201837,
      0.2583267749522884,
      0.036266922999488006,
      0.0028870368622976018,
      0.010248666576859234,
      0.09318359663898068,
      0.027615273907008114,
      0.040351095893935034,
      0.05809309365997685,
      0.073749528729152,
      0.057136904430757036,
      0.0838063563402696
    ],
    [
      0.017703567403627836,
      0.013340800955790651,
      0.015732592504823614,
      0.01292225495369495,
      0.01872693612443325,
      0.08518270885845151,
      0.050137625033796485,
      0.08572033068123557,
      0.043281825201914946,
      0.22585554464468613,
      0.06441082370345988,
      0.05793444936692129,
      0.07528783415139148,
      0.005232157844718937,
      0.10678964278201766,
      0.05665897935792309,
      0.031981746937537366,
      0.027336188015401754,
      0.005763991478173565
    ],
    [
      0.01954830026568846,
      0.011750697417653971,
      0.02041169876257827,
      0.0534559490080678,
      0.005728728207270704,
      0.021574406988507315,
      0.038296200290902874,
      0.09415846348951395,
      0.01663195156706198,
      0.02245494423566118,
      0.449144668882477,
      0.12779345644523352,
      0.010747532386145958,
      0.05778034078787417,
      0.01792415453152665,
      0.014222518736954848,
      0.007743160274311045,
      0.002312540493368539,
      0.008320287229201874
    ],
    [
      0.08110978744009417,
      0.0002631850290408585,
      0.05403315910355202,
      0.03981261807336522,
      0.00887083916147208,
      0.007631918842440855,
      0.051029994464906636,
      0.027561639751019457,
      0.0070591425211404876,
      0.06351325059059769,
      0.08342693255037792,
      0.3669869773904617,
      0.07425267130179757,
      0.05691971141017561,
      0.03632378196180127,
      0.020573721642979412,
      0.009898727335104229,
      0.005700389023234423,
      0.00503155240643841
    ],
    [
      0.07459090744270148,
      0.03723048232441358,
      0.06712220263530065,
      0.0006116872241696807,
      0.05457774589223431,
      0.029220650936810866,
      0.07414643470579348,
      0.030919524834130675,
      0.11824733742861801,
      0.024371762424702216,
      0.07398362504507494,
      0.030326026653686663,
      0.1545893026239226,
      0.09519952050946287,
      0.0500655852118724,
      0.040983805275544426,
      0.011543737145443241,
      0.027637698867182734,
      0.004631962818935355
    ],
    [
      0.03246087394239963,
      0.006934860354505594,
      0.019732875129213786,
      0.041886496450041735,
      0.008698798295460396,
      0.028472712991373925,
      0.021831966876576035,
      0.03509197275581044,
      0.01865045344239198,
      0.02875403980521795,
      0.013992991316326038,
      0.0432344916582605,
      0.033028143713163205,
      0.6187074993202288,
      0.01929031239428522,
      0.01512599861408499,
      0.005088680252872895,
      0.005476774306997456,
      0.0035400583807893137
    ],
    [
      0.05729300351597063,
      0.002892800909165449,
      0.02388665770950177,
      0.09376805149038306,
      0.04768287559399759,
      0.07563890376428638,
      0.05511243919902763,
      0.054296123138932666,
      0.028278236379917436,
      0.07906025746297794,
      0.03551260651755245,
      0.06706390105087603,
      0.06880211148104473,
      0.08580764647301088,
      0.13568752149397825,
