{
  "poids_LS": 0.26,
  "poids_EM": 0.74,
  "mae_validation": 7.7721806969388165,
  "matrice_de_transition": [
    [
      0.19097677541417818,
      0.00434330682643883,
      0.015740420708249925,
      0.08364474138110461,
      0.010155769576140566,
      0.06182783760281266,
      0.06949537106802153,
      0.04406031378108731,
      0.05263701576095421,
      0.04772693286892365,
      0.024914991188923936,
      0.1805375465257339,
      0.03670350888475694,
      0.05966505924751004,
      0.011175410703001506,
      0.04582019368809222,
      0.03582537785833126,
      0.009398405766979078,
      0.015351021148759747
    ],
    [
      0.010600607953340753,
      0.4622697661531987,
      0.003637082637763354,
      0.019275938508746863,
      0.06356164698825871,
      0.012634128648226505,
      0.03153679317206312,
      0.026615117756359,
      0.05953296670899495,
      0.012667025276367025,
      0.004216590628937978,
      0.013883976585148672,
      0.015178799239917846,
      0.0002676448515517866,
      0.028629272353918434,
      0.07042383489973737,
      0.0895851679308428,
      0.014711545851943317,
      0.060772093854682845
    ],
    [
      0.034230676149854554,
      0.02920456575959586,
      0.2641383133752188,
      0.022934525182013513,
      0.02028927792574041,
      0.021083498584254755,
      0.05125856574718343,
      0.16817870342651445,
      0.007824315817549218,
      0.0407143694542505,
      0.010195398491932201,
      0.11476199311246468,
      0.033106042043164856,
      0.04961102895972938,
      0.030300855429742535,
      0.028630232977671734,
      0.06480212387927499,
      0.0012864842251552855,
      0.007449029458688727
    ],
    [
      0.0334610280100378,
      0.025610200861310495,
      0.037804109058365246,
      0.14159190472544325,
      0.018341847032154066,
      0.047107469461997134,
      0.05789450200923976,
      0.028110579373117298,
      0.059469615371133266,
      0.069768067946052,
      0.04844484553111879,
      0.07630969513943084,
      0.06759444140121301,
      0.05625842858132216,
      0.08969577244711864,
      0.05774844410525234,
      0.031086175913194333,
      0.03242439661784077,
      0.021278476414658923
    ],
    [
      0.01056817983159804,
      0.08229340680404959,
      0.015493278033285979,
      0.04050129288646085,
      0.31450141531125053,
      0.0246913010349867,
      0.0520618429462989,
      0.0285629528345025,
      0.10937868786491228,
      0.017892673114504532,
      0.0038498862532725673,
      0.01615510211331202,
      0.02290823329934613,
      0.004884106112638139,
      0.0006722953680423163,
      0.016111074031871165,
      0.04168387301004099,
      0.08593858549216422,
      0.11185181365746256
    ],
    [
      0.027634015693165162,
      0.011351744219332103,
      0.05030595113214626,
      0.021474254926389696,
      0.019486109117212266,
      0.24212890720627422,
      0.021829431319159837,
      0.01920034756698062,
      0.04039113789090784,
      0.05410618296213954,
      0.02396528340403214,
      0.08566390928159973,
      0.05091848432140545,
      0.06690922289303573,
      0.06068920249971747,
      0.06390995424349388,
      0.05822275736912087,
      0.06671011180509347,
      0.015102992148793707
    ],
    [
      0.025055142205102438,
      0.01184579614986283,
      0.06327803496086808,
      0.011130760199143459,
      0.02712129107620805,
      0.05344917049245843,
      0.1517006872755876,
      0.050267193786103795,
      0.06529853953627587,
      0.024134768179811424,
      0.0724664551224151,
      0.05225475571484501,
      0.087214594840066,
      0.016711865168794283,
      0.08122296325462883,
      0.09824737927738544,
      0.0467506146676582,
      0.03941763080160505,
      0.022432357291180045
    ],
    [
      0.017046247298064636,
      0.034169133739821736,
      0.0635283429709376,
      0.033830067113308125,
      0.03397410757634415,
      0.03077302873867128,
      0.025299543972520818,
      0.2989625030369706,
      0.008321537553150227,
      0.04874317592809784,
      0.0915117837686833,
      0.0765273921115413,
      0.010050752509476986,
      0.050451970341460796,
      0.006928123811569161,
      0.05205098414706642,
      0.02973504997700147,
      0.04427296745453849,
      0.04382328795077507
    ],
    [
      0.007591345146666355,
      0.015788740779307996,
      0.0253809536252376,
      0.03326938874693007,
      0.05803818961597228,
      0.010453120721227819,
      0.05366271729001149,
      0.035699663195469813,
      0.31603053163394945,
      0.04685285333754963,
      0.0023034040734234234,
      0.024353954267839102,
      0.08344764368201944,
      0.02203267136516011,
      0.03219386626578105,
      0.05443963366697639,
      0.06402395962657709,
      0.045586317281682165,
      0.06885104567821873
    ],
    [
      0.015574323480037393,
      0.01064387353885184,
      0.012552149276085686,
      0.013691915825714857,
      0.014941167366124643,
      0.06796248469569177,
      0.05796074703805461,
      0.07660714010538276,
      0.03690040450642487,
      0.3049445494720522,
      0.05138976769871732,
      0.059086141092517946,
      0.061081924496501135,
      0.005515282207996234,
      0.08520144006328094,
      0.051975906156123894,
      0.04756201443570252,
      0.021810004454336708,
      0.004598764090402629
    ],
    [
      0.02018884365657176,
      0.009375219503033896,
      0.016285344565291557,
      0.04605931924043003,
      0.011723589364885517,
      0.01721300395848562,
      0.03844934393586339,
      0.10170357738466508,
      0.01326969720714379,
      0.017915535023600295,
      0.4758054418254053,
      0.11941724015436957,
      0.008574850636925077,
      0.046099678903533024,
      0.01430067315722881,
      0.024054573384002343,
      0.011080733850907753,
      0.0018450457844665432,
      0.006638288463190713
    ],
    [
      0.06471293014088376,
      0.00020998050834526716,
      0.04311001373221401,
      0.031764245147482766,
      0.007077542835028938,
      0.006089078106098364,
      0.054834913942805714,
      0.04038444596672308,
      0.02086676189481798,
      0.066265767953325,
      0.06656164968978939,
      0.4060222784738452,
      0.06697100922906418,
      0.045413031205962205,
      0.028980699354968126,
      0.022078687837786066,
      0.01886522159947766,
      0.005777350164924802,
      0.004014392216457599
    ],
    [
      0.05951188302706102,
      0.02970410449602809,
      0.053553024204983805,
      0.0004880307772351092,
      0.04354450885202522,
      0.023313511259557995,
      0.07714865716878538,
      0.038025538477524594,
      0.11057530739819035,
      0.032696008426986514,
      0.05902736661278216,
      0.03852078275103896,
      0.246250711934432,
      0.07595433442264424,
      0.03994451003427016,
      0.03576345428919814,
      0.009828142624750055,
      0.022454541047344997,
      0.0036955821951613617
    ],
    [
      0.025898702660243373,
      0.005532934406829261,
      0.015743749429237952,
      0.03345370072306476,
      0.008462234349077426,
      0.02483140914927371,
      0.03200692716072168,
      0.03512641924688335,
      0.019982991175205606,
      0.027362520047563184,
      0.011164219486880074,
      0.044293267741285884,
      0.026351295253628865,
      0.6349982858969727,
      0.019278402164907532,
      0.019490924663580524,
      0.008827993599401684,
      0.004369609689679911,
      0.0028244131555623633
    ],
    [
      0.04571085994805204,
      0.0023080028817061265,
      0.019057818549898985,
      0.07481224593302799,
      0.03804348025828379,
      0.0603480202539859,
      0.07651437026803326,
      0.05878052082487818,
      0.03611646024642115,
      0.08524992089555906,
      0.028333508164947504,
      0.08171115180737021,
      0.06055464731956244,
      0.06846108721296826,
      0.1778894336650199,
