{
  "poids_LS": 0.355,
  "poids_EM": 0.645,
  "mae_validation": 7.511499880737686,
  "matrice_de_transition": [
    [
      0.2110184850880114,
      0.0037857201392608717,
      0.013719691022731354,
      0.07526157402890112,
      0.00885198834677117,
      0.05389048007272185,
      0.08009014539927813,
      0.04941267850516748,
      0.0572552670771343,
      0.05039939566310987,
      0.021716445022778294,
      0.1736275021937955,
      0.03199157193333544,
      0.052005355695464835,
      0.0097407295992378,
      0.04480653615117172,
      0.04085429843862684,
      0.008191853675272306,
      0.01338028194722978
    ],
    [
      0.009239719094465929,
      0.4908006282540656,
      0.00317015986669914,
      0.016801324781272605,
      0.05540170582084713,
      0.011012179700143374,
      0.03534543657315014,
      0.023643250928491007,
      0.0589979562145586,
      0.013042663919415987,
      0.0036752715617094536,
      0.01786953572872819,
      0.013831650711576639,
      0.0002332850395282464,
      0.028799281404198573,
      0.06642982647399459,
      0.08360243820595013,
      0.013612641930697856,
      0.05449104379050683
    ],
    [
      0.029836197454940795,
      0.025455330966134233,
      0.2962910433267303,
      0.021450045994055762,
      0.022244235206630318,
      0.01911411878855052,
      0.05523912884723846,
      0.16931105880941766,
      0.009829749988714914,
      0.03628395567491616,
      0.008886529766616582,
      0.10856396882010547,
      0.028855942051136937,
      0.043242045512196556,
      0.026410880746194507,
      0.027592541822683128,
      0.06377916362092766,
      0.0011213274665204853,
      0.006492735136289499
    ],
    [
      0.02916535549523565,
      0.022322404804790908,
      0.03295087884141295,
      0.16095804058536628,
      0.015987150453701856,
      0.041059888922956964,
      0.0682452813140445,
      0.037047420735950326,
      0.06650553518237368,
      0.0736095297734185,
      0.04222557482104273,
      0.08311011509965387,
      0.0635370016367026,
      0.04903606274993621,
      0.07992451376120038,
      0.05811164631477855,
      0.029395014229106738,
      0.028261805160145002,
      0.01854678011818244
    ],
    [
      0.0092114540424064,
      0.0717287126873135,
      0.013504276123607375,
      0.03530180258346926,
      0.3447554428272196,
      0.02152147184806273,
      0.059206345839905625,
      0.030511087898802858,
      0.10567905455145261,
      0.02204469840823691,
      0.003355644099136224,
      0.020240525770919796,
      0.019967311456862508,
      0.00425709249006973,
      0.0005859871789017487,
      0.014042760473725545,
      0.03966656094549449,
      0.08070255690085823,
      0.103717213873555
    ],
    [
      0.02408640557039396,
      0.009894425704688117,
      0.04384775470301938,
      0.018717424902055885,
      0.01698451402784042,
      0.2852496636479496,
      0.028825140957115206,
      0.01725037871890925,
      0.0401544492839249,
      0.05609616050179958,
      0.020888659183244233,
      0.08601209179795655,
      0.04438165187473853,
      0.05831952535947034,
      0.05606731231509853,
      0.060209214172262486,
      0.05792908590061445,
      0.05981525019766498,
      0.01527089118125356
    ],
    [
      0.02183860367877172,
      0.010325052049542602,
      0.0551545034456215,
      0.009701811254658825,
      0.025328294895524323,
      0.04658745265896715,
      0.20476755654334605,
      0.04736753373138804,
      0.06108897988493185,
      0.03180279106803405,
      0.06396450816490187,
      0.0579233256672738,
      0.0846250990710247,
      0.01456642301874637,
      0.07269372493272408,
      0.09460914909618609,
      0.043745403919645626,
      0.034357259279777376,
      0.01955252763893396
    ],
    [
      0.014857877712502285,
      0.029782555759709485,
      0.055372677319263174,
      0.029705999766994957,
      0.02961256673884051,
      0.026822437211409426,
      0.023034522972812714,
      0.3617276187516863,
      0.0073856810728077146,
      0.04578364723061831,
      0.07976364936594693,
      0.0714930202783288,
      0.011011169260747187,
      0.04465595471040926,
      0.008727161852287328,
      0.04872726506077298,
      0.03231315922749043,
      0.03858927568672611,
      0.04063376002064608
    ],
    [
      0.0066167805670267555,
      0.013761807841423862,
      0.022122587957132775,
      0.02899831856995932,
      0.05058734094905692,
      0.009111166034043166,
      0.06282326326695899,
      0.03651453479188521,
      0.34526710168599106,
      0.05221639137550085,
      0.002007696793727173,
      0.03150063336460223,
      0.07851476085049242,
      0.019204152743957127,
      0.0280608699208497,
      0.05258854727052283,
      0.059096337947939115,
      0.039734019792817564,
      0.06127368827611295
    ],
    [
      0.01449550655875157,
      0.00927743031426951,
      0.01094072470685847,
      0.014081877334204941,
      0.013023044528581615,
      0.05923757111989351,
      0.06192446218687872,
      0.07198979021361734,
      0.03366715135404323,
      0.3450163119179177,
      0.04479243265631442,
      0.05966966490015359,
      0.05388426360469003,
      0.005658731885390065,
      0.07426341735245433,
      0.049603149067212304,
      0.05545601663477286,
      0.019010071450063754,
      0.004008382213932021
    ],
    [
      0.020513385641285964,
      0.008171644026293058,
      0.014194658438666291,
      0.04231169349149356,
      0.014760985684743686,
      0.015003226423274629,
      0.03852693671597672,
      0.10552643509154166,
      0.011566154998118574,
      0.015615567689489445,
      0.48931356678315563,
      0.1151732905669985,
      0.007474025217319831,
      0.04018147688213352,
      0.01246477592758457,
      0.029036147738506407,
      0.01277177112971675,
      0.0016081817986228653,
      0.005786075755078392
    ],
    [
      0.056405189109283826,
      0.00018302355119283423,
      0.037575620077402755,
      0.027686402865035653,
      0.006168939362964413,
      0.005307372133018169,
      0.05676273981160791,
      0.046881334449346244,
      0.02786262237748124,
      0.06766037675044015,
      0.05801657304042454,
      0.4258001643560928,
      0.06328163377887927,
      0.03958297990249409,
      0.025260204167506004,
      0.022841204043154772,
      0.02340824536009353,
      0.005816343810047926,
      0.0034990310535339885
    ],
    [
      0.05187184398980319,
      0.025890739729646107,
      0.046677973800289936,
      0.00042537817745492626,
      0.03795433541831928,
      0.020320560489749874,
      0.07866978321670128,
      0.041625918723510846,
      0.106688145516107,
      0.03691362640147724,
      0.05144952900708716,
      0.042672792507030786,
      0.2926924926517568,
      0.06620344013865613,
      0.03481649861095169,
      0.03311847645611602,
      0.00895890806759884,
      0.01982840775196055,
      0.0032211493457825384
    ],
    [
      0.022573869210617534,
      0.004822625260006585,
      0.013722592407916864,
      0.02918108422139642,
      0.008342375282910056,
      0.022986481869276272,
      0.03716224037135547,
      0.035143872135693636,
      0.02065814362649784,
      0.026657483370351436,
      0.009730975093294118,
      0.044829714290018745,
      0.022968358700798133,
      0.6432522844291897,
      0.0192723676486895,
      0.02170248719532493,
      0.010722579028309602,
      0.0038086462835723554,
      0.0024618195747807088
    ],
    [
      0.03984257387363996,
      0.00201170521446007,
      0.016611206709033575,
      0.06520797111730142,
      0.033159519954855464,
      0.05260063927543365,
      0.0873580153429961,
      0.06105261565242392,
      0.0400878270054497,
      0.08838601703473349,
      0.024696098332961002,
      0.0891324255239939,
      0.05637593214441142,
      0.059672163854546656,
      0.199271735831681,
      0.03497619331229901,
