{
  "poids_LS": 0.78,
  "poids_EM": 0.21999999999999997,
  "mae_validation": 6.370115375061733,
  "matrice_de_transition": [
    [
      0.30067876520779163,
      0.0012912533808331654,
      0.004679584534885112,
      0.037757930611148655,
      0.003019282846960709,
      0.01838124901705241,
      0.1274878200391103,
      0.07335746806026297,
      0.07791586507057155,
      0.062355150268679826,
      0.007407159542653061,
      0.1427141459719659,
      0.010911853992765575,
      0.01773826085736785,
      0.0033224193981896367,
      0.040271752433369515,
      0.06335210103468607,
      0.0027941206334262123,
      0.0045638170982799245
    ],
    [
      0.00315153209423644,
      0.6184386955474178,
      0.0010812948382539701,
      0.005730684421519337,
      0.01889670586137421,
      0.003756092300824096,
      0.052384104420118385,
      0.01034805722487105,
      0.056604488213132825,
      0.014723152585687663,
      0.0012535809977923715,
      0.03569966873947867,
      0.007804933611102818,
      7.957009100188249e-05,
      0.029559848208083394,
      0.048561894043039955,
      0.05683759469985136,
      0.008696492809336565,
      0.02639160929287728
    ],
    [
      0.010176687504010812,
      0.00868243846906904,
      0.4401322036361238,
      0.014808954890034238,
      0.030990096726400983,
      0.010303735491978924,
      0.07304691113695834,
      0.1743768592066162,
      0.01880142917550882,
      0.016463683504209875,
      0.0030310644165203837,
      0.08083596540691944,
      0.009842336823643605,
      0.014749224825865489,
      0.00900836242505859,
      0.02295023928720779,
      0.059202762465163254,
      0.000382468283154274,
      0.002214576325556108
    ],
    [
      0.009947873192173398,
      0.007613843499308525,
      0.011239059449784261,
      0.2475960168008114,
      0.005452981550099856,
      0.014004923353566713,
      0.11455139925659204,
      0.07702802683283493,
      0.09798201854844926,
      0.09079501689584753,
      0.014402521644386665,
      0.1135330465006517,
      0.04538529742705072,
      0.016725478767420098,
      0.03621098806103971,
      0.05973649830476425,
      0.021829290905556978,
      0.009639685480979689,
      0.006326033528682382
    ],
    [
      0.0031418913012859033,
      0.024465607428230958,
      0.004606109685571507,
      0.012040924912191062,
      0.4801024080302389,
      0.007340657064455505,
      0.09116859562709365,
      0.03922642897593602,
      0.08912806341229083,
      0.04061954840651336,
      0.0011445607779999522,
      0.038517421081270375,
      0.0068105558457515515,
      0.0014520315470005277,
      0.0001998715959044724,
      0.004789778766231967,
      0.03064174381462859,
      0.05727821846606819,
      0.06732558326133685
    ],
    [
      0.008215518179049102,
      0.003374842876017652,
      0.014955823309556995,
      0.006384237951088828,
      0.00579316757538743,
      0.47815831088702376,
      0.06012173670586292,
      0.00852683387227416,
      0.039095579200053854,
      0.06499869160027871,
      0.0071248139849825285,
      0.08756975042376343,
      0.015137927771228646,
      0.019891931130361973,
      0.03539043517338224,
      0.043653271748332556,
      0.05661529248887524,
      0.028969816690748107,
      0.016022018431731854
    ],
    [
      0.0074488260609764,
      0.0035217231796889487,
      0.018812388772149965,
      0.0033091449240696762,
      0.017306996192465538,
      0.015890293930190345,
      0.44217197168858136,
      0.034395370328712246,
      0.04225673933944543,
      0.06610710398903002,
      0.025929482302342592,
      0.08328271755971842,
      0.07304051273583997,
      0.0049683923474793815,
      0.03453660612420275,
      0.0783328561802942,
      0.030301040046957772,
      0.011718755103179879,
      0.006669079194675148
    ],
    [
      0.005067803250775972,
      0.010158391111838892,
      0.018886804667035496,
      0.01125622479664658,
      0.010100410360534745,
      0.009148738273659028,
      0.012901534289908026,
      0.6425189258964671,
      0.0031989547133806835,
      0.03254365042610465,
      0.02720620598528422,
      0.048970830498167583,
      0.01530777051642967,
      0.01872641109781025,
      0.0167754899291844,
      0.033857995464197065,
      0.043846805874414724,
      0.013162233567565493,
      0.026364819280595298
    ],
    [
      0.002256886394954862,
      0.004693949961415891,
      0.007545688915611177,
      0.009890899357195426,
      0.01725459691285662,
      0.0031076845387434052,
      0.10380465316382942,
      0.04016001298637514,
      0.47606228349775614,
      0.07621116680844053,
      0.000684795805612369,
      0.06347261879748992,
      0.05644660081471361,
      0.006550253649101654,
      0.009571149430367338,
      0.04430737128638846,
      0.03705171464876929,
      0.013552688921581183,
      0.027374984108797618
    ],
    [
      0.009669220331946567,
      0.003164394835874871,
      0.0037317200550525008,
      0.015826441977450065,
      0.004441968676415433,
      0.020205063017638095,
      0.07965687206319712,
      0.05133322490835101,
      0.01920259777759905,
      0.5242847228599474,
      0.015278039045564608,
      0.062280166144839354,
      0.02168420172027188,
      0.006300480442151941,
      0.025330157856651086,
      0.03898818314313412,
      0.09077128963061389,
      0.006484055378316318,
      0.0013672001349845652
    ],
    [
      0.021965283993954775,
      0.0027872274198208874,
      0.004841588924816408,
      0.02554599935151462,
      0.028349337642003928,
      0.005117379555225454,
      0.03887406231122056,
      0.12262869325388424,
      0.003945045115637343,
      0.005326240142151438,
      0.5497446521204599,
      0.09618720030770689,
      0.0025492799190858333,
      0.0137053099442936,
      0.004251551479176132,
      0.05132213827181406,
      0.020336937903335957,
      0.0005485271251116749,
      0.001973545218786428
    ],
    [
      0.01923897923107355,
      6.24266376161605e-05,
      0.012816490569036595,
      0.009443424233035414,
      0.0021041343563599543,
      0.001810266463975189,
      0.06538722396151248,
      0.07594636187160779,
      0.059159892957816894,
      0.07389941610595537,
      0.019788598556423873,
      0.5142801801450952,
      0.04677653308068359,
      0.013501171439610386,
      0.00861588359201755,
      0.026252460751383183,
      0.04373229902600664,
      0.005990789064546118,
      0.0011934679562441508
    ],
    [
      0.01769272198101814,
      0.008830949985305647,
      0.015921169358238427,
      0.0001450902310698973,
      0.012945664793845334,
      0.0069310438879767,
      0.08547482079948292,
      0.05773288298187039,
      0.08929821078047101,
      0.05578191733998833,
      0.017548676560556857,
      0.06124757299436266,
      0.5004583537555781,
      0.022581018341867203,
      0.01187539487505329,
      0.02128568088706444,
      0.005070227154027617,
      0.008079916693661688,
      0.001098686598561486
    ],
    [
      0.007699614304396678,
      0.0016449264452735638,
      0.00468057415463831,
      0.010066747240248601,
      0.007806163671108654,
      0.014732859827182459,
      0.06022548368208559,
      0.03522195084879225,
      0.023678562487542052,
      0.023503371919667303,
      0.003319092279883265,
      0.047229606744876286,
      0.007834168859186958,
      0.680178067336476,
      0.019245371128766734,
      0.03159631957418147,
      0.01919835594710819,
      0.0012990731509859195,
      0.0008396903975996216
    ],
    [
      0.013589715119691146,
      0.0006861630188856052,
      0.0056658379472672655,
      0.02224147852062994,
      0.011310223860570854,
      0.01794130331875256,
      0.13586905909940888,
      0.07121725040723377,
      0.0578544677695248,
      0.10241592081525068,
      0.008423475400389797,
      0.12233286057204734,
