{
  "poids_LS": 0.5925,
  "poids_EM": 0.4075,
  "mae_validation": 6.867601282978908,
  "matrice_de_transition": [
    [
      0.26112275927259443,
      0.002391753421315977,
      0.008667866808934924,
      0.05430365564839239,
      0.005592535273347677,
      0.03404708624749481,
      0.10657708122741963,
      0.06279359031536791,
      0.06880089536758452,
      0.057080552648575436,
      0.013720079607414193,
      0.15635239136394957,
      0.02021172955478169,
      0.032856096815351815,
      0.006154026839828532,
      0.04227239230887049,
      0.05342659988936582,
      0.0051754734460053705,
      0.008453433943404861
    ],
    [
      0.0058374969472788606,
      0.562127783506233,
      0.0020028529390386037,
      0.010614790462586954,
      0.035001852902318144,
      0.006957307329935542,
      0.04486704507586769,
      0.016213583858821032,
      0.05766042997846772,
      0.013981760527038395,
      0.002321973893638143,
      0.027833433587676988,
      0.010463779390723621,
      0.000147385509469396,
      0.029224304029898916,
      0.05644480540963759,
      0.06864561389371847,
      0.010865382127584193,
      0.03878841863006679
    ],
    [
      0.01885000071765639,
      0.016082243982480152,
      0.37667286820550905,
      0.01773884802416138,
      0.027131628408855104,
      0.01419066929928992,
      0.06519053659737603,
      0.17214194726667564,
      0.014843335416629157,
      0.02520792122658029,
      0.005614357953327529,
      0.0930689080892074,
      0.018230692071067135,
      0.027319586893364486,
      0.016685944037324436,
      0.024998313935211614,
      0.06122176297505931,
      0.0007084355699334848,
      0.004101999330291427
    ],
    [
      0.018426174208230273,
      0.014102914663491927,
      0.02081780329903221,
      0.20937338023517382,
      0.010100409007571327,
      0.025940937575356527,
      0.09412222957605636,
      0.0593895241430329,
      0.08409533471047476,
      0.08321318434183472,
      0.026677398045852573,
      0.10011116500021147,
      0.053393402225426545,
      0.030980148171471322,
      0.05549636704640471,
      0.05901965183859409,
      0.025167110018887755,
      0.017855326515905563,
      0.01171753937699123
    ],
    [
      0.005819639569427298,
      0.04531697739547325,
      0.00853177134941086,
      0.022303076825990264,
      0.4203905116171421,
      0.01359689888075281,
      0.07706760307392246,
      0.035381425559553745,
      0.09642997126780338,
      0.03242476164256787,
      0.002120038713795366,
      0.030454084914939242,
      0.012615006850653443,
      0.002689558433648705,
      0.00037021670605032956,
      0.008871976578361486,
      0.034623280784128255,
      0.0676124854225932,
      0.08338071441378603
    ],
    [
      0.01521738026346595,
      0.006251129418078151,
      0.027702263630202163,
      0.011825349841221354,
      0.010730526304410808,
      0.39305155475213815,
      0.046314415052003635,
      0.012375456598730817,
      0.03956272776646755,
      0.06107110435094969,
      0.013197098631274457,
      0.08688254808884863,
      0.02803957075807124,
      0.03684528152555684,
      0.04451258685355119,
      0.05095736399418399,
      0.05719490722934842,
      0.042578096179093784,
      0.015690638762403196
    ],
    [
      0.013797257362944923,
      0.00652319179874203,
      0.03484567465750505,
      0.006129438893447242,
      0.020845804443815,
      0.029433158075238934,
      0.3374347297127423,
      0.04011838359459862,
      0.05056508075657179,
      0.050972848288590625,
      0.04270964077111874,
      0.0720947505483458,
      0.07815135964842146,
      0.009202817643626581,
      0.051370629127962156,
      0.08551357364318768,
      0.03623237704961418,
      0.021706330475208185,
      0.012352953508318741
    ],
    [
      0.009386953748596404,
      0.018816110809428858,
      0.034983513190077115,
      0.019395831401212038,
      0.018708714645081403,
      0.01694595839325479,
      0.017371970473542445,
      0.5186404080384756,
      0.0050460398719514325,
      0.0383848254869195,
      0.050393313359106004,
      0.05890709069529753,
      0.013412211138922693,
      0.0301659156327804,
      0.013224756954082751,
      0.04041796734503938,
      0.03875843235371283,
      0.024380046267195178,
      0.03265994019532358
    ],
    [
      0.004180369117927756,
      0.008694475496713525,
      0.013976673786870704,
      0.018320643127532437,
      0.031960219281768516,
      0.005756279316081535,
      0.08572462820932776,
      0.0385517137829237,
      0.4183585268160951,
      0.0656252364703789,
      0.0012684285944865473,
      0.04936733110651006,
      0.06618255377167484,
      0.012132856190949656,
      0.017728379058521322,
      0.04796083127938892,
      0.04677728375134421,
      0.025103276070656055,
      0.0423302947708485
    ],
    [
      0.01179846425553701,
      0.005861322252813682,
      0.0069121632837904285,
      0.01505678110543016,
      0.008227737434724042,
      0.03742528718039784,
      0.071833750058939,
      0.060446415484203805,
      0.02558401847308913,
      0.4451957180325814,
      0.02829909505030717,
      0.06112847441924269,
      0.03589011137516224,
      0.006017356078874643,
      0.04691836057538781,
      0.04367125634493332,
      0.07519102213244873,
      0.012010238939381362,
      0.0025324275227555015
    ],
    [
      0.021324740603071476,
      0.005162705334440963,
      0.008967943122103122,
      0.03294262911915239,
      0.022354476484389114,
      0.009478782585247147,
      0.03872091866626004,
      0.11508357935873309,
      0.007307299475555533,
      0.009865649354212323,
      0.5230838791775316,
      0.10456341659857082,
      0.004721961668306715,
      0.02538597182863474,
      0.007875032853473973,
      0.04149008362476657,
      0.01699936432673925,
      0.0010160218340136706,
      0.0036555439847975888
    ],
    [
      0.03563583653028396,
      0.00011563115831175184,
      0.023739635940374607,
      0.017491797158917872,
      0.0038974306828030974,
      0.00335310720031768,
      0.061582304483613404,
      0.06312355565590418,
      0.0453522735841394,
      0.07114689874322808,
      0.0366538814170124,
      0.47524487906171187,
      0.05405819515341698,
      0.025007851643823784,
      0.01595896619885069,
      0.02474749455657653,
      0.034765804761633205,
      0.00591382792285574,
      0.0022106281462249615
    ],
    [
      0.0327717463966586,
      0.016357327813691144,
      0.02949034778855527,
      0.0002687466780044689,
      0.023978901834054427,
      0.012838183565229571,
      0.08247259833649101,
      0.050626869338476474,
      0.09697024081089864,
      0.047457671337704024,
      0.032504934992849635,
      0.053052816897010364,
      0.4087969444450687,
      0.04182620442868584,
      0.021996470052655526,
      0.02650603187341073,
      0.006785821674720803,
      0.01326307451349942,
      0.0020350672223354797
    ],
    [
      0.014261785586552937,
      0.003046852392949897,
      0.008669699854614143,
      0.018499542967225578,
      0.008042727617491625,
      0.01837416366928267,
      0.05005052339793995,
      0.03518750435771933,
      0.02234602475472843,
      0.02489489167732207,
      0.00614786410932923,
      0.0461708306618509,
      0.014511017318721299,
      0.663887280759732,
      0.019257281358144425,
      0.02723139352468594,
      0.015459042600579403,
      0.0024062377683034646,
      0.0015553356228265717
    ],
    [
      0.02517185868760974,
      0.0012709610463449278,
      0.010494677106870048,
      0.04119728407798501,
      0.02094961919628465,
      0.033232186829053045,
      0.11446712803040324,
      0.06673285272128825,
      0.05001624390302108,
      0.09622625738266957,
      0.015602573752994741,
      0.10768560981555317,
      0.04592914420653386,
      0.03769985545849265,
