{
  "poids_LS": 0.8575,
  "poids_EM": 0.14249999999999996,
  "mae_validation": 6.16818921938055,
  "matrice_de_transition": [
    [
      0.3170285809943398,
      0.0008363800307669366,
      0.0030310945282778566,
      0.03091903092908791,
      0.0019556718440540953,
      0.011906036295136218,
      0.1361309254146091,
      0.07772387086148627,
      0.0816833858811395,
      0.06453531728498964,
      0.004797819249218459,
      0.13707700454327934,
      0.007067905427132246,
      0.01148955532806781,
      0.0021520216556455596,
      0.03944482128482911,
      0.0674546415080851,
      0.00180982813756016,
      0.0029561088022949504
    ],
    [
      0.0020413332883122393,
      0.6417138725244409,
      0.0007003841565963214,
      0.003711920591211388,
      0.012239911751117384,
      0.002432923422124698,
      0.05549115561574201,
      0.007923639549505056,
      0.05616803228346107,
      0.015029594636596026,
      0.000811978600842786,
      0.0389510459355567,
      0.0067059440221928866,
      5.153971803531024e-05,
      0.02969853980173298,
      0.045303624011512944,
      0.05195694676638629,
      0.0078000185577942124,
      0.021267594766838954
    ],
    [
      0.006591718042370638,
      0.005623852190192445,
      0.4663620622807779,
      0.01359793239459502,
      0.03258493029765328,
      0.008697136184957046,
      0.07629421261331902,
      0.17530062280845826,
      0.02043744126251242,
      0.012849398578963434,
      0.00196330308797343,
      0.07577968243157375,
      0.00637514998804188,
      0.009553475171299236,
      0.00583496202532204,
      0.022103701766032876,
      0.05836824225440621,
      0.0002477351379522002,
      0.0014344414835988422
    ],
    [
      0.006443508772203223,
      0.004931694084779384,
      0.00727984532542844,
      0.2633947065812749,
      0.0035320448676783157,
      0.009071370808560256,
      0.1229954560578801,
      0.08431860794461976,
      0.1037218478681454,
      0.09392884101817282,
      0.009328906065114087,
      0.11908075752083365,
      0.04207528077705537,
      0.010833548747078927,
      0.028239698080422173,
      0.06003279484411458,
      0.020449659005380257,
      0.006243887186543661,
      0.004097544444714724
    ],
    [
      0.00203508868378746,
      0.01584704117510414,
      0.0029835028645179076,
      0.007799235454487391,
      0.5047833252143189,
      0.004754743780385951,
      0.0969970058824044,
      0.04081569705470736,
      0.08610994149867898,
      0.04400672693561083,
      0.0007413632312045144,
      0.041850266696687254,
      0.004411382763725436,
      0.0009405204338526145,
      0.00012946228371085142,
      0.0031024703372184333,
      0.028996041867235395,
      0.053006721457371175,
      0.06068946238499119
    ],
    [
      0.005321415184156804,
      0.002185977771965979,
      0.009687294643690324,
      0.0041352450365007174,
      0.003752392634057766,
      0.5133357700894432,
      0.06582876298945808,
      0.006936069812005409,
      0.038902491125936196,
      0.06662209433000138,
      0.004614936331181864,
      0.08785379405552822,
      0.00980524867000037,
      0.012884546300348096,
      0.03161994581224573,
      0.04063424695338062,
      0.05637571839614633,
      0.023345061168898555,
      0.016158988695054367
    ],
    [
      0.0048248077894960766,
      0.0022811161504803414,
      0.012185297272869862,
      0.002143423416726949,
      0.01584428878190776,
      0.010292576750236926,
      0.4854633650385949,
      0.03202985817881254,
      0.03882262488703321,
      0.07236259634521165,
      0.018993683468581782,
      0.08790707725775244,
      0.07092802934530629,
      0.0032181632250718713,
      0.02757854328264886,
      0.07536482629563156,
      0.027849420752526458,
      0.007590557282741511,
      0.004319744478369129
    ],
    [
      0.003282554378343527,
      0.006579866970168372,
      0.012233498477511626,
      0.007891854066759522,
      0.006542311256255459,
      0.005925887290892779,
      0.011053754000672465,
      0.6937220466111036,
      0.0024354928478381075,
      0.030129298067634508,
      0.017622201604104548,
      0.044863842950020535,
      0.016091268392465885,
      0.013998082556689256,
      0.018243126225559746,
      0.031146540420115575,
      0.04595000026297151,
      0.008525537651718557,
      0.02376283596917427
    ],
    [
      0.001461846869459399,
      0.0030403994068262013,
      0.004887548502157239,
      0.006406605265456127,
      0.011176273000373037,
      0.002012932030776978,
      0.11127773014502343,
      0.04082477665713507,
      0.4999131695928427,
      0.08058668468150598,
      0.00044356091954437534,
      0.06930280437642826,
      0.05242240692583629,
      0.00424277793180448,
      0.006199494517397025,
      0.042797274489281605,
      0.03303181275303831,
      0.008778446233296901,
      0.021193455701816587
    ],
    [
      0.008789132843529186,
      0.0020496648368734955,
      0.002417136853840824,
      0.016144568471218295,
      0.0028771842563145417,
      0.0130873703636974,
      0.08289042915829047,
      0.047566439470331845,
      0.016564943890129816,
      0.5569748448552588,
      0.009896002563604346,
      0.06275619872475265,
      0.015812425729583864,
      0.006417505178973223,
      0.016407034066239907,
      0.03705251288639045,
      0.09721113352985548,
      0.004199899506409433,
      0.0008855728147059114
    ],
    [
      0.02223004192885321,
      0.0018053632151112564,
      0.0031360291899379007,
      0.02248872571422434,
      0.030827213587151382,
      0.0033146663028164867,
      0.0389373616844709,
      0.12574734033054671,
      0.0025553133135378238,
      0.0034499510011662717,
      0.5607644382702036,
      0.09272503090748313,
      0.0016512381294078692,
      0.008877303032099262,
      0.002753845844466358,
      0.055386054192593695,
      0.021716468314995928,
      0.00035529597876551665,
      0.0012783190621684817
    ],
    [
      0.012461611547399911,
      4.043543572864941e-05,
      0.008301590482216886,
      0.006116763423670665,
      0.0013629052080967885,
      0.0011725589596202927,
      0.06695992401237742,
      0.08124645510743196,
      0.06486704229893692,
      0.07503712328254933,
      0.012817614974047278,
      0.5304147712595604,
      0.04376677942395379,
      0.00874507695520218,
      0.005580742781193185,
      0.0268745134452366,
      0.04743844998861432,
      0.006022599669778141,
      0.0007730417443854159
    ],
    [
      0.011460058555886748,
      0.005720047149572975,
      0.010312575607040797,
      9.397889967027438e-05,
      0.008385260150558908,
      0.00448942615471218,
      0.08671573941751957,
      0.06067003528780654,
      0.0861271050345609,
      0.05922260568759918,
      0.011366756408542508,
      0.06463473884793494,
      0.538345069603922,
      0.014626341425982164,
      0.007692017134977697,
      0.019127935812707976,
      0.0043611147521410995,
      0.005937544794795425,
      0.0007116492740682351
    ],
    [
      0.004987250174438756,
      0.0010654637202340128,
      0.0030317355319816317,
      0.006581191673098116,
      0.007708383906603693,
      0.013227787572447705,
      0.06443113393286579,
      0.03523618873176905,
      0.02422934475043835,
      0.022928210419836666,
      0.0021498665903789327,
      0.047667234192526775,
      0.005074404829246097,
      0.6869115924548634,
      0.019240448233957284,
      0.03340048900797296,
      0.020743938797006756,
      0.0008414451091613341,
      0.0005438903711724821
    ],
    [
      0.008802429111618127,
      0.00044444650086908506,
      0.0036699177612981144,
      0.014406412223589845,
      0.007325940455142484,
      0.011621071467828361,
      0.14471519060793117,
      0.07307080145075791,
      0.06109426696767967,
      0.10497431503405089,
      0.005456114747979754,
