{
  "poids_LS": 0.74,
  "poids_EM": 0.26,
  "mae_validation": 6.475230884115629,
  "matrice_de_transition": [
    [
      0.29224015060828284,
      0.0015260267228028321,
      0.0055304180866824065,
      0.041287685285760656,
      0.003568243364589929,
      0.021723294292880124,
      0.12302686242594962,
      0.07110384080801868,
      0.07597133820060098,
      0.061229902776390885,
      0.008753915823135438,
      0.14562363832225575,
      0.012895827445995682,
      0.020963399195071095,
      0.003926495652405935,
      0.040698555606809725,
      0.06123466079035108,
      0.003302142566776433,
      0.005393602025239912
    ],
    [
      0.003724537929552157,
      0.6064257009786318,
      0.001277893899754692,
      0.006772627043613763,
      0.02233247056344225,
      0.004439018173701205,
      0.05078046509334491,
      0.011599369573447047,
      0.056829755789737604,
      0.014564988946509152,
      0.0014815048155728031,
      0.03402153857376097,
      0.00837215404408859,
      9.403738027495205e-05,
      0.029488265450070703,
      0.05024358180124745,
      0.05935663879454302,
      0.009159189197229392,
      0.029036261951477717
    ],
    [
      0.01202699432292187,
      0.010261063645263411,
      0.4265942120775926,
      0.015433998758648029,
      0.030166956818657862,
      0.011132948037538604,
      0.0713708845685141,
      0.1739000779927622,
      0.01795703584028116,
      0.01832912088498223,
      0.0035821670377059085,
      0.08344565984580754,
      0.011631852609760627,
      0.017430902066931944,
      0.010646246502341972,
      0.02338716187878194,
      0.05963348257394108,
      0.00045200797100050573,
      0.0026172265665663098
    ],
    [
      0.0117565774089322,
      0.008998178681000986,
      0.013282524804290492,
      0.2394418543334754,
      0.006444432741027104,
      0.01655127305421521,
      0.11019317639141109,
      0.07326514625901048,
      0.09501952599634804,
      0.0891775592843248,
      0.017021161943366062,
      0.11066971178055778,
      0.0470936931173709,
      0.01976647490695103,
      0.040325202244584246,
      0.05958357105864795,
      0.02254135898306754,
      0.011392355568430544,
      0.00747622144298827
    ],
    [
      0.0037131442651560684,
      0.028913899687909316,
      0.005443584173857236,
      0.014230183987134895,
      0.4673638701287782,
      0.008675321985265598,
      0.08816038388241712,
      0.038406161580441134,
      0.09068580375480018,
      0.038871327230204984,
      0.0013526627376363074,
      0.036797242699119735,
      0.00804883872679729,
      0.0017160372828188058,
      0.00023621188606892196,
      0.005660647632819599,
      0.03149113836812185,
      0.05948286208346019,
      0.07075067790719268
    ],
    [
      0.009709248757058031,
      0.003988450671657226,
      0.017675063911294635,
      0.0075450084876504345,
      0.006846470770912418,
      0.46000220291158145,
      0.0571761747530396,
      0.009347873387251581,
      0.039195237560888774,
      0.06416080632042186,
      0.008420234709524807,
      0.0874231472589816,
      0.017890278275088402,
      0.023508645881336884,
      0.03733649419848495,
      0.045211478094114195,
      0.056738943633509516,
      0.031872916314928515,
      0.015951324102275073
    ],
    [
      0.008803158072063019,
      0.00416203648508694,
      0.022232823094359054,
      0.003910807637536891,
      0.018061941952753423,
      0.018779438281134046,
      0.41982802673373565,
      0.03561627982543467,
      0.04402918550843239,
      0.06287846277293628,
      0.029509249442348173,
      0.08089595126395892,
      0.07413082674385736,
      0.005871736410657451,
      0.03812786436500476,
      0.07986474257237813,
      0.03156639194085781,
      0.013849437849212587,
      0.007881639048252448
    ],
    [
      0.005989222023644332,
      0.01200537131399142,
      0.022320769151951046,
      0.012992674205620546,
      0.0119368486079047,
      0.010812145232506126,
      0.013855227342416704,
      0.6160915087534289,
      0.0035929995472091104,
      0.03378976777241182,
      0.032152788891699535,
      0.05109056600688864,
      0.014903384515894846,
      0.02116683873193722,
      0.016018000227829378,
      0.03525745613211009,
      0.04276128618999832,
      0.015555366943486495,
      0.02770777840907067
    ],
    [
      0.0026672293758557464,
      0.005547395408946053,
      0.008917632354813212,
      0.011689244694867323,
      0.020391796351557828,
      0.0036727180912422067,
      0.09994758117353572,
      0.0398169091563055,
      0.4637521487390018,
      0.07395283500298737,
      0.0008093041339055271,
      0.06046349075674755,
      0.058523604112198674,
      0.007741208858029229,
      0.011311358417706856,
      0.045086776084895225,
      0.039126502723985275,
      0.016016814180050493,
      0.030565450383368477
    ],
    [
      0.010123459035645863,
      0.0037397393514884843,
      0.004410214610516593,
      0.01566224765808582,
      0.005249599344854605,
      0.023878710839026842,
      0.07798793936895539,
      0.053277372231199605,
      0.02056396752597027,
      0.5074124018301094,
      0.018055864326576358,
      0.0620344719100454,
      0.024714795779981823,
      0.006240080577986117,
      0.029935641103314925,
      0.03998723875951794,
      0.08744749923100532,
      0.007662974538010195,
      0.001615781977709032
    ],
    [
      0.021828634737233007,
      0.0032939960416065043,
      0.005721877820237575,
      0.027123947035277346,
      0.027070433928379434,
      0.006047812201630083,
      0.038841391666962315,
      0.121019068956252,
      0.004662326045753224,
      0.006294647440724428,
      0.5440570205593018,
      0.09797412644975786,
      0.003012785358919622,
      0.016197184479619712,
      0.005024560839026339,
      0.04922463328044393,
      0.019624922206995323,
      0.0006482593296774341,
      0.002332371622202143
    ],
    [
      0.022736975454905106,
      7.377693536455333e-05,
      0.015146761581588708,
      0.011160410457223675,
      0.002486704239334492,
      0.0021394058210615872,
      0.06457550780622734,
      0.07321082987892436,
      0.05621426749143236,
      0.07331221240190688,
      0.02338652556668276,
      0.5059526492473068,
      0.048329954322866714,
      0.01595592988317591,
      0.010182407881475288,
      0.025931401296491095,
      0.041819446916273637,
      0.00597437068765217,
      0.0014104621301067241
    ],
    [
      0.020909580523021443,
      0.01043657725536122,
      0.018815927423372687,
      0.00017147027308260594,
      0.015299422029089942,
      0.008191233685790647,
      0.08483434667404464,
      0.05621693340461302,
      0.09093491052029556,
      0.054006078192834345,
      0.020739345026112653,
      0.05949935836026083,
      0.4809039197693361,
      0.026686658040388517,
      0.014034557579608434,
      0.022399355764151647,
      0.005436220651775497,
      0.009185657028560406,
      0.001298447798299938
    ],
    [
      0.009099544177923347,
      0.0019440039807778486,
      0.0055315876372998216,
      0.011865743662003691,
      0.007856630646337022,
      0.015509671313497172,
      0.05805482548813452,
      0.03521460226403002,
      0.02339428777120848,
      0.023800229467966987,
      0.0039225636034984045,
      0.04700373451383087,
      0.009258563197220952,
      0.6767026995334372,
      0.01924791197770064,
      0.030665135350289092,
      0.018400635766515384,
      0.001535268269346996,
      0.000992361378981371
    ],
    [
      0.01606057241418045,
      0.0008109199314102607,
      0.00669599030131586,
      0.026285383706199025,
      0.013366628198856466,
      0.021203358467616666,
      0.13130331380468765,
      0.07026057890089872,
      0.056182313344670665,
      0.1010954592829667,
      0.009955016382278853,
      0.11920811374399526,
      0.039441139066167794,
