{
  "poids_LS": 0.64,
  "poids_EM": 0.36,
  "mae_validation": 6.7405360231928615,
  "matrice_de_transition": [
    [
      0.27114361410951104,
      0.002112960077726998,
      0.007657501966175639,
      0.050112071972290645,
      0.0049406446586629784,
      0.0300784074824494,
      0.11187446839304793,
      0.06546977267740799,
      0.07111002102567457,
      0.058416784045668545,
      0.012120806524341374,
      0.15289736919798036,
      0.017855761079070942,
      0.02902624503932921,
      0.005436686287946678,
      0.04176556354041025,
      0.05594106017951361,
      0.004572197400151984,
      0.0074680643426398765
    ],
    [
      0.005157052517841447,
      0.5763932145566666,
      0.0017693915535064966,
      0.009377483598849825,
      0.030921882318612346,
      0.0061463328558939755,
      0.0467713667764112,
      0.014727650444887035,
      0.05739292473124955,
      0.014169579848562876,
      0.002051314360023881,
      0.029826213159466746,
      0.009790205126553018,
      0.0001302056034576259,
      0.02930930855503898,
      0.05444780119676619,
      0.06565424903127214,
      0.01031593016696146,
      0.03564789359797878
    ],
    [
      0.016652761370199512,
      0.014207626585749337,
      0.39274923318126476,
      0.016996608430182504,
      0.02810910704930006,
      0.013205979401437803,
      0.06718081814740355,
      0.17270812495812726,
      0.015846052502212007,
      0.02299271433691312,
      0.0049599235906697195,
      0.08996989594302778,
      0.016105642075053175,
      0.024135095169598077,
      0.014740956695550422,
      0.02447946835771731,
      0.060710282845885644,
      0.0006258571906160848,
      0.003623852169091813
    ],
    [
      0.0162783379508292,
      0.012459016635232132,
      0.018391188190556063,
      0.21905644816513536,
      0.00892306071834522,
      0.022917147305836442,
      0.09929761922845873,
      0.06385794482444941,
      0.08761329461609496,
      0.08513391525551797,
      0.023567762690814544,
      0.103511374980323,
      0.05136468234317133,
      0.02736896525577835,
      0.05061073770344558,
      0.059201252943357194,
      0.024321529176843958,
      0.015774030787057674,
      0.010351691228752988
    ],
    [
      0.005141276674831479,
      0.040034630337105206,
      0.007537270394571557,
      0.019703331674494468,
      0.4355175253751266,
      0.012011984287290826,
      0.08063985452072582,
      0.036355493091703925,
      0.09458015461107352,
      0.03450077428943406,
      0.0018729176367271948,
      0.032496796743743124,
      0.01114454592941163,
      0.0023760516223645003,
      0.0003270626114800458,
      0.007837819799288675,
      0.033614624751855005,
      0.06499447112694019,
      0.07931341452183224
    ],
    [
      0.013443575202080348,
      0.005522470160756158,
      0.024473165415638723,
      0.010446934829054446,
      0.009479728759724885,
      0.41461193297297577,
      0.049812269870981314,
      0.01140047217469513,
      0.03944438346297608,
      0.06206609312077971,
      0.011658786520880501,
      0.08705663934702705,
      0.024771154534737785,
      0.032550432758774145,
      0.04220164176124172,
      0.049106993958568296,
      0.05704807149509522,
      0.03913066537537955,
      0.015774588278633123
    ],
    [
      0.012188988099779564,
      0.005762819748581917,
      0.030783908899881765,
      0.0054149644212049255,
      0.01994930635347314,
      0.02600229915849329,
      0.3639681643466215,
      0.038668553567240735,
      0.048460300930899786,
      0.05480685973270194,
      0.038458667292362116,
      0.07492903552456019,
      0.07685661176390082,
      0.008130096568602625,
      0.047106009967009775,
      0.083694458552588,
      0.03472977167560789,
      0.01917614471429435,
      0.010913038682195697
    ],
    [
      0.008292768955815228,
      0.016622821819372736,
      0.030905680364239907,
      0.017333797728055454,
      0.016527944226329586,
      0.014970662629623866,
      0.016239459973688395,
      0.5500229658958334,
      0.004578111631780176,
      0.036905061138179734,
      0.04451924615773782,
      0.056389904778691276,
      0.013892419514557792,
      0.02726790781725463,
      0.014124275974441833,
      0.03875610780189266,
      0.04004748697895731,
      0.02153820038328899,
      0.031065176230259083
    ],
    [
      0.0036930868281079563,
      0.007681009027771458,
      0.012347490952818292,
      0.01618510803904706,
      0.028234794948310837,
      0.0050853019724892085,
      0.0903049011978015,
      0.038959149581131405,
      0.4329768118421159,
      0.0683070054893545,
      0.0011205749546384222,
      0.05294067065489162,
      0.06371611235591133,
      0.010718596880348163,
      0.015661880886055645,
      0.04703528808116213,
      0.04431347291202523,
      0.022177127326223754,
      0.038541616069795614
    ],
    [
      0.011259055794894099,
      0.005178100640522517,
      0.0061064509991768205,
      0.0152517618596752,
      0.007268676015952528,
      0.0330628303924987,
      0.07381560763335106,
      0.05813774053832109,
      0.02396739189689831,
      0.46523159925551416,
      0.025000427529105723,
      0.06142023632306051,
      0.03229128092925668,
      0.006089080917571558,
      0.04144934921997451,
      0.04248487780047752,
      0.07913802323198389,
      0.010610272437244885,
      0.002237236584520198
    ],
    [
      0.02148701159542858,
      0.004560917596070544,
      0.007922600058790488,
      0.031068816244684154,
      0.0238731746443182,
      0.008373893817641653,
      0.0387597150563167,
      0.11699500821217139,
      0.006455528371042925,
      0.0087156656871569,
      0.5298379416564067,
      0.10244144180488529,
      0.004171548958504092,
      0.022426870817934985,
      0.006957084238651853,
      0.0439808708020186,
      0.017844882966143748,
      0.0008975898410918318,
      0.003229437630741428
    ],
    [
      0.03148196601448399,
      0.00010215267973553538,
      0.020972439112968977,
      0.015452876017694317,
      0.0034431289467708346,
      0.0029622542137775825,
      0.0625462174180145,
      0.06637199989721575,
      0.04885020382547103,
      0.07184420314178566,
      0.03238134309232998,
      0.4851338220028356,
      0.05221350742832452,
      0.022092825992089723,
      0.01409871860511963,
      0.025128752659260883,
      0.03703731664194115,
      0.005933324745417302,
      0.0019529475647631562
    ],
    [
      0.028951726878029688,
      0.014450645430500151,
      0.026052822586208335,
      0.00023742037811437744,
      0.02118381511720146,
      0.01134170818032551,
      0.08323316136044896,
      0.052427059461469604,
      0.09502665986985698,
      0.049566480324949376,
      0.028716016190002133,
      0.055128821775006276,
      0.43201783480373107,
      0.03695075728669179,
      0.019432464340996294,
      0.02518354295686967,
      0.006351204396145196,
      0.011950007865807195,
      0.0017978507976460678
    ],
    [
      0.01259936886174002,
      0.0026916978195385593,
      0.007659121343953598,
      0.016363234716391416,
      0.007982798084407938,
      0.01745170002928395,
      0.05262818000325684,
      0.035196230802124466,
      0.02268360098037455,
      0.024542373338716193,
      0.005431241912536252,
      0.046439053936217334,
      0.012819549042305934,
      0.6680142800258405,
      0.01925426410003541,
      0.02833717479055814,
      0.01640633531503336,
      0.0021257560652496866,
      0.0013740388324357444
    ],
    [
      0.022237715650403694,
      0.0011228122127218993,
      0.009271371186437343,
      0.036395146670121725,
      0.01850763904457049,
      0.029358496339776923,
      0.11988895056788466,
      0.06786890013506111,
      0.05200192728253535,
      0.09779430545225679,
      0.013783868837001488,
      0.11139624667386504,
      0.04383978661895835,
