{
  "poids_LS": 0.0875,
  "poids_EM": 0.9125,
  "mae_validation": 8.24928908450776,
  "matrice_de_transition": [
    [
      0.1545852499537968,
      0.005355766863683016,
      0.019409640400375752,
      0.09886680841536885,
      0.012523161808416576,
      0.07624040785481967,
      0.05025749136126613,
      0.03434154625578385,
      0.04425124363420615,
      0.04287430305842761,
      0.030722877648504177,
      0.19308473228635886,
      0.045259394401811766,
      0.0735734683288553,
      0.01378048954930929,
      0.04766078237355311,
      0.02669391680463663,
      0.011589250354551904,
      0.018929468646274688
    ],
    [
      0.01307169561813978,
      0.41046372707530865,
      0.004484916090485217,
      0.02376931606652907,
      0.07837838226592714,
      0.015579246475009035,
      0.024621098575352475,
      0.03201140225959298,
      0.06050443313310306,
      0.011984944582409698,
      0.005199512093116088,
      0.006647040245491124,
      0.017624937357168986,
      0.000330035036541899,
      0.02832057170998871,
      0.07767611335700719,
      0.10044854558920052,
      0.01670692402473114,
      0.07217715844489718
    ],
    [
      0.042210124306408484,
      0.036012386831934085,
      0.20575572477905318,
      0.02563002686541048,
      0.016739487073598198,
      0.02465947768698087,
      0.044030701170767725,
      0.16612258444176914,
      0.004182869559379927,
      0.048759068158831284,
      0.012572028545794775,
      0.12601630038016962,
      0.040823328870794505,
      0.06117576206182846,
      0.03736423051302711,
      0.030514461653835253,
      0.06665960434837936,
      0.0015863741289921594,
      0.00918545862304522
    ],
    [
      0.041261064944810126,
      0.03158014633235923,
      0.04661655339967336,
      0.10642707908505668,
      0.022617480293027816,
      0.05808860254604376,
      0.039099665903146945,
      0.011883156898499433,
      0.0466938662401967,
      0.06279278199636021,
      0.05973773182046742,
      0.06396156415902582,
      0.07496189781571878,
      0.06937272443304929,
      0.10743832111365445,
      0.057088945356375785,
      0.034156969497458646,
      0.03998278636997258,
      0.026238661795103063
    ],
    [
      0.013031708238288123,
      0.1014766671739125,
      0.019104886764018184,
      0.049942472647156115,
      0.2595664706112015,
      0.03044704350598022,
      0.039088929797381405,
      0.025025549691430806,
      0.11609644309198384,
      0.010353469291674678,
      0.004747325954204348,
      0.00873683284028737,
      0.02824832822385587,
      0.006022630848354462,
      0.0008290128693765049,
      0.019866696019030322,
      0.04534688702198068,
      0.09544611109216725,
      0.1266225343177158
    ],
    [
      0.03407572881082866,
      0.013997927838027762,
      0.062032676227139816,
      0.02648007786531162,
      0.024028479147913773,
      0.16383069156217944,
      0.009126695397609293,
      0.022741080475320745,
      0.04082091457200844,
      0.05049280269275683,
      0.029551785278620717,
      0.0850316831334781,
      0.06278799586930063,
      0.08250630525661501,
      0.0690815820454729,
      0.0706297191096772,
      0.058756002930356196,
      0.0792297289343715,
      0.01479812285301134
    ],
    [
      0.03089569900291348,
      0.014607147279391663,
      0.07802865797539475,
      0.013725430650970817,
      0.03037699466744956,
      0.06590860550590313,
      0.05534242465781566,
      0.05553236599071926,
      0.07294221364003212,
      0.010211252935407172,
      0.08790420091368917,
      0.041961826064382195,
      0.09191657399964095,
      0.020607536441249706,
      0.09671026441808749,
      0.10485363934324746,
      0.052207444710102094,
      0.04860620014387109,
      0.027661521659732152
    ],
    [
      0.021019865756059432,
      0.0421342358616045,
      0.07833731481213588,
      0.041318505189508345,
      0.04189374751812707,
      0.03794647124869938,
      0.02941234526146448,
      0.18499426660761836,
      0.010020855899035317,
      0.0541170569840475,
      0.11284392255259933,
      0.08566875149290086,
      0.008306837882170567,
      0.06097631451363333,
      0.0036614494744756443,
      0.058086158277441347,
      0.025053746337955728,
      0.05459335513819779,
      0.0496147991923251
    ],
    [
      0.009360949251801417,
      0.01946922427178182,
      0.031297459706796364,
      0.041024753015640125,
      0.07156736219537121,
      0.012889827916378898,
      0.03702909433186997,
      0.03422002792829449,
      0.2629430754868213,
      0.03711379742653294,
      0.002840346239187667,
      0.011377089592137624,
      0.09240472040242378,
      0.027168665703660274,
      0.03969851752368271,
      0.05780081686053681,
      0.07297148320094601,
      0.05621285745883105,
      0.08260993148730554
    ],
    [
      0.0175332278897406,
      0.013125046762435547,
      0.015478157046524579,
      0.01298382782345654,
      0.018424074623768563,
      0.08380509092543073,
      0.050763474794137134,
      0.08499127543516734,
      0.04277131154627574,
      0.23218266503087542,
      0.06336913922308048,
      0.05802658470496902,
      0.07415136137900026,
      0.005254807793781119,
      0.10506258656451872,
      0.05628433350177915,
      0.033228168337390576,
      0.02689409333051655,
      0.00567077328715189
    ],
    [
      0.019599543736959123,
      0.011560659184484364,
      0.02008159042679533,
      0.05286421862665678,
      0.006208317099879889,
      0.021225494746105578,
      0.03830845178249972,
      0.09476207260112604,
      0.016362971218268525,
      0.022091791498696306,
      0.4512775307179112,
      0.1271233591419644,
      0.010573717846208287,
      0.05684588783712687,
      0.017634276021582823,
      0.015009083108718646,
      0.008010166160438783,
      0.002275140916656379,
      0.00818572732792098
    ],
    [
      0.07979803885615734,
      0.0002589286673852112,
      0.05315930747384498,
      0.03916874823929462,
      0.00872737545535663,
      0.007508491583533455,
      0.05133438802313856,
      0.028587464248275747,
      0.008163752071034687,
      0.06373345197961587,
      0.08207770992153084,
      0.3701098014771324,
      0.0736701383359789,
      0.05599917699383853,
      0.035736335353254614,
      0.020694118938563946,
      0.010616046876254105,
      0.005706545914569653,
      0.004950179591239945
    ],
    [
      0.07338458548945025,
      0.03662837209814274,
      0.0660366683608753,
      0.0006017947084149151,
      0.05369508692901758,
      0.028748079762630635,
      0.07438661250283282,
      0.03148800592560219,
      0.1176335750261838,
      0.02503770210488496,
      0.07278712437049152,
      0.030981607141474847,
      0.16192221536876333,
      0.09365990562251739,
      0.04925589919766422,
      0.04056617719663672,
      0.011406489583787784,
      0.027223046241595713,
      0.004557052369033436
    ],
    [
      0.031935900239827134,
      0.006822706278691487,
      0.019413745073215718,
      0.04121187279188357,
      0.00867987317974976,
      0.028181408684005906,
      0.022645963699307686,
      0.03509472847509627,
      0.018757056461017073,
      0.028642718224605568,
      0.013766689569970361,
      0.043319193744902534,
      0.03249399583640046,
      0.6200107622463683,
      0.019289359575935007,
      0.015475192698044633,
      0.0053878253205951986,
      0.005388201137612053,
      0.0034828067627711576
    ],
    [
      0.05636643203053714,
      0.0028460170669687033,
      0.023500350576733546,
      0.09225158704579464,
      0.04691172396714048,
      0.07441563308346234,
      0.05682459368454808,
      0.05465487495380831,
      0.028905294289237736,
      0.07955543053758443,
      0.034938278649344054,
      0.06823568111139557,
      0.06814231434812613,
      0.08441992173220747,
      0.13906367446766157,
