{
  "poids_LS": 0.085,
  "poids_EM": 0.915,
  "mae_validation": 8.256236148812109,
  "matrice_de_transition": [
    [
      0.15405783654132751,
      0.0053704401975561205,
      0.019462817497363085,
      0.0990874180825321,
      0.012557471840768403,
      0.0764492856845589,
      0.04997868151044359,
      0.03420069455251859,
      0.04412971070483299,
      0.042803975090159554,
      0.030807049916034328,
      0.19326657555825197,
      0.04538339274263865,
      0.07377503947496175,
      0.01381824431519781,
      0.04768745757189313,
      0.026561576789365698,
      0.011621001725386293,
      0.01898133020420969
    ],
    [
      0.013107508482847014,
      0.40971291491475953,
      0.004497203531829012,
      0.023834437480409972,
      0.07859311755980639,
      0.015621929342063856,
      0.024520871117429135,
      0.03208960928137898,
      0.060518512356640866,
      0.011975059354961043,
      0.005213757331727365,
      0.006542157110133769,
      0.017660388634230598,
      0.00033093924212146587,
      0.02831609778761292,
      0.07778121884189516,
      0.10060598584511876,
      0.01673584254897444,
      0.07234244923605972
    ],
    [
      0.042325768482590426,
      0.03611105090544624,
      0.20490960030664498,
      0.025669092107198845,
      0.016688040829364256,
      0.024711303471078354,
      0.04392594951023996,
      0.1660927856159033,
      0.0041300949759281985,
      0.04887565799512956,
      0.012606472459618871,
      0.1261794062826001,
      0.04093517360742682,
      0.061343366889395116,
      0.03746659826785732,
      0.03054176931580864,
      0.06668652435517798,
      0.0015907203594825489,
      0.009210624263108359
    ],
    [
      0.04137410895835755,
      0.031666667281215005,
      0.046744269984330004,
      0.10591744393084818,
      0.022679445992460773,
      0.05824774940233429,
      0.038827276974073135,
      0.011647976862635408,
      0.04650871045569038,
      0.06269169089564004,
      0.05990139683915364,
      0.06378260573901996,
      0.0750686725463638,
      0.06956278669176998,
      0.10769545950012599,
      0.05707938740349352,
      0.034201473752303056,
      0.04009232825043826,
      0.02631054853974718
    ],
    [
      0.013067411548530009,
      0.1017546854401424,
      0.019157228919536043,
      0.05007930133934011,
      0.2587703119923602,
      0.030530460063530853,
      0.038900916563339126,
      0.024974282979212375,
      0.11619380186339068,
      0.010244205468155406,
      0.00476033232668162,
      0.008629321691402958,
      0.028325720903921228,
      0.006039131206843105,
      0.000831284137511783,
      0.01992112532319205,
      0.04539997418157401,
      0.09558390131825426,
      0.1268366027330818
    ],
    [
      0.03416908697195422,
      0.014036278325255237,
      0.06220262876474842,
      0.026552626023846723,
      0.024094310597634085,
      0.1626959348137143,
      0.008942597775557837,
      0.022792395445006837,
      0.04082714321956062,
      0.05044043486276577,
      0.02963274907390461,
      0.08502252043567925,
      0.06296001777579187,
      0.08273234992855096,
      0.06920321073454183,
      0.07072710700628856,
      0.05876373112689584,
      0.07941117266088277,
      0.014793704457420292
    ],
    [
      0.030980344753606396,
      0.01464716686097904,
      0.07824243512053282,
      0.01376303457056252,
      0.030424178777467552,
      0.06608917702783712,
      0.05394592809813781,
      0.05560867283426441,
      0.0730529915255938,
      0.010009462859401316,
      0.08812793635993953,
      0.041812653170897225,
      0.09198471862514204,
      0.020663995445198338,
      0.09693471805813761,
      0.1049493822427527,
      0.05228652920347085,
      0.04873936781549814,
      0.027737306650580735
    ],
    [
      0.021077454429363707,
      0.04224967212423904,
      0.07855193759244311,
      0.04142703327756922,
      0.0420085249085877,
      0.03805043418362733,
      0.02947195107724628,
      0.1833425530361785,
      0.010045483701149592,
      0.0541949393181917,
      0.1131530839842503,
      0.08580123496219592,
      0.008281563757137142,
      0.061128841240766264,
      0.0036141063681409567,
      0.058173624569185914,
      0.024985901357679703,
      0.054742925974192856,
      0.04969873413785481
    ],
    [
      0.009386595688107723,
      0.019522564612252456,
      0.031383206171746496,
      0.04113714959924462,
      0.07176343716029004,
      0.012925142513410074,
      0.03678802733247662,
      0.03419858393891514,
      0.26217369206439917,
      0.03697265168869212,
      0.00284812800970599,
      0.011189019089591225,
      0.09253453310851661,
      0.02724310040421825,
      0.03980728058539144,
      0.057849529660443495,
      0.073101157455647,
      0.056366865287485385,
      0.08280933562946623
    ],
    [
      0.017561617808721806,
      0.013161005794661397,
      0.015520562956241086,
      0.012973565678496278,
      0.018474551540546013,
      0.08403469391426754,
      0.050659166500747026,
      0.08511278464284537,
      0.042856397155548946,
      0.23112814496651055,
      0.06354275330314371,
      0.0580112288152944,
      0.07434077350773213,
      0.005251032802270756,
      0.10535042926743522,
      0.05634677447780315,
      0.033020431437415045,
      0.026967775777997416,
      0.00568630965232217
    ],
    [
      0.019591003158414014,
      0.011592332223345967,
      0.020136608482759156,
      0.05296284035689195,
      0.006128385617778358,
      0.021283646786505867,
      0.038306409867233576,
      0.09466147108252403,
      0.01640780127640077,
      0.022152316954857122,
      0.45092205374533884,
      0.1272350420258426,
      0.0106026869361979,
      0.05700162999558476,
      0.01768258910657346,
      0.014877989046758015,
      0.007965665179417493,
      0.0022813741794417393,
      0.008208153978134463
    ],
    [
      0.08001666362014682,
      0.00025963806099448574,
      0.05330494941212949,
      0.03927605987830639,
      0.00875128607304254,
      0.0075290627933513555,
      0.051283655763433245,
      0.028416493498733035,
      0.007979650479385654,
      0.06369675174811285,
      0.08230258035967203,
      0.36958933079602063,
      0.07376722716361535,
      0.056152599396561385,
      0.03583424312134573,
      0.02067405272263319,
      0.010496493619395792,
      0.005705519766013782,
      0.004963741727106356
    ],
    [
      0.07358563914832546,
      0.03672872380252122,
      0.0662175907399462,
      0.0006034434610407094,
      0.05384219675622037,
      0.028826841624994007,
      0.07434658286999295,
      0.0313932590770236,
      0.11773586875992284,
      0.024926712158187835,
      0.07298654114958876,
      0.030872343726843488,
      0.16070006324462321,
      0.09391650810367497,
      0.049390846866698916,
      0.040635781876454675,
      0.011429364177397029,
      0.027292155012526884,
      0.00456953744401709
    ],
    [
      0.03202339585692255,
      0.006841398624660505,
      0.019466933415882064,
      0.04132431006824327,
      0.008683027365701533,
      0.028229959401900574,
      0.022510297562185748,
      0.03509426918854864,
      0.018739289291246224,
      0.0286612718213743,
      0.013804406527696308,
      0.043305076730462196,
      0.032583020482527585,
      0.6197935517586785,
      0.019289518378993377,
      0.01541699368405136,
      0.005337967809308149,
      0.005402963332509621,
      0.0034923486991075173
    ],
    [
      0.05652086061144273,
      0.0028538143740014944,
      0.023564735098861585,
      0.09250433111989272,
      0.04704024923828333,
      0.07461951153026634,
      0.05653923460362801,
      0.05459508298466237,
      0.028800784637684353,
      0.07947290169181669,
      0.03503399996071212,
      0.06804038443464232,
      0.06825228053694592,
      0.08465120918900805,
      0.13850098230538105,
