{
  "poids_LS": 0.645,
  "poids_EM": 0.355,
  "mae_validation": 6.727194623499155,
  "matrice_de_transition": [
    [
      0.27219844093444967,
      0.00208361340998079,
      0.007551147772200978,
      0.04967085263796414,
      0.004872024593959326,
      0.029660651822970938,
      0.11243208809469302,
      0.06575147608393853,
      0.0713530868844209,
      0.058557439982204654,
      0.011952461989281076,
      0.15253368265419415,
      0.01760776439741718,
      0.028623102747116304,
      0.005361176756169641,
      0.04171221314373022,
      0.05620574021005549,
      0.004508694658483206,
      0.007364341226769879
    ],
    [
      0.005085426788426983,
      0.5778948388777648,
      0.0017448166708189064,
      0.009247240771088022,
      0.030492411730853843,
      0.006060967121784337,
      0.04697182169225789,
      0.014571236401315035,
      0.05736476628417396,
      0.01418935030346019,
      0.0020228238828013272,
      0.030035979430181457,
      0.009719302572429797,
      0.00012839719229849222,
      0.02931825639979057,
      0.05423759022699025,
      0.06533936851943567,
      0.010258093118474858,
      0.035317312015653725
    ],
    [
      0.016421473017835628,
      0.014010298438725042,
      0.39444148212608116,
      0.01691847794660578,
      0.02821199953776795,
      0.013102327833242843,
      0.06739032146845908,
      0.172767722609859,
      0.015951601669115464,
      0.022759534664316572,
      0.004891035763021529,
      0.08964368413816676,
      0.015881952601788547,
      0.02379988551446477,
      0.01453622118589,
      0.024424853033770545,
      0.060656442832288424,
      0.0006171647296353059,
      0.003573520888965538
    ],
    [
      0.016052249923734347,
      0.012285974737520576,
      0.018135755021242785,
      0.22007571847355237,
      0.008799129319479316,
      0.02259885359325538,
      0.09984239708660635,
      0.06432830489617747,
      0.08798360618510762,
      0.0853360974569583,
      0.023240432653442118,
      0.10386929182033473,
      0.05115113288188132,
      0.026988840738336982,
      0.05009646093050251,
      0.059220368849121734,
      0.024232520667155137,
      0.015554947026126318,
      0.010207917739464752
    ],
    [
      0.005069870054347708,
      0.03947859380464541,
      0.007432586083535841,
      0.01942967429012649,
      0.4371098426128092,
      0.011845151172189565,
      0.0810158809888104,
      0.03645802651614078,
      0.09438543706825986,
      0.0347193019364726,
      0.0018469048917726504,
      0.03271181904151196,
      0.010989760569280914,
      0.0023430509053872155,
      0.0003225200752094896,
      0.007728961190965221,
      0.03350845043266835,
      0.0647188906747662,
      0.07888527769110026
    ],
    [
      0.013256858879829234,
      0.005445769186301212,
      0.024133260340421517,
      0.010301838511984246,
      0.009348065860284261,
      0.4168814464699061,
      0.050180465115084234,
      0.011297842235322954,
      0.039431926167871716,
      0.062170828780761814,
      0.011496858930312716,
      0.08707496474262477,
      0.024427110721755317,
      0.03209834341490228,
      0.04195838438310388,
      0.04891221816534559,
      0.05703261510201593,
      0.038767777922357,
      0.01578342506981522
    ],
    [
      0.012019696598393737,
      0.005682780585407168,
      0.03035635460960563,
      0.005339756582021523,
      0.019854938133437153,
      0.02564115611462533,
      0.3667611574659772,
      0.03851593988015044,
      0.048238745159776414,
      0.05521043988471366,
      0.03801119639986142,
      0.07522738131153013,
      0.07672032251289865,
      0.008017178560705366,
      0.04665710268690952,
      0.08350297275357751,
      0.034571602688870384,
      0.01890980937104026,
      0.010761468700498536
    ],
    [
      0.008177591609206683,
      0.016391949294103668,
      0.030476434803625465,
      0.017116741551933712,
      0.01629838944540834,
      0.014762736759767978,
      0.016120248342124808,
      0.5533263930387132,
      0.004528856027551623,
      0.03674929646989134,
      0.0439009232944359,
      0.05612493784010114,
      0.013942967764624645,
      0.026962854362988762,
      0.01421896218711121,
      0.038581175218403534,
      0.04018317693950936,
      0.021239058711298865,
      0.030897306339199664
    ],
    [
      0.003641793955495346,
      0.007574328346830187,
      0.012175998022918038,
      0.015960314871838074,
      0.027842645018473187,
      0.005014672778426859,
      0.09078703519658822,
      0.0390020375598901,
      0.43451557868696017,
      0.06858929696503616,
      0.0011050114136017773,
      0.05331681165998442,
      0.0634564869437257,
      0.010569727479232216,
      0.015444354762638206,
      0.04693786248134879,
      0.04405412440262323,
      0.021869111668915094,
      0.03814280778547425
    ],
    [
      0.011202275956931684,
      0.005106182576070815,
      0.006021639179743809,
      0.015272286149595731,
      0.007167722182397632,
      0.03260362441482511,
      0.07402422422013127,
      0.057894722122965016,
      0.023797220678351907,
      0.4673406393842439,
      0.024653199368979254,
      0.06145094810240975,
      0.03191245667179294,
      0.006096630900592286,
      0.04087366381414153,
      0.04235999584842954,
      0.07955349703193498,
      0.01046290754228315,
      0.0022061638541796395
    ],
    [
      0.0215040927525188,
      0.004497571518347341,
      0.007812563946862841,
      0.030871572784213812,
      0.02403303760852126,
      0.008257589736841073,
      0.038763798886848985,
      0.11719621124937543,
      0.00636586825477844,
      0.008594614774835276,
      0.5305488956015515,
      0.10221807603712893,
      0.004113610778524868,
      0.02211538650101922,
      0.006860458068670578,
      0.04424305892593987,
      0.017933884928186327,
      0.0008851233155211119,
      0.0031845843303144636
    ],
    [
      0.031044716486505048,
      0.00010073389251698627,
      0.020681155236399962,
      0.015238252739670784,
      0.0033953077113990176,
      0.0029211117941417824,
      0.06264768193742515,
      0.06671394139630119,
      0.049218407008769095,
      0.07191760360479171,
      0.031931602216047614,
      0.4861747633650592,
      0.052019329773051626,
      0.021785981186644033,
      0.013902903068937413,
      0.025168885091122396,
      0.03727642315565777,
      0.005935377042529045,
      0.0019258232930303345
    ],
    [
      0.028549619560279273,
      0.014249942021743204,
      0.025690977828066553,
      0.00023412287286278885,
      0.020889595462795882,
      0.011184184455598767,
      0.08331322062612875,
      0.052616553158626775,
      0.09482207240237892,
      0.04978846021834363,
      0.028317182631807658,
      0.055347348604269,
      0.4344621390520113,
      0.03643755232437663,
      0.0191625690029269,
      0.025044333597233764,
      0.006305455208926711,
      0.011811790323944854,
      0.0017728806476787614
    ],
    [
      0.012424377627549185,
      0.0026543131276005236,
      0.00755274465862091,
      0.016138360163672025,
      0.007976489712504392,
      0.01735459859349461,
      0.052899512277500726,
      0.03519714937521974,
      0.022719135319916244,
      0.024505266145178735,
      0.005355807997084359,
      0.046467287965098004,
      0.012641499750051684,
      0.6684487010012203,
      0.01925394649391867,
      0.02845357281854469,
      0.016506050337607464,
      0.002096231675454552,
      0.0013549549597630258
    ],
    [
      0.021928858488592533,
      0.0011072175986563174,
      0.00914260214218127,
      0.03588965852192559,
      0.01825058850228479,
      0.028950739446168907,
      0.12045966872972481,
      0.06798848407335299,
      0.052210946585642126,
      0.09795936314379229,
      0.013592426214265357,
      0.11178684002737155,
      0.04361985424131882,
      0.03284281886568072,
