{
  "poids_LS": 0.98,
  "poids_EM": 0.020000000000000018,
  "mae_validation": 5.854278036083348,
  "matrice_de_transition": [
    [
      0.3428718382053352,
      0.00011738667098483333,
      0.000425416775898647,
      0.02010915723808867,
      0.00027448025881461017,
      0.0016710226379138572,
      0.14979260810491365,
      0.08462560432148437,
      0.08763849942042437,
      0.0679813877301245,
      0.000673378140241188,
      0.1281666842205167,
      0.0009919867266150533,
      0.0016125691688516242,
      0.0003020381271081491,
      0.03813773656616848,
      0.07393930225636099,
      0.00025401096667511044,
      0.0004148924634799935
    ],
    [
      0.00028650291765785845,
      0.6785036683913482,
      9.829953075036101e-05,
      0.000520971311047213,
      0.0017178823510340209,
      0.0003414629364385545,
      0.0604023010539858,
      0.004091495481991071,
      0.05547815033010893,
      0.015513970781580216,
      0.00011396190889021572,
      0.04409031956806713,
      0.004968831446173962,
      7.233644636534779e-06,
      0.02991776199814684,
      0.04015345525200249,
      0.04424237422639313,
      0.006383010869872429,
      0.01316834599987515
    ],
    [
      0.0009251534094555292,
      0.0007893125880971862,
      0.5078221614287796,
      0.011683735546965288,
      0.03510579626511658,
      0.006157672764180529,
      0.08142704397917944,
      0.17676076527588608,
      0.02302339585164713,
      0.0071364966003480985,
      0.00027555131059276247,
      0.06778749321247896,
      0.0008947578930585105,
      0.0013408386205332277,
      0.0008189420386416909,
      0.020765626329337043,
      0.05704916192127413,
      3.476984392311586e-05,
      0.0002013251205051009
    ],
    [
      0.0009043521083794008,
      0.0006921675908462303,
      0.0010217326772531156,
      0.28836682913749145,
      0.0004957255954636239,
      0.001273174850324248,
      0.13634251358249677,
      0.09584242970195708,
      0.11279448130895542,
      0.09888230495346119,
      0.001309320149489698,
      0.12784972010112128,
      0.03684331897544983,
      0.0015204980697654652,
      0.015639917143317045,
      0.06050113453534575,
      0.01826895051800415,
      0.0008763350437254271,
      0.0005750939571529444
    ],
    [
      0.0002856264819350824,
      0.00222414612983918,
      0.0004187372441428647,
      0.0010946295374719159,
      0.5437950975375421,
      0.0006673324604050465,
      0.10620965435047623,
      0.04332776595341045,
      0.08133936169974411,
      0.049360654288055215,
      0.00010405097981817758,
      0.04711831299202359,
      0.000619141440522869,
      0.00013200286790913902,
      1.8170145082224782e-05,
      0.0004354344332938157,
      0.026394771047162282,
      0.046255000379108166,
      0.05020011003205774
    ],
    [
      0.0007468652890044646,
      0.00030680389781978686,
      0.0013596203008688192,
      0.0005803852682808032,
      0.0005266515977624942,
      0.5689388507642351,
      0.07484954646997949,
      0.004421636297387061,
      0.03859728739587925,
      0.06918811799956302,
      0.0006477103622711395,
      0.08830276624767255,
      0.0013761752519298783,
      0.001808357375487454,
      0.025660140047868683,
      0.035862240019424355,
      0.05599703676570385,
      0.014454318569846048,
      0.01637549007901576
    ],
    [
      0.0006771660055433097,
      0.0003201566526989957,
      0.001710217161104544,
      0.0003008313567336072,
      0.01353226739102611,
      0.001444572175471851,
      0.5538916964628097,
      0.02829082284510011,
      0.03339450849451065,
      0.0822503100694987,
      0.008030646602314702,
      0.09521654903851588,
      0.06758894269575305,
      0.0004516720315890351,
      0.01658031492019272,
      0.07067342421987448,
      0.02397428057745761,
      0.0010653413730163537,
      0.0006062799267886504
    ],
    [
      0.00046070938643417975,
      0.0009234901010762639,
      0.0017169822424577743,
      0.002573977751776757,
      0.0009182191236849778,
      0.0008317034794235489,
      0.008133069027364645,
      0.7746560116116581,
      0.0012287305442385524,
      0.02631306369456881,
      0.0024732914532076588,
      0.03837215295456231,
      0.017329700519103777,
      0.00652427292717543,
      0.02056293843595949,
      0.026860692124631932,
      0.049274404296496745,
      0.0011965666879605007,
      0.019650023638218463
    ],
    [
      0.0002051714904504422,
      0.0004267227237650814,
      0.0006859717196010169,
      0.0008991726688359487,
      0.0015685997193506036,
      0.00028251677624940077,
      0.12309001311529784,
      0.04187553213672335,
      0.5376129572915279,
      0.08750282583570625,
      6.225416414657906e-05,
      0.07851825900120178,
      0.04606158432728828,
      0.0005954776044637874,
      0.000870104493669759,
      0.04041034729385464,
      0.026677774272689365,
      0.0012320626292346543,
      0.011422652735943352
    ],
    [
      0.0073980268134500975,
      0.00028767225780680677,
      0.0003392472777320459,
      0.016647413574271297,
      0.0004038153342195853,
      0.0018368239106943739,
      0.08800153553440578,
      0.04161248829410802,
      0.012395749035742967,
      0.608646328009138,
      0.0013889126405058749,
      0.06350863731880912,
      0.006531231421722169,
      0.006602479762981058,
      0.002302741623331919,
      0.033992905061214974,
      0.10739024162865672,
      0.0005894595798469386,
      0.00012429092136223333
    ],
    [
      0.02264853027756363,
      0.00025338431089280824,
      0.000440144447710583,
      0.017656260932701,
      0.03474385621012639,
      0.0004652163232023145,
      0.03903741553251178,
      0.13067681474204546,
      0.0003586404650579406,
      0.00048420364928649485,
      0.5781828099262502,
      0.087252569597452,
      0.0002317527199168942,
      0.001245937267663056,
      0.00038650467992510333,
      0.06180966322866473,
      0.02389701638503911,
      4.986610228287959e-05,
      0.00017941320170785727
    ],
    [
      0.001748998111915779,
      5.675148874196415e-06,
      0.0011651355062760555,
      0.0008584931120941295,
      0.00019128494148726877,
      0.00016456967854319918,
      0.06944580473793815,
      0.08962402183502498,
      0.07388802028973955,
      0.07683543462619782,
      0.0017989635051294448,
      0.5559178346340375,
      0.03900942686976797,
      0.0012273792217827634,
      0.000783262144728869,
      0.027857758025843612,
      0.05329655957467163,
      0.006072880949015855,
      0.00010849708693128655
    ],
    [
      0.0016084292710016508,
      0.0008028136350277869,
      0.0014473790325671312,
      1.3190021006354314e-05,
      0.0011768786176223043,
      0.0006300948989069734,
      0.08867719142667428,
      0.06531263086815724,
      0.08111471208134818,
      0.06466111307575825,
      0.0015953342327778978,
      0.06998864616487177,
      0.5982305236867881,
      0.002052819849260657,
      0.0010795813522775728,
      0.015717306501628406,
      0.003240259665288218,
      0.0025512150191681084,
      9.988059986922608e-05
    ],
    [
      0.0006999649367633351,
      0.00014953876775214233,
      0.00042550674133075587,
      0.0010717651314731604,
      0.007553828794966819,
      0.010848802395608901,
      0.07107877465184094,
      0.03525869377260335,
      0.02509993606920992,
      0.022019084178168887,
      0.0003017356618075698,
      0.04835896790010336,
      0.0007121971690169969,
      0.6975549063516695,
      0.019232666884097194,
      0.03625224069364337,
      0.023186956850072233,
      0.00011809755918053826,
      7.633549069087475e-05
    ],
    [
      0.0012354286472446509,
      6.23784562623278e-05,
      0.0005150761770242974,
      0.002021952592784542,
      0.0010282021691428059,
      0.0016310275744320527,
      0.15869778557301484,
      0.07600060793890899,
