{
  "poids_LS": 0.2475,
  "poids_EM": 0.7525,
  "mae_validation": 7.80659824635514,
  "matrice_de_transition": [
    [
      0.1883397083518317,
      0.00441667349580435,
      0.01600630619318658,
      0.08474778971692086,
      0.010327319737899698,
      0.06287222675150882,
      0.06810132181390882,
      0.043356055264760975,
      0.05202935111408841,
      0.04737529302758335,
      0.025335852526574675,
      0.18144676288519948,
      0.03732350058889134,
      0.0606729149780423,
      0.011364184532444099,
      0.04595356967979228,
      0.03516367778197657,
      0.009557162621151022,
      0.015610328938434743
    ],
    [
      0.010779672276876914,
      0.458515705350453,
      0.0036985198444823295,
      0.01960154557815137,
      0.06463532345765498,
      0.012847542983500602,
      0.031035655882446403,
      0.027006152865288995,
      0.059603362826683944,
      0.012617599139123739,
      0.004287816821994362,
      0.013359560908361892,
      0.015356055625225897,
      0.0002721658794496208,
      0.028606902742039468,
      0.07094936232417721,
      0.09037236921043393,
      0.014856138473159825,
      0.06159854781049547
    ],
    [
      0.03480889703076426,
      0.0296978861271566,
      0.2599076910131778,
      0.02312985139095532,
      0.020032046704570684,
      0.021342627504742154,
      0.05073480744454461,
      0.16802970929718508,
      0.0075604429002905735,
      0.041297318635741855,
      0.010367618061052677,
      0.11557752262461721,
      0.03366526572632642,
      0.050449053097562646,
      0.030812694203893588,
      0.028766771287538653,
      0.06493672391326806,
      0.0013082153776072328,
      0.007574857659004414
    ],
    [
      0.03402624807777492,
      0.02604280560558939,
      0.03844269198164844,
      0.13904372895440073,
      0.018651675529318828,
      0.047903203743449786,
      0.05653255736387072,
      0.026934679193797162,
      0.05854383644860163,
      0.06926261244245115,
      0.049263170624549844,
      0.07541490303940147,
      0.06812831505443807,
      0.05720873987492557,
      0.09098146437947631,
      0.057700654340840984,
      0.031308697187416384,
      0.032972106020169166,
      0.02163791013787951
    ],
    [
      0.010746696382807466,
      0.08368349813519907,
      0.01575498881087527,
      0.0411854363473808,
      0.3105206222170441,
      0.025108383822739853,
      0.05112177677608748,
      0.02830661927341035,
      0.10986548172194646,
      0.017346353996908166,
      0.003914918115658928,
      0.015617546368889942,
      0.02329519669967292,
      0.004966607905081351,
      0.0006836517087187067,
      0.016383220552679798,
      0.041949308808007624,
      0.08662753662259923,
      0.11292215573429251
    ],
    [
      0.02810080649879295,
      0.011543496655469469,
      0.05115571382018927,
      0.021836995719065198,
      0.01981526636581382,
      0.23645512346394854,
      0.020908943208902547,
      0.019456922415411065,
      0.04042228112866875,
      0.05384434381218426,
      0.024370102380451602,
      0.08561809579260539,
      0.05177859385386162,
      0.0680394462527154,
      0.061297345945062066,
      0.06439689372655064,
      0.05826139835181908,
      0.06761733043764984,
      0.015080900170838463
    ],
    [
      0.025478370958567004,
      0.0120458940577997,
      0.06434692068655841,
      0.011318779797101962,
      0.027357211626298013,
      0.05435202810212834,
      0.14471820447719833,
      0.05064872800382955,
      0.06585242896408429,
      0.02312581779978213,
      0.07358513235366686,
      0.05150889124742016,
      0.0875553179675714,
      0.01699416018853743,
      0.08234523145487946,
      0.09872609377491168,
      0.04714603713450196,
      0.040083469159740266,
      0.02281128224542295
    ],
    [
      0.017334190664585997,
      0.03474631505299439,
      0.06460145687247369,
      0.034372707553612485,
      0.034547994528647256,
      0.031292843413311,
      0.02559757305142978,
      0.2907039351797711,
      0.008444676563721611,
      0.049132587598818826,
      0.09305759092693808,
      0.07718980945801664,
      0.009924381884309854,
      0.05121460397712547,
      0.006691408279895717,
      0.05248831560578924,
      0.029395825075621343,
      0.04502082163451379,
      0.04424296267842363
    ],
    [
      0.00771957732819788,
      0.016055442481661172,
      0.025809685949988233,
      0.033831371664952536,
      0.0590185644405664,
      0.010629693706383694,
      0.05245738229304471,
      0.035592443248573045,
      0.31218361452183874,
      0.046147124648345514,
      0.002342312926015035,
      0.023413601755107104,
      0.08409670721248352,
      0.022404844867949976,
      0.03273768157432465,
      0.05468319766650975,
      0.06467233090008208,
      0.046356356424953823,
      0.06984806638902212
    ],
    [
      0.015716273074943422,
      0.010823668699981094,
      0.012764178824668213,
      0.013640605100913528,
      0.015193551950011881,
      0.06911049963987576,
      0.05743920557110406,
      0.07721468614377294,
      0.03732583255279087,
      0.29967194915022777,
      0.05225783809903349,
      0.05900936164414483,
      0.06202898514016048,
      0.0054964072504444135,
      0.08664065357786338,
      0.05228811103624384,
      0.04652332993582484,
      0.022178416691741042,
      0.0046764459162540245
    ],
    [
      0.0201461407638462,
      0.0095335846973419,
      0.01656043484511067,
      0.04655242789160589,
      0.01132393195437786,
      0.017503764160487066,
      0.03843913435953269,
      0.10120056979165501,
      0.013493847497805002,
      0.018218162304404352,
      0.47402805696254335,
      0.11997565457376048,
      0.008719696086873136,
      0.046878389695822434,
      0.014542238582181998,
      0.023399103074199176,
      0.010858228945801306,
      0.0018762120983933427,
      0.0067504217142581235
    ],
    [
      0.06580605396083113,
      0.0002135274763916399,
      0.04383822342363654,
      0.03230080334254159,
      0.00719709592345848,
      0.006191934155187863,
      0.05458125264427911,
      0.03952959221900951,
      0.019946253936572813,
      0.06608226679580984,
      0.0676860018804953,
      0.4034199250682863,
      0.0674564533672464,
      0.04618014321957643,
      0.02947023819542367,
      0.02197835675813229,
      0.018267455315186094,
      0.005772219422145443,
      0.004082202895789653
    ],
    [
      0.06051715132143705,
      0.030205863017920453,
      0.054457636100338255,
      0.0004962745403640806,
      0.044280057988039155,
      0.02370732057137485,
      0.07694850900458591,
      0.03755180423463167,
      0.11108677606688552,
      0.032141058693500896,
      0.060024450508268344,
      0.03797446567788214,
      0.2401399513137314,
      0.07723734682843214,
      0.04061924837944364,
      0.03611147768828789,
      0.009942515592796266,
      0.022800084902000847,
      0.003758007570079628
    ],
    [
      0.026336180745720455,
      0.0056263961366743494,
      0.016009691142569674,
      0.03401588710486322,
      0.008478005278836291,
      0.025074162738747057,
      0.03132859647511197,
      0.03512412281414516,
      0.019894155326351363,
      0.027455288031406833,
      0.011352804275509804,
      0.04422268266908419,
      0.026796418484264485,
      0.6339122334585231,
      0.019279196180199375,
      0.019199929593614155,
      0.008578706042966431,
      0.004443420664167748,
      0.0028721228372441602
    ],
    [
      0.04648300285257995,
      0.0023469894168700813,
      0.019379741160539168,
      0.07607596630351832,
      0.03868610661399804,
      0.061367412488005924,
      0.07508757486343288,
      0.058481560979148486,
      0.035593911988654234,
      0.08483727666672031,
      0.028812114721787834,
      0.08073466842360391,
      0.061104478263661256,
      0.06961752449697109,
      0.17507597285361712,
