{
  "poids_LS": 0.95,
  "poids_EM": 0.050000000000000044,
  "mae_validation": 5.9304972787543395,
  "matrice_de_transition": [
    [
      0.3365428772557037,
      0.0002934666774620833,
      0.0010635419397466176,
      0.02275647324404767,
      0.0006862006470365254,
      0.004177556594784643,
      0.14644688989504315,
      0.08293538388230116,
      0.08618010426794644,
      0.0671374521109078,
      0.00168344535060297,
      0.13034880348323408,
      0.002479966816537633,
      0.00403142292212906,
      0.0007550953177703727,
      0.038457838946248636,
      0.07235122207310975,
      0.0006350274166877761,
      0.001037231158699984
    ],
    [
      0.0007162572941446461,
      0.6694939224647587,
      0.00024574882687590255,
      0.0013024282776180325,
      0.004294705877585053,
      0.0008536573410963863,
      0.05919957155890569,
      0.005029979743423068,
      0.05564710101256252,
      0.01539534805219633,
      0.0002849047722255393,
      0.04283172194377886,
      0.005394246770913291,
      1.808411159133695e-05,
      0.029864074929637323,
      0.04141472107065811,
      0.046131657297411865,
      0.00673003316079205,
      0.015151835493825472
    ],
    [
      0.0023128835236388232,
      0.0019732814702429656,
      0.4976686677598812,
      0.012152518448425631,
      0.03448844133430924,
      0.006779582173350288,
      0.08017002405284628,
      0.1764031793654956,
      0.022390100850226382,
      0.008535574635927365,
      0.0006888782764819061,
      0.06974476404164502,
      0.0022368947326462762,
      0.003352096551333069,
      0.002047355096604227,
      0.021093318273017653,
      0.057372202002857496,
      8.692460980778963e-05,
      0.0005033128012627523
    ],
    [
      0.0022608802709485018,
      0.0017304189771155756,
      0.002554331693132789,
      0.28225120728698944,
      0.0012393139886590595,
      0.00318293712581062,
      0.13307384643361103,
      0.09302026927158875,
      0.11057261189487949,
      0.09766921174481914,
      0.0032733003737242454,
      0.1257022190610508,
      0.03812461574318997,
      0.0038012451744136627,
      0.018725577780975448,
      0.06038643910075853,
      0.018803001576137075,
      0.0021908376093135676,
      0.001437734892882361
    ],
    [
      0.000714066204837706,
      0.00556036532459795,
      0.0010468431103571618,
      0.0027365738436797896,
      0.5342411941114465,
      0.0016683311510126164,
      0.10395349554196885,
      0.042712565406789284,
      0.08250766695662612,
      0.04804948840582393,
      0.00026012744954544397,
      0.04582817920541061,
      0.0015478536013071723,
      0.00033000716977284753,
      4.5425362705561955e-05,
      0.0010885860832345392,
      0.027031816962282226,
      0.04790848309215217,
      0.05276893101644961
    ],
    [
      0.0018671632225111612,
      0.0007670097445494671,
      0.003399050752172048,
      0.0014509631707020079,
      0.0013166289944062353,
      0.5553217697826534,
      0.072640375005362,
      0.0050374159336201265,
      0.03867203116650544,
      0.06855970403967036,
      0.001619275905677849,
      0.08819281387408619,
      0.0034404381298246954,
      0.004520893438718635,
      0.027119684316695716,
      0.03703089477876058,
      0.05608977512417955,
      0.01663164328798136,
      0.016322469331923172
    ],
    [
      0.0016929150138582745,
      0.0008003916317474892,
      0.00427554290276136,
      0.0007520783918340181,
      0.014098476711242026,
      0.0036114304386796275,
      0.5371337377466754,
      0.029206504967641933,
      0.034723843121250875,
      0.07982882915742841,
      0.010715471957318888,
      0.09342647431669626,
      0.06840667820176609,
      0.0011291800789725878,
      0.01927375860079423,
      0.07182233901393745,
      0.024923294497882637,
      0.002663353432540884,
      0.0015156998169716261
    ],
    [
      0.0011517734660854493,
      0.00230872525269066,
      0.004292455606144436,
      0.0038763148085072317,
      0.0022955478092124447,
      0.0020792586985588723,
      0.008848338816746154,
      0.7548354487543794,
      0.0015242641696098724,
      0.027247651704299186,
      0.006183228633019147,
      0.0399619545861031,
      0.01702641101870266,
      0.008354593652770656,
      0.019994821159943225,
      0.0279102876255667,
      0.04846026453318444,
      0.0029914167199012517,
      0.020657242984574987
    ],
    [
      0.0005129287261261055,
      0.0010668068094127035,
      0.0017149292990025421,
      0.002247931672089872,
      0.0039214992983765086,
      0.0007062919406235019,
      0.12019720912257759,
      0.041618204264171114,
      0.5283803562224622,
      0.08580907698161638,
      0.00015563541036644766,
      0.076261412970645,
      0.04761933680040208,
      0.0014886940111594684,
      0.0021752612341743973,
      0.04099490089273471,
      0.028233865329101358,
      0.0030801565730866356,
      0.013815502441871495
    ],
    [
      0.007738705841224568,
      0.0007191806445170168,
      0.0008481181943301147,
      0.016524267834748113,
      0.0010095383355489633,
      0.004592059776735935,
      0.08674983601372448,
      0.043070598786244474,
      0.01341677634702138,
      0.5959920872367594,
      0.003472281601264687,
      0.06332436664271365,
      0.008804176966504627,
      0.00655717986485669,
      0.005756854058329798,
      0.03474219677350285,
      0.10489739882895029,
      0.0014736489496173465,
      0.0003107273034055833
    ],
    [
      0.022546043335022303,
      0.0006334607772320206,
      0.0011003611192764576,
      0.018839721695523046,
      0.03378467842490802,
      0.0011630408080057861,
      0.039012912549318095,
      0.12946959651882126,
      0.0008966011626448515,
      0.0012105091232162371,
      0.5739170862553816,
      0.08859276420399025,
      0.0005793817997922355,
      0.0031148431691576397,
      0.0009662616998127582,
      0.06023653448513712,
      0.023363004612783636,
      0.00012466525570719897,
      0.0004485330042696432
    ],
    [
      0.004372495279789447,
      1.4187872185491037e-05,
      0.0029128387656901385,
      0.002146232780235324,
      0.00047821235371817193,
      0.0004114241963579979,
      0.0688370176214743,
      0.0875723728405124,
      0.07167880118995114,
      0.07639503184816146,
      0.004497408762823612,
      0.5496721864606962,
      0.040174492801405316,
      0.0030684480544569087,
      0.0019581553618221725,
      0.027616963434674548,
      0.05186192049237188,
      0.006060567166345394,
      0.0002712427173282164
    ],
    [
      0.004021073177504127,
      0.0020070340875694673,
      0.003618447581417828,
      3.297505251588579e-05,
      0.0029421965440557607,
      0.0015752372472674335,
      0.08819683583259558,
      0.06417566868521421,
      0.0823422368862166,
      0.06332923371539276,
      0.003988335581944744,
      0.0686774851892954,
      0.5835646981971065,
      0.005132049623151642,
      0.002698953380693932,
      0.016552562659443812,
      0.003514754788599128,
      0.003380520270342146,
      0.0002497014996730652
    ],
    [
      0.0017499123419083375,
      0.0003738469193803558,
      0.0010637668533268897,
      0.0024210124477894784,
      0.0075916790263880944,
      0.011431411010344934,
      0.06945078100637764,
      0.035253182334031685,
      0.024886730031959736,
      0.02224172733939365,
      0.0007543391545189246,
      0.048189563726819304,
      0.0017804929225424923,
      0.6949483804993906,
      0.019234572520797626,
      0.035553852525724086,
      0.022588666714627625,
      0.00029524389795134565,
      0.0001908387267271869
    ],
    [
      0.003088571618111627,
      0.0001559461406558195,
      0.0012876904425607434,
      0.005054881481961355,
      0.002570505422857015,
      0.004077568936080132,
      0.15527347660197396,
      0.07528310430915772,
      0.06496112407515482,
