{
  "poids_LS": 0.5275,
  "poids_EM": 0.47250000000000003,
  "mae_validation": 7.04252822671096,
  "matrice_de_transition": [
    [
      0.24741001054839276,
      0.0027732601020166855,
      0.010050471330605527,
      0.060039506994636886,
      0.0064845961144951595,
      0.03947790982071484,
      0.09932802510603353,
      0.05913144603047094,
      0.06564103920388235,
      0.05525202547360591,
      0.015908558563198054,
      0.16108031643317056,
      0.023435686416280615,
      0.03809694661411959,
      0.007135650752930016,
      0.04296594746571083,
      0.049985759492321466,
      0.0060010090876994795,
      0.009801834449714839
    ],
    [
      0.006768631429666901,
      0.5426066673319556,
      0.002322326413977277,
      0.012307947223490396,
      0.04058497054317871,
      0.008067061873360844,
      0.04226113116986078,
      0.018246966425257027,
      0.0580264897904505,
      0.013724744613373314,
      0.002692350097531344,
      0.025106472068385736,
      0.0113855125943255,
      0.00017089485453813401,
      0.029107982048128294,
      0.05917754801672477,
      0.0727390605475924,
      0.011617263757910038,
      0.04308597920029248
    ],
    [
      0.021856749298386862,
      0.01864750989379601,
      0.35467363192289586,
      0.01875454431065879,
      0.025794026058772533,
      0.0155381396858244,
      0.062466993423654166,
      0.17136717779416294,
      0.013471196246884207,
      0.028239256970335372,
      0.006509899712754007,
      0.09730966155240055,
      0.021138655223507292,
      0.031677312410097476,
      0.01934750566290993,
      0.02570831314651961,
      0.06192168315182328,
      0.0008214375626836114,
      0.004756305971933005
    ],
    [
      0.021365318560463326,
      0.016352459333742176,
      0.024138434500104836,
      0.1961228662257528,
      0.011711517192828104,
      0.030078755838910332,
      0.08704011742013733,
      0.05327484321056818,
      0.07928128431331025,
      0.08058481572311027,
      0.03093268853169409,
      0.09545824608005886,
      0.05616954522219684,
      0.035921766898209084,
      0.06218196509466458,
      0.05877114506365509,
      0.026324220644842425,
      0.0207034154080132,
      0.0135865947377383
    ],
    [
      0.0067479256357163165,
      0.052545452317450586,
      0.00989266739287517,
      0.02586062282277399,
      0.3996903875272686,
      0.015765729377069212,
      0.07217925898882312,
      0.03404849104187455,
      0.09896129932438107,
      0.02958390223106676,
      0.0024582043982044432,
      0.027658795043944442,
      0.014627216532352766,
      0.0031185677543534066,
      0.0004292696775675601,
      0.010287138486566387,
      0.0360035469335548,
      0.07119503130085521,
      0.08894649321330175
    ],
    [
      0.01764469245273046,
      0.007248242085992458,
      0.032121029608025826,
      0.013711601963133964,
      0.012442143997138914,
      0.3635478792920444,
      0.04152787687866574,
      0.013709645810569125,
      0.0397246726028243,
      0.05970954077118229,
      0.01530215730865566,
      0.08664431794607817,
      0.032512140326843346,
      0.04272244299589106,
      0.0476749327693431,
      0.053489449306079156,
      0.057395840339379126,
      0.04729563306838696,
      0.015575760477035926
    ],
    [
      0.01599804688096068,
      0.007563700920013766,
      0.040403880431094816,
      0.007107140802831465,
      0.022072591304282817,
      0.03412801764552245,
      0.301125819161118,
      0.04210236152677257,
      0.053445305781175595,
      0.04572630631243829,
      0.04852676237362781,
      0.06821625531773662,
      0.07992311991144971,
      0.010670751746290945,
      0.057206423769265415,
      0.08800288903032409,
      0.038288573877201734,
      0.025168689937511333,
      0.014323363270381854
    ],
    [
      0.010884259254507488,
      0.021817453637926715,
      0.040563705478064885,
      0.022217561690794734,
      0.02169292679705758,
      0.019648994701381324,
      0.018921721683869047,
      0.47569585518103846,
      0.005686362726922627,
      0.040409766174668654,
      0.058431510582030895,
      0.06235166089696925,
      0.012755083888053607,
      0.03413161053823672,
      0.011993836189380843,
      0.04269209093039805,
      0.03699446286653617,
      0.028268888003066803,
      0.03484224877909606
    ],
    [
      0.004847176461891693,
      0.01008132434895004,
      0.01620608187557401,
      0.02124295430124927,
      0.03705816836965798,
      0.006674458838892087,
      0.07945688622510051,
      0.037994170059060535,
      0.39835455783311924,
      0.061955447286517536,
      0.0014707546279629292,
      0.0444774980403037,
      0.06955768413008809,
      0.014068158405456964,
      0.020556218662948038,
      0.049227364076962404,
      0.05014881437357019,
      0.02910747961566868,
      0.04751480246702614
    ],
    [
      0.012536602149048363,
      0.0067962570906858035,
      0.008014716936419577,
      0.014789965336463257,
      0.009540137270937695,
      0.04339496489015455,
      0.06912173443079618,
      0.06360565488383278,
      0.027796244314192357,
      0.41777819635909447,
      0.03281306113195127,
      0.06072922128770252,
      0.040814826722190896,
      0.005919206299605179,
      0.05440227085121655,
      0.04529472172155704,
      0.06978986273308481,
      0.013925982573883913,
      0.00293637301718276
    ],
    [
      0.0211026855608986,
      0.0059862043448425896,
      0.010398412577162517,
      0.03550679410526682,
      0.020276257949749313,
      0.01099073563565467,
      0.03866782886934039,
      0.1124679398750807,
      0.00847288098699384,
      0.01143931121439343,
      0.5138414778906497,
      0.10746717157940366,
      0.005475158008036621,
      0.02943526794853967,
      0.009131173063230559,
      0.038081638013790095,
      0.015842338820185722,
      0.0011780866664330293,
      0.004238636890348125
    ],
    [
      0.04132008039401024,
      0.0001340753921528902,
      0.027526326335771786,
      0.020281899773223793,
      0.004519106742636721,
      0.0038879586555830774,
      0.06026326573127505,
      0.05867831616779358,
      0.04056563220126453,
      0.07019269272414927,
      0.0425005128086831,
      0.46171264135280554,
      0.056582504671964545,
      0.028996834114617762,
      0.018504568169219516,
      0.02422577294237689,
      0.03165742008331708,
      0.005887148060403075,
      0.0025632436787516428
    ],
    [
      0.03799914152741397,
      0.01896647212753145,
      0.03419432964439845,
      0.0003116142462751204,
      0.027803757341326917,
      0.014885991986677234,
      0.08143182788265382,
      0.04816345127543324,
      0.09962987788811356,
      0.04457193272357879,
      0.0376897712493778,
      0.050211968116594896,
      0.3770209892174254,
      0.04849786893878298,
      0.02550510944755764,
      0.028315753548677443,
      0.007380561108561109,
      0.015059902557709835,
      0.0023596791719104645
    ],
    [
      0.016536671631033777,
      0.0035328533881443594,
      0.010052596763939098,
      0.0214229121525776,
      0.008124736452237722,
      0.019636482334544077,
      0.04652320383276946,
      0.035175562907480716,
      0.021884078340686373,
      0.025377285193309056,
      0.007128505010203832,
      0.0458037882864021,
      0.01682565811802654,
      0.6582398080797942,
      0.01926141023766202,
      0.025718219160860818,
      0.014162747307116088,
      0.002790054835640214,
      0.0018034259675719147
    ],
    [
      0.029187001791154854,
      0.001473691029197493,
      0.012168674682199015,
      0.04776863000453477,
      0.02429127624599877,
      0.038533026445957214,
      0.10704779192648128,
      0.0651782615234938,
      0.047298992962633124,
      0.09408050739270811,
      0.018091327848564456,
      0.10260789621996853,
      0.04878826511584772,
      0.04371332933530744,
