{
  "poids_LS": 0.7525,
  "poids_EM": 0.24750000000000005,
  "mae_validation": 6.442317074841047,
  "matrice_de_transition": [
    [
      0.29487721767062935,
      0.0014526600534373116,
      0.005264532601745754,
      0.04018463694994441,
      0.0033966932028307983,
      0.020678905144183968,
      0.12442091168006232,
      0.07180809932434502,
      0.07657900284746677,
      0.061581542617731175,
      0.008333054485484697,
      0.14471442196279016,
      0.012275835741861276,
      0.019955543464538837,
      0.0037377218229633427,
      0.04056517961510966,
      0.06189636086670576,
      0.00314338571260449,
      0.005134294235564917
    ],
    [
      0.003545473606015996,
      0.6101797617813773,
      0.0012164566930357168,
      0.006447019974209256,
      0.021258794094045994,
      0.0042256038384271095,
      0.05128160238296162,
      0.011208334464517048,
      0.05675935967204861,
      0.014614415083752434,
      0.0014102786225164187,
      0.03454595425054775,
      0.008194897658780537,
      8.951635237711783e-05,
      0.029510635061949668,
      0.04971805437680761,
      0.058569437514951875,
      0.009014596576012885,
      0.02820980799566508
    ],
    [
      0.011448773442012167,
      0.009767743277702672,
      0.4308248344396336,
      0.01523867254970622,
      0.030424188039827587,
      0.010873819117051205,
      0.07189464287115292,
      0.17404907212209159,
      0.018220908757539803,
      0.017746171703490875,
      0.003409947468585433,
      0.08263013033365502,
      0.01107262892659906,
      0.016592877929098682,
      0.010134407728190917,
      0.023250623568915017,
      0.059498882539948006,
      0.0004302768185485584,
      0.002491398366250622
    ],
    [
      0.011191357341195076,
      0.008565573936722094,
      0.012643941881007297,
      0.2419900301045179,
      0.006134604243862341,
      0.01575553877276256,
      0.11155512103678013,
      0.0744410464383306,
      0.09594530491887968,
      0.08968301478792565,
      0.016202836849935003,
      0.11156450388058711,
      0.04655981946414584,
      0.01881616361334762,
      0.039039510312226584,
      0.059631360823059296,
      0.022318837708845494,
      0.010844646166102154,
      0.0071167877197676815
    ],
    [
      0.0035346277139466425,
      0.027523808356759837,
      0.005181873396267947,
      0.01354604052621495,
      0.47134466322298463,
      0.008258239197512446,
      0.08910045005262852,
      0.03866249514153329,
      0.09019900989776601,
      0.03941764634780135,
      0.0012876308752499466,
      0.03733479844354181,
      0.007661875326470498,
      0.0016335354903755943,
      0.00022485554539253153,
      0.005388501112010965,
      0.03122570257015521,
      0.05879391095302519,
      0.06968033583036273
    ],
    [
      0.009242457951430243,
      0.0037966982355198595,
      0.016825301223251626,
      0.007182267694974934,
      0.006517313522310861,
      0.4656759866539072,
      0.058096662863296886,
      0.009091298538821138,
      0.03916409432312786,
      0.06442264547037713,
      0.008015415733105347,
      0.08746896074797592,
      0.017030168742632232,
      0.02237842252165723,
      0.03672835075314035,
      0.044724538611057435,
      0.05670030265081131,
      0.030965697682372145,
      0.015973416080230316
    ],
    [
      0.008379929318598453,
      0.003961938577150069,
      0.021163937368668718,
      0.0037227880395783873,
      0.017826021402663463,
      0.017876580671464144,
      0.4268105095321249,
      0.035234745607708916,
      0.04347529608062397,
      0.06388741315296557,
      0.028390572211096435,
      0.08164181573138377,
      0.07379010361635192,
      0.005589441390914306,
      0.037005596164754136,
      0.07938602807485191,
      0.03117096947401405,
      0.013183599491077369,
      0.007502714094009544
    ],
    [
      0.00570127865712297,
      0.011428190000818758,
      0.021247655250414943,
      0.012450033765316183,
      0.011362961655601592,
      0.01029233055786641,
      0.013557198263507743,
      0.6243500766106282,
      0.0034698605366377277,
      0.03340035610169083,
      0.030606981733444758,
      0.05042814866041331,
      0.015029755141061979,
      0.020404205096272544,
      0.01625471575950282,
      0.03482012467338727,
      0.04310051109137844,
      0.014807512763511185,
      0.027288103681422114
    ],
    [
      0.0025389971943242206,
      0.005280693706592878,
      0.008488900030062578,
      0.011127261776844857,
      0.019411421526963707,
      0.003496145106086332,
      0.1011529161705025,
      0.03992412910320227,
      0.4675990658511125,
      0.07465856369219148,
      0.0007703952813139154,
      0.061403843269479536,
      0.05787454058173459,
      0.0073690353552393634,
      0.01076754310916326,
      0.04484321208536186,
      0.03847813145048028,
      0.015246775036778836,
      0.029568429672565087
    ],
    [
      0.009981509440739833,
      0.003559944190359231,
      0.004198185061934065,
      0.015713558382887145,
      0.0049972147609673645,
      0.02273069589484286,
      0.07850948083590593,
      0.05266982619280942,
      0.020138539479604263,
      0.5126850021519338,
      0.01718779392626019,
      0.06211125135841851,
      0.02376773513632247,
      0.006258955535537937,
      0.028496427588732484,
      0.039675033879398004,
      0.08848618373088299,
      0.00729456230060586,
      0.0015381001518576364
    ],
    [
      0.02187133762995856,
      0.0031356308472984995,
      0.0054467875404184615,
      0.026630838384101498,
      0.027470091338887087,
      0.005757051999628638,
      0.03885160124329301,
      0.12152207654926207,
      0.004438175755092012,
      0.00599202015992037,
      0.5458344054221638,
      0.09741571203036692,
      0.0028679399089715637,
      0.015418473687330306,
      0.00478299541407315,
      0.049880103590247096,
      0.019847427112101773,
      0.0006170930157506345,
      0.0022202383711347326
    ],
    [
      0.02164385163495775,
      7.022996731818059e-05,
      0.014418551890166175,
      0.010623852262164845,
      0.0023671511509049496,
      0.002036549771972088,
      0.06482916910475395,
      0.07406568362663792,
      0.057134775449677516,
      0.07349571355942203,
      0.022262173375976864,
      0.5085550026528657,
      0.04784451018468449,
      0.015188817869561689,
      0.009692869041019748,
      0.026031732376144874,
      0.0424172132005652,
      0.005979501430431529,
      0.0013426514507746702
    ],
    [
      0.019904312228645415,
      0.009934818733468857,
      0.017911315528018237,
      0.00016322650995363454,
      0.014563872893076006,
      0.00779742437397379,
      0.0850344948382441,
      0.05669066764750595,
      0.0904234418516004,
      0.054561027926319956,
      0.019742261130626472,
      0.060045675433417656,
      0.4870146803900367,
      0.02540364563460061,
      0.013359819234434954,
      0.022051332365061897,
      0.005321847683729284,
      0.008840113173904558,
      0.001236022423381672
    ],
    [
      0.008662066092446265,
      0.00185054225093276,
      0.0052656459239681,
      0.01130355728020523,
      0.007840859716578157,
      0.015266917724023825,
      0.05873315617374423,
      0.035216898696768216,
      0.02348312362006272,
      0.023707461484123338,
      0.003733978814868674,
      0.04707431958603256,
      0.008813439966585332,
      0.6777887519718868,
      0.019247117962408793,
      0.03095613042025546,
      0.018649923322950637,
      0.0014614572948591599,
      0.0009446516972995745
    ],
    [
      0.015288429509652543,
      0.000771933396246306,
      0.006374067690675675,
      0.02502166333570869,
      0.012724001843142214,
      0.02018396623359664,
      0.13273010920928802,
      0.07055953874662843,
      0.05670486160243758,
      0.10150810351180545,
      0.009476409825438526,
      0.12018459712776153,
