{
  "poids_LS": 0.0225,
  "poids_EM": 0.9775,
  "mae_validation": 8.430103269150521,
  "matrice_de_transition": [
    [
      0.14087250122959516,
      0.005737273544383725,
      0.020792244922046354,
      0.10460265976161334,
      0.01341522264956406,
      0.0816712314280397,
      0.04300843523988004,
      0.030679401970886897,
      0.04109138747050399,
      0.04104577588345809,
      0.03291135660428804,
      0.19781265735557985,
      0.04848335126331069,
      0.07881431812762306,
      0.014762113462410775,
      0.048354337530393456,
      0.023253076407592284,
      0.012414785996246014,
      0.020277869152584668
    ],
    [
      0.014002830100527821,
      0.3909426109010313,
      0.00480438956542389,
      0.02546247282743251,
      0.0839614999067877,
      0.01668900101843434,
      0.02201518466934557,
      0.034044784826028976,
      0.060870492945085834,
      0.011727928668744619,
      0.005569888297009288,
      0.003920078726199875,
      0.018546670560770865,
      0.00035354438161063704,
      0.028204249728218094,
      0.08040885596409438,
      0.10454199224307446,
      0.01745880565505698,
      0.07647471901512289
    ],
    [
      0.04521687288713896,
      0.03857765274324994,
      0.18375648849644008,
      0.026645723151907892,
      0.015401884723515627,
      0.026006948073515352,
      0.04130715799704587,
      0.16534781496925643,
      0.002810730389634976,
      0.051790403902586366,
      0.013467570305221253,
      0.13025705384336278,
      0.04373129202323466,
      0.06553348757856145,
      0.040025792138612605,
      0.031224460865143248,
      0.06735952452514334,
      0.001699376121742286,
      0.009839765264686799
    ],
    [
      0.04420020929704317,
      0.03382969100260948,
      0.04993718460074598,
      0.09317656507563567,
      0.024228588478284595,
      0.06222642080959757,
      0.032017553747227916,
      0.00576847596603473,
      0.0418798158430322,
      0.06016441337763578,
      0.06399302230630895,
      0.05930864523887323,
      0.07773804081248907,
      0.07431434315978705,
      0.11412391916191432,
      0.056840438581436795,
      0.03531408012341332,
      0.042830875262080216,
      0.028107717155850132
    ],
    [
      0.013959994304577141,
      0.10870514209588984,
      0.020465782807482496,
      0.05350001864393984,
      0.238866346521328,
      0.032615874002296624,
      0.034200585712282065,
      0.023692615173751617,
      0.11862777114856153,
      0.007512609880173576,
      0.005085491638613425,
      0.005941542969292578,
      0.030260537905555194,
      0.006451640169059164,
      0.0008880658408937355,
      0.021281857927235224,
      0.04672715317140723,
      0.09902865697042926,
      0.1321883131172315
    ],
    [
      0.036503041000093175,
      0.014995040505942069,
      0.06645144220496348,
      0.02836632998722423,
      0.02574009684064188,
      0.13432701610208575,
      0.004340157224271409,
      0.024075269687159055,
      0.040982859408365185,
      0.04913123911298943,
      0.03165684395600192,
      0.08479345299070765,
      0.06726056543807274,
      0.08838346672694924,
      0.07224392796126482,
      0.07316180442157237,
      0.058956936040386904,
      0.08394726582366466,
      0.014683244567644072
    ],
    [
      0.03309648852092924,
      0.0156476564006634,
      0.08358686374898451,
      0.01470313256035504,
      0.031603781527917374,
      0.07060346507618666,
      0.019033514106191442,
      0.057516343922893204,
      0.07582243866463592,
      0.004964710959254849,
      0.09372132251619825,
      0.03808333083377302,
      0.09368833426266922,
      0.022075470543914073,
      0.10254605905939075,
      0.10734295473038387,
      0.05426364153768965,
      0.05206855960617424,
      0.029631931421795266
    ],
    [
      0.022517171261970517,
      0.04513557869010236,
      0.08391750710012365,
      0.04414023547909104,
      0.04487795967010325,
      0.04064950755682591,
      0.030962096471791087,
      0.14204971375018133,
      0.010661178754006509,
      0.056141997671796645,
      0.12088211977552422,
      0.08911332169457258,
      0.007649710631301481,
      0.06494200941908965,
      0.00243052870977374,
      0.060360281862800014,
      0.02328977685077907,
      0.05848219687406942,
      0.05179710777609757
    ],
    [
      0.010027756595765354,
      0.020856073124018333,
      0.03352686779549967,
      0.043947064189356955,
      0.07666531128326068,
      0.01380800743918945,
      0.03076135234764273,
      0.033662484204431325,
      0.24293910650384545,
      0.033444008242671575,
      0.003042672272664049,
      0.006487256525931271,
      0.09577985076083702,
      0.02910396791816758,
      0.042526357128109434,
      0.05906734965811031,
      0.07634301382317199,
      0.06021706100384368,
      0.08779443918348319
    ],
    [
      0.018271365783251954,
      0.014059981600307667,
      0.016580710699153726,
      0.012717012054489642,
      0.019736474459982216,
      0.08977476863518745,
      0.04805145916599432,
      0.0881505148347963,
      0.04498353738737897,
      0.20476514335738852,
      0.06788310530472458,
      0.05762733157342885,
      0.07907607672602893,
      0.005156658014511657,
      0.11254649684034747,
      0.05790779887840289,
      0.027827008938026657,
      0.028809836965019098,
      0.006074718781579148
    ],
    [
      0.019377488694786248,
      0.012384158194885992,
      0.021512059881854728,
      0.055428383612771207,
      0.004130098565240088,
      0.0227374477965131,
      0.03825536198558007,
      0.09214643311747366,
      0.017528552729706832,
      0.023665453358877417,
      0.4420351294310294,
      0.13002711412279724,
      0.011326914185938194,
      0.06089518395703181,
      0.01889041623133941,
      0.011600637497742181,
      0.006853140653885257,
      0.0024372057490757376,
      0.008768820233471517
    ],
    [
      0.08548228271988362,
      0.00027737290122634953,
      0.056945997869242156,
      0.04195885085360054,
      0.009349051515190254,
      0.008043343038798853,
      0.050015349270800216,
      0.024142224760165157,
      0.0033771106881598234,
      0.06277924596053708,
      0.08792434131320154,
      0.3565775637682262,
      0.07619444785452648,
      0.05998815946463251,
      0.03828193732362344,
      0.020172397324364308,
      0.007507662197937982,
      0.005679866052116989,
      0.005302795123766626
    ],
    [
      0.07861198062020561,
      0.03923751641198305,
      0.07074065021671848,
      0.0006446622766855665,
      0.05751994243629007,
      0.030795888184078298,
      0.07334584204899564,
      0.029024587862558966,
      0.1202932121033987,
      0.02215196349075973,
      0.07797196062701968,
      0.028140758361059386,
      0.1301462601411201,
      0.10033157013261451,
      0.05276453859256633,
      0.042375898871903434,
      0.012001229017628092,
      0.029019874285806126,
      0.004881664318608421
    ],
    [
      0.03421078628430797,
      0.00730870727388595,
      0.020796641982540675,
      0.0441352419772356,
      0.008761882014495856,
      0.029443727349267312,
      0.019118644134137202,
      0.03508278702485766,
      0.018295110046975014,
      0.029125111740592555,
      0.014747330470844963,
      0.04295215136945373,
      0.0348086366357057,
      0.6143632895664304,
      0.019293488455452607,
      0.013962018334219515,
      0.004091530027131886,
      0.005772018204948802,
      0.003730897107516501
    ],
    [
      0.06038157513408226,
      0.0030487470498212687,
      0.02517434815206251,
      0.09882293297234442,
      0.0502533810168546,
      0.07971647270036651,
      0.04940525758062613,
      0.05310028375601386,
      0.02618804334884978,
      0.07740968054762297,
      0.03742703274491377,
      0.06315796751581093,
      0.07100143525744,
      0.09043339560902226,
      0.12443367824836715,
