{
  "poids_LS": 0.6275,
  "poids_EM": 0.37250000000000005,
  "mae_validation": 6.77391855140172,
  "matrice_de_transition": [
    [
      0.2685065470471646,
      0.0021863267470925195,
      0.007923387451112296,
      0.0512151203081069,
      0.00511219482042211,
      0.031122796631145568,
      0.11048041913893522,
      0.06476551416108164,
      0.07050235637880876,
      0.058065144204328255,
      0.012541667861992118,
      0.15380658555744595,
      0.018475752783205353,
      0.030034100769861478,
      0.0056254601173892724,
      0.04189893953211031,
      0.05527936010315893,
      0.004730954254323929,
      0.007727372132314874
    ],
    [
      0.00533611684137761,
      0.5726391537539208,
      0.0018308287602254725,
      0.009703090668254335,
      0.03199555878800862,
      0.006359747191168073,
      0.04627022948679448,
      0.015118685553817037,
      0.05746332084893854,
      0.01412015371131959,
      0.002122540553080266,
      0.029301797482679966,
      0.009967461511861073,
      0.00013472663135546015,
      0.029286938943160014,
      0.05497332862120603,
      0.06644145031086328,
      0.01046052278817797,
      0.03647434755379142
    ],
    [
      0.01723098225110922,
      0.014700946953310081,
      0.3885186108192238,
      0.017191934639124315,
      0.027851875828130333,
      0.013465108321925202,
      0.06665705984476472,
      0.17255913082879787,
      0.015582179584953362,
      0.023575663518404483,
      0.005132143159790196,
      0.09078542545518031,
      0.016664865758214745,
      0.024973119307431346,
      0.01525279546970148,
      0.024616006667584234,
      0.060844882879878714,
      0.0006475883430680323,
      0.0037496803694075016
    ],
    [
      0.016843558018566327,
      0.01289162137951103,
      0.019029771113839265,
      0.21650827239409282,
      0.009232889215509988,
      0.0237128815872891,
      0.09793567458308967,
      0.06268204464512926,
      0.08668751569356332,
      0.08462845975191712,
      0.02438608778424561,
      0.10261658288029366,
      0.051898555996396395,
      0.028319276549381767,
      0.05189642963580325,
      0.05915346317894585,
      0.024544050451066012,
      0.016321740189386067,
      0.01071112495197358
    ],
    [
      0.005319793226040906,
      0.0414247216682547,
      0.007798981172160849,
      0.020387475135414418,
      0.43153673228092015,
      0.012429067075043983,
      0.0796997883505144,
      0.03609915953061177,
      0.0950669484681077,
      0.033954455171837684,
      0.001937949499113556,
      0.03195924099932105,
      0.011531509329738425,
      0.0024585534148077125,
      0.0003384189521564363,
      0.008109966320097311,
      0.03388006054982165,
      0.0656834222573752,
      0.08038375659866219
    ],
    [
      0.013910366007708142,
      0.005714222596893526,
      0.02532292810368174,
      0.01080967562172995,
      0.009808886008326446,
      0.4089381492306501,
      0.04889178176072403,
      0.011657047023125576,
      0.03947552670073699,
      0.06180425397082444,
      0.012063605497299967,
      0.08701082585803273,
      0.025631264067193963,
      0.033680656118453806,
      0.04280978520658632,
      0.04959393344162506,
      0.05708671247779343,
      0.040037884007935926,
      0.015752496300677876
    ],
    [
      0.012612216853244136,
      0.00596291765651879,
      0.031852794625572105,
      0.0056029840191634305,
      0.020185226903563103,
      0.026905156768163203,
      0.3569856815482322,
      0.039050087784966506,
      0.04901419035870821,
      0.05379790935267264,
      0.03957734452361387,
      0.07418317105713534,
      0.07719733489140626,
      0.008412391588345773,
      0.048228278167260406,
      0.08417317305011424,
      0.03512519414245165,
      0.019841983072429573,
      0.011291963636438605
    ],
    [
      0.008580712322336592,
      0.017200003132545404,
      0.031978794265776024,
      0.017876438168359824,
      0.017101831178632697,
      0.015490477304263586,
      0.016537489052597356,
      0.541764398038634,
      0.00470125064235156,
      0.03729447280890073,
      0.04606505331599261,
      0.057052322125166616,
      0.013766048889390661,
      0.02803054145291931,
      0.01388756044276839,
      0.039193439260615484,
      0.039708262077577175,
      0.022286054563264306,
      0.03148485095790764
    ],
    [
      0.0038213190096394833,
      0.007947710730124635,
      0.01277622327756893,
      0.01674709095706953,
      0.02921516977290497,
      0.005261874957645085,
      0.08909956620083473,
      0.03885192963423464,
      0.4291298947300052,
      0.0676012768001504,
      0.0011594838072300343,
      0.05200031814215963,
      0.06436517588637541,
      0.011090770383138032,
      0.01620569619459925,
      0.0472788520806955,
      0.04496184418553023,
      0.02294716646949542,
      0.03953863678059901
    ],
    [
      0.011401005389800128,
      0.0053578958016517715,
      0.00631848054775935,
      0.015200451134873873,
      0.00752106059983977,
      0.03421084533668269,
      0.07329406616640051,
      0.058745286576711284,
      0.024392819943264317,
      0.4599589989336897,
      0.025868497929421898,
      0.061343456874687396,
      0.03323834157291604,
      0.006070205960019738,
      0.04288856273455697,
      0.04279708268059747,
      0.07809933873210621,
      0.010978684674649223,
      0.002314918410371594
    ],
    [
      0.021444308702703026,
      0.00471928279037855,
      0.008197690338609603,
      0.03156192489586001,
      0.023473517233810543,
      0.0086646540196431,
      0.038749505479986006,
      0.11649200061916132,
      0.006679678661704139,
      0.00901829296796096,
      0.5280605567935448,
      0.10299985622427624,
      0.004316394408452151,
      0.023205581610224398,
      0.007198649663605044,
      0.04332540049221543,
      0.017622378061037298,
      0.0009287561550186316,
      0.0033415708818088394
    ],
    [
      0.03257508983443136,
      0.00010569964778190816,
      0.021700648804391515,
      0.01598943421275315,
      0.0035626820352003784,
      0.003065110262867082,
      0.0622925561194879,
      0.06551714614950217,
      0.047929695867225855,
      0.0716607019842705,
      0.03350569528303588,
      0.48253146859727675,
      0.05269895156650675,
      0.022859938005703954,
      0.014588257445575174,
      0.025028421579607107,
      0.03643955035764958,
      0.005928194002637943,
      0.0020207582440952107
    ],
    [
      0.029956995172405722,
      0.01495240395239252,
      0.0269574344815628,
      0.0002456641412433489,
      0.0219193642532154,
      0.011735517492142371,
      0.0830330131962495,
      0.051953325218576665,
      0.09553812853855216,
      0.04901153059146376,
      0.029713100085488324,
      0.05458250470184945,
      0.4259070741830304,
      0.038233769692479706,
      0.02010720268616978,
      0.02553156635595942,
      0.006465577364191409,
      0.012295551720463045,
      0.0018602761725643345
    ],
    [
      0.013036846947217105,
      0.0027851595493836485,
      0.007925063057285322,
      0.01692542109818988,
      0.007998569014166804,
      0.017694453618757298,
      0.05194984931764713,
      0.03519393436938627,
      0.022594765131520304,
      0.024635141322559846,
      0.005619826701165984,
      0.04636846886401564,
      0.013264672272941558,
      0.6669282275873909,
      0.019255058115327257,
      0.02804617972059177,
      0.01615704775859811,
      0.0021995670397375235,
      0.0014217485141175413
    ],
    [
      0.023009858554931605,
      0.0011617987478858545,
      0.009593293797077532,
      0.03765886704061207,
      0.019150265400284746,
      0.03037788857379696,
      0.11846215516328427,
      0.06756994028933141,
      0.05147937902476844,
      0.09738166122341804,
      0.01426247539384182,
      0.11041976329009875,
      0.04438961756305717,
      0.0344618310632847,
