{
  "poids_LS": 0.7825,
  "poids_EM": 0.21750000000000003,
  "mae_validation": 6.363568740923828,
  "matrice_de_transition": [
    [
      0.30120617862026083,
      0.0012765800469600615,
      0.004626407437897783,
      0.03753732094398541,
      0.002984972814608883,
      0.018172371187313182,
      0.12776662988993281,
      0.07349831976352823,
      0.0780373979999447,
      0.06242547823694788,
      0.0073229872751229145,
      0.1425323027000728,
      0.010787855651938696,
      0.017536689711261398,
      0.003284664632301119,
      0.0402450772350295,
      0.063484441049957,
      0.0027623692625918243,
      0.004511955540344927
    ],
    [
      0.0031157192295292084,
      0.6191895077079669,
      0.0010690073969101752,
      0.005665563007638437,
      0.018681970567494963,
      0.0037134094337692774,
      0.05248433187804173,
      0.010269850203085051,
      0.056590408989595026,
      0.01473303781313632,
      0.001239335759181095,
      0.03580455187483602,
      0.007769482334041208,
      7.866588542231566e-05,
      0.02956432213045919,
      0.048456788558152,
      0.05668015444393314,
      0.008667574285093264,
      0.026226318501714762
    ],
    [
      0.010061043327828874,
      0.008583774395556893,
      0.440978328108532,
      0.014769889648245878,
      0.031041542970634925,
      0.010251909707881444,
      0.07315166279748608,
      0.17440665803248206,
      0.01885420375896055,
      0.016347093667911605,
      0.0029966205026962893,
      0.08067285950448894,
      0.009730492087011294,
      0.01458161999829884,
      0.008905994670228382,
      0.022922931625234406,
      0.059175842458364644,
      0.00037812205266388464,
      0.0021894106854929707
    ],
    [
      0.009834829178625977,
      0.007527322550452748,
      0.011111342865127624,
      0.24810565195501988,
      0.005391015850666905,
      0.013845776497276186,
      0.11482378818566583,
      0.07726320686869893,
      0.09816717433295559,
      0.0908961079965677,
      0.014238856625700456,
      0.11371200492065756,
      0.045278522696405706,
      0.01653541650869942,
      0.03595384967456818,
      0.05974605625764652,
      0.02178478665071257,
      0.009530143600514013,
      0.006254146784038265
    ],
    [
      0.003106187991044019,
      0.024187589162001064,
      0.0045537675300536505,
      0.011904096220007076,
      0.48089856664908015,
      0.007257240506904876,
      0.09135660886113593,
      0.03927769568815445,
      0.089030704640884,
      0.04072881223003263,
      0.0011315544055226804,
      0.03862493223015479,
      0.006733163165686194,
      0.0014355311885118857,
      0.00019760032776919433,
      0.004735349462070242,
      0.03058865665503526,
      0.05714042823998118,
      0.06711151484597086
    ],
    [
      0.008122160017923546,
      0.0033364923887901792,
      0.014785870771948397,
      0.00631168979255373,
      0.0057273361256671195,
      0.4792930676354889,
      0.060305834327914365,
      0.008475518902588072,
      0.03908935055250168,
      0.06505105943026976,
      0.007043850189698638,
      0.0875789131215623,
      0.014965905864737413,
      0.019665886458426048,
      0.03526880648431332,
      0.043555883851721204,
      0.0566075642923356,
      0.028788372964236836,
      0.016026436827322903
    ],
    [
      0.007364180310283488,
      0.0034817035981015753,
      0.018598611627011902,
      0.0032715410044779764,
      0.017259812082447545,
      0.015709722408256365,
      0.4435684682482592,
      0.0343190634851671,
      0.04214596145388375,
      0.06630889406503587,
      0.025705746856092247,
      0.08343189045320339,
      0.07297236811033889,
      0.004911933343530753,
      0.034312152484152626,
      0.07823711328078896,
      0.030221955553589024,
      0.011585587431552838,
      0.006593294203826569
    ],
    [
      0.005010214577471701,
      0.010042954849204363,
      0.01867218188672828,
      0.01114769670858571,
      0.009985632970074126,
      0.009044775338731086,
      0.012841928474126236,
      0.644170639467907,
      0.0031743269112664077,
      0.03246576809196045,
      0.02689704455363327,
      0.04883834702887252,
      0.015333044641463095,
      0.01857388437067732,
      0.016822833035519087,
      0.033770529172452504,
      0.04391465085469075,
      0.013012662731570434,
      0.02628088433506559
    ],
    [
      0.0022312399586485576,
      0.0046406096209452566,
      0.0074599424506610525,
      0.009778502773590934,
      0.0170585219479378,
      0.003072369941712231,
      0.10404572016322276,
      0.04018145697575449,
      0.4768316669201783,
      0.07635231254628135,
      0.0006770140350940468,
      0.06366068930003632,
      0.05631678810862079,
      0.006475818948543682,
      0.00946238636865862,
      0.044258658486481785,
      0.03692204039406829,
      0.013398681092926855,
      0.027175579966636946
    ],
    [
      0.009640830412965363,
      0.0031284358036490208,
      0.0036893141453359962,
      0.015836704122410332,
      0.004391491759637987,
      0.019975460028801302,
      0.07976118035658722,
      0.05121171570067297,
      0.01911751216832585,
      0.5253392429243123,
      0.015104424965501377,
      0.06229552203451398,
      0.02149478959154001,
      0.006304255433662304,
      0.025042315153734604,
      0.03892574216711013,
      0.09097902653058941,
      0.006410372930835452,
      0.0013516637698142864
    ],
    [
      0.021973824572499884,
      0.0027555543809592875,
      0.004786570868852587,
      0.02544737762127945,
      0.028429269124105455,
      0.0050592275148251655,
      0.0388761042264867,
      0.12272929477248624,
      0.0039002150575051012,
      0.0052657146859906275,
      0.5501001290930323,
      0.0960755174238287,
      0.0025203108290962222,
      0.013549567785835723,
      0.004203238394185496,
      0.0514532323337747,
      0.020381438884357245,
      0.0005422938623263151,
      0.0019511185685729465
    ],
    [
      0.019020354467084083,
      6.171724400688596e-05,
      0.012670848630752093,
      0.00933611259402365,
      0.0020802237386740464,
      0.0017896952541572896,
      0.0654379562212178,
      0.0761173326211505,
      0.05934399454946592,
      0.0739361163374584,
      0.019563728118282695,
      0.5148006508262071,
      0.046679444253047146,
      0.013347749036887542,
      0.008517975823926443,
      0.026272526967313938,
      0.04385185228286494,
      0.005991815213101989,
      0.0011799058203777403
    ],
    [
      0.01749166832214294,
      0.008730598280927176,
      0.015740246979167538,
      0.00014344147844410306,
      0.01279855496664255,
      0.00685228202561333,
      0.0855148504323228,
      0.05782762983044898,
      0.08919591704673197,
      0.05589290728668545,
      0.017349259781459625,
      0.06135683640899402,
      0.5016805058797182,
      0.022324415860709625,
      0.011740447206018596,
      0.02121607620724649,
      0.005047352560418375,
      0.00801080792273052,
      0.0010862015235778327
    ],
    [
      0.007612118687301263,
      0.0016262340993045464,
      0.004627385811971967,
      0.009954309963888911,
      0.007803009485156881,
      0.01468430910928779,
      0.06036114981920753,
      0.03522241013533988,
      0.0236963296573129,
      0.023484818322898574,
      0.0032813753221573195,
      0.047243723759316625,
      0.007745144213059836,
      0.6803952778241659,
      0.019245212325708364,
      0.031654518588174745,
      0.019248213458395242,
      0.0012843109560883525,
      0.0008301484612632623
    ],
    [
      0.013435286538785568,
      0.0006783657118528143,
      0.0056014534251392295,
      0.021988734446531877,
      0.011181698589428007,
      0.01773742487194856,
      0.13615441818032895,
      0.0712770423763797,
      0.057958977421078174,
      0.10249844966101844,
      0.008327754089021734,
      0.12252815724880059,
