{
  "poids_LS": 0.685,
  "poids_EM": 0.31499999999999995,
  "mae_validation": 6.6207293894749375,
  "matrice_de_transition": [
    [
      0.28063705553395835,
      0.001848840068011123,
      0.006700314220403684,
      0.04614109796335215,
      0.004323064076330105,
      0.02631860654714322,
      0.11689304570785371,
      0.0680051033361828,
      0.07329761375439145,
      0.059682687474493595,
      0.0106057057087987,
      0.14962419030390428,
      0.015623790944187073,
      0.025397964409413054,
      0.004757100501953343,
      0.04128540997029001,
      0.05832318045439047,
      0.004000672725132985,
      0.006534556299809892
    ],
    [
      0.004512420953111266,
      0.5899078334465508,
      0.0015482176093181844,
      0.008205298148993595,
      0.0270566470287858,
      0.005378041248907228,
      0.048575461019031374,
      0.01331992405273904,
      0.057139498707569174,
      0.014347513942638699,
      0.0017949000650208957,
      0.031714109595899154,
      0.009152082139444025,
      0.00011392990302542265,
      0.029389839157803258,
      0.05255590246878276,
      0.06282032442474403,
      0.00979539673058203,
      0.032672659357053296
    ],
    [
      0.014571166198924571,
      0.01243167326253067,
      0.40797947368461235,
      0.01629343407799199,
      0.029035139445511074,
      0.012273115287683163,
      0.0690663480369033,
      0.17324450382371298,
      0.016795995004343124,
      0.020894097283544216,
      0.004339933141836004,
      0.08703398969927867,
      0.014092436815671525,
      0.021118208273398314,
      0.012898337108606618,
      0.023987930442196395,
      0.060225722723510594,
      0.0005476250417890741,
      0.003170870647955336
    ],
    [
      0.014243545706975547,
      0.010901639555828116,
      0.016092289666736554,
      0.2282298809408884,
      0.007807678128552067,
      0.020052503892606884,
      0.1042006199517873,
      0.0680911854700019,
      0.09094609873720885,
      0.08695355506848104,
      0.020621792354462723,
      0.10673262654042866,
      0.04944273719156114,
      0.02394784459880605,
      0.04598224674695797,
      0.05937329609523803,
      0.02352045258964457,
      0.013802276938675462,
      0.009057729825158864
    ],
    [
      0.004498617090477543,
      0.03503030154496705,
      0.006595111595250112,
      0.01724041521518266,
      0.4498483805142699,
      0.010510486251379472,
      0.0840240927334869,
      0.03727829391163567,
      0.09282769672575053,
      0.03646752311278098,
      0.0016388029321362952,
      0.034431997423662604,
      0.009751477688235175,
      0.0020790451695689373,
      0.00028617978504504,
      0.0068580923243775896,
      0.032659055879175086,
      0.0625142470573742,
      0.07546018304524443
    ],
    [
      0.011763128301820304,
      0.004832161390661638,
      0.021414019738683877,
      0.00914106797542264,
      0.008294762664759274,
      0.43503755444534836,
      0.05312602706790755,
      0.010476802720345532,
      0.039332267807036796,
      0.06300871406061867,
      0.010201438205770437,
      0.0872215679074066,
      0.02167476021789556,
      0.02848162866392737,
      0.04001232535800117,
      0.047354011819563946,
      0.05690896395738165,
      0.03586467829817658,
      0.015854119399272
    ],
    [
      0.010665364587307118,
      0.0050424672800091766,
      0.02693592028739654,
      0.004738093868554309,
      0.019099992373149265,
      0.022752011763681627,
      0.3891051024208229,
      0.037295030383428004,
      0.046466298990789454,
      0.058439081100807394,
      0.03443142925985584,
      0.07761414760728962,
      0.07563000850488126,
      0.007113834497527296,
      0.04306584444610751,
      0.08197108636149356,
      0.03330625079497035,
      0.01677912662500755,
      0.009548908846921235
    ],
    [
      0.007256172836338324,
      0.01454496909195114,
      0.027042470318709915,
      0.015380292142959745,
      0.014461951198038385,
      0.01309932980092088,
      0.015166555289616131,
      0.5797538101817514,
      0.004134811193723196,
      0.03550317912358417,
      0.038954340388020585,
      0.054005202331380085,
      0.014347353765159467,
      0.024522426728861794,
      0.014976451888466231,
      0.037181714550490505,
      0.041268696623925766,
      0.018845925335377864,
      0.029554347210724297
    ],
    [
      0.0032314509745944614,
      0.006720882899300024,
      0.010804054583716003,
      0.014161969534166177,
      0.02470544557977198,
      0.0044496392259280575,
      0.09464410718688192,
      0.039345141389959745,
      0.44682571344571453,
      0.07084762877048931,
      0.0009805030853086193,
      0.056325939700726795,
      0.06137948364624063,
      0.00937877227030464,
      0.013704145775298689,
      0.04615845768284202,
      0.041979336327407246,
      0.019404986410445784,
      0.0349523415109034
    ],
    [
      0.010748037253232392,
      0.0045308380604572015,
      0.005343144624279717,
      0.015436480468959977,
      0.006360091513958462,
      0.02892997659343636,
      0.075693156914373,
      0.05595057480011642,
      0.02243585092998069,
      0.484212960414082,
      0.021875374087967504,
      0.06169664233720371,
      0.02888186261208299,
      0.006157030764758109,
      0.036268180567477694,
      0.041360940232045715,
      0.08287728743154354,
      0.009283988382589273,
      0.001957582011455173
    ],
    [
      0.02164074200924057,
      0.003990802896561725,
      0.0069322750514416755,
      0.02929362510045109,
      0.025311941322145756,
      0.007327157090436445,
      0.03879646953110723,
      0.11880583554700766,
      0.005648587324662558,
      0.007626207476262286,
      0.5362365271627096,
      0.10043114989507795,
      0.0036501053386910794,
      0.01962351196569311,
      0.006087448708820371,
      0.04634056391731,
      0.018645900624526958,
      0.0007853911109553526,
      0.002825757926898749
    ],
    [
      0.02754672026267349,
      8.938359476859345e-05,
      0.01835088422384785,
      0.013521266515482525,
      0.0030127378284244798,
      0.002591972437055384,
      0.06345939809271028,
      0.06944947338898462,
      0.052164032475153624,
      0.07250480730884021,
      0.028333675205788725,
      0.49450229426284764,
      0.050465908530868506,
      0.019331222743078504,
      0.012336378779479674,
      0.02548994454601448,
      0.03918927526539077,
      0.005951795419422992,
      0.0017088291191677614
    ],
    [
      0.025332761018275973,
      0.01264431475168763,
      0.02279621976293229,
      0.00020774283085008021,
      0.018535838227551272,
      0.00992399465778482,
      0.08395369475156703,
      0.054132502735884144,
      0.09318537266255435,
      0.05156429936549761,
      0.025126514166251862,
      0.05709556323837083,
      0.4540165730382533,
      0.03233191262585531,
      0.017003406298371753,
      0.023930658720146557,
      0.005939461711178831,
      0.010706049989046139,
      0.0015731194479403092
    ],
    [
      0.011024447754022514,
      0.002355235592096239,
      0.006701731175959398,
      0.014339363741916937,
      0.007926022737276026,
      0.0165777871071799,
      0.0550701704714518,
      0.03520449795998197,
      0.023003410036249818,
      0.02420840859687905,
      0.00475233667346922,
      0.046693160196143425,
      0.01121710541201769,
      0.671924068804259,
      0.019251405644984763,
      0.029384757042437072,
      0.01730377051820027,
      0.0018600365570934755,
      0.0012022839783812761
    ],
    [
      0.01945800119410323,
      0.0009824606861316618,
      0.008112449788132674,
      0.0318457533363565,
      0.016194184163999176,
      0.025688684297304802,
      0.125025414024446,
      0.06894515557968804,
      0.053883101010496245,
      0.09927982467607625,
      0.0120608852323763,
      0.11491158685542363,
      0.041860395220202594,
