{
  "poids_LS": 0.615,
  "poids_EM": 0.385,
  "mae_validation": 6.8073470911874265,
  "matrice_de_transition": [
    [
      0.2658694799848181,
      0.0022596934164580396,
      0.008189272936048948,
      0.05231816864392314,
      0.005283744982181241,
      0.03216718577984172,
      0.10908636988482251,
      0.06406125564475532,
      0.06989469173194296,
      0.05771350436298796,
      0.012962529199642858,
      0.1547158019169115,
      0.01909574448733976,
      0.03104195650039374,
      0.005814233946831865,
      0.04203231552381037,
      0.05461766002680425,
      0.004889711108495873,
      0.007986679921989868
    ],
    [
      0.005515181164913771,
      0.5688850929511752,
      0.0018922659669444479,
      0.010028697737658842,
      0.03306923525740487,
      0.006573161526442169,
      0.04576909219717777,
      0.015509720662747034,
      0.05753371696662754,
      0.014070727574076305,
      0.0021937667461366505,
      0.02877738180589319,
      0.010144717897169125,
      0.00013924765925329437,
      0.02926456933128105,
      0.055498856045645875,
      0.06722865159045442,
      0.010605115409394478,
      0.03730080150960405
    ],
    [
      0.017809203132018923,
      0.01519426732087082,
      0.3842879884571828,
      0.017387260848066126,
      0.02759464460696061,
      0.013724237242412602,
      0.0661333015421259,
      0.17241013669946853,
      0.015318306667694716,
      0.024158612699895846,
      0.005304362728910672,
      0.09160095496733284,
      0.017224089441376312,
      0.02581114344526461,
      0.015764634243852535,
      0.024752544977451156,
      0.060979482913871785,
      0.0006693194955199796,
      0.0038755085697231894
    ],
    [
      0.01740877808630345,
      0.01332422612378992,
      0.01966835403712246,
      0.21396009662305032,
      0.00954271771267475,
      0.024508615868741753,
      0.09657372993772063,
      0.06150614446580913,
      0.08576173677103169,
      0.08412300424831626,
      0.025204412877676666,
      0.1017217907802643,
      0.05243242964962145,
      0.029269587842985178,
      0.053182121568160906,
      0.0591056734145345,
      0.02476657172528806,
      0.016869449591714457,
      0.011070558675194169
    ],
    [
      0.005498309777250332,
      0.04281481299940418,
      0.008060691949750138,
      0.021071618596334364,
      0.42755593918671375,
      0.012846149862797135,
      0.078759722180303,
      0.03584282596951961,
      0.09555374232514188,
      0.033408136054241325,
      0.002002981361499917,
      0.031421685254898975,
      0.011918472730065216,
      0.002541055207250924,
      0.00034977529283282676,
      0.008382112840905944,
      0.034145496347788296,
      0.0663723733878102,
      0.08145409867549212
    ],
    [
      0.01437715681333593,
      0.005905975033030891,
      0.026172690791724747,
      0.011172416414405452,
      0.010138043256928003,
      0.40326436548832434,
      0.04797129365046674,
      0.011913621871556018,
      0.039506669938497906,
      0.06154241482086917,
      0.012468424473719427,
      0.08696501236903842,
      0.026491373599650134,
      0.03481087947813346,
      0.04341792865193092,
      0.05008087292468182,
      0.05712535346049164,
      0.0409451026404923,
      0.015730404322722633
    ],
    [
      0.013035445606708702,
      0.006163015564455661,
      0.032921680351262445,
      0.005791003617121935,
      0.020421147453653067,
      0.027808014377833108,
      0.3500031987498429,
      0.03943162200269226,
      0.04956807978651663,
      0.052788958972643345,
      0.040696021754865606,
      0.07343730658971051,
      0.0775380580189117,
      0.008694686608088918,
      0.04935054636751103,
      0.08465188754764047,
      0.03552061660929541,
      0.02050782143056479,
      0.011670888590681511
    ],
    [
      0.008868655688857953,
      0.017777184445718065,
      0.03305190816731213,
      0.018419078608664187,
      0.017675718130935807,
      0.0160102919789033,
      0.016835518131506317,
      0.5335058301814345,
      0.004824389652922943,
      0.03768388447962172,
      0.04761086047424739,
      0.057714739471641935,
      0.013639678264223527,
      0.028793175088583985,
      0.013650844911094947,
      0.0396307707193383,
      0.03936903717619705,
      0.023033908743239618,
      0.03190452568555619
    ],
    [
      0.0039495511911710095,
      0.00821441243247781,
      0.013204955602319563,
      0.017309073875091997,
      0.03019554459749909,
      0.00543844794280096,
      0.08789423120386797,
      0.038744709687337876,
      0.4252829776178944,
      0.06689554811094629,
      0.001198392659821646,
      0.051059965629427634,
      0.0650142394168395,
      0.011462943885927897,
      0.016749511503142845,
      0.04752241608022886,
      0.04561021545903522,
      0.023717205612767075,
      0.040535657491402394
    ],
    [
      0.011542954984706156,
      0.005537690962781025,
      0.006530510096341878,
      0.015149140410072547,
      0.0077734451837270105,
      0.03535886028086667,
      0.07277252469944998,
      0.059352832615101464,
      0.024818247989630324,
      0.45468639861186533,
      0.026736568329738065,
      0.061266677426314295,
      0.03418540221657539,
      0.0060513310024679174,
      0.04432777624913941,
      0.04310928756071741,
      0.07706065423222855,
      0.011347096912053559,
      0.0023926002362229895
    ],
    [
      0.02140160580997747,
      0.004877647984686554,
      0.008472780618428717,
      0.03205503354703586,
      0.02307385982330289,
      0.008955414221644545,
      0.0387392959036553,
      0.11598899302615123,
      0.0069038289523653505,
      0.009320920248765017,
      0.526283171930683,
      0.10355827064366716,
      0.004461239858400209,
      0.023984292402513804,
      0.007440215088558232,
      0.04266993018241227,
      0.01739987315593085,
      0.0009599224689454312,
      0.0034537041328762496
    ],
    [
      0.03366821365437871,
      0.0001092466158282809,
      0.022428858495814046,
      0.01652599240781198,
      0.003682235123629921,
      0.003167966311956581,
      0.062038894820961296,
      0.0646622924017886,
      0.0470091879089807,
      0.07147720082675535,
      0.03463004747374178,
      0.4799291151917178,
      0.05318439570468897,
      0.023627050019318176,
      0.015077796286030716,
      0.02492809049995333,
      0.03584178407335802,
      0.005923063259858584,
      0.0020885689234272646
    ],
    [
      0.03096226346678175,
      0.015454162474284884,
      0.02786204637691725,
      0.0002539079043723203,
      0.02265491338922934,
      0.012129326803959227,
      0.08283286503205005,
      0.05147959097568375,
      0.09604959720724734,
      0.04845658085797814,
      0.030710183980974505,
      0.05403618762869264,
      0.4197963135623298,
      0.03951678209826761,
      0.02078194103134326,
      0.02587958975504917,
      0.006579950332237621,
      0.012641095575118893,
      0.0019227015474826005
    ],
    [
      0.013474325032694188,
      0.0028786212792287374,
      0.008191004770617042,
      0.017487607479988343,
      0.008014339943925669,
      0.017937207208230645,
      0.051271518632037424,
      0.035191637936648076,
      0.022505929282666065,
      0.0247279093064035,
      0.005808411489795715,
      0.046297883791813946,
      0.01370979550357718,
      0.6658421751489413,
      0.019255852130619103,
      0.027755184650625403,
      0.015907760202162856,
      0.0022733780142253595,
      0.0014694581957993378
    ],
    [
      0.02378200145945951,
      0.001200785283049809,
      0.009915216407717715,
      0.038922587411102404,
      0.019792891755998996,
      0.03139728080781699,
      0.11703535975868391,
      0.06727098044360172,
      0.050956830767001526,
      0.0969690169945793,
      0.014741081950682149,
      0.10944327990633247,
      0.044939448507155984,
      0.03561826834728754,
