{
  "poids_LS": 0.3775,
  "poids_EM": 0.6225,
  "mae_validation": 7.450005581947009,
  "matrice_de_transition": [
    [
      0.21576520580023506,
      0.003653660134402935,
      0.013241097149845378,
      0.07327608702443188,
      0.008543198055604734,
      0.05201057960506876,
      0.08259943405668102,
      0.05068034383455489,
      0.05834906344149274,
      0.0510323473775224,
      0.02095889461500696,
      0.17199091274675748,
      0.03087558686589351,
      0.05019121538050676,
      0.009400936706241134,
      0.04456645936611161,
      0.04204535857606528,
      0.007906091337762806,
      0.012913527925814789
    ],
    [
      0.008917403312100837,
      0.4975579376990078,
      0.0030595728946049843,
      0.01621523205634449,
      0.053469088175933856,
      0.010628033896650001,
      0.03624748369446022,
      0.02293938773241701,
      0.058871243202718415,
      0.013131630966453901,
      0.0035470644142079613,
      0.018813483946944393,
      0.013512589218022144,
      0.00022514718931214482,
      0.028839546705580713,
      0.06548387711000286,
      0.08218547590268607,
      0.013352375212508141,
      0.05300342667004409
    ],
    [
      0.028795399869303327,
      0.024567354304524898,
      0.30390616357840405,
      0.021098458817960505,
      0.022707251404735826,
      0.018647686731673198,
      0.05618189379198834,
      0.16957924824221052,
      0.010304721239780474,
      0.035234647148231706,
      0.008576534542199725,
      0.1070960156982309,
      0.02784933942144612,
      0.04173360206409668,
      0.02548957095272261,
      0.027346772864922674,
      0.06353688355974013,
      0.0010822113921069802,
      0.006266244375721261
    ],
    [
      0.028147959373308825,
      0.0215437162650889,
      0.0318014295795032,
      0.16554475697324278,
      0.01542945915880528,
      0.03962756721634218,
      0.07069678167570878,
      0.03916404105872657,
      0.06817193724293064,
      0.07451934967990004,
      0.04075258965286682,
      0.0847207408797067,
      0.0625760290608975,
      0.04732550242145007,
      0.07761026828295658,
      0.058197667890718965,
      0.02899447593550705,
      0.027275928235953897,
      0.01789979941638538
    ],
    [
      0.008890124250229434,
      0.06922654829124443,
      0.013033196723946653,
      0.034070344353813356,
      0.3519208703967912,
      0.020770722830107058,
      0.060898464946286174,
      0.030972488308768732,
      0.1048028256087911,
      0.023028072819910372,
      0.0032385867468407744,
      0.021208126110879532,
      0.01927077733627428,
      0.004108589263671949,
      0.0005655457656842459,
      0.013552896736270002,
      0.03918877650915453,
      0.07946244486607523,
      0.10179059813526109
    ],
    [
      0.02324618212026394,
      0.009549271319640859,
      0.04231818186454196,
      0.018064491475239985,
      0.016392030980357616,
      0.2954624743841359,
      0.030482019555578322,
      0.01678854399173445,
      0.04009839145595526,
      0.05656747097171906,
      0.020159985025689203,
      0.08609455607814634,
      0.04283345471631742,
      0.056285123312046964,
      0.054972654113478264,
      0.05933272310276032,
      0.05785953213175768,
      0.05818225665906351,
      0.015310656741573
    ],
    [
      0.0210767919225355,
      0.009964875815256232,
      0.053230509139378886,
      0.009363375978333519,
      0.02490363790536239,
      0.04496230896156132,
      0.21733602558044676,
      0.04668077213948167,
      0.060091978914876686,
      0.033618901752086774,
      0.061950889148648734,
      0.059265881708638515,
      0.08401179744151492,
      0.014058291983208706,
      0.07067364217227294,
      0.09374746300063888,
      0.04303364347932686,
      0.03315875023513398,
      0.018870462721296728
    ],
    [
      0.014339579652763834,
      0.028743629395998692,
      0.05344107229649818,
      0.028729246974447103,
      0.02857957022469491,
      0.025886770797057937,
      0.022498070630776582,
      0.3765930408946453,
      0.007164030853779225,
      0.045082706223320536,
      0.07698119648108832,
      0.0703006690546732,
      0.011238636386048027,
      0.04328321416621284,
      0.009153249809299527,
      0.047940068435071904,
      0.03292376404997466,
      0.03724313816277055,
      0.03987834551087868
    ],
    [
      0.006385962640270009,
      0.013281744777188147,
      0.021350869772581632,
      0.02798674931751888,
      0.0488226662647875,
      0.008793334660762592,
      0.0649928662614992,
      0.03670753069629938,
      0.35219155248779044,
      0.05348670301606824,
      0.001937660859062272,
      0.03319326788751981,
      0.07734644649565708,
      0.018534240438935368,
      0.027082002365471224,
      0.05215013207136278,
      0.05792926965563013,
      0.038347949334928584,
      0.059479050996666845
    ],
    [
      0.014239997287920716,
      0.008953799024236852,
      0.01055907151940992,
      0.014174236638847332,
      0.012568752277584583,
      0.05717114422036235,
      0.06286323682738969,
      0.07089620734451502,
      0.032901380870584425,
      0.35450699249720163,
      0.04322990593574532,
      0.05980786790722519,
      0.052179554446103185,
      0.005692706808983341,
      0.07167283302620593,
      0.0490411802829964,
      0.05732564873455269,
      0.01834692942273595,
      0.0038685549273995094
    ],
    [
      0.02059025084819196,
      0.007886586676538649,
      0.013699495934991887,
      0.04142409791937703,
      0.015480369023657464,
      0.014479858059672026,
      0.03854531395337198,
      0.10643184875895981,
      0.011162684474928393,
      0.01507083858404214,
      0.4925128595363071,
      0.11416814461209483,
      0.007213303407413326,
      0.03877979745601259,
      0.01202995816266883,
      0.03021599429615211,
      0.013172279958908358,
      0.001552082433554626,
      0.005584235903157053
    ],
    [
      0.05443756623337858,
      0.00017663900870936328,
      0.036264842632842194,
      0.02672059811392976,
      0.005953743803791236,
      0.00512223124465707,
      0.057219330148955805,
      0.04842007119523068,
      0.02951953670232254,
      0.06799067883396744,
      0.055992739097153923,
      0.4304844004860988,
      0.06240783433015126,
      0.03820217827798848,
      0.02437903425468603,
      0.02302179998653157,
      0.024484224671818343,
      0.005825579147050772,
      0.0033769718307362913
    ],
    [
      0.05006236105992634,
      0.024987574390239846,
      0.04504967238865192,
      0.0004105394038227777,
      0.03663034697349419,
      0.01961170372847953,
      0.07903004991226031,
      0.04247864036071812,
      0.10576750191245571,
      0.03791253592175135,
      0.04965477799521203,
      0.04365616323871306,
      0.3036918617690179,
      0.06389401780823789,
      0.03360196958963943,
      0.032492034337754466,
      0.008753036725115657,
      0.019206428813580024,
      0.0031087836709296594
    ],
    [
      0.021786408656758786,
      0.004654394146285426,
      0.013243897323919765,
      0.028169148734159186,
      0.008313987609344098,
      0.022549525408224247,
      0.038383235605452946,
      0.035148005714622385,
      0.020818048154435477,
      0.026490500999432866,
      0.009391522473760603,
      0.044956767419981794,
      0.022167136885654012,
      0.6452071788183991,
      0.019270938421164178,
      0.022226278321264392,
      0.011171296629893059,
      0.0036757865294942504,
      0.002375942147753475
    ],
    [
      0.03845271664548973,
      0.0019415294511649513,
      0.01603174600988124,
      0.06293327445041882,
      0.03200279251456981,
      0.0507657332541976,
      0.08992624707127679,
      0.06159074337473738,
      0.04102841386943015,
      0.08912877664664323,
      0.023834606530648412,
      0.09089009561477321,
      0.05538623644503354,
      0.057590576743341546,
      0.204335965292206,
