{
  "poids_LS": 0.7475,
  "poids_EM": 0.25249999999999995,
  "mae_validation": 6.4554774639924,
  "matrice_de_transition": [
    [
      0.29382239084569073,
      0.0014820067211835193,
      0.005370886795720412,
      0.0406258562842709,
      0.0034653132675344497,
      0.021096660803662425,
      0.12386329197841724,
      0.0715263959178145,
      0.07633593698872046,
      0.061440886681195066,
      0.008501399020544989,
      0.1450781085065764,
      0.012523832423515034,
      0.020358685756751732,
      0.003813231354740378,
      0.04061853001178969,
      0.06163168083616389,
      0.003206888454273266,
      0.005238017351434913
    ],
    [
      0.0036170993354304594,
      0.6086781374602791,
      0.0012410315757233063,
      0.006577262801971057,
      0.02168826468180449,
      0.004310969572536746,
      0.05108114746711494,
      0.011364748508089046,
      0.056787518119124206,
      0.014594644628855121,
      0.0014387690997389718,
      0.034336187979833045,
      0.008265800212903757,
      9.132476353625149e-05,
      0.029501687217198085,
      0.049928265346583546,
      0.058884318026788326,
      0.009072433624499486,
      0.028540389577990127
    ],
    [
      0.011680061794376044,
      0.009965071424726964,
      0.42913258549481725,
      0.015316803033282943,
      0.030321295551359696,
      0.010977470685246163,
      0.0716851395500974,
      0.1739894744703598,
      0.018115359590636346,
      0.01797935137608741,
      0.003478835296233622,
      0.08295634213851602,
      0.011296318399863682,
      0.01692808758423198,
      0.010339143237851336,
      0.023305238892861787,
      0.05955272255354524,
      0.00043896927952933717,
      0.0025417296463768964
    ],
    [
      0.011417445368289923,
      0.008738615834433647,
      0.012899375050320572,
      0.2409707597961009,
      0.006258535642728244,
      0.016073832485343612,
      0.11101034317863252,
      0.07397068636660258,
      0.09557499334986702,
      0.08948083258648531,
      0.01653016688730742,
      0.1112065870405754,
      0.04677336892543586,
      0.019196288130788976,
      0.03955378708516964,
      0.059612244917294756,
      0.02240784621853431,
      0.011063729927033505,
      0.0072605612090559145
    ],
    [
      0.0036060343344304115,
      0.028079844889219618,
      0.005286557707303661,
      0.013819697910582922,
      0.46975234598530213,
      0.008425072312613703,
      0.08872442358454397,
      0.03855996171709643,
      0.09039372744057968,
      0.03919911870076281,
      0.0013136436202044906,
      0.037119776145772984,
      0.007816660686601211,
      0.0016665362073528783,
      0.0002293980816630876,
      0.005497359720334417,
      0.03133187688934186,
      0.05906949140519918,
      0.07010847266109471
    ],
    [
      0.009429174273681354,
      0.003873399209974805,
      0.01716520629846882,
      0.007327364012045132,
      0.006648976421751481,
      0.4634064731569769,
      0.05772846761919397,
      0.009193928478193314,
      0.03917655161823223,
      0.06431790981039501,
      0.008177343323673128,
      0.08745063535237821,
      0.017374212555614693,
      0.02283051186552908,
      0.036971608131278186,
      0.04491931440428014,
      0.05671575904389059,
      0.03132858513539469,
      0.01596457928904822
    ],
    [
      0.008549220819984276,
      0.004041977740324816,
      0.021591491658944844,
      0.003797995878761787,
      0.017920389622699442,
      0.018237723715332096,
      0.42401751641276925,
      0.03538735929479922,
      0.043696851851747334,
      0.06348383300095387,
      0.02883804310359712,
      0.08134346994441383,
      0.0739263928673541,
      0.005702359398811562,
      0.037454503444854376,
      0.0795775138738624,
      0.03132913846075155,
      0.01344993483433145,
      0.007654284075706704
    ],
    [
      0.005816456003731514,
      0.011659062526087819,
      0.021676900811029375,
      0.012667089941437925,
      0.011592516436522832,
      0.010500256427722293,
      0.013676409895071323,
      0.6210466494677486,
      0.0035191161408662797,
      0.03355612076997922,
      0.031225304596746658,
      0.05069311559900344,
      0.014979206890995125,
      0.02070925855053841,
      0.01616002954683345,
      0.0349950572568764,
      0.0429648211308264,
      0.015106654435501304,
      0.027455973572481533
    ],
    [
      0.00259029006693683,
      0.005387374387534147,
      0.008660392959962827,
      0.01135205494405384,
      0.019803571456801346,
      0.0035667743001486806,
      0.10067078217171581,
      0.03988124112444356,
      0.4660602990062683,
      0.07437627221650984,
      0.0007859588223505598,
      0.061027702264386745,
      0.05813416599392022,
      0.007517904756355307,
      0.010985069232580694,
      0.04494063768517521,
      0.038737479959882276,
      0.015554790694087493,
      0.029967237956886435
    ],
    [
      0.010038289278702244,
      0.003631862254810931,
      0.004282996881367075,
      0.015693034092966615,
      0.005098168594522259,
      0.023189901872516447,
      0.07830086424912572,
      0.05291284460816549,
      0.020308710698150663,
      0.510575962023204,
      0.01753502208638665,
      0.06208053957906927,
      0.024146559393786203,
      0.006251405552517209,
      0.029072112994565448,
      0.03979991583144598,
      0.08807070993093194,
      0.007441927195567592,
      0.001569172882198194
    ],
    [
      0.021854256472868337,
      0.0031989769250217004,
      0.005556823652346105,
      0.026828081844571833,
      0.027310228374684026,
      0.005873356080429213,
      0.03884751741276074,
      0.12132087351205803,
      0.004527835871356495,
      0.0061130710722419905,
      0.545123451477019,
      0.09763907779812331,
      0.002925878088950786,
      0.015729958004246064,
      0.004879621584054424,
      0.04961791546632583,
      0.019758425150059194,
      0.0006295595413213541,
      0.0022650916715616955
    ],
    [
      0.022081101162936684,
      7.164875453672966e-05,
      0.014709835766735183,
      0.010838475540188373,
      0.0024149723862767654,
      0.0020776921916078874,
      0.0647277045853433,
      0.07372374212755249,
      0.05676657226637946,
      0.07342231309641598,
      0.022711914252259213,
      0.5075140612906421,
      0.04803868783995737,
      0.015495662675007372,
      0.00988868457720196,
      0.025991599944283364,
      0.04217810668684858,
      0.005977449133319785,
      0.0013697757225074913
    ],
    [
      0.020306419546395817,
      0.010135522142225798,
      0.01827316028616001,
      0.00016652401520522302,
      0.014858092547481576,
      0.00795494809870053,
      0.08495443557256432,
      0.05650117395034878,
      0.09062802931907846,
      0.05433904803292572,
      0.020141094688820936,
      0.059827148604154924,
      0.48457037614175646,
      0.025916850596915765,
      0.013629714572504342,
      0.022190541724697796,
      0.005367596870947769,
      0.008978330715766895,
      0.001260992573348978
    ],
    [
      0.008837057326637095,
      0.0018879269428707947,
      0.005372022609300787,
      0.01152843183292461,
      0.007847168088481703,
      0.015364019159813162,
      0.058461823899500345,
      0.03521598012367294,
      0.023447589280521024,
      0.023744568677660796,
      0.003809412730320565,
      0.04704608555715189,
      0.008991489258839577,
      0.6773543309965071,
      0.019247435568525532,
      0.030839732392268913,
      0.018550208300376535,
      0.001490981684654294,
      0.0009637355699722927
    ],
    [
      0.0155972866714637,
      0.0007875280103118876,
      0.006502836734931747,
      0.025527151483904817,
      0.012981052385427912,
      0.020591723127204642,
      0.1321593910474479,
      0.07043995480833655,
      0.056495842299330815,
      0.10134304582026996,
      0.009667852448174653,
      0.11979400377425502,
