{
  "poids_LS": 0.0925,
  "poids_EM": 0.9075,
  "mae_validation": 8.235396077317946,
  "matrice_de_transition": [
    [
      0.1556400767787354,
      0.005326420195936808,
      0.01930328620640109,
      0.09842558908104235,
      0.012454541743712924,
      0.0758226521953412,
      0.050815111062911214,
      0.034623249662314386,
      0.044494309492952466,
      0.04301495899496373,
      0.03055453311344388,
      0.19272104574257262,
      0.045011397720158004,
      0.07317032603664238,
      0.013704980017532252,
      0.04760743197687309,
      0.026958596835178504,
      0.011525747612883127,
      0.01882574553040469
    ],
    [
      0.013000069888725317,
      0.4119653513964069,
      0.004460341207797627,
      0.023639073238767266,
      0.07794891167816863,
      0.015493880740899397,
      0.024821553491199157,
      0.03185498821602098,
      0.06047627468602747,
      0.012004715037307013,
      0.005171021615893534,
      0.006856806516205837,
      0.01755403480304576,
      0.0003282266253827653,
      0.0283295195547403,
      0.07746590238723126,
      0.10013366507736407,
      0.016649086976244534,
      0.07184657686257213
    ],
    [
      0.0419788359540446,
      0.03581505868490979,
      0.20744797372386956,
      0.025551896381833757,
      0.016842379562066086,
      0.02455582611878591,
      0.044240204491823254,
      0.1661821820935009,
      0.0042884187262833846,
      0.048525888486234736,
      0.012503140718146585,
      0.12569008857530858,
      0.04059963939752988,
      0.06084055240669515,
      0.03715949500336669,
      0.030459846329888483,
      0.06660576433478213,
      0.0015776816680113804,
      0.009135127342918945
    ],
    [
      0.04103497691771527,
      0.03140710443464767,
      0.046361120230360084,
      0.10744634939347368,
      0.02249354889416191,
      0.0577703088334627,
      0.039644443761294564,
      0.012353516970227487,
      0.04706417780920935,
      0.06299496419780057,
      0.059410401783095,
      0.06431948099903757,
      0.07474834835442876,
      0.06899259991560792,
      0.10692404434071137,
      0.05710806126214032,
      0.034067960987769826,
      0.03976370260904122,
      0.026094888305814825
    ],
    [
      0.012960301617804353,
      0.10092063064145271,
      0.019000202452982468,
      0.04966881526278814,
      0.2611587878488841,
      0.03028021039087896,
      0.03946495626546597,
      0.025128083115867665,
      0.11590172554917016,
      0.010571996938713225,
      0.004721313209249804,
      0.008951855138056204,
      0.028093542863725153,
      0.0059896301313771775,
      0.0008244703331059487,
      0.019757837410706868,
      0.04524071270279402,
      0.09517053063999324,
      0.12619439748698383
    ],
    [
      0.03388901248857755,
      0.013921226863572816,
      0.061692771151922614,
      0.026334981548241418,
      0.02389681624847315,
      0.16610020505910972,
      0.009494890641712208,
      0.022638450535948568,
      0.04080845727690407,
      0.05059753835273893,
      0.029389857688052932,
      0.08505000852907582,
      0.06244395205631817,
      0.08205421591274314,
      0.06883832466733507,
      0.0704349433164545,
      0.05874054653727691,
      0.07886684148134894,
      0.014806959644193438
    ],
    [
      0.030726407501527653,
      0.014527108116216915,
      0.07760110368511862,
      0.013650222811787417,
      0.03028262644741357,
      0.06554746246203517,
      0.058135417777171364,
      0.05537975230362895,
      0.07272065786890874,
      0.010614833087418892,
      0.08745673002118848,
      0.042260171851352134,
      0.09178028474863878,
      0.02049461843335245,
      0.09626135713798724,
      0.10466215354423695,
      0.05204927572336459,
      0.048339864800617006,
      0.027509951678034987
    ],
    [
      0.020904688409450888,
      0.04190336333633544,
      0.07790806925152144,
      0.0411014490133866,
      0.04166419273720583,
      0.0377385453788435,
      0.0292931336299009,
      0.18829769375049815,
      0.009971600294806761,
      0.0539612923157591,
      0.11222559968929742,
      0.08540378455431072,
      0.00835738613223742,
      0.06067126105936746,
      0.003756135687145022,
      0.05791122569395221,
      0.025189436298507777,
      0.054294213466207664,
      0.04944692930126568
    ],
    [
      0.009309656379188807,
      0.01936254359084055,
      0.03112596677689611,
      0.040799959848431135,
      0.07117521226553357,
      0.012819198722316547,
      0.037511228330656676,
      0.03426291590705319,
      0.2644818423316656,
      0.037396088902214575,
      0.0028247826981510223,
      0.011753230597230421,
      0.09214509499023815,
      0.027019796302544325,
      0.03948099140026527,
      0.05770339126072346,
      0.07271213469154401,
      0.05590484180152239,
      0.08221112320298417
    ],
    [
      0.017476448051778188,
      0.013053128697983845,
      0.015393345227091567,
      0.013004352113377072,
      0.018323120790213667,
      0.08334588494775715,
      0.05097209138091735,
      0.08474825701981127,
      0.04260114032772934,
      0.23429170515960518,
      0.06302191106295402,
      0.05805729648431827,
      0.07377253712153652,
      0.005262357776801847,
      0.10448690115868574,
      0.056159451549731176,
      0.033643642137341646,
      0.026746728435554815,
      0.005639700556811332
    ],
    [
      0.01961662489404934,
      0.011497313106761163,
      0.019971554314867686,
      0.05266697516618644,
      0.00636818006408295,
      0.021109190665305,
      0.038312535613031995,
      0.09496327563833007,
      0.01627331110200404,
      0.021970740586374684,
      0.451988484663056,
      0.12689999337420801,
      0.010515779666229064,
      0.05653440352021111,
      0.017537649851601545,
      0.015271271232639912,
      0.008099168122481362,
      0.002262674391085659,
      0.008140874027494017
    ],
    [
      0.0793607893281784,
      0.0002575098801666621,
      0.052868023597275965,
      0.03895412496127109,
      0.008679554219984812,
      0.007467349163897656,
      0.051435852542549204,
      0.028929405747361178,
      0.008531955254332754,
      0.06380685244262194,
      0.08162796904524848,
      0.37115074283935595,
      0.073475960680706,
      0.05569233218839284,
      0.0355405198170724,
      0.020734251370425456,
      0.010855153389970729,
      0.005708598211681397,
      0.004923055319507123
    ],
    [
      0.07298247817169984,
      0.036427668689385795,
      0.06567482360273351,
      0.0005984972031633265,
      0.05340086727461201,
      0.02859055603790389,
      0.0744666717685126,
      0.03167749962275936,
      0.11742898755870572,
      0.02525968199827921,
      0.07238829081229704,
      0.031200133970737575,
      0.1643665196170436,
      0.09314670066020223,
      0.04898600385959482,
      0.04042696783700082,
      0.011360740396569301,
      0.02708482869973337,
      0.00453208221906613
    ],
    [
      0.0317609090056363,
      0.006785321586753452,
      0.01930736838788303,
      0.04098699823916419,
      0.008673564807846212,
      0.028084307248216565,
      0.02291729597355157,
      0.03509564704819155,
      0.018792590800558766,
      0.028605611031068106,
      0.013691255654518468,
      0.043347427773783205,
      0.032315946544146205,
      0.6204451832217481,
      0.019289041969818267,
      0.015591590726031179,
      0.005487540343169299,
      0.005358676747816918,
      0.003463722890098439
    ],
    [
      0.05605757486872598,
      0.0028304224529031212,
      0.02337158153247747,
      0.09174609889759851,
      0.04665467342485478,
      0.07400787618985433,
      0.057395311846388235,
      0.054774458892100183,
      0.029114313592344503,
      0.07972048822911992,
      0.03474683602660792,
      0.06862627446490208,
      0.06792238197048661,
      0.08395734681860634,
      0.1401890587922227,
