{
  "poids_LS": 0.165,
  "poids_EM": 0.835,
  "mae_validation": 8.034388888685413,
  "matrice_de_transition": [
    [
      0.17093506574034495,
      0.004900893513616787,
      0.017761150393768497,
      0.09202790873330811,
      0.011459550805509963,
      0.06976519513290347,
      0.05890059673676494,
      0.03870794905700714,
      0.04801876444477412,
      0.045054470074737424,
      0.028113537355069575,
      0.18744759085767226,
      0.041415445836178434,
      0.06732476279955525,
      0.012610091806765212,
      0.04683385122501271,
      0.030796457278035663,
      0.010604957858685852,
      0.017321760350289716
    ],
    [
      0.01196149681221558,
      0.4337389040523317,
      0.004104005408827568,
      0.021750552236221122,
      0.0717215881556703,
      0.014256077596309638,
      0.027728149770976096,
      0.029586984584226986,
      0.0600679772034313,
      0.012291386633318063,
      0.0047579096961665015,
      0.009898417441569152,
      0.016525947768259053,
      0.0003020046635753267,
      0.028459263303638297,
      0.07441784332548018,
      0.09556789765573545,
      0.015810449773188785,
      0.06705314391885886
    ],
    [
      0.03862515484476831,
      0.032953800553057494,
      0.2319855834237073,
      0.024419004369971263,
      0.018334320644850494,
      0.023052878379958994,
      0.047278002647128406,
      0.16704634804361124,
      0.005818881646383521,
      0.04514478323358484,
      0.01150426721724782,
      0.12096001740482391,
      0.03735614203519278,
      0.055980012407262206,
      0.03419083011329056,
      0.02966792413266034,
      0.06582508413762234,
      0.0014516409837900856,
      0.008405323781087956
    ],
    [
      0.037756700524839946,
      0.028897996917830085,
      0.04265733927531754,
      0.12222576886552021,
      0.020696543610606275,
      0.053155050001037304,
      0.04754372270443502,
      0.019173738010284273,
      0.05243369555989284,
      0.06592660611868552,
      0.05466411624119485,
      0.06950927517920778,
      0.07165188116572344,
      0.06348079441270811,
      0.09946703113303691,
      0.057385241895726115,
      0.03277733759728192,
      0.03658698807553655,
      0.024010172711135404
    ],
    [
      0.01192490562078968,
      0.09285810092078568,
      0.017482279942964585,
      0.04570078318945245,
      0.2842473877952815,
      0.027861130221910668,
      0.04491734005269216,
      0.026614817770202148,
      0.11307832117837198,
      0.01374064782077215,
      0.00434412840740891,
      0.012069678455704242,
      0.025849155141829755,
      0.005511119735206549,
      0.0007586035571828839,
      0.018179387590016787,
      0.043701185074587486,
      0.09117461408347023,
      0.11998641344137013
    ],
    [
      0.031181625815936365,
      0.01280906273397609,
      0.05676414756127315,
      0.02423108495072351,
      0.02198770420658411,
      0.19900815076459882,
      0.014833721681204465,
      0.021150316415051995,
      0.040627826497890776,
      0.052116205422479495,
      0.027041907624820054,
      0.08531572676524289,
      0.05745531676807236,
      0.07549892042660114,
      0.06531109268433641,
      0.06761069431472527,
      0.058516428837627275,
      0.07360497341252194,
      0.014935093116333852
    ],
    [
      0.028271680731433158,
      0.013366540250183056,
      0.07140156647611465,
      0.01255970914362809,
      0.02891428725689178,
      0.06031088832594972,
      0.09863381800782915,
      0.05316685384081956,
      0.06950809918761988,
      0.016466745291588793,
      0.08096840207992836,
      0.04658618576241621,
      0.08980409060910728,
      0.0188573073188422,
      0.0897522015765336,
      0.10188560945858481,
      0.04975582541567078,
      0.04447800232343273,
      0.025312186943426133
    ],
    [
      0.019234616883626987,
      0.03855571171993398,
      0.07168400862261201,
      0.037954134459621286,
      0.03833564841384779,
      0.03472362026593313,
      0.027564564972228926,
      0.23619738732225487,
      0.00925739403349274,
      0.05170270462557736,
      0.10325991817141966,
      0.08156176394475381,
      0.009090335758206784,
      0.05624798597251234,
      0.005129085770850993,
      0.05537470323335985,
      0.027156940726512507,
      0.049956659222350853,
      0.04701281588090408
    ],
    [
      0.008565909726305955,
      0.01781567371719213,
      0.028639319293342427,
      0.03754045892390082,
      0.06548903828288763,
      0.01179507540841247,
      0.044502171313063985,
      0.034884791599054416,
      0.28679396158190784,
      0.04148931529959841,
      0.0025991113531196736,
      0.017207275171075967,
      0.08838052651354647,
      0.024861189986363098,
      0.0363268626107124,
      0.05629072006342996,
      0.06895158130521505,
      0.051438614770546766,
      0.0764284030803245
    ],
    [
      0.016653140401323215,
      0.01201031676343417,
      0.014163573845312902,
      0.01330195431722477,
      0.01685929020366767,
      0.07668739827149004,
      0.05399703188923049,
      0.08122448999714817,
      0.040133657658806506,
      0.2648727870261868,
      0.05798710274112022,
      0.058502617284882305,
      0.06827958538831225,
      0.005371832530602403,
      0.09613946277410754,
      0.05434866324503549,
      0.039668012236632175,
      0.024609937458609663,
      0.005189145966873237
    ],
    [
      0.01986430167185755,
      0.010578794979774733,
      0.018376030691916824,
      0.0498069449893665,
      0.008686193045027345,
      0.01942278149369661,
      0.03837175115575006,
      0.09788071967778851,
      0.014973239416169007,
      0.02021550235771114,
      0.4622973168676549,
      0.12366118974174065,
      0.009675676056530323,
      0.052017880924932536,
      0.016136570386873047,
      0.01907299902949828,
      0.009389696572098755,
      0.002081909770310221,
      0.007490501171303034
    ],
    [
      0.0730206711724837,
      0.00023693746549770012,
      0.04864440738702527,
      0.03584208742992987,
      0.007986146307093463,
      0.006870784079178559,
      0.05290708807400352,
      0.03388755748409991,
      0.013870901412154716,
      0.06487115915620983,
      0.07510672633915425,
      0.38624439259159754,
      0.07066038467924911,
      0.05124308250943033,
      0.03270119454243025,
      0.021316171632417363,
      0.014322197838861787,
      0.0057383565198016765,
      0.00452975337938121
    ],
    [
      0.06715192206431886,
      0.033517469262410074,
      0.06042807460967767,
      0.0005506833770152921,
      0.04913468228573116,
      0.026306462029366113,
      0.07562753112086948,
      0.03442515823153834,
      0.11446246928027369,
      0.028478390452495804,
      0.06660520421847717,
      0.03436877299504713,
      0.19980893121710724,
      0.08570522870663234,
      0.045072521457588624,
      0.038408432122280255,
      0.010697377181901268,
      0.02508067434272945,
      0.004170015044540185
    ],
    [
      0.02922353610986921,
      0.006243243553651936,
      0.017764906450559042,
      0.03772631722473309,
      0.008582093415244798,
      0.02667633642927115,
      0.026851613950087887,
      0.035108966358073077,
      0.019307838723913368,
      0.02806755672477493,
      0.01259746388046603,
      0.043756821192553016,
      0.029734231806459597,
      0.6267442873647557,
      0.01928443668112556,
      0.017279362131836118,
      0.006933408170493765,
      0.004930573095787468,
      0.0031870067363440184
    ],
    [
      0.05157914602246413,
      0.002604300548952183,
      0.021504430390764395,
      0.08441652074875455,
      0.04292744056171211,
      0.06809540123253814,
      0.0656707251930704,
      0.056508425997332454,
      0.032145093487392605,
      0.08211382475638462,
      0.03197091799693401,
      0.0742898780907465,
      0.06473336249471347,
      0.07725001057138986,
      0.1565071314983588,
