{
  "poids_LS": 0.17,
  "poids_EM": 0.83,
  "mae_validation": 8.020562334579553,
  "matrice_de_transition": [
    [
      0.17198989256528355,
      0.004871546845870579,
      0.017654796199793835,
      0.0915866893989816,
      0.011390930740806311,
      0.069347439473425,
      0.05945821643841002,
      0.03898965246353768,
      0.04826183030352044,
      0.04519512601127354,
      0.027945192820009276,
      0.18708390431388602,
      0.04116744915452467,
      0.06692162050734234,
      0.012534582274988175,
      0.04678050082833269,
      0.03106113730857754,
      0.010541455117017075,
      0.017218037234419715
    ],
    [
      0.011889871082801115,
      0.43524052837342997,
      0.004079430526139978,
      0.02162030940845932,
      0.0712921175679118,
      0.0141707118622,
      0.027928604686822782,
      0.02943057054065499,
      0.0600398187563557,
      0.012311157088215376,
      0.0047294192189439475,
      0.010108183712283865,
      0.016455045214135832,
      0.00030019625241619306,
      0.028468211148389884,
      0.07420763235570423,
      0.095253017143899,
      0.01575261272470218,
      0.0667225623365338
    ],
    [
      0.03839386649240443,
      0.032756472406033195,
      0.23367783236852369,
      0.02434087388639454,
      0.018437213133318385,
      0.02294922681176403,
      0.047487505968183935,
      0.16710594569534298,
      0.00592443081328698,
      0.04491160356098829,
      0.011435379389599631,
      0.12063380559996291,
      0.03713245256192815,
      0.055644802752128894,
      0.03398609460363014,
      0.02961330880871357,
      0.0657712441240251,
      0.0014429485228093066,
      0.00835499250096168
    ],
    [
      0.0375306124977451,
      0.02872495502011853,
      0.04240190610600426,
      0.12324503917393721,
      0.02057261221174037,
      0.052836756288456244,
      0.04808850056258264,
      0.019644098082012326,
      0.05280400712890549,
      0.06612878832012585,
      0.05433678620382242,
      0.06986719201921952,
      0.07143833170443342,
      0.06310066989526675,
      0.09895275436009385,
      0.057404357801490655,
      0.03268832908759311,
      0.036367904314605196,
      0.02386639922184717
    ],
    [
      0.01185349900030591,
      0.09230206438832589,
      0.01737759563192887,
      0.04542712580508446,
      0.2858397050329641,
      0.027694297106809405,
      0.04529336652077673,
      0.02671735119463901,
      0.11288360363555831,
      0.013959175467810695,
      0.004318115662454366,
      0.012284700753473073,
      0.025694369781699037,
      0.0054781190182292645,
      0.0007540610209123277,
      0.018070528981693333,
      0.04359501075540083,
      0.09089903363129623,
      0.11955827661063817
    ],
    [
      0.03099490949368525,
      0.012732361759521143,
      0.05642424248605594,
      0.02408598863365331,
      0.021856041307143487,
      0.20127766426152913,
      0.015201916925307379,
      0.021047686475679814,
      0.04061536920278641,
      0.0522209410824616,
      0.02687998003425227,
      0.08533405216084061,
      0.057111272955089894,
      0.07504683108272928,
      0.06506783530619857,
      0.06741591852150257,
      0.058500972444547994,
      0.07324208595949938,
      0.014943929907515951
    ],
    [
      0.02810238923004733,
      0.013286501087008308,
      0.07097401218583851,
      0.012484501304444688,
      0.028819919036855792,
      0.05994974528208176,
      0.10142681112718487,
      0.053014240153729256,
      0.06928654341649651,
      0.01687032544360051,
      0.08052093118742767,
      0.04688453154938615,
      0.0896678013581051,
      0.01874438931094494,
      0.08930329429643336,
      0.10169412365957432,
      0.049597656428933275,
      0.044211666980178636,
      0.02516061696172897
    ],
    [
      0.019119439537018442,
      0.038324839194664916,
      0.07125476306199756,
      0.037737078283499544,
      0.038106093632926545,
      0.03451569439607725,
      0.02744535334066534,
      0.23950081446513466,
      0.009208138429264186,
      0.05154693995728896,
      0.10264159530811774,
      0.08129679700616368,
      0.009140884008273637,
      0.05594293251824647,
      0.0052237719835203705,
      0.05519977064987072,
      0.02729263068706456,
      0.04965751755036073,
      0.04684494598984465
    ],
    [
      0.008514616853693344,
      0.01770899303625086,
      0.02846782636344217,
      0.03731566575669184,
      0.06509688835304998,
      0.01172444621435012,
      0.0449843053118507,
      0.03492767957781312,
      0.28833272842675217,
      0.04177160677528005,
      0.0025835478120830287,
      0.017583416176168765,
      0.08812090110136084,
      0.024712320585247152,
      0.03610933648729496,
      0.05619329446361661,
      0.06869223279581305,
      0.051130599113238105,
      0.07602959479600314
    ],
    [
      0.016596360563360803,
      0.011938398698982468,
      0.01407876202587989,
      0.0133224786071453,
      0.016758336370112772,
      0.07622819229381644,
      0.054205648476010705,
      0.0809814715817921,
      0.039963486440260106,
      0.26698182715491653,
      0.05763987458099375,
      0.058533329064231546,
      0.0679007611308485,
      0.00537938251362313,
      0.09556377736827457,
      0.05422378129298751,
      0.040083486036583245,
      0.02446257256364793,
      0.005158073236532678
    ],
    [
      0.019881382828947775,
      0.01051544890205153,
      0.01826599457998918,
      0.04960970152889616,
      0.008846056009230406,
      0.019306477412896032,
      0.03837583498628234,
      0.09808192271499254,
      0.01488357929990452,
      0.020094451445389516,
      0.4630082708127997,
      0.12343782397398427,
      0.0096177378765511,
      0.05170639660801677,
      0.016039944216891772,
      0.019335187153419545,
      0.009478698534141334,
      0.002069443244739501,
      0.007445647870876071
    ],
    [
      0.07258342164450476,
      0.00023551867827915102,
      0.04835312351045625,
      0.03562746415190634,
      0.007938325071721647,
      0.006829641659542759,
      0.05300855259341415,
      0.03422949898318534,
      0.014239104595452783,
      0.06494455961921589,
      0.07465698546287189,
      0.3872853339538211,
      0.07046620702397621,
      0.05093623770398464,
      0.03250537900624803,
      0.021356304064278873,
      0.014561304352578413,
      0.0057404088169134195,
      0.004502629107648388
    ],
    [
      0.06674981474656844,
      0.033316765853653126,
      0.06006622985153589,
      0.0005473858717637035,
      0.04884046263132558,
      0.02614893830463937,
      0.07570759038654927,
      0.03461465192869551,
      0.11425788181279561,
      0.028700370345890056,
      0.06620637066028269,
      0.03458729982430986,
      0.20225323546538748,
      0.08519202374431718,
      0.04480262611951923,
      0.038269222762644356,
      0.010651627994682784,
      0.024942456800867107,
      0.004145044894572879
    ],
    [
      0.029048544875678376,
      0.006205858861713901,
      0.01765852976522635,
      0.037501442672013705,
      0.008575785043341251,
      0.026579234993481814,
      0.02712294622433177,
      0.03510988493116835,
      0.019343373063455065,
      0.02803044953123747,
      0.012522029965014137,
      0.043785055221433694,
      0.029556182514205345,
      0.6271787083401357,
      0.01928411907500882,
      0.01739576015982267,
      0.007033123193067866,
      0.004901048705992333,
      0.0031679228636712995
    ],
    [
      0.05127028886065296,
      0.0025887059348866015,
      0.02137566134650832,
      0.08391103260055842,
      0.04267039001942641,
      0.06768764433893013,
      0.06624144335491056,
      0.056628009935624335,
      0.03235411279049937,
      0.08227888244792012,
      0.031779475374197876,
      0.074680471444253,
      0.06451343011707393,
      0.07678743565778871,
      0.15763251582291993,
      0.02789424098332464,
