{
  "poids_LS": 0.91,
  "poids_EM": 0.08999999999999997,
  "mae_validation": 6.032753626395277,
  "matrice_de_transition": [
    [
      0.32810426265619497,
      0.0005282400194317494,
      0.0019143754915439092,
      0.02628622791865966,
      0.0012351611646657442,
      0.007519601870612348,
      0.14198593228188247,
      0.08068175663005689,
      0.08423557739797587,
      0.06601220461861887,
      0.0030302016310853426,
      0.13325829583352392,
      0.004463940269767735,
      0.0072565612598323,
      0.0013591715719866693,
      0.038884642119688846,
      0.07023378182877478,
      0.0011430493500379957,
      0.0018670160856599687
    ],
    [
      0.0012892631294603616,
      0.6574809278959726,
      0.000442347888376624,
      0.0023443708997124553,
      0.007730470579653085,
      0.0015365832139734934,
      0.057595932232132205,
      0.006281292091999062,
      0.05587236858916729,
      0.015237184413017822,
      0.0005128285900059701,
      0.04115359177806117,
      0.0059614672038990615,
      3.255140086440647e-05,
      0.029792492171624635,
      0.043096408828865604,
      0.04865070139210351,
      0.007192729548684876,
      0.017796488152425894
    ],
    [
      0.004163190342549876,
      0.0035519066464373334,
      0.4841306762013501,
      0.01277756231703942,
      0.03366530142656613,
      0.007608794718909967,
      0.07849399748440206,
      0.1759263981516416,
      0.02154570751499872,
      0.01040101201669972,
      0.0012399808976674294,
      0.07235445848053312,
      0.004026410518763292,
      0.006033773792399517,
      0.0036852391738876043,
      0.021530240864591804,
      0.05780292211163532,
      0.00015646429765402115,
      0.000905963042272953
    ],
    [
      0.004069584487707298,
      0.0031147541588080322,
      0.004597797047639015,
      0.2740970448196534,
      0.0022307651795863046,
      0.005729286826459109,
      0.12871562356843008,
      0.08925738869776433,
      0.10761011934277828,
      0.09605175413329642,
      0.005891940672703634,
      0.12283888434095691,
      0.03983301143351014,
      0.0068422413139445845,
      0.022839791964519976,
      0.06023351185464222,
      0.01951506965364764,
      0.003943507696764418,
      0.0025879228071882462
    ],
    [
      0.0012853191687078693,
      0.010008657584276298,
      0.0018843175986428889,
      0.004925832918623615,
      0.521502656209986,
      0.0030029960718227057,
      0.10094528379729233,
      0.0418922980112944,
      0.08406540729913546,
      0.046301267229515566,
      0.00046822940918179854,
      0.04410800082325997,
      0.002786136482352907,
      0.0005940129055911249,
      8.176565287001142e-05,
      0.001959454949822168,
      0.027881211515775488,
      0.050113126709544174,
      0.05619402566230542
    ],
    [
      0.003360893800520086,
      0.0013806175401890391,
      0.006118291353909678,
      0.002611733707263611,
      0.002369932189931221,
      0.5371656618072111,
      0.06969481305253869,
      0.005858455448597545,
      0.038771689527340364,
      0.06772181875981352,
      0.0029146966302201244,
      0.08804621070930436,
      0.006192788633684445,
      0.008137608189693533,
      0.02906574334179842,
      0.038589101124542224,
      0.056213426268813836,
      0.019534742912161764,
      0.01625177500246639
    ],
    [
      0.0030472470249448902,
      0.0014407049371454787,
      0.007695977224970439,
      0.001353741105301231,
      0.01485342247152991,
      0.006500574789623321,
      0.5147897927918298,
      0.03042741446436436,
      0.03649628929023783,
      0.07660018794133468,
      0.014295239097324462,
      0.09103970802093676,
      0.06949699220978346,
      0.0020325241421506554,
      0.02286501684159623,
      0.07335422540602138,
      0.026188646391782668,
      0.004794036178573585,
      0.0027282596705489235
    ],
    [
      0.0020731922389538066,
      0.004155705454843182,
      0.007726420091059974,
      0.005612764217481194,
      0.004131986056582395,
      0.0037426656574059652,
      0.009802031869254827,
      0.7284080316113413,
      0.001918309003438298,
      0.028493769050606355,
      0.011129811539434452,
      0.04208169009482415,
      0.01662202501816784,
      0.010795021286897615,
      0.019237331458588205,
      0.029309748293479727,
      0.04737474484876804,
      0.005384550095822246,
      0.02200020211305035
    ],
    [
      0.0009232717070269889,
      0.0019202522569428638,
      0.0030868727382045717,
      0.004046277009761764,
      0.007058698737077707,
      0.001271325493122302,
      0.11634013713228389,
      0.04127510043410147,
      0.5160702214637078,
      0.08355074517616325,
      0.00028014373865960544,
      0.07325228492990263,
      0.04969634009788715,
      0.00267964922008704,
      0.00391547022151391,
      0.04177430569124147,
      0.030308653404317338,
      0.005544281831555938,
      0.01700596871644234
    ],
    [
      0.00819294454492386,
      0.0012945251601306287,
      0.0015266127497942045,
      0.016360073515383867,
      0.0018171690039881316,
      0.008265707598124672,
      0.08508090331948275,
      0.04501474610909306,
      0.014778146095392596,
      0.5791197662069213,
      0.006250106882276429,
      0.0630786724079197,
      0.011834771026214564,
      0.006496780000690866,
      0.010362337304993623,
      0.03574125238988667,
      0.10157360842934172,
      0.0026525681093112203,
      0.0005593091461300493
    ],
    [
      0.022409394078300532,
      0.0011402293990176355,
      0.001980650014697621,
      0.020417669379285765,
      0.032505774711283526,
      0.0020934734544104123,
      0.03898024190505985,
      0.12785997222118903,
      0.0016138820927607308,
      0.002178916421789224,
      0.5682294546942236,
      0.09037969034604121,
      0.0010428872396260225,
      0.0056067177044837446,
      0.0017392710596629629,
      0.058139029493766994,
      0.022650988916443005,
      0.00022439746027295786,
      0.0008073594076853567
    ],
    [
      0.007870491503620996,
      2.5538169933883837e-05,
      0.0052431097782422425,
      0.003863219004423578,
      0.0008607822366927084,
      0.0007405635534443953,
      0.06802530146618917,
      0.08483684084782897,
      0.06873317572356662,
      0.07580782814411297,
      0.00809533577308249,
      0.5413446555629078,
      0.041727914043588436,
      0.005523206498022429,
      0.003524679651279906,
      0.02729590397978246,
      0.049949068382638885,
      0.006044148789451447,
      0.0004882368911907889
    ],
    [
      0.007237931719507419,
      0.0036126613576250364,
      0.006513205646552082,
      5.935509452859434e-05,
      0.005295953779300363,
      0.0028354270450813767,
      0.0875563617071573,
      0.06265971910795684,
      0.08397893662604115,
      0.06155339456823878,
      0.007179004047500531,
      0.06692927055519358,
      0.5640102642108646,
      0.009237689321672944,
      0.004858116085249072,
      0.017666237536531015,
      0.003880748286347007,
      0.00448626060524086,
      0.00044946269941151685
    ],
    [
      0.0031498422154350035,
      0.0006729244548846396,
      0.001914780335988399,
      0.004220008869544563,
      0.007642146001616461,
      0.012208222496659645,
      0.06728012281242657,
      0.03524583374926946,
      0.024602455315626166,
      0.022538584887693332,
      0.0013578104781340626,
      0.04796369149577389,
      0.0032048872605764823,
      0.6914730126963518,
      0.019237113369731534,
      0.034622668301831715,
      0.02179094653403482,
      0.0005314390163124216,
      0.000343509708108936
    ],
    [
      0.005559428912600922,
      0.00028070305318047477,
      0.0023178427966093354,
      0.009098786667530428,
      0.004626909761142621,
      0.007339624084944228,
      0.15070773130725276,
      0.07432643280282267,
      0.0632889696503007,
      0.10670742079517359,
