{
  "poids_LS": 0.3925,
  "poids_EM": 0.6074999999999999,
  "mae_validation": 7.40907946631762,
  "matrice_de_transition": [
    [
      0.21892968627505083,
      0.0035656201311643093,
      0.01292203456792139,
      0.07195242902145237,
      0.008337337861493776,
      0.05075731262663336,
      0.08427229316161626,
      0.0515254540541465,
      0.0590782610177317,
      0.05145431518713075,
      0.020453861009826067,
      0.17089985311539876,
      0.030131596820932215,
      0.048981788503868036,
      0.00917440811091002,
      0.04440640817607153,
      0.04283939866769089,
      0.007715583112756472,
      0.01260235857820479
    ],
    [
      0.008702526123857442,
      0.5020628106623026,
      0.0029858482465422126,
      0.01582450357305908,
      0.05218067641265833,
      0.010371936694321083,
      0.03684884844200028,
      0.02247014560170101,
      0.05878676786149162,
      0.01319094233114584,
      0.003461592982540299,
      0.019442782759088527,
      0.013299881555652477,
      0.0002197219558347437,
      0.028866390239835466,
      0.06485324420067505,
      0.0812408343671767,
      0.013178864067048329,
      0.05201168192306892
    ],
    [
      0.028101534812211674,
      0.023975369863452004,
      0.3089829104128532,
      0.02086406736723033,
      0.023015928870139497,
      0.01833673202708832,
      0.05681040375515492,
      0.16975804119740573,
      0.010621368740490848,
      0.03453510813044206,
      0.00836987105925515,
      0.10611738028364787,
      0.027178271001652227,
      0.04072797309869675,
      0.024875364423741334,
      0.02718292689308236,
      0.06337536351894844,
      0.001056134009164643,
      0.0061152505353424345
    ],
    [
      0.02746969529202427,
      0.021024590571954223,
      0.031035130071563357,
      0.16860256789849376,
      0.015057664962207559,
      0.03867268607859899,
      0.07233111525015164,
      0.04057512127391073,
      0.0692828719499686,
      0.07512589628422106,
      0.03977059954074954,
      0.0857944913997419,
      0.06193538067702743,
      0.04618512886912596,
      0.07606743796412736,
      0.05825501560801258,
      0.02872745040644058,
      0.026618676953159823,
      0.017468478948520667
    ],
    [
      0.008675904388778119,
      0.06755843869386503,
      0.012719143790839502,
      0.033249372200709414,
      0.3566978221098389,
      0.020270223484803267,
      0.062026544350539864,
      0.03128008858207931,
      0.10421867298035009,
      0.02368365576102601,
      0.003160548511977141,
      0.021853193004186026,
      0.018806421255882125,
      0.0040095871127400935,
      0.0005519181568725772,
      0.013226320911299638,
      0.038870253551594555,
      0.07863570350955322,
      0.10050618764306514
    ],
    [
      0.022686033153510587,
      0.009319168396276016,
      0.04129846663889034,
      0.01762920252402938,
      0.01599704228203574,
      0.30227101487492675,
      0.03158660528788706,
      0.016480654173617916,
      0.04006101957064216,
      0.05688167795166538,
      0.019674202253985845,
      0.08614953226493952,
      0.04180132327737001,
      0.05492885528043136,
      0.05424288197906474,
      0.05874839572309219,
      0.057813162952519814,
      0.05709359429999584,
      0.015337167115119291
    ],
    [
      0.020568917418378012,
      0.009724758325731983,
      0.05194784626855047,
      0.009137752460783312,
      0.024620533245254428,
      0.043878879829957425,
      0.2257150049385139,
      0.04622293107821075,
      0.05942731160150657,
      0.03482964220812193,
      0.06060847647114663,
      0.060160919069548326,
      0.0836029296885084,
      0.013719537959516928,
      0.06932692033197219,
      0.09317300560360739,
      0.04255913651911434,
      0.03235974420537171,
      0.01841575277620524
    ],
    [
      0.013994047612938196,
      0.02805101182019149,
      0.05215333561465484,
      0.028078078446081862,
      0.02789090588193117,
      0.02526299318749027,
      0.022140435736085824,
      0.3865033223232846,
      0.007016264041093565,
      0.04461541221845534,
      0.07512622789118256,
      0.0695057682389028,
      0.011390281136248584,
      0.042368053803415226,
      0.00943730844730766,
      0.04741527068460451,
      0.033330833931630804,
      0.03634571314680017,
      0.03937473583770042
    ],
    [
      0.006232084022432176,
      0.012961702734364334,
      0.020836390982880867,
      0.027312369815891916,
      0.04764621647527453,
      0.00858144707857554,
      0.06643926825785933,
      0.036836194632575495,
      0.35680785302232326,
      0.05433357744311318,
      0.0018909702359523372,
      0.034321690902798206,
      0.07656757025910016,
      0.01808763223558752,
      0.0264294239952189,
      0.05185785527192273,
      0.05715122412742413,
      0.03742390236300259,
      0.05828262614370276
    ],
    [
      0.014069657774033479,
      0.008738044830881746,
      0.010304636061110883,
      0.014235809508608924,
      0.012265890776919891,
      0.055793526287341556,
      0.06348908658773034,
      0.07016715209844679,
      0.03239086721494521,
      0.3608341128833909,
      0.0421882214553659,
      0.05990000324527292,
      0.051043081673711944,
      0.005715356758045524,
      0.06994577680870698,
      0.04866653442685246,
      0.05857207013440589,
      0.01790483473785074,
      0.0037753367363778335
    ],
    [
      0.020641494319462623,
      0.007696548443369042,
      0.013369387599208946,
      0.040832367537966006,
      0.01595995791626665,
      0.014130945817270287,
      0.03855756544496882,
      0.10703545787057189,
      0.010893704126134935,
      0.014707685847077266,
      0.49464572137174134,
      0.1134980473088257,
      0.007039488867475654,
      0.037845344505265284,
      0.011740079652725001,
      0.031002558667915906,
      0.013439285845036094,
      0.001514682856842466,
      0.0054496760018761595
    ],
    [
      0.053125817649441735,
      0.00017238264705371592,
      0.03539099100313515,
      0.026076728279859157,
      0.005810280097675783,
      0.00499880398574967,
      0.057523723707187724,
      0.04944589569248697,
      0.030624146252216742,
      0.06821088022298562,
      0.05464351646830683,
      0.43360722457276946,
      0.06182530136433259,
      0.037281643861651406,
      0.023791587646139374,
      0.023142197282116098,
      0.02520154421296822,
      0.0058317360383860015,
      0.003295599015537826
    ],
    [
      0.04885603910667509,
      0.024385464163969004,
      0.043964138114226566,
      0.00040064688806801187,
      0.03574768801027746,
      0.019139132554299297,
      0.07927022770929965,
      0.04304712145218963,
      0.10515373951002147,
      0.0385784756019341,
      0.048458277320628594,
      0.04431174372650125,
      0.3110247745138587,
      0.062354402921292386,
      0.03279228357543124,
      0.03207440625884676,
      0.0086157891634602,
      0.018791776187993,
      0.0030338732210277394
    ],
    [
      0.02126143495418628,
      0.004542240070471318,
      0.012924767267921695,
      0.02749452507600102,
      0.00829506249363346,
      0.022258221100856228,
      0.0391972324281846,
      0.03515076143390822,
      0.020924651173060565,
      0.02637917941882048,
      0.009165220727404924,
      0.04504146950662382,
      0.02163298900889126,
      0.6465104417445384,
      0.019269985602813962,
      0.022575472405224034,
      0.011470441697615363,
      0.003587213360108846,
      0.0023186905297353185
    ],
    [
      0.03752614516005623,
      0.001894745608968205,
      0.015645438877113015,
      0.0614168100058304,
      0.0312316408877127,
      0.04954246257337355,
      0.09163840155679723,
      0.06194949518961303,
      0.041655471778750446,
      0.08962394972124971,
      0.02326027866244001,
      0.09206187567529274,
      0.054726439312114954,
      0.05620285200253812,
      0.2077121182658893,
