{
  "poids_LS": 0.015,
  "poids_EM": 0.985,
  "mae_validation": 8.450993258788403,
  "matrice_de_transition": [
    [
      0.13929026099218725,
      0.005781293546003037,
      0.020951776213008345,
      0.1052644887631031,
      0.013518152746619539,
      0.0822978649172574,
      0.04217200568741241,
      0.03025684686109109,
      0.0407267886823845,
      0.04083479197865391,
      0.03316387340687848,
      0.1983581871712592,
      0.04885534628579133,
      0.07941903156594242,
      0.014875377760076329,
      0.048434363125413486,
      0.022856056361779467,
      0.012510040108749178,
      0.020433453826389662
    ],
    [
      0.014110268694649517,
      0.38869017441938386,
      0.0048412518894552755,
      0.025657837069075217,
      0.08460570578842545,
      0.016817049619598796,
      0.021714502295575536,
      0.03427940589138698,
      0.06091273061569922,
      0.011698272986398648,
      0.005612624012843119,
      0.003605429320127808,
      0.018653024391955694,
      0.00035625699834933755,
      0.028190827961090716,
      0.08072417241875827,
      0.10501431301082914,
      0.017545561227786884,
      0.07697059138861045
    ],
    [
      0.04556380541568478,
      0.03887364496378638,
      0.18121811507921548,
      0.026762918877272977,
      0.015247545990813792,
      0.02616242542580779,
      0.04099290301546257,
      0.16525841849165884,
      0.00265240663927979,
      0.052140173411481174,
      0.013570902046693537,
      0.13074637155065427,
      0.0440668262331316,
      0.0660363020612614,
      0.04033289540310324,
      0.0313063838510634,
      0.06744028454553917,
      0.0017124148132134543,
      0.009915262184876211
    ],
    [
      0.044539341337685445,
      0.03408925384917681,
      0.050320334354715904,
      0.09164765961301016,
      0.02441448557658345,
      0.06270386137846916,
      0.031200386960006484,
      0.005062935858442649,
      0.04132434848951322,
      0.059861140075475265,
      0.06448401736236757,
      0.05877176997885561,
      0.0780583650044241,
      0.07488452993594909,
      0.11489533432132892,
      0.05681176472278999,
      0.03544759288794655,
      0.04315950090347725,
      0.028323377389782484
    ],
    [
      0.014067104235302797,
      0.10953919689457953,
      0.020622809274036067,
      0.05391050472049181,
      0.2364778706648041,
      0.03286612367494851,
      0.03363654601015521,
      0.023538815037096324,
      0.11891984746278202,
      0.007184818409615757,
      0.005124510756045242,
      0.005619009522639332,
      0.03049271594575127,
      0.0065011412445250905,
      0.0008948796452995696,
      0.021445145839720403,
      0.04688641465018722,
      0.09944202764869026,
      0.1328305183633295
    ],
    [
      0.036783115483469846,
      0.015110091967624488,
      0.06696129981778928,
      0.02858397446282953,
      0.025937591189802812,
      0.13092274585669034,
      0.003787864358117037,
      0.02422921459621732,
      0.04100154535102173,
      0.048974135623016266,
      0.03189973534185359,
      0.08476596489731104,
      0.06777663115754644,
      0.08906160074275703,
      0.07260881402847157,
      0.07345396811140643,
      0.05898012063000583,
      0.08449159700319848,
      0.014669989380870926
    ],
    [
      0.03335042577300797,
      0.015767715145425524,
      0.08422819518439871,
      0.014815944319130143,
      0.03174533385797135,
      0.07114517964198859,
      0.01484402442715788,
      0.057745264453528664,
      0.07615477232132098,
      0.004359340731237273,
      0.0943925288549493,
      0.03763581215331811,
      0.09389276813917247,
      0.022244847555759957,
      0.10321941997954112,
      0.1076301834288996,
      0.054500895017795904,
      0.05246806262105537,
      0.029859286394341007
    ],
    [
      0.022689937281883333,
      0.04548188747800595,
      0.0845613754410453,
      0.04446581974327366,
      0.045222291841485115,
      0.040961396361609746,
      0.03114091391913646,
      0.13709457303586164,
      0.010735062160349338,
      0.05637564467422924,
      0.12180960407047708,
      0.08951077210245777,
      0.007573888256201203,
      0.06539958960048844,
      0.0022884993907696743,
      0.06062268073803371,
      0.023086241909950993,
      0.0589309093820546,
      0.0520489126126867
    ],
    [
      0.01010469590468427,
      0.02101609414543024,
      0.03378410719035005,
      0.04428425394017043,
      0.07725353617801715,
      0.013913951230282974,
      0.030038151349462663,
      0.03359815223629327,
      0.24063095623657904,
      0.033020571029149105,
      0.0030660175842190164,
      0.005923045018292076,
      0.09616928887911547,
      0.0293272720198415,
      0.04285264631323559,
      0.059213488057830325,
      0.07673203658727498,
      0.06067908448980667,
      0.0883926516099652
    ],
    [
      0.01835653554019557,
      0.01416785869698522,
      0.016707928428303244,
      0.012686225619608844,
      0.01988790521031456,
      0.09046357760169783,
      0.04773853428582399,
      0.08851504245783041,
      0.04523879421519857,
      0.20160158316429386,
      0.06840394754491427,
      0.057581263904404975,
      0.07964431311222454,
      0.005145333039980565,
      0.11341002494909692,
      0.058095121806474845,
      0.02720379823810005,
      0.0290308843074617,
      0.006121327877089986
    ],
    [
      0.019351866959150914,
      0.012479177311470793,
      0.021677114049746194,
      0.05572424880347672,
      0.0038903041189354954,
      0.022911903917713965,
      0.03824923623978165,
      0.0918446285616676,
      0.01766304290410356,
      0.02384702972735985,
      0.4409686985133123,
      0.1303621627744318,
      0.011413821455907028,
      0.06136241043240545,
      0.01903535548631132,
      0.011207355311860281,
      0.006719637710821388,
      0.0024559055374318173,
      0.008836100184111963
    ],
    [
      0.08613815701185204,
      0.00027950108205417317,
      0.05738292368409568,
      0.04228078577063584,
      0.00942078336824798,
      0.008105056668252552,
      0.04986315249168426,
      0.023629312511537014,
      0.0028248059132127234,
      0.06266914526602799,
      0.08859895262762507,
      0.3550161517248908,
      0.07648571433743581,
      0.06044842667280105,
      0.03857566062789677,
      0.020112198676572043,
      0.007149002427363044,
      0.005676787606449374,
      0.005343481531365858
    ],
    [
      0.07921514159683123,
      0.03953857152511847,
      0.07128341735393115,
      0.0006496085345629493,
      0.05796127191789843,
      0.03103217377116841,
      0.07322575315047596,
      0.02874034731682321,
      0.12060009330461581,
      0.02181899365066836,
      0.0785702109643114,
      0.027812968117165295,
      0.12647980376869972,
      0.10110137757608725,
      0.05316938159967041,
      0.042584712911357285,
      0.012069852798455818,
      0.029227200598599637,
      0.00491911954355938
    ],
    [
      0.03447327313559422,
      0.007364784311793003,
      0.020956207010539706,
      0.04447255380631467,
      0.008771344572351175,
      0.02958937950295132,
      0.018711645722771373,
      0.035081409165214746,
      0.018241808537662472,
      0.029180772530898742,
      0.014860481344022802,
      0.042909800326132716,
      0.03507571057408707,
      0.6137116581033606,
      0.019293964864627713,
      0.013787421292239692,
      0.0039419574932707336,
      0.005816304789641504,
      0.0037595229165255785
    ],
    [
      0.060844860876799,
      0.0030721389709196414,
      0.025367501718446622,
      0.09958116519463861,
      0.05063895683028315,
      0.08032810804077853,
      0.048549180337865906,
      0.05292090784857604,
      0.02587451439418963,
      0.07716209401031973,
      0.037714196679017965,
      0.06257207748555116,
      0.07133133382389929,
      0.09112725797942396,
      0.12274560176152549,
