{
  "poids_LS": 0.63,
  "poids_EM": 0.37,
  "mae_validation": 6.767237509984217,
  "matrice_de_transition": [
    [
      0.2690339604596339,
      0.002171653413219415,
      0.007870210354124963,
      0.050994510640943645,
      0.005077884788070283,
      0.03091391880140633,
      0.11075922898975776,
      0.06490636586434692,
      0.07062388930818192,
      0.058135472172596306,
      0.012457495594461968,
      0.15362474228555284,
      0.01835175444237847,
      0.02983252962375502,
      0.005587705351500753,
      0.041872264333770295,
      0.055411700118429864,
      0.004699202883489539,
      0.0076755105743798735
    ],
    [
      0.005300303976670377,
      0.57338996591447,
      0.001818541318881677,
      0.009637969254373432,
      0.031780823494129355,
      0.006317064324113253,
      0.046370456944717836,
      0.015040478532031035,
      0.05744924162540074,
      0.014130038938768246,
      0.002108295314468989,
      0.029406680618037324,
      0.009932010234799461,
      0.0001338224257758933,
      0.02929141286553581,
      0.05486822313631806,
      0.06628401005494505,
      0.010431604263934666,
      0.03630905676262889
    ],
    [
      0.017115338074927277,
      0.01460228287979793,
      0.38936473529163196,
      0.017152869397335953,
      0.02790332207236428,
      0.013413282537827722,
      0.06676181150529249,
      0.17258892965466377,
      0.01563495416840509,
      0.02345907368210621,
      0.005097699245966101,
      0.0906223195527498,
      0.016553021021582428,
      0.02480551447986469,
      0.015150427714871267,
      0.02458869900561085,
      0.0608179628730801,
      0.0006432421125776428,
      0.0037245147293443635
    ],
    [
      0.0167305140050189,
      0.012805100430655247,
      0.018902054529182623,
      0.21701790754830136,
      0.009170923516077033,
      0.023553734730998567,
      0.09820806351216349,
      0.0629172246809933,
      0.08687267147806965,
      0.08472955085263728,
      0.024222422765559394,
      0.10279554130029951,
      0.05179178126575138,
      0.02812921429066108,
      0.05163929124933171,
      0.059163021131828114,
      0.0244995461962216,
      0.016212198308920386,
      0.010639238207329461
    ],
    [
      0.00528408991579902,
      0.041146703402024795,
      0.0077466390166429895,
      0.020250646443230425,
      0.43233289089976146,
      0.01234565051749335,
      0.0798878015845567,
      0.0361504262428302,
      0.09496958969670087,
      0.03406371899535696,
      0.0019249431266362836,
      0.032066752148205466,
      0.011454116649673066,
      0.0024420530563190697,
      0.00033614768402115815,
      0.008055537015935582,
      0.03382697339022832,
      0.06554563203128819,
      0.0801696881832962
    ],
    [
      0.013817007846582581,
      0.005675872109666052,
      0.02515297556607313,
      0.010737127463194848,
      0.009743054558606133,
      0.4100729059791152,
      0.04907587938277549,
      0.011605732053439486,
      0.03946929805318482,
      0.06185662180081549,
      0.01198264170201607,
      0.0870199885558316,
      0.025459242160702725,
      0.033454611446517867,
      0.0426881565175174,
      0.049496545545013704,
      0.05707898428125379,
      0.039856440281424654,
      0.01575691469626893
    ],
    [
      0.012527571102551219,
      0.005922898074931415,
      0.03163901748043404,
      0.005565380099571729,
      0.020138042793545106,
      0.026724585246229216,
      0.35838217810791007,
      0.03897378094142134,
      0.04890341247314652,
      0.05399969942867851,
      0.03935360907736351,
      0.07433234395062031,
      0.07712919026590517,
      0.008355932584397142,
      0.048003824527210276,
      0.08407743015060898,
      0.0350461096490829,
      0.019708815400802524,
      0.011216178645590023
    ],
    [
      0.008523123649032318,
      0.017084566869910868,
      0.0317641714854688,
      0.01776791008029895,
      0.016987053788172075,
      0.01538651436933564,
      0.016477883236815562,
      0.5434161116100739,
      0.004676622840237283,
      0.037216590474756533,
      0.04575589188434165,
      0.05691983865587154,
      0.013791323014424088,
      0.02787801472578637,
      0.01393490354910308,
      0.03910597296887092,
      0.039776107057853206,
      0.022136483727269243,
      0.031400916012377926
    ],
    [
      0.0037956725733331773,
      0.007894370389653998,
      0.0126904768126188,
      0.016634694373465035,
      0.02901909480798614,
      0.005226560360613909,
      0.08934063320022809,
      0.03887337362361399,
      0.4298992781524273,
      0.06774242253799123,
      0.0011517020367117117,
      0.05218838864470603,
      0.0642353631802826,
      0.011016335682580055,
      0.016096933132890526,
      0.04723013928078883,
      0.04483216993082923,
      0.022793158640841082,
      0.039339232638438325
    ],
    [
      0.011372615470818921,
      0.00532193676942592,
      0.006276074638042843,
      0.01521071327983414,
      0.007470583683062321,
      0.033981242347845886,
      0.07339837445979062,
      0.05862377736903325,
      0.024307734333991117,
      0.46101351899805465,
      0.02569488384935866,
      0.061358812764362024,
      0.033048929444184166,
      0.006073980951530102,
      0.04260072003164047,
      0.04273464170457347,
      0.07830707563208175,
      0.010905002227168354,
      0.0022993820452013145
    ],
    [
      0.021452849281248135,
      0.004687609751516948,
      0.008142672282645778,
      0.03146330316562484,
      0.023553448715912077,
      0.00860650197924281,
      0.03875154739525214,
      0.11659260213776333,
      0.006634848603571895,
      0.008957767511800148,
      0.5284160337661172,
      0.10288817334039804,
      0.0042874253184625385,
      0.023049839451766512,
      0.007150336578614405,
      0.043456494554176064,
      0.01766687904205859,
      0.0009225228922332716,
      0.0033191442315953566
    ],
    [
      0.03235646507044188,
      0.00010499025417263358,
      0.021555006866107004,
      0.015882122573741383,
      0.003538771417514469,
      0.003044539053049182,
      0.062343288379193215,
      0.06568811689904488,
      0.04811379745887489,
      0.07169740221577353,
      0.033280824844894696,
      0.4830519392783885,
      0.0526018627388703,
      0.022706515602981103,
      0.014490349677484063,
      0.025048487795537863,
      0.0365591036145079,
      0.005929220151193815,
      0.0020071961082287993
    ],
    [
      0.02975594151353051,
      0.014852052248014044,
      0.026776512102491903,
      0.0002440153886175546,
      0.02177225442601261,
      0.011656755629778998,
      0.0830730428290894,
      0.052048072067155254,
      0.09543583480481313,
      0.04912252053816089,
      0.02951368330639108,
      0.05469176811648083,
      0.42712922630717054,
      0.03797716721132212,
      0.01997225501713508,
      0.025461961676141467,
      0.0064427027705821665,
      0.012226442949531874,
      0.0018477910975806808
    ],
    [
      0.012949351330121687,
      0.0027664672034146305,
      0.007871874714618976,
      0.016812983821830187,
      0.00799541482821503,
      0.017645902900862626,
      0.052085515454769075,
      0.03519439365593391,
      0.022612532301291153,
      0.024616587725791117,
      0.005582109743440037,
      0.04638258587845598,
      0.013175647626814432,
      0.6671454380750809,
      0.019254899312268887,
      0.028104378734585045,
      0.01620690526988516,
      0.0021848048448399556,
      0.0014122065777811817
    ],
    [
      0.02285542997402602,
      0.0011540014408530632,
      0.009528909274949492,
      0.037406122966513994,
      0.019021740129141894,
      0.03017401012699295,
      0.11874751424420438,
      0.06762973225847735,
      0.051583888676321826,
      0.09746419006918579,
      0.014166754082473752,
      0.110615059966852,
      0.0442796513742374,
      0.03423054360648413,
