{
  "poids_LS": 0.6725,
  "poids_EM": 0.3275,
  "mae_validation": 6.653946686094226,
  "matrice_de_transition": [
    [
      0.2779999884716119,
      0.0019222067373766442,
      0.006966199705340339,
      0.0472441462991684,
      0.004494614238089238,
      0.027362995695839387,
      0.11549899645374097,
      0.06730084481985647,
      0.07268994910752564,
      0.059331047633153305,
      0.011026567046449444,
      0.15053340666336987,
      0.016243782648321485,
      0.026405820139945323,
      0.004945874331395937,
      0.04141878596199008,
      0.05766148037803579,
      0.0041594295793049305,
      0.006793864089484888
    ],
    [
      0.0046914852766474285,
      0.5861537726438052,
      0.0016096548160371602,
      0.008530905218398105,
      0.028130323498182067,
      0.005591455584181325,
      0.048074323729414656,
      0.01371095916166904,
      0.05720989482525817,
      0.014298087805395415,
      0.0018661262580772808,
      0.031189693919112374,
      0.00932933852475208,
      0.0001184509309232569,
      0.029367469545924292,
      0.0530814298932226,
      0.06360752570433517,
      0.009939989351798538,
      0.03349911331286594
    ],
    [
      0.015149387079834278,
      0.012924993630091412,
      0.4037488513225713,
      0.0164887602869338,
      0.028777908224341345,
      0.012532244208170562,
      0.06854258973426448,
      0.17309550969438361,
      0.016532122087084482,
      0.021477046465035583,
      0.004512152710956481,
      0.08784951921143119,
      0.014651660498833097,
      0.021956232411231586,
      0.013410175882757676,
      0.024124468752063317,
      0.060360322757503665,
      0.0005693561942410216,
      0.003296698848271025
    ],
    [
      0.014808765774712676,
      0.01133424430010701,
      0.016730872590019756,
      0.22568170516984587,
      0.008117506625716834,
      0.020848238174059543,
      0.10283867530641824,
      0.06691528529068175,
      0.0900203198146772,
      0.08644809956488018,
      0.02144011744789379,
      0.1058378344403993,
      0.04997661084478619,
      0.02489815589240947,
      0.04726793867931565,
      0.059325506330826686,
      0.023742973863866625,
      0.014349986341003857,
      0.009417163548379456
    ],
    [
      0.004677133641686971,
      0.03642039287611654,
      0.006856822372839404,
      0.017924558676102608,
      0.4458675874200634,
      0.010927569039132628,
      0.08308402656327549,
      0.03702196035054352,
      0.09331449058278468,
      0.03592120399518461,
      0.0017038347945226564,
      0.03389444167924052,
      0.01013844108856197,
      0.0021615469620121495,
      0.00029753612572143055,
      0.007130238845186226,
      0.03292449167714173,
      0.06320319818780919,
      0.07653052512207438
    ],
    [
      0.012229919107448096,
      0.005023913826799006,
      0.022263782426726893,
      0.009503808768098143,
      0.008623919913360834,
      0.4293637707030227,
      0.05220553895765026,
      0.010733377568775977,
      0.03936341104479771,
      0.0627468749106634,
      0.010606257182189901,
      0.08717575441841229,
      0.022534869750351738,
      0.029611852023607034,
      0.04062046880334577,
      0.04784095130262071,
      0.05694760494007986,
      0.03677189693073296,
      0.015832027421316758
    ],
    [
      0.011088593340771688,
      0.00524256518794605,
      0.028004806013086882,
      0.004926113466512815,
      0.019335912923239232,
      0.02365486937335154,
      0.3821226196224336,
      0.03767656460115377,
      0.04702018841859788,
      0.0574301307207781,
      0.03555010649110759,
      0.07686828313986477,
      0.0759707316323867,
      0.007396129517270443,
      0.04418811264635814,
      0.08244980085901979,
      0.033701673261814113,
      0.017444964983142776,
      0.009927833801164142
    ],
    [
      0.007544116202859687,
      0.015122150405123809,
      0.02811558422024603,
      0.01592293258326411,
      0.015035838150341499,
      0.013619144475560601,
      0.015464584368525094,
      0.571495242324552,
      0.00425795020429458,
      0.035892590794305165,
      0.04050014754627538,
      0.054667619677855425,
      0.014220983139992337,
      0.025285060364526473,
      0.014739736356792786,
      0.03761904600921333,
      0.040929471722545636,
      0.019593779515353182,
      0.029974021938372848
    ],
    [
      0.0033596831561259885,
      0.006987584601653202,
      0.01123278690846664,
      0.014723952452188648,
      0.02568582040436611,
      0.0046262122110839335,
      0.09343877218991513,
      0.039237921443062984,
      0.44297879633360376,
      0.0701419000812852,
      0.0010194119379002312,
      0.0553855871879948,
      0.062028547176704724,
      0.009750945773094509,
      0.01424796108384229,
      0.046402021682375394,
      0.042627707600912244,
      0.020175025553717446,
      0.0359493622217068
    ],
    [
      0.010889986848138421,
      0.004710633221586456,
      0.005555174172862247,
      0.01538516974415865,
      0.006612476097845704,
      0.03007799153762035,
      0.07517161544742246,
      0.056558120838506615,
      0.022861278976346697,
      0.4789403600922576,
      0.02274344448828368,
      0.061619862888830604,
      0.02982892325574235,
      0.006138155807206289,
      0.03770739408206015,
      0.04167314511216566,
      0.08183860293166587,
      0.00965240061999361,
      0.002035263837306569
    ],
    [
      0.02159803911651502,
      0.004149168090869731,
      0.007207365331260792,
      0.02978673375162694,
      0.0249122839116381,
      0.007617917292437893,
      0.038786259954776525,
      0.11830282795399759,
      0.005872737615323772,
      0.007928834757066346,
      0.5344591422998477,
      0.10098956431446889,
      0.0037949507886391393,
      0.02040222275798252,
      0.006329014133773562,
      0.045685093607506826,
      0.018423395719420508,
      0.0008165574248821526,
      0.0029378911779661607
    ],
    [
      0.028639844082620856,
      9.293056281496621e-05,
      0.01907909391527039,
      0.014057824710541358,
      0.0031322909168540235,
      0.002694828486144884,
      0.06320573679418368,
      0.06859461964127105,
      0.05124352451690846,
      0.07232130615132505,
      0.02945802739649463,
      0.4918999408572887,
      0.05095135266905074,
      0.020098334756692735,
      0.012825917619935219,
      0.025389613466360705,
      0.0385915089810992,
      0.005946664676643634,
      0.001776639798499816
    ],
    [
      0.026338029312652007,
      0.01314607327358,
      0.023700831658286754,
      0.0002159865939790517,
      0.019271387363565217,
      0.01031780396960168,
      0.08375354658736756,
      0.05365876849299121,
      0.09369684133124952,
      0.051009349632011994,
      0.026123598061738054,
      0.05654924616521401,
      0.44790581241755273,
      0.03361492503164323,
      0.01767814464354524,
      0.02427868211923631,
      0.0060538346792250435,
      0.011051593843701989,
      0.0016355448228585758
    ],
    [
      0.011461925839499601,
      0.0024486973219413283,
      0.006967672889291121,
      0.014901550123715404,
      0.007941793667034892,
      0.016820540696653247,
      0.05439183978584208,
      0.03520220152724377,
      0.02291457418739558,
      0.0243011765807227,
      0.004940921462098952,
      0.04662257512394173,
      0.011662228642653316,
      0.6708380163658094,
      0.01925219966027661,
      0.0290937619724707,
      0.017054482961765018,
      0.0019338475315813122,
      0.001249993660063073
    ],
    [
      0.02023014409863114,
      0.0010214472212956168,
      0.008434372398772863,
      0.033109473706846845,
      0.016836810519713433,
      0.02670807653132484,
      0.12359861861984564,
      0.06864619573395833,
      0.05336055275272933,
      0.09886718044723752,
      0.012539491789216633,
      0.11393510347165736,
      0.042410226164301415,
      0.030298656840874467,
