{
  "poids_LS": 0.2925,
  "poids_EM": 0.7075,
  "mae_validation": 7.682850924707292,
  "matrice_de_transition": [
    [
      0.19783314977627903,
      0.004152553486088476,
      0.015049118447414625,
      0.08077681570798237,
      0.009709739155566825,
      0.05911242581620264,
      0.07311989912871458,
      0.045891385923535796,
      0.05421694384280529,
      0.04864119645640841,
      0.023820751711032005,
      0.17817358399112337,
      0.03509153045400748,
      0.05704463434812616,
      0.010684598746450766,
      0.045473416109672045,
      0.03754579805685343,
      0.008985637946132025,
      0.014676820895604759
    ],
    [
      0.010135040712146735,
      0.47203032424033736,
      0.003477345900294018,
      0.018429360128295144,
      0.06077008816782844,
      0.012079251376513856,
      0.03283975012506657,
      0.025598426473141003,
      0.05934993680300357,
      0.012795533233199565,
      0.0040314025269913775,
      0.015247457344794296,
      0.014717932638116908,
      0.0002558901790174176,
      0.028687433344803746,
      0.06905746359619379,
      0.08753844460390584,
      0.014335605036780396,
      0.05862331356957
    ],
    [
      0.03272730185948932,
      0.027921932803937937,
      0.2751379315165253,
      0.022426677038764806,
      0.020958079100781693,
      0.020409763390987514,
      0.052620337334044365,
      0.1685660881627708,
      0.008510385402421692,
      0.03919870158237296,
      0.009747627612218963,
      0.1126416163808681,
      0.031652060466944784,
      0.04743216620136289,
      0.02897007461694979,
      0.028275233372017736,
      0.06445216379089301,
      0.0012299832287802222,
      0.0071218761378679385
    ],
    [
      0.031991455833921274,
      0.024485428526185373,
      0.036143793457828935,
      0.14821716173015376,
      0.017536292939525678,
      0.04503856033022023,
      0.06143555808719928,
      0.031167919839349648,
      0.06187664056971551,
      0.07108225225541423,
      0.04631720028819803,
      0.07863615459950712,
      0.06620636990282788,
      0.05378761921795328,
      0.08635297342298871,
      0.05787269749272182,
      0.030507620600216997,
      0.031000352171786958,
      0.02034394873428539
    ],
    [
      0.010104036798453531,
      0.07867916934306093,
      0.014812830011553826,
      0.03872251988806899,
      0.3248514773561873,
      0.023606885786828503,
      0.054506014988848564,
      0.029229420093342097,
      0.10811302383662345,
      0.01931310282025508,
      0.003680803411068029,
      0.017552747048809415,
      0.02190212845849647,
      0.0046696014522857885,
      0.0006427688822837011,
      0.015403493077768716,
      0.04099373993532771,
      0.08414731255303323,
      0.10906892425770472
    ],
    [
      0.026420359598532908,
      0.01085318788537495,
      0.04809656814323444,
      0.020531128865433394,
      0.018630300270848214,
      0.25688074493632107,
      0.024222700405828773,
      0.01853325296106147,
      0.04031016547272946,
      0.05478696475202323,
      0.02291275406534154,
      0.08578302435298496,
      0.0486821995370194,
      0.06397064215786863,
      0.059108029541821525,
      0.0626439115875463,
      0.05812229081410551,
      0.06435134336044689,
      0.01516043129147734
    ],
    [
      0.023954747446094563,
      0.011325541589226962,
      0.06049893207407319,
      0.010641909244451348,
      0.026507897645974145,
      0.051101740707316684,
      0.16985514255139972,
      0.04927520482001683,
      0.06385842702397397,
      0.026758039167887583,
      0.0695578943211606,
      0.05419400333014959,
      0.08632871470855186,
      0.015977898117462103,
      0.07830506593397721,
      0.09700272158381724,
      0.04572251625386443,
      0.03768645107045348,
      0.021447152410148492
    ],
    [
      0.016297594545109095,
      0.03266846232557281,
      0.06073824682694371,
      0.03241920196851678,
      0.03248200150035606,
      0.029421510584608016,
      0.02452466836735752,
      0.3204347794656891,
      0.00800137612566463,
      0.047730705584223265,
      0.08749268515722086,
      0.07480510701070545,
      0.01037931613491153,
      0.04846912288873264,
      0.007543584193920113,
      0.05091392235438709,
      0.030617034720589797,
      0.04232854658660267,
      0.04273213365888884
    ],
    [
      0.007257941474684387,
      0.01509531635318974,
      0.02426624958088595,
      0.031808233160071656,
      0.05548921507202755,
      0.009994030959822544,
      0.05679658828212511,
      0.03597843505740139,
      0.3260325161254374,
      0.0486877479294803,
      0.0022022410566852326,
      0.026798870800942273,
      0.08176007850281283,
      0.02106502025790646,
      0.030779946463567694,
      0.053806367268189645,
      0.0623381943154641,
      0.04358421550917586,
      0.0662587918301299
    ],
    [
      0.015205254533281717,
      0.01017640611991578,
      0.012000872449771112,
      0.013825323710198307,
      0.014284967448017818,
      0.06497764584081342,
      0.05931675485212601,
      0.07502752040556829,
      0.03579429158587326,
      0.3186533103087956,
      0.04913278465789528,
      0.05928576765828803,
      0.05861956682298681,
      0.005564357097630966,
      0.08145948492536657,
      0.05116417346781204,
      0.050262594135384475,
      0.020852132637085435,
      0.004396791343189
    ],
    [
      0.020299871177658198,
      0.008963469997833083,
      0.015570109837761862,
      0.044777236747372814,
      0.012762698632205416,
      0.01645702743328186,
      0.038475888834323214,
      0.1030113971264913,
      0.012686906451424639,
      0.01712870409350974,
      0.48042664246884625,
      0.11796536266395316,
      0.008198252467060125,
      0.04407503084358057,
      0.013672603052350518,
      0.025758796189490573,
      0.011659246604184516,
      0.0017640133682568638,
      0.006346742010415446
    ],
    [
      0.06187080820902063,
      0.000200758391424698,
      0.04121666853451542,
      0.030369193840329805,
      0.006766704805112127,
      0.005821652378465666,
      0.055494433318974884,
      0.042607065710778366,
      0.02326008258625541,
      0.0667428709628644,
      0.06363833399395405,
      0.4127883973282983,
      0.0657088544697904,
      0.043418539970565224,
      0.02770789836978372,
      0.02233954864488589,
      0.020419413938635722,
      0.005790690096151133,
      0.0038380844501942585
    ],
    [
      0.05689818546168335,
      0.028399532339107938,
      0.05120103327706222,
      0.00046659699309978346,
      0.04163208109838898,
      0.022289607048834165,
      0.07766904239570398,
      0.0392572475090462,
      0.10924548885958289,
      0.03413887773404913,
      0.056434948484518084,
      0.03994120714124669,
      0.26213868954825364,
      0.07261850216759567,
      0.038190190336819106,
      0.034858593451564786,
      0.009530772907829901,
      0.021556127025239794,
      0.00353327622037387
    ],
    [
      0.024761259638002957,
      0.00528993390923203,
      0.015052300974575475,
      0.03199201613038875,
      0.008421229931704377,
      0.02420024981664301,
      0.033770586943306924,
      0.03513238997200266,
      0.020213964382226633,
      0.02712132328956969,
      0.010673899036442773,
      0.04447678892901029,
      0.025193974853976245,
      0.6378220222369417,
      0.01927633772514873,
      0.02024751184549308,
      0.00947614124613334,
      0.004177701156011537,
      0.0027003679831896924
    ],
    [
      0.04370328839627949,
      0.002206637890279844,
      0.018220819762234504,
      0.07152657296975311,
      0.03637265173342673,
      0.05769760044553381,
      0.08022403831999422,
      0.05955781642377541,
      0.037475085716615134,
      0.08632279589053979,
      0.02708913111716265,
      0.08425000860516252,
      0.059125086864905516,
      0.06545435027456087,
      0.1852044317746671,
