{
  "poids_LS": 0.585,
  "poids_EM": 0.41500000000000004,
  "mae_validation": 6.8877191500279915,
  "matrice_de_transition": [
    [
      0.25954051903518655,
      0.0024357734229352897,
      0.008827398099896919,
      0.05496548464988214,
      0.005695465370403156,
      0.03467371973671251,
      0.105740651674952,
      0.0623710352055721,
      0.06843629657946504,
      0.05686956874377125,
      0.01397259641000464,
      0.15689792117962892,
      0.02058372457726234,
      0.033460810253671175,
      0.0062672911374940885,
      0.04235241790389053,
      0.053029579843553006,
      0.005270727558508538,
      0.00860901861720986
    ],
    [
      0.005944935541400558,
      0.5598753470245856,
      0.0020397152630699895,
      0.01081015470422966,
      0.03564605878395591,
      0.007085355931100001,
      0.044566362702097656,
      0.016448204924179033,
      0.05770266764908112,
      0.013952104844692424,
      0.002364709609471974,
      0.027518784181604916,
      0.010570133221908456,
      0.00015009812620809656,
      0.029210882262771534,
      0.05676012186430149,
      0.06911793466147315,
      0.010952137700314099,
      0.03928429100355437
    ],
    [
      0.019196933246202218,
      0.0163782362030166,
      0.3741344947882844,
      0.017856043749526467,
      0.026977289676153267,
      0.014346146651582362,
      0.06487628161579274,
      0.17205255078907802,
      0.01468501166627397,
      0.02555769073547511,
      0.005717689694799816,
      0.09355822579649892,
      0.018566226280964077,
      0.027822401376064454,
      0.01699304730181507,
      0.02508023692113177,
      0.06130252299545516,
      0.0007214742614046534,
      0.00417749625048084
    ],
    [
      0.01876530624887255,
      0.014362477510059266,
      0.021200953053002132,
      0.2078444747725483,
      0.010286306105870186,
      0.026418378144228125,
      0.09330506278883492,
      0.058683984035440805,
      0.08353986735695576,
      0.08290991103967421,
      0.027168393101911215,
      0.09957428974019386,
      0.053713726417361586,
      0.031550334947633374,
      0.05626778220581932,
      0.058990977979947276,
      0.02530062278342099,
      0.018183952157302598,
      0.011933199610923586
    ],
    [
      0.005926749500152955,
      0.04615103219416295,
      0.008688797815964435,
      0.022713562902542235,
      0.41800203576061823,
      0.013847148553404704,
      0.07650356337179562,
      0.03522762542289845,
      0.09672204758202388,
      0.03209697017201005,
      0.0021590578312271833,
      0.030131551468285993,
      0.01284718489084952,
      0.0027390595091146322,
      0.0003770305104561639,
      0.009035264490846668,
      0.034782542262908236,
      0.06802585610085421,
      0.084022919659884
    ],
    [
      0.015497454746842627,
      0.006366180879760572,
      0.028212121243027972,
      0.012042994316826656,
      0.010928020653571744,
      0.38964728450674263,
      0.045762122185849255,
      0.012529401507789084,
      0.0395814137091241,
      0.06091400086097652,
      0.013439990017126136,
      0.08685505999545204,
      0.02855563647754495,
      0.03752341554136464,
      0.04487747292075795,
      0.051249527684018054,
      0.05721809181896735,
      0.04312242735862762,
      0.01567738357563005
    ],
    [
      0.014051194615023667,
      0.006643250543504155,
      0.03548700609291926,
      0.006242250652222345,
      0.02098735677386898,
      0.029974872641040883,
      0.33324524003370865,
      0.04034730412523408,
      0.05089741441325685,
      0.05036747806057305,
      0.043380847109869794,
      0.07164723186789088,
      0.07835579352492472,
      0.00937219465547247,
      0.05204399004811253,
      0.08580080234170342,
      0.03646963052972044,
      0.02210583349008932,
      0.012580308480864487
    ],
    [
      0.009559719768509223,
      0.01916241959733246,
      0.035627381530998786,
      0.019721415665394662,
      0.019053046816463273,
      0.017257847198038623,
      0.017550787920887823,
      0.5136852673241559,
      0.005119923278294263,
      0.038618472489352094,
      0.05132079765405888,
      0.059304541103182735,
      0.013336388763822413,
      0.03062349581417921,
      0.013082727635078683,
      0.04068036622027307,
      0.03855489741288475,
      0.024828758775180367,
      0.032911745031912715
    ],
    [
      0.004257308426846672,
      0.008854496518125431,
      0.014233913181721087,
      0.01865783287834592,
      0.032548444176525,
      0.005862223107175061,
      0.08500142721114769,
      0.03848738181478564,
      0.41605037654882865,
      0.06520179925685643,
      0.0012917739060415146,
      0.048803119598870855,
      0.0665719918899533,
      0.012356160292623578,
      0.018054668243647484,
      0.048106969679108935,
      0.04716630651544722,
      0.025565299556619056,
      0.04292850719733054
    ],
    [
      0.011883634012480628,
      0.005969199349491235,
      0.007039381012939946,
      0.015025994670549362,
      0.008379168185056388,
      0.03811409614690823,
      0.07152082517876868,
      0.06081094310723792,
      0.025839275300908734,
      0.44203215783948674,
      0.028819937290496877,
      0.06108240675021882,
      0.036458347761357854,
      0.00600603110434355,
      0.04778188868413729,
      0.04385857927300529,
      0.07456781143252211,
      0.012231286281823966,
      0.0025790366182663394
    ],
    [
      0.021299118867436143,
      0.005257724451025766,
      0.009132997289994591,
      0.033238494309857904,
      0.02211468203808452,
      0.009653238706448018,
      0.03871479292046162,
      0.11478177480292706,
      0.007441789649952261,
      0.01004722572269476,
      0.5220174482598144,
      0.1048984652502054,
      0.00480886893827555,
      0.02585319830400839,
      0.008019972108445888,
      0.04109680143888467,
      0.01686586138367538,
      0.0010347216223697505,
      0.0037228239354380357
    ],
    [
      0.03629171082225238,
      0.00011775933913957552,
      0.02417656175522813,
      0.017813732075953173,
      0.003969162535860824,
      0.00341482082977138,
      0.061430107704497444,
      0.06261064340727601,
      0.0447999688091923,
      0.07103679804871899,
      0.037328492731435944,
      0.4736834670183765,
      0.05434946163632631,
      0.025468118851992322,
      0.01625268950312402,
      0.024687295908784268,
      0.03440714499105827,
      0.005910749477188124,
      0.0022513145538241943
    ],
    [
      0.033374907373284225,
      0.016658382926826566,
      0.030033114925767948,
      0.0002736929358818518,
      0.024420231315662795,
      0.013074469152319686,
      0.08235250943797134,
      0.05034262879274072,
      0.09727712201211576,
      0.04712470149761265,
      0.03310318533014135,
      0.05272502665311627,
      0.4051304880726483,
      0.0425960118721586,
      0.022401313059759616,
      0.026714845912864577,
      0.006854445455548531,
      0.01347040082629293,
      0.0020725224472864395
    ],
    [
      0.01452427243783919,
      0.0031029294308569507,
      0.008829264882613177,
      0.01883685479630466,
      0.008052190175346944,
      0.01851981582296668,
      0.04964352498657412,
      0.03518612649807641,
      0.022292723245415882,
      0.02495055246762826,
      0.006261014982507069,
      0.04612847961852989,
      0.014778091257102676,
      0.6632356492966622,
      0.01925775776731953,
      0.02705679648270612,
      0.015309470066718251,
      0.002450524352996167,
      0.00158396143183565
    ],
    [
      0.025635144430326485,
      0.0012943529674433007,
      0.010687830673254161,
      0.041955516300279216,
      0.021335195009713207,
      0.03384382216946507,
      0.113611050787643,
      0.06655347681385042,
      0.049702714948360927,
      0.09597867084536632,
      0.01588973768709894,
      0.10709971978529341,
      0.04625904277299315,
      0.038393717828894364,
