{
  "poids_LS": 0.53,
  "poids_EM": 0.47,
  "mae_validation": 7.035781817048227,
  "matrice_de_transition": [
    [
      0.24793742396086207,
      0.002758586768143581,
      0.009997294233618196,
      0.059818897327473634,
      0.0064502860821433325,
      0.0392690319909756,
      0.09960683495685607,
      0.05927229773373622,
      0.06576257213325551,
      0.05532235344187397,
      0.015824386295667903,
      0.16089847316127742,
      0.02331168807545373,
      0.03789537546801313,
      0.007097895987041497,
      0.042939272267370814,
      0.05011809950759241,
      0.00596925771686509,
      0.009749972891779838
    ],
    [
      0.006732818564959667,
      0.5433574794925048,
      0.0023100389726334815,
      0.012242825809609493,
      0.04037023524929945,
      0.008024379006306023,
      0.04236135862778413,
      0.018168759403471027,
      0.0580124105669127,
      0.013734629840821971,
      0.0026781048589200667,
      0.025211355203743093,
      0.011350061317263889,
      0.00016999064895856716,
      0.029112455970504086,
      0.0590724425318368,
      0.07258162029167417,
      0.011588345233666735,
      0.04292068840912995
    ],
    [
      0.021741105122204916,
      0.018548845820283856,
      0.3555197563953041,
      0.018715479068870427,
      0.025845472303006475,
      0.01548631390172692,
      0.06257174508418194,
      0.17139697662002878,
      0.013523970830335935,
      0.028122667134037094,
      0.0064754557989299116,
      0.09714655564997003,
      0.021026810486874978,
      0.03150970758253082,
      0.019245137908079718,
      0.025681005484546222,
      0.061894763145024664,
      0.0008170913321932218,
      0.004731140331869867
    ],
    [
      0.0212522745469159,
      0.016265938384886394,
      0.024010717915448194,
      0.19663250137996133,
      0.011649551493395149,
      0.0299196089826198,
      0.08731250634921113,
      0.05351002324643222,
      0.07946644009781657,
      0.08068590682383045,
      0.030769023513007875,
      0.09563720450006474,
      0.056062770491551825,
      0.035731704639488396,
      0.06192482670819305,
      0.05878070301653737,
      0.026279716389998015,
      0.020593873527547518,
      0.013514707993094179
    ],
    [
      0.006712222325474431,
      0.05226743405122068,
      0.009840325237357311,
      0.02572379413059,
      0.40048654614610985,
      0.01568231281951858,
      0.0723672722228654,
      0.034099757754092984,
      0.09886394055297423,
      0.029693166054586037,
      0.002445198025727171,
      0.02776630619282886,
      0.014549823852287406,
      0.003102067395864764,
      0.00042699840943228196,
      0.010232709182404659,
      0.035950459773961475,
      0.0710572410747682,
      0.08873242479793575
    ],
    [
      0.017551334291604898,
      0.007209891598764984,
      0.03195107707041722,
      0.013639053804598861,
      0.0123763125474186,
      0.36468263604050954,
      0.04171197450071721,
      0.013658330840883035,
      0.03971844395527212,
      0.05976190860117334,
      0.015221193513371766,
      0.08665348064387704,
      0.03234011842035211,
      0.04249639832395513,
      0.047553304080274174,
      0.05339206140946781,
      0.05738811214283948,
      0.047114189341875674,
      0.015580178872626976
    ],
    [
      0.015913401130267766,
      0.007523681338426391,
      0.04019010328595675,
      0.007069536883239764,
      0.022025407194264823,
      0.033947446123588465,
      0.3025223157207959,
      0.04202605468322741,
      0.05333452789561391,
      0.04592809638844416,
      0.04830302692737746,
      0.06836542821122159,
      0.07985497528594863,
      0.010614292742342315,
      0.05698197012921529,
      0.08790714613081885,
      0.03820948938383298,
      0.025035522265884288,
      0.014247578279533272
    ],
    [
      0.010826670581203214,
      0.02170201737529218,
      0.04034908269775766,
      0.02210903360273386,
      0.02157814940659696,
      0.01954503176645338,
      0.018862115868087254,
      0.4773475687524784,
      0.005661734924808349,
      0.04033188384052445,
      0.05812234915037993,
      0.062219177427674174,
      0.012780358013087034,
      0.03397908381110378,
      0.012041179295715534,
      0.042604624638653485,
      0.0370623078468122,
      0.02811931716707174,
      0.03475831383356634
    ],
    [
      0.004821530025585387,
      0.010027984008479403,
      0.01612033541062388,
      0.021130557717644775,
      0.03686209340473915,
      0.006639144241860911,
      0.07969795322449388,
      0.03801561404843989,
      0.3991239412555414,
      0.06209659302435836,
      0.0014629728574446067,
      0.04466556854285011,
      0.06942787142399526,
      0.01399372370489899,
      0.020447455601239315,
      0.04917865127705573,
      0.05001914011886918,
      0.028953471787014348,
      0.04731539832486546
    ],
    [
      0.012508212230067157,
      0.006760298058459952,
      0.007972311026703071,
      0.014800227481423522,
      0.009489660354160245,
      0.04316536190131775,
      0.0692260427241863,
      0.06348414567615474,
      0.027711158704919154,
      0.4188327164234594,
      0.032639447051888024,
      0.060744577177377135,
      0.04062541459345902,
      0.005922981291115543,
      0.05411442814830005,
      0.04523228074553305,
      0.06999759963306035,
      0.013852300126403044,
      0.0029208366520124805
    ],
    [
      0.02111122613944371,
      0.005954531305980988,
      0.010343394521198692,
      0.035408172375031646,
      0.020356189431850844,
      0.01093258359525438,
      0.03866987078460654,
      0.11256854139368272,
      0.008428050928861596,
      0.011378785758232618,
      0.5141969548632221,
      0.10735548869552548,
      0.0054461889180470084,
      0.029279525790081785,
      0.00908285997823992,
      0.03821273207575073,
      0.01588683980120701,
      0.0011718534036476692,
      0.004216210240134642
    ],
    [
      0.04110145563002077,
      0.00013336599854361564,
      0.027380684397487275,
      0.020174588134212024,
      0.004495196124950812,
      0.003867387445765177,
      0.06031399799098038,
      0.05884928691733629,
      0.04074973379291357,
      0.07022939295565231,
      0.04227564237054191,
      0.46223311203391737,
      0.056485415844328105,
      0.028843411711894914,
      0.018406660401128403,
      0.024245839158307646,
      0.0317769733401754,
      0.005888174208958947,
      0.002549681542885232
    ],
    [
      0.037798087868538756,
      0.018866120423152975,
      0.03401340726532755,
      0.0003099654936493261,
      0.027656647514124125,
      0.01480723012431386,
      0.08147185751549371,
      0.04825819812401184,
      0.09952758415437453,
      0.04468292267027592,
      0.03749035447028056,
      0.050321231531226265,
      0.37824314134156556,
      0.048241266457625394,
      0.025370161778522936,
      0.028246148868859487,
      0.007357686514951865,
      0.014990793786778665,
      0.0023471940969268107
    ],
    [
      0.016449176013938357,
      0.0035141610421753414,
      0.009999408421272752,
      0.021310474876217907,
      0.008121582266285949,
      0.019587931616649408,
      0.0466588699698914,
      0.03517602219402836,
      0.02190184551045722,
      0.025358731596540323,
      0.007090788052477885,
      0.04581790530084244,
      0.016736633471899413,
      0.6584570185674841,
      0.019261251434603655,
      0.025776418174854095,
      0.014212604818403139,
      0.0027752926407426464,
      0.001793884031235555
    ],
    [
      0.02903257321024927,
      0.001465893722164702,
      0.012104290160070976,
      0.047515885930436694,
      0.02416275097485592,
      0.038329147999153206,
      0.10733315100740137,
      0.06523805349263974,
      0.04740350261418651,
      0.09416303623847586,
      0.01799560653719639,
      0.1028031928967218,
      0.04867829892702795,
      0.043482041878506864,
