{
  "poids_LS": 0.2275,
  "poids_EM": 0.7725,
  "mae_validation": 7.86173625593609,
  "matrice_de_transition": [
    [
      0.18412040105207733,
      0.0045340601667891835,
      0.016431722969085225,
      0.08651266705422686,
      0.010601799996714307,
      0.06454324938942267,
      0.06587084300732848,
      0.04222924163863884,
      0.05105708767910312,
      0.04681266928143889,
      0.026009230666815864,
      0.18290150906034439,
      0.0383154873155064,
      0.06228548414689393,
      0.011666222659552248,
      0.04616697126651238,
      0.03410495765980908,
      0.009811173587826133,
      0.016025221401914737
    ],
    [
      0.011066175194534773,
      0.45250920806606,
      0.0037968193752326907,
      0.020122516889198583,
      0.06635320580868899,
      0.013189005919939156,
      0.03023383621905966,
      0.027631809039576995,
      0.05971599661498633,
      0.012538517319534485,
      0.004401778730884578,
      0.012520495825503047,
      0.015639665841718785,
      0.0002793995240861556,
      0.028571111363033124,
      0.07179020620328096,
      0.09163189125777976,
      0.015087486667106242,
      0.06292087413979568
    ],
    [
      0.03573405044021979,
      0.030487198715253787,
      0.25313869523391225,
      0.023442373325262215,
      0.019620476750699122,
      0.021757233777521992,
      0.0498967941603225,
      0.16779131869025807,
      0.007138246232676743,
      0.04223003732612804,
      0.01064316937164544,
      0.11688236984406125,
      0.034560023619384934,
      0.05178989171809587,
      0.03163163624253528,
      0.02898523258332573,
      0.06515208396765697,
      0.0013429852215303486,
      0.0077761827795095155
    ],
    [
      0.03493060018615432,
      0.02673497319643562,
      0.039464424658901556,
      0.13496664772073272,
      0.019147401124782453,
      0.04917637859377403,
      0.05435344593128025,
      0.025053238906884948,
      0.05706259017255101,
      0.06845388363668978,
      0.05057249077403954,
      0.07398323567935453,
      0.06898251289959816,
      0.05872923794469104,
      0.09303857147124858,
      0.05762419071778284,
      0.031664731226171666,
      0.03384844106389459,
      0.022213004095032456
    ],
    [
      0.011032322864742547,
      0.08590764426503826,
      0.016173726055018135,
      0.04228006588485271,
      0.30415135326631376,
      0.0257757162831449,
      0.049617670903749224,
      0.027896485575662905,
      0.11064435189320113,
      0.01647224340875398,
      0.004018969095477105,
      0.014757457177814622,
      0.02391433814019579,
      0.00509861077299049,
      0.0007018218538009315,
      0.016818654985973614,
      0.042374006084754265,
      0.08772985843129523,
      0.11463470305722043
    ],
    [
      0.028847671787797416,
      0.011850300553289256,
      0.05251533412105809,
      0.022417380987346,
      0.020341917963576317,
      0.22737706947622738,
      0.019436162232490894,
      0.019867442172899773,
      0.040472110309086214,
      0.05342540117225583,
      0.025017812742722745,
      0.08554479421021449,
      0.0531547691057915,
      0.06984780362820285,
      0.06227037545761342,
      0.06517599689944147,
      0.05832322392413622,
      0.06906888024974005,
      0.015045553006110072
    ],
    [
      0.026155536964110316,
      0.012366050710498696,
      0.06605713784766296,
      0.01161961115383557,
      0.027734684506441957,
      0.05579660027760019,
      0.13354623199977553,
      0.05125918275219077,
      0.06673865204857776,
      0.02151149719173526,
      0.07537501592366964,
      0.05031550809954042,
      0.0881004749715801,
      0.017445832220126464,
      0.08414086057528046,
      0.09949203697095364,
      0.047778713081451984,
      0.041148810532756624,
      0.023417562172211602
    ],
    [
      0.017794900051020177,
      0.03566980515407066,
      0.06631843911493147,
      0.03524093225809947,
      0.03546621365233223,
      0.03212454689273454,
      0.026074419577684117,
      0.27749022660825207,
      0.008641698980635824,
      0.04975564627197241,
      0.09553088238014573,
      0.07824967721237715,
      0.009722188884042443,
      0.05243481779418895,
      0.006312663429218208,
      0.05318804593974575,
      0.02885306523341314,
      0.046217388322474295,
      0.04491444224266131
    ],
    [
      0.007924748818648323,
      0.016482165205426252,
      0.02649565766958925,
      0.034730544333788485,
      0.060587164159917,
      0.010912210482633094,
      0.050528846297897875,
      0.03542089133353823,
      0.3060285471424615,
      0.045017958745618945,
      0.002404567090161614,
      0.021909037734735924,
      0.08513520886122607,
      0.023000322472413764,
      0.03360778606799441,
      0.05507290006576314,
      0.06570972493769008,
      0.04758841905418847,
      0.07144329952630754
    ],
    [
      0.01594339242679307,
      0.0111113409577879,
      0.01310342610240026,
      0.013558507941231406,
      0.015597367284231467,
      0.07094732355057012,
      0.056604739223983194,
      0.07818675980519724,
      0.03800651742697648,
      0.29123578863530875,
      0.05364675073953936,
      0.058886514526747855,
      0.06354428217001547,
      0.005466207318361502,
      0.0889433952011953,
      0.052787638844435755,
      0.044861434736020556,
      0.02276787627158798,
      0.0048007368376162575
    ],
    [
      0.02007781613548532,
      0.009786969008234708,
      0.017000579292821255,
      0.04734140173348724,
      0.010684480097565615,
      0.01796898048368938,
      0.03842279903740357,
      0.1003957576428389,
      0.013852487962862942,
      0.018702365953690847,
      0.47118424118196434,
      0.12086911764478599,
      0.00895144880679003,
      0.04812432696348549,
      0.014928743262107101,
      0.02235035057851411,
      0.01050222109763099,
      0.0019260782006762223,
      0.006929834915965981
    ],
    [
      0.0675550520727469,
      0.00021920262526583633,
      0.0450033589299126,
      0.03315929645463572,
      0.0073883808649457495,
      0.006356503833731062,
      0.05417539456663653,
      0.03816182622266778,
      0.01847344120338055,
      0.0657886649437856,
      0.06948496538562474,
      0.399256159619392,
      0.06823316398833797,
      0.04740752244135919,
      0.030253500340152537,
      0.021817827030686247,
      0.017311029260319598,
      0.005764010233698469,
      0.004190699982720939
    ],
    [
      0.0621255805924387,
      0.03100867665294824,
      0.05590501513290539,
      0.0005094645613704349,
      0.04545693660566146,
      0.024337415470281825,
      0.07662827194186678,
      0.03679382944600298,
      0.11190512593679781,
      0.0312531391199239,
      0.06161978474104624,
      0.037100358360831226,
      0.23036273432061039,
      0.0792901666776928,
      0.04169882973172121,
      0.03666831512683149,
      0.010125512341670206,
      0.023352955069450204,
      0.003857888169948854
    ],
    [
      0.02703614568248379,
      0.005775934904426492,
      0.01643519788390043,
      0.03491538531574076,
      0.008503238766450474,
      0.025462568481904414,
      0.03024326737813643,
      0.03512044852176405,
      0.019752017968184578,
      0.027603716805556677,
      0.011654539937317373,
      0.04410974655356149,
      0.02750861565328148,
      0.6321745495570038,
      0.01928046660466633,
      0.018734337481667966,
      0.008179845952670028,
      0.004561518223348286,
      0.0029484583279350348
    ],
    [
      0.0477184314998246,
      0.002409367873132409,
      0.019894817337563465,
      0.07809791889630287,
      0.03971430878314084,
      0.06299844006243797,
      0.07280470221607228,
      0.05800322522598096,
      0.034757834776227174,
      0.08417704590057833,
      0.02957788521273236,
      0.07917229500957787,
      0.06198420777421937,
      0.07146782415137565,
      0.17057443555537266,
