{
  "poids_LS": 0.925,
  "poids_EM": 0.07499999999999996,
  "mae_validation": 5.994311764598369,
  "matrice_de_transition": [
    [
      0.33126874313101073,
      0.0004402000161931244,
      0.0015953129096199239,
      0.024962569915680164,
      0.0010293009705547866,
      0.006266334892176955,
      0.14365879138681772,
      0.0815268668496485,
      0.08496477497421483,
      0.0664341724282272,
      0.0025251680259044513,
      0.13216723620216522,
      0.0037199502248064444,
      0.006047134383193582,
      0.0011326429766555575,
      0.038724590929648764,
      0.07102782192040039,
      0.0009525411250316629,
      0.0015558467380499734
    ],
    [
      0.0010743859412169676,
      0.6619858008592675,
      0.00036862324031385323,
      0.001953642416427046,
      0.0064420588163775685,
      0.0012804860116445776,
      0.05819729697967227,
      0.005812049961283063,
      0.0557878932479405,
      0.015296495777709763,
      0.0004273571583383083,
      0.041782890590205304,
      0.005748759541529397,
      2.712616738700538e-05,
      0.029819335705879395,
      0.04246577591953779,
      0.04770605985659414,
      0.007019218403225066,
      0.016804743405450732
    ],
    [
      0.0034693252854582296,
      0.0029599222053644436,
      0.4892074230357992,
      0.012543170866309248,
      0.0339739788919698,
      0.007297840014325087,
      0.07912250744756864,
      0.17610519110683687,
      0.021862355015709097,
      0.009701472998910082,
      0.0010333174147228576,
      0.0713758230659501,
      0.0033553420989694094,
      0.005028144826999596,
      0.0030710326449063362,
      0.021366394892751498,
      0.05764140207084364,
      0.00013038691471168427,
      0.0007549692018941273
    ],
    [
      0.003391320406422748,
      0.0025956284656733597,
      0.0038314975396991783,
      0.27715485574490445,
      0.0018589709829885867,
      0.004774405688715923,
      0.13034995714287295,
      0.0906684689129485,
      0.10872105404981623,
      0.09665830073761743,
      0.004909950560586361,
      0.12391263486099213,
      0.03919236304964007,
      0.005701867761620486,
      0.02129696164569077,
      0.060290859571935834,
      0.019248044124581178,
      0.003286256413970347,
      0.002156602339323538
    ],
    [
      0.0010710993072565575,
      0.008340547986896913,
      0.0015702646655357403,
      0.004104860765519678,
      0.5262796079230337,
      0.002502496726518921,
      0.10207336320154603,
      0.04219989828460498,
      0.08348125467069445,
      0.046956850170631205,
      0.00039019117431816534,
      0.04475306771656646,
      0.002321780401960755,
      0.0004950107546592706,
      6.813804405834283e-05,
      0.0016328791248518065,
      0.027562688558215517,
      0.04928638535302217,
      0.05490961517010949
    ],
    [
      0.002800744833766738,
      0.001150514616824199,
      0.005098576128258064,
      0.0021764447560530084,
      0.0019749434916093503,
      0.543974202298002,
      0.07079939878484744,
      0.005550565630481012,
      0.03873431764202727,
      0.06803602573975984,
      0.00242891385851677,
      0.08810118689609754,
      0.0051606571947370354,
      0.0067813401580779425,
      0.028335971207384906,
      0.03800477374487411,
      0.05616705708957598,
      0.01844608055309411,
      0.016278285376012683
    ],
    [
      0.002539372520787408,
      0.001200587447621232,
      0.006413314354142031,
      0.0011281175877510255,
      0.014570317811421951,
      0.005417145658019433,
      0.523168772149897,
      0.029969573403093447,
      0.03583162197686772,
      0.07781092839736983,
      0.012952826419822368,
      0.09193474538184658,
      0.06908812445677695,
      0.001693770118458879,
      0.021518295001295474,
      0.07277976800898991,
      0.02571413943157015,
      0.00399503014881132,
      0.0022735497254574356
    ],
    [
      0.0017276601991281716,
      0.0034630878790359843,
      0.006438683409216644,
      0.004961595689115956,
      0.0034433217138186614,
      0.0031188880478383034,
      0.009444396974564073,
      0.7383183130399805,
      0.001770542190752638,
      0.028026475045741166,
      0.009274842949528708,
      0.04128678927905376,
      0.016773669768368398,
      0.009879860924100002,
      0.019521390096596338,
      0.02878495054301234,
      0.04778181473042419,
      0.004487125079851871,
      0.02149659243987209
    ],
    [
      0.0007693930891891572,
      0.0016002102141190527,
      0.0025723939485038094,
      0.0033718975081348025,
      0.005882248947564755,
      0.0010594379109352514,
      0.11778653912864404,
      0.04140376437037759,
      0.5206865219982407,
      0.08439761960320817,
      0.00023345311554967115,
      0.07438070794518102,
      0.048917463861330245,
      0.0022330410167391993,
      0.003262891851261591,
      0.04148202889180144,
      0.029530607876111344,
      0.004620234859629946,
      0.01580954386347827
    ],
    [
      0.008022605031036625,
      0.0010787709667755237,
      0.0012721772914951702,
      0.01642164638514546,
      0.0015143075033234425,
      0.006888089665103892,
      0.0857067530798234,
      0.04428569086302484,
      0.014267632439753389,
      0.5854468865931106,
      0.0052084224018970225,
      0.06317080774596744,
      0.010698298253823334,
      0.006519429949753051,
      0.008635281087494685,
      0.03536660653374274,
      0.10282002982919494,
      0.0022104734244260166,
      0.0004660909551083743
    ],
    [
      0.022460637549571193,
      0.0009501911658480294,
      0.001650541678914684,
      0.019825938997874742,
      0.03298536360389271,
      0.0017445612120086766,
      0.03899249339665669,
      0.1284635813328011,
      0.0013449017439672753,
      0.001815763684824353,
      0.5703623165296579,
      0.0897095930427721,
      0.0008690726996883519,
      0.004672264753736452,
      0.0014493925497191353,
      0.05892559386553079,
      0.022917994802570743,
      0.00018699788356079817,
      0.0006727995064044638
    ],
    [
      0.0065587429196841615,
      2.1281808278236525e-05,
      0.0043692581485352015,
      0.0032193491703529807,
      0.0007173185305772568,
      0.0006171362945369959,
      0.0683296950244211,
      0.08586266534508526,
      0.06983778527346081,
      0.07602802953313116,
      0.006746113144235407,
      0.5444674796495785,
      0.041145381077769765,
      0.004602672081685356,
      0.0029372330427332545,
      0.027416301275366994,
      0.05066638792378876,
      0.006050305680786678,
      0.000406864075992324
    ],
    [
      0.006031609766256181,
      0.0030105511313541964,
      0.005427671372126733,
      4.94625787738286e-05,
      0.004413294816083635,
      0.002362855870901147,
      0.08779653950419666,
      0.06322820019942836,
      0.08336517422360695,
      0.06221933424842153,
      0.005982503372917108,
      0.06758485104298177,
      0.5713431769557055,
      0.007698074434727452,
      0.004048430071040892,
      0.017248609457623312,
      0.003743500724691552,
      0.004071607979653841,
      0.0003745522495095973
    ],
    [
      0.0026248685128625023,
      0.0005607703790705329,
      0.001595650279990332,
      0.0035453852113864043,
      0.0076232208859058235,
      0.011916918189291628,
      0.06809411963515821,
      0.035248589468555296,
      0.024709058334251258,
      0.022427263307080954,
      0.0011315087317783853,
      0.048048393582415916,
      0.002670739383813735,
      0.6927762756224913,
      0.019236160551381318,
      0.03497186238579135,
      0.02209009160175712,
      0.0004428658469270178,
      0.0002862580900907799
    ],
    [
      0.004632857427167434,
      0.0002339192109837289,
      0.0019315356638411121,
      0.0075823222229420215,
      0.0038557581342855167,
      0.006116353404120188,
      0.1524198857927732,
      0.0746851846176983,
      0.063916027559621,
      0.1072025938697801,
