{
  "poids_LS": 0.9225,
  "poids_EM": 0.07750000000000001,
  "mae_validation": 6.0007118775230195,
  "matrice_de_transition": [
    [
      0.3307413297185414,
      0.0004548733500662289,
      0.001648490006607256,
      0.02518317958284342,
      0.0010636110029066136,
      0.006475212721916192,
      0.14337998153599518,
      0.08138601514638323,
      0.08484324204484167,
      0.06636384445995916,
      0.0026093402934346016,
      0.13234907947405833,
      0.0038439485656333286,
      0.006248705529300039,
      0.001170397742544077,
      0.03875126612798877,
      0.07089548190512944,
      0.0009842924958660523,
      0.0016077082959849737
    ],
    [
      0.0011101988059242008,
      0.6612349886987182,
      0.00038091068165764866,
      0.002018763830307949,
      0.006656794110256826,
      0.0013231688786993977,
      0.05809706952174892,
      0.0058902569830690645,
      0.055801972471478306,
      0.015286610550261107,
      0.0004416023969495856,
      0.04167800745484795,
      0.005784210818591009,
      2.803037296657225e-05,
      0.0298148617835036,
      0.04257088140442576,
      0.04786350011251237,
      0.007048136927468369,
      0.016970034196613262
    ],
    [
      0.0035849694616401735,
      0.003058586278876594,
      0.488361298563391,
      0.01258223610809761,
      0.03392253264773585,
      0.007349665798422568,
      0.07901775578704087,
      0.176075392280971,
      0.021809580432257367,
      0.00981806283520836,
      0.0010677613285469537,
      0.0715389289683806,
      0.0034671868356017255,
      0.005195749654566254,
      0.0031734003997365497,
      0.02139370255472488,
      0.05766832207764225,
      0.00013473314520207383,
      0.0007801348419572654
    ],
    [
      0.0035043644199701757,
      0.00268214941452914,
      0.003959214124355821,
      0.2766452205906959,
      0.001920936682421541,
      0.004933552545006457,
      0.13007756821379912,
      0.09043328887708445,
      0.10853589826530989,
      0.09655720963689726,
      0.005073615579272576,
      0.12373367644098625,
      0.039299137780285084,
      0.005891930020341173,
      0.021554100032162314,
      0.06028130161905357,
      0.019292548379425588,
      0.003395798294436028,
      0.0022284890839676576
    ],
    [
      0.0011068026174984435,
      0.008618566253126817,
      0.0016226068210535996,
      0.004241689457703671,
      0.5254834493041923,
      0.0025859132840695535,
      0.10188534996750373,
      0.042148631572386554,
      0.0835786134421013,
      0.046847586347111926,
      0.00040319754679543786,
      0.04464555656768204,
      0.0023991730820261156,
      0.0005115111131479133,
      7.040931219362098e-05,
      0.0016873084290135345,
      0.027615775717808846,
      0.04942417557910917,
      0.05512368358547548
    ],
    [
      0.002894102994892298,
      0.0011888651040516732,
      0.005268528665866671,
      0.0022489929145881105,
      0.0020407749413296635,
      0.5428394455495369,
      0.07061530116279598,
      0.005601880600167102,
      0.03874054628957945,
      0.06798365790976878,
      0.002509877653800664,
      0.08809202419829869,
      0.005332679101228274,
      0.007007384830013879,
      0.028457599896453828,
      0.03810216164148546,
      0.05617478528611562,
      0.01862752427960539,
      0.016273866980421634
    ],
    [
      0.0026240182714803236,
      0.0012406070292086074,
      0.006627091499280103,
      0.0011657215073427273,
      0.014617501921439947,
      0.005597717179953418,
      0.521772275590219,
      0.030045880246638602,
      0.035942399862429406,
      0.07760913832136396,
      0.01317656186607272,
      0.09178557248836161,
      0.06915626908227804,
      0.0017502291224075098,
      0.021742748641345604,
      0.07287551090849516,
      0.025793223924938907,
      0.0041281978204383675,
      0.0023493347163060186
    ],
    [
      0.0017852488724324452,
      0.00357852414167052,
      0.00665330618952387,
      0.005070123777176831,
      0.0035580991042792865,
      0.0032228509827662497,
      0.009504002790345868,
      0.7366665994685406,
      0.001795169992866915,
      0.028104357379885366,
      0.009584004381179671,
      0.04141927274834882,
      0.01674839564333497,
      0.010032387651232943,
      0.019474046990261652,
      0.028872416834756907,
      0.04771396975014816,
      0.004636695915846936,
      0.021580527385401803
    ],
    [
      0.000795039525495463,
      0.0016535505545896892,
      0.0026581404134539384,
      0.0034842940917392986,
      0.006078323912483584,
      0.0010947525079664272,
      0.11754547212925066,
      0.04138232038099823,
      0.5199171385758186,
      0.08425647386536735,
      0.00024123488606799372,
      0.07419263744263462,
      0.04904727656742307,
      0.002307475717297174,
      0.0033716549129703135,
      0.04153074169170811,
      0.029660282130812343,
      0.004774242688284282,
      0.016008948005638953
    ],
    [
      0.008050994950017832,
      0.0011147299990013754,
      0.001314583201211677,
      0.016411384240185192,
      0.0015647844201008918,
      0.007117692653940694,
      0.08560244478643328,
      0.04440720007070288,
      0.014352718049026592,
      0.5843923665287457,
      0.0053820364819602605,
      0.06315545185629282,
      0.010887710382555212,
      0.006515654958242687,
      0.00892312379041118,
      0.03542904750976673,
      0.1026122929292194,
      0.002284155871906885,
      0.0004816273202786538
    ],
    [
      0.022452096971026084,
      0.0009818642047096312,
      0.001705559734878508,
      0.019924560728109917,
      0.03290543212179118,
      0.0018027132524089673,
      0.03899045148139055,
      0.1283629798141991,
      0.001389731802099519,
      0.0018762891409851662,
      0.5700068395570854,
      0.08982127592665028,
      0.0008980417896779643,
      0.004828006912194338,
      0.0014977056347097743,
      0.058794499803570155,
      0.022873493821549455,
      0.00019323114634615826,
      0.0006952261566179464
    ],
    [
      0.006777367683673639,
      2.1991201887511093e-05,
      0.004514900086819712,
      0.003326660809364749,
      0.000741229148263166,
      0.0006377075043548963,
      0.06827896276471578,
      0.08569169459554253,
      0.06965368368181178,
      0.07599132930162812,
      0.006970983582376593,
      0.5439470089684667,
      0.04124246990540621,
      0.004756094484408205,
      0.003035140810824365,
      0.02739623505943624,
      0.05054683466693044,
      0.006049279532230806,
      0.0004204262118587351
    ],
    [
      0.006232663425131392,
      0.003110902835732672,
      0.0056085937511976295,
      5.111133139962293e-05,
      0.0045604046432864255,
      0.00244161773326452,
      0.08775650987135676,
      0.06313345335084977,
      0.083467467957346,
      0.0621083443017244,
      0.0061819201520143495,
      0.06747558762835039,
      0.5701210248315652,
      0.007954676915885039,
      0.004183377740075591,
      0.017318214137441265,
      0.003766375318300795,
      0.0041407167505850126,
      0.0003870373244932508
    ],
    [
      0.0027123641299579213,
      0.0005794627250395511,
      0.0016488386226566776,
      0.0036578224877461003,
      0.007626375071857597,
      0.0119654689071863,
      0.06795845349803627,
      0.03524813018200766,
      0.024691291164480406,
      0.022445816903849683,
      0.0011692256895043322,
      0.04803427656797558,
      0.0027597640299408615,
      0.6925590651348014,
      0.019236319354439688,
      0.03491366337179808,
      0.022040234090470068,
      0.0004576280418245854,
      0.0002958000264271395
    ],
    [
      0.004787286008073019,
      0.00024171651801652006,
      0.0019959201859691507,
      0.007835066297040096,
      0.0039842834054283705,
      0.0063202318509242,
      0.15213452671185312,
      0.07462539264855236,
      0.06381151790806762,
      0.10712006502401233,
