{
  "poids_LS": 0.3125,
  "poids_EM": 0.6875,
  "mae_validation": 7.6279490804154015,
  "matrice_de_transition": [
    [
      0.20205245707603336,
      0.004035166815103642,
      0.014623701671515978,
      0.07901193837067637,
      0.009435258896752216,
      0.05744140317828879,
      0.07535037793529492,
      0.047018199549657934,
      0.05518920727779057,
      0.04920382020255288,
      0.02314737357079082,
      0.17671883781597847,
      0.03409954372739243,
      0.055432065179274535,
      0.010382560619342616,
      0.04526001452295195,
      0.03860451817902093,
      0.008731626979456914,
      0.014261928432124765
    ],
    [
      0.009848537794488877,
      0.47803682152473037,
      0.0033790463695436567,
      0.01790838881724793,
      0.05905220581679441,
      0.011737788440075302,
      0.03364156978845331,
      0.024972770298853003,
      0.059237303014701176,
      0.012874615052788821,
      0.003917440618101162,
      0.01608652242765314,
      0.014434322421624022,
      0.0002486565343808828,
      0.02872322472381009,
      0.06821661971709003,
      0.08627892255656001,
      0.014104256842833984,
      0.057300987240269774
    ],
    [
      0.03180214845003379,
      0.02713262021584075,
      0.2819069272957909,
      0.022114155104457914,
      0.021369649054653255,
      0.01999515711820768,
      0.053458350618266474,
      0.16880447876969779,
      0.008932582070035524,
      0.03826598289198678,
      0.0094720763016262,
      0.11133676916142406,
      0.030757302573886272,
      0.046091327580829664,
      0.028151132578308098,
      0.02805677207623066,
      0.06423680373650409,
      0.0011952133848571063,
      0.006920551017362837
    ],
    [
      0.031087103725541874,
      0.023793260935339143,
      0.03512206078057582,
      0.15229424296382174,
      0.017040567344062053,
      0.04376538547989599,
      0.06361466951978975,
      0.03304936012626186,
      0.06335788684576613,
      0.07189098106117559,
      0.04500788013870833,
      0.08006782195955409,
      0.06535217205766779,
      0.052267121148187816,
      0.08429586633121644,
      0.05794916111577998,
      0.030151586561461715,
      0.03012401712806153,
      0.019768854777132444
    ],
    [
      0.00981841031651845,
      0.07645502321322176,
      0.014394092767410962,
      0.037627890350597076,
      0.3312207463069176,
      0.022939553326423456,
      0.05601012086118683,
      0.02963955379108954,
      0.10733415366536878,
      0.020187213408409267,
      0.0035767524312498513,
      0.01841283623988474,
      0.0212829870179736,
      0.00453759858437665,
      0.0006245987372014763,
      0.014968058644474902,
      0.04056904265858108,
      0.08304499074433723,
      0.1073563769347768
    ],
    [
      0.025673494309528446,
      0.010546383987555164,
      0.046736947842365616,
      0.01995074359715259,
      0.01810364867308572,
      0.26595879892404223,
      0.025695481382240433,
      0.018122733203572758,
      0.040260336292312,
      0.055205907391951664,
      0.022265043703070402,
      0.08585632593537587,
      0.047306024285089524,
      0.06216228478238118,
      0.05813500002927017,
      0.06186480841465548,
      0.05806046524178838,
      0.06289979354835668,
      0.015195778456205731
    ],
    [
      0.023277581440551254,
      0.011005384936527966,
      0.05878871491296865,
      0.01034107788771774,
      0.026130424765830204,
      0.049657168531844834,
      0.18102711502882254,
      0.04866475007165561,
      0.06297220393948048,
      0.028372359775934452,
      0.06776801075115779,
      0.055387386478029335,
      0.08578355770454316,
      0.015526226085873068,
      0.07650943681357619,
      0.09623677838777528,
      0.04508984030691441,
      0.03662110969743713,
      0.02084087248335984
    ],
    [
      0.015836885158674915,
      0.03174497222449654,
      0.059021264584485936,
      0.0315509772640298,
      0.03156378237667108,
      0.028589807105184467,
      0.024047821841103184,
      0.3336484880372082,
      0.007804353708750417,
      0.04710764691106968,
      0.0850193937040132,
      0.07374523925634492,
      0.01058150913517894,
      0.04724890907166915,
      0.007922329044597623,
      0.05021419202043057,
      0.031159794562798,
      0.041131979898642174,
      0.04206065409465116
    ],
    [
      0.007052769984233945,
      0.014668593629424659,
      0.023580277861284932,
      0.03090906049123571,
      0.05392061535267695,
      0.009711514183573142,
      0.05872512427727196,
      0.03614998697243622,
      0.3321875835048146,
      0.04981691383220688,
      0.0021399868925386536,
      0.028303434821313457,
      0.0807215768540703,
      0.020469542653442672,
      0.029909841969897936,
      0.05341666486893626,
      0.0613008002778561,
      0.0423521528799412,
      0.06466355869284449
    ],
    [
      0.01497813518143207,
      0.009888733862108973,
      0.011661625172039067,
      0.01390742086988043,
      0.013881152113798232,
      0.06314082193011905,
      0.060151221199246874,
      0.07405544674414398,
      0.03511360671168765,
      0.32708947082371476,
      0.0477438720173894,
      0.059408614775685015,
      0.05710426979313184,
      0.005594557029713877,
      0.07915674330203466,
      0.050664645659620124,
      0.05192448933518876,
      0.020262673057238497,
      0.0042725004218267665
    ],
    [
      0.020368195806019083,
      0.008710085686940275,
      0.015129965390051278,
      0.04398826290549146,
      0.013402150489017661,
      0.015991811110079544,
      0.038492224156452336,
      0.10381620927530741,
      0.012328265986366698,
      0.016644500444223245,
      0.48327045824942527,
      0.11707189959292766,
      0.007966499747143231,
      0.04282909357591751,
      0.013286098372425415,
      0.026807548685175642,
      0.01201525445235483,
      0.0017141472659739842,
      0.0061673288087075884
    ],
    [
      0.06012181009710485,
      0.0001950832425505016,
      0.04005153302823937,
      0.029510700728235674,
      0.006575419863624858,
      0.005657082699922466,
      0.05590029139661745,
      0.04397483170712009,
      0.024732895319447678,
      0.06703647281488864,
      0.0618393704888246,
      0.41695216277719255,
      0.06493214384869883,
      0.04219116074878246,
      0.026924636225054848,
      0.02250007837233193,
      0.02137583999350222,
      0.005798899284598108,
      0.003729587363262972
    ],
    [
      0.055289756190681695,
      0.02759671870408015,
      0.049753654244495085,
      0.00045340697209342914,
      0.04045520248076667,
      0.02165951214992719,
      0.07798927945842311,
      0.04001522229767489,
      0.1084271389896706,
      0.035026797307626124,
      0.054839614251740186,
      0.0408153144582976,
      0.27191590654137465,
      0.07056568231833502,
      0.037110608984541535,
      0.03430175601302118,
      0.009347776158955962,
      0.021003256857790434,
      0.003433395620504644
    ],
    [
      0.02406129470123962,
      0.0051403951414798876,
      0.014626794233244719,
      0.031092517919511203,
      0.008395996444090194,
      0.02381184407348565,
      0.03485591604028246,
      0.03513606426438377,
      0.02035610174039342,
      0.02697289451541985,
      0.010372163374635203,
      0.04458972504453299,
      0.02448177768495925,
      0.639559706138461,
      0.019275067300681778,
      0.020713103957439274,
      0.009875001336429745,
      0.004059603596830999,
      0.0026240324924988174
    ],
    [
      0.04246785974903484,
      0.0021442594340175163,
      0.017705743585210206,
      0.06950462037696857,
      0.035344449564283925,
      0.05606657287110176,
      0.08250691096735482,
      0.06003615217694293,
      0.03831116292904219,
      0.08698302665668177,
      0.026323360626218123,
      0.08581238201918856,
      0.058245357354347396,
      0.06360405062015632,
      0.18970596907291154,
