{
  "poids_LS": 0.765,
  "poids_EM": 0.235,
  "mae_validation": 6.409463035909055,
  "matrice_de_transition": [
    [
      0.2975142847329758,
      0.0013792933840717904,
      0.004998647116809098,
      0.03908158861412815,
      0.0032251430410716662,
      0.0196345159954878,
      0.12581496093417505,
      0.07251235784067137,
      0.07718666749433258,
      0.06193318245907147,
      0.007912193147833951,
      0.1438052056033246,
      0.011655844037726865,
      0.018947687734006565,
      0.0035489479935207485,
      0.04043180362340959,
      0.06255806094306045,
      0.002984628858432545,
      0.004874986445889919
    ],
    [
      0.0033664092824798337,
      0.613933822584123,
      0.0011550194863167408,
      0.0061214129048047464,
      0.020185117624649727,
      0.004012189503153012,
      0.051782739672578335,
      0.010817299355587048,
      0.05668896355435962,
      0.014663841220995719,
      0.0013390524294600334,
      0.03507036992733453,
      0.008017641273472483,
      8.499532447928358e-05,
      0.029533004673828633,
      0.04919252695236777,
      0.05778223623536073,
      0.008870003954796375,
      0.027383354039852446
    ],
    [
      0.010870552561102458,
      0.009274422910141928,
      0.4350554568016746,
      0.015043346340764409,
      0.030681419260997312,
      0.010614690196563805,
      0.07241840117379174,
      0.17419806625142092,
      0.01848478167479845,
      0.017163222521999505,
      0.0032377278994649558,
      0.08181460082150248,
      0.010513405243437489,
      0.01575485379126541,
      0.009622568954039859,
      0.023114085259048095,
      0.05936428250595494,
      0.0004085456660966109,
      0.0023655701659349333
    ],
    [
      0.01062613727345795,
      0.008132969192443197,
      0.012005358957724097,
      0.24453820587556038,
      0.005824775746697574,
      0.0149598044913099,
      0.11291706568214918,
      0.07561694661765077,
      0.0968710838414113,
      0.09018847029152652,
      0.015384511756503938,
      0.11245929598061648,
      0.04602594581092079,
      0.017865852319744198,
      0.03775381837986891,
      0.059679150587470635,
      0.02209631643462344,
      0.010296936763773759,
      0.0067573539965470894
    ],
    [
      0.0033561111627372154,
      0.02613371702561034,
      0.004920162618678656,
      0.012861897065295,
      0.47532545631719114,
      0.00784115640975929,
      0.09004051622283994,
      0.03891882870262544,
      0.08971221604073183,
      0.03996396546539772,
      0.0012225990128635854,
      0.03787235418796389,
      0.007274911926143703,
      0.001551033697932382,
      0.00021349920471614098,
      0.005116354591202329,
      0.030960266772188563,
      0.05810495982259018,
      0.0686099937535328
    ],
    [
      0.008775667145802449,
      0.003604945799382492,
      0.01597553853520861,
      0.006819526902299431,
      0.0061881562737093,
      0.4713497703962329,
      0.05901715097355417,
      0.008834723690390693,
      0.03913295108536695,
      0.0646844846203324,
      0.007610596756685883,
      0.08751477423697025,
      0.016170059210176054,
      0.021248199161977566,
      0.03612020730779575,
      0.04423759912800067,
      0.056661661668113095,
      0.030058479049815758,
      0.015995508058185563
    ],
    [
      0.007956700565133883,
      0.0037618406692131955,
      0.020095051642978375,
      0.003534768441619882,
      0.017590100852573495,
      0.016973723061794233,
      0.4337929923305142,
      0.03485321138998315,
      0.04292140665281555,
      0.06489636353299487,
      0.027271894979844686,
      0.0823876801988086,
      0.0734493804888465,
      0.005307146371171158,
      0.035883327964503504,
      0.07890731357732567,
      0.030775547007170286,
      0.012517761132942144,
      0.007123789139766636
    ],
    [
      0.005413335290601607,
      0.01085100868764609,
      0.02017454134887883,
      0.011907393325011817,
      0.01078907470329848,
      0.00977251588322669,
      0.013259169184598778,
      0.6326086444678277,
      0.0033467215260663437,
      0.03301094443096984,
      0.029061174575189964,
      0.04976573131393798,
      0.015156125766229111,
      0.019641571460607864,
      0.016491431291176268,
      0.03438279321466445,
      0.04343973599275857,
      0.01405965858353587,
      0.02686842895377356
    ],
    [
      0.0024107650127926936,
      0.005013992004239702,
      0.00806016770531194,
      0.010565278858822387,
      0.018431046702369575,
      0.0033195721209304556,
      0.10235825116746929,
      0.04003134905009903,
      0.47144598296322326,
      0.0753642923813956,
      0.0007314864287223034,
      0.06234419578221153,
      0.057225477051270505,
      0.006996861852449495,
      0.010223727800619658,
      0.044599648085828496,
      0.03782976017697528,
      0.014476735893507174,
      0.02857140896176169
    ],
    [
      0.009839559845833803,
      0.003380149029229976,
      0.003986155513351536,
      0.015764869107688474,
      0.0047448301770801225,
      0.021582680950658874,
      0.07903102230285647,
      0.05206228015441923,
      0.019713111433238256,
      0.5179576024737582,
      0.016319723525944012,
      0.062188030806791625,
      0.022820674492663107,
      0.006277830493089756,
      0.027057214074150026,
      0.03936282899927805,
      0.08952486823076067,
      0.006926150063201522,
      0.0014604183260062402
    ],
    [
      0.02191404052268411,
      0.002977265652990494,
      0.005171697260599346,
      0.026137729732925642,
      0.02786974874939474,
      0.00546629179762719,
      0.03886181081962372,
      0.12202508414227214,
      0.004214025464430798,
      0.005689392879116309,
      0.5476117902850256,
      0.096857297610976,
      0.0027230944590235042,
      0.014639762895040893,
      0.00454142998911996,
      0.050535573900050264,
      0.02006993201720822,
      0.0005859267018238346,
      0.002108105120067321
    ],
    [
      0.020550727815010383,
      6.668299927180782e-05,
      0.013690342198743637,
      0.010087294067106012,
      0.002247598062475406,
      0.0019336937228825884,
      0.06508283040328056,
      0.07492053737435149,
      0.05805528340792269,
      0.07367921471693718,
      0.021137821185270956,
      0.5111573560584246,
      0.04735906604650226,
      0.014421705855947457,
      0.009203330200564202,
      0.026132063455798653,
      0.04301497948485676,
      0.005984632173210888,
      0.001274840771442616
    ],
    [
      0.018899043934269378,
      0.009433060211576487,
      0.017006703632663774,
      0.00015498274682466305,
      0.013828323757062062,
      0.00740361506215693,
      0.08523464300244357,
      0.05716440189039888,
      0.08991197318290521,
      0.05511597765980558,
      0.01874517723514028,
      0.060591992506574474,
      0.49312544101073735,
      0.024120633228812697,
      0.012685080889261468,
      0.021703308965972144,
      0.005207474715683072,
      0.008494569319248708,
      0.0011735970484634053
    ],
    [
      0.008224588006969178,
      0.0017570805210876707,
      0.004999704210636376,
      0.01074137089840676,
      0.007825088786819291,
      0.015024164134550475,
      0.05941148685935394,
      0.035219195129506414,
      0.023571959468916964,
      0.023614693500279685,
      0.0035453940262389423,
      0.04714490465823426,
      0.008368316735949706,
      0.6788748044103364,
      0.01924632394711695,
      0.03124712549022183,
      0.018899210879385887,
      0.0013876463203713232,
      0.0008969420156177775
    ],
    [
      0.014516286605124634,
      0.000732946861082351,
      0.006052145080035488,
      0.023757942965218347,
      0.01208137548742796,
      0.019164573999576603,
      0.1341569046138884,
      0.07085849859235813,
      0.0572274098602045,
      0.10192074774064419,
      0.008997803268598194,
      0.12116108051152781,
      0.03834147717797015,
