{
  "poids_LS": 0.4625,
  "poids_EM": 0.5375,
  "mae_validation": 7.21855313849201,
  "matrice_de_transition": [
    [
      0.2336972618241911,
      0.003154766782717393,
      0.011433075852276127,
      0.06577535834088138,
      0.007376656955642641,
      0.04490873339393487,
      0.09207896898464744,
      0.05546930174557399,
      0.06248118304018019,
      0.053423498298636386,
      0.018097037518981913,
      0.16580824150239154,
      0.026659643277779532,
      0.04333779641288736,
      0.0081172746660315,
      0.043659502622551166,
      0.04654491909527712,
      0.0068265447293935876,
      0.011150234956024817
    ],
    [
      0.007699765912054939,
      0.5230855511576783,
      0.0026417998889159498,
      0.014001103984393835,
      0.046168088184039266,
      0.009176816416786145,
      0.039655217263853876,
      0.020280348991693016,
      0.05839254960243326,
      0.013467728699708234,
      0.0030627263014245446,
      0.02237951054909449,
      0.012307245797927378,
      0.000194404199606872,
      0.028991660066357675,
      0.06191029062381194,
      0.07683250720146632,
      0.01236914538823588,
      0.04738353977051818
    ],
    [
      0.024863497879117326,
      0.02121277580511186,
      0.3326743956402828,
      0.0197702405971562,
      0.02445642370868996,
      0.016885610072358878,
      0.059743450249932314,
      0.17059240832165024,
      0.012099057077139257,
      0.031270592714090446,
      0.0074054414721804835,
      0.1015504150155937,
      0.024046618375947446,
      0.03603503792683046,
      0.022009067288495422,
      0.0264183123578276,
      0.06262160332858725,
      0.0009344395554337378,
      0.005410612613574582
    ],
    [
      0.024304462912696372,
      0.01860200400399242,
      0.027459065701177458,
      0.1828723522163318,
      0.013322625378084879,
      0.034216574102464134,
      0.0799580052642183,
      0.04716016227810349,
      0.07446723391614575,
      0.07795644710438585,
      0.035187979017535606,
      0.09080532715990626,
      0.058945688218967125,
      0.04086338562494684,
      0.06886756314292444,
      0.05852263828871611,
      0.027481331270797094,
      0.023551504300120832,
      0.015455650098485365
    ],
    [
      0.007676211702005333,
      0.05977392723942791,
      0.011253563436339478,
      0.02941816881955771,
      0.37899026343739506,
      0.01793455987338561,
      0.06729091490372377,
      0.03271555652419536,
      0.10149262738095874,
      0.026743042819565663,
      0.00279637008261352,
      0.024863505172949652,
      0.016639426214052087,
      0.003547577075058108,
      0.0004883226490847905,
      0.011702300394771286,
      0.03738381308298135,
      0.0747775771791172,
      0.09451227201281746
    ],
    [
      0.020072004641994965,
      0.008245354753906763,
      0.03653979558584948,
      0.01559785408504657,
      0.014153761689867017,
      0.33404420383195077,
      0.036741338705327864,
      0.015043835022407432,
      0.03988661743918105,
      0.058347977191414886,
      0.01740721598603686,
      0.0864060878033077,
      0.03698470989561544,
      0.04859960446622528,
      0.050837278685135004,
      0.05602153461797433,
      0.05759677344940983,
      0.05201316995768012,
      0.015460882191668659
    ],
    [
      0.018198836398976435,
      0.0086042100412855,
      0.045962086204684574,
      0.008084842712215688,
      0.023299378164750632,
      0.038822877215805955,
      0.26481690860949386,
      0.04408633945894651,
      0.0563255308057794,
      0.04047976433628597,
      0.054343883976136875,
      0.06433776008712744,
      0.08169488017447797,
      0.012138685848955307,
      0.06304221841056867,
      0.0904922044174605,
      0.040344770704789285,
      0.02863104939981448,
      0.016293773032444964
    ],
    [
      0.01238156476041857,
      0.02481879646642457,
      0.04614389776605264,
      0.025039291980377423,
      0.024677138949033756,
      0.022352031009507854,
      0.020471472894195642,
      0.43275130232360143,
      0.006326685581893818,
      0.04243470686241779,
      0.06646970780495577,
      0.06579623109864097,
      0.012097956637184522,
      0.03809730544369304,
      0.010762915424678941,
      0.04496621451575672,
      0.03523049337935952,
      0.03215772973893843,
      0.037024557362868526
    ],
    [
      0.00551398380585563,
      0.011468173201186552,
      0.01843548996427731,
      0.0241652654749661,
      0.04215611745754743,
      0.007592638361702638,
      0.07318914424087328,
      0.03743662633519737,
      0.3783505888501434,
      0.05828565810265618,
      0.0016730806614393108,
      0.03958766497409735,
      0.07293281448850131,
      0.01600346061996427,
      0.02338405826737475,
      0.0504938968745359,
      0.053520344995796165,
      0.033111683160681304,
      0.052699310163203776
    ],
    [
      0.013274740042559716,
      0.007731191928557924,
      0.009117270589048725,
      0.014523149567496355,
      0.010852537107151344,
      0.04936464259991125,
      0.06640971880265337,
      0.06676489428346175,
      0.030008470155295584,
      0.3903606746856076,
      0.03732702721359535,
      0.060329968156162345,
      0.04573954206921955,
      0.005821056520335715,
      0.061886181127045276,
      0.04691818709818076,
      0.06438870333372089,
      0.01584172620838646,
      0.0033403185116100175
    ],
    [
      0.02088063051872572,
      0.0068097033552442145,
      0.011828882032221908,
      0.038070959091381244,
      0.018198039415109512,
      0.01250268868606219,
      0.038614739072420745,
      0.10985230039142832,
      0.009638462498432145,
      0.013012973074574536,
      0.5045990766037679,
      0.1103709265602365,
      0.006228354347766526,
      0.0334845640684446,
      0.010387313272987142,
      0.034673192402813635,
      0.014685313313632197,
      0.0013401514988523877,
      0.00482172979589866
    ],
    [
      0.04700432425773651,
      0.0001525196259940285,
      0.03131301673116896,
      0.023072002387529707,
      0.005140782802470344,
      0.004422810110848474,
      0.05894422697893671,
      0.05423307667968299,
      0.03577899081838967,
      0.06923848670507049,
      0.048347144200353784,
      0.4481804036438993,
      0.05910681419051213,
      0.03298581658541174,
      0.021050170139588334,
      0.023704051328177253,
      0.028549035405000964,
      0.00586046819795041,
      0.0029158592112783236
    ],
    [
      0.04322653665816932,
      0.021575616441371754,
      0.03889831150024161,
      0.00035448181454577184,
      0.0316286128485994,
      0.016933800408124894,
      0.08039105742881664,
      0.04570003321239002,
      0.10228951496532848,
      0.04168619410945357,
      0.042874607505905965,
      0.047371119336179435,
      0.3452450339897822,
      0.0551695334488801,
      0.029013748842459743,
      0.03012547522394415,
      0.007975300542401413,
      0.016856730601920247,
      0.0026842911214854485
    ],
    [
      0.018811557675514613,
      0.004018854383338821,
      0.011435493673264054,
      0.02434628133792962,
      0.008206745286983818,
      0.020898800999805484,
      0.04299588426759897,
      0.035163621457242104,
      0.021422131926644317,
      0.02585967870929604,
      0.008109145911078431,
      0.0454367459109533,
      0.019140298917331777,
      0.6525923353998562,
      0.019265539117179625,
      0.0242050447970357,
      0.012866452013652776,
      0.0031738719029769627,
      0.0020515163123172573
    ],
    [
      0.03320214489469996,
      0.001676421012050058,
      0.013842672257527978,
      0.05433997593108452,
      0.027632933295712883,
      0.043833866062861375,
      0.09962845582255933,
      0.06362367032569935,
      0.044581742022245165,
      0.09193475740274666,
      0.020580081944134167,
      0.0975301826243839,
      0.05164738602516157,
      0.04972680321212221,
      0.22346749880974487,
