{
  "poids_LS": 0.675,
  "poids_EM": 0.32499999999999996,
  "mae_validation": 6.64730057636866,
  "matrice_de_transition": [
    [
      0.2785274018840812,
      0.0019075334035035397,
      0.006913022608353007,
      0.04702353663200515,
      0.004460304205737411,
      0.027154117866100152,
      0.11577780630456352,
      0.06744169652312174,
      0.07281148203689881,
      0.05940137560142136,
      0.010942394778919295,
      0.15035156339147676,
      0.0161197843074946,
      0.026204248993838865,
      0.004908119565507418,
      0.041392110763650056,
      0.05779382039330673,
      0.00412767820847054,
      0.006742002531549888
    ],
    [
      0.004655672411940195,
      0.5869045848043544,
      0.0015973673746933648,
      0.008465783804517202,
      0.027915588204302812,
      0.005548772717126505,
      0.048174551187338,
      0.013632752139883037,
      0.05719581560172037,
      0.014307973032844071,
      0.0018518810194660036,
      0.03129457705446973,
      0.009293887247690468,
      0.00011754672534369003,
      0.029371943468300084,
      0.05297632440833463,
      0.06345008544841695,
      0.009911070827555237,
      0.0333338225217034
    ],
    [
      0.015033742903652336,
      0.012826329556579263,
      0.40459497579497955,
      0.016449695045145436,
      0.02882935446857529,
      0.01248041842407308,
      0.06864734139479224,
      0.1731253085202495,
      0.01658489667053621,
      0.02136045662873731,
      0.004477708797132385,
      0.08768641330900069,
      0.014539815762200781,
      0.021788627583664927,
      0.013307808127927463,
      0.024097161090089934,
      0.06033340275070505,
      0.000565009963750632,
      0.0032715332082078863
    ],
    [
      0.014695721761165247,
      0.01124772335125123,
      0.016603156005363114,
      0.22619134032405439,
      0.00805554092628388,
      0.02068909131776901,
      0.10311106423549206,
      0.0671504653265458,
      0.09020547559918354,
      0.08654919066560035,
      0.021276452429207574,
      0.10601679286040516,
      0.04986983611414118,
      0.024708093633688782,
      0.04701080029284411,
      0.05933506428370896,
      0.023698469609022214,
      0.014240444460538177,
      0.009345276803735337
    ],
    [
      0.004641430331445084,
      0.03614237460988664,
      0.006804480217321544,
      0.017787729983918615,
      0.4466637460389047,
      0.010844152481581996,
      0.08327203979731777,
      0.03707322706276195,
      0.09321713181137786,
      0.036030467818703886,
      0.001690828422045384,
      0.03400195282812494,
      0.01006104840849661,
      0.002145046603523507,
      0.00029526485758615237,
      0.0070758095410244975,
      0.0328714045175484,
      0.06306540796172219,
      0.07631645670670839
    ],
    [
      0.012136560946322535,
      0.004985563339571532,
      0.02209382988911829,
      0.009431260609563041,
      0.00855808846364052,
      0.4304985274514878,
      0.05238963657970172,
      0.010682062599089888,
      0.039357182397245526,
      0.06279924274065446,
      0.010525293386906007,
      0.08718491711621115,
      0.022362847843860497,
      0.0293858073516711,
      0.040498840114276846,
      0.04774356340600936,
      0.05693987674354022,
      0.03659045320422168,
      0.015836445816907806
    ],
    [
      0.011003947590078772,
      0.0052025456063586745,
      0.027791028867948812,
      0.004888509546921113,
      0.01928872881322124,
      0.023474297851417553,
      0.3835191161821115,
      0.03760025775760861,
      0.0469094105330362,
      0.05763192079678396,
      0.03532637104485723,
      0.07701745603334974,
      0.07590258700688561,
      0.0073396705133218125,
      0.04396365900630802,
      0.08235405795951455,
      0.03362258876844536,
      0.01731179731151573,
      0.00985204881031556
    ],
    [
      0.007486527529555413,
      0.015006714142489273,
      0.027900961439938803,
      0.015814404495203237,
      0.014921060759880873,
      0.013515181540632654,
      0.0154049785527433,
      0.5731469558959918,
      0.004233322402180303,
      0.035814708460160966,
      0.04019098611462441,
      0.05453513620856035,
      0.014246257265025764,
      0.025132533637393532,
      0.014787079463127475,
      0.03753157971746876,
      0.04099731670282166,
      0.019444208679358116,
      0.029890086992843137
    ],
    [
      0.0033340367198196824,
      0.006934244261182565,
      0.011147040443516512,
      0.01461155586858415,
      0.025489745439447282,
      0.0045908976140527575,
      0.09367983918930849,
      0.039259365432442336,
      0.443748179756026,
      0.07028304581912602,
      0.0010116301673819088,
      0.0555736576905412,
      0.061898734470611894,
      0.009676511072536535,
      0.014139198022133568,
      0.04635330888246872,
      0.042498033346211245,
      0.020021017725063112,
      0.03574995807954611
    ],
    [
      0.010861596929157214,
      0.004674674189360605,
      0.00551276826314574,
      0.015395431889118917,
      0.006561999181068254,
      0.029848388548783546,
      0.07527592374081257,
      0.05643661163082857,
      0.022776193367073497,
      0.4799948801566225,
      0.022569830408220443,
      0.061635218778505224,
      0.02963951112701048,
      0.006141930798716654,
      0.03741955137914365,
      0.041610704136141666,
      0.0820463398316414,
      0.009578718172512742,
      0.0020197274721362895
    ],
    [
      0.02160657969506013,
      0.004117495052008129,
      0.007152347275296967,
      0.02968811202139177,
      0.024992215393739633,
      0.007559765252037602,
      0.03878830187004267,
      0.1184034294725996,
      0.005827907557191528,
      0.007868309300905534,
      0.53481461927242,
      0.1008778814305907,
      0.0037659816986495265,
      0.02024648059952464,
      0.006280701048782923,
      0.04581618766946746,
      0.0184678967004418,
      0.0008103241620967924,
      0.002915464527752678
    ],
    [
      0.02842121931863138,
      9.222116920569165e-05,
      0.01893345197698588,
      0.01395051307152959,
      0.0031083802991681143,
      0.0026742572763269836,
      0.063256469053889,
      0.06876559039081376,
      0.05142762610855749,
      0.07235800638282809,
      0.029233156958353445,
      0.49242041153840055,
      0.05085426384141428,
      0.019944912353969887,
      0.012728009851844108,
      0.025409679682291457,
      0.03871106223795752,
      0.005947690825199506,
      0.0017630776626334048
    ],
    [
      0.026136975653776796,
      0.013045721569201524,
      0.023519909279215857,
      0.00021433784135325737,
      0.019124277536362425,
      0.010239042107238307,
      0.08379357622020746,
      0.0537535153415698,
      0.09359454759751049,
      0.051120339578709116,
      0.02592418128264081,
      0.056658509579845376,
      0.4491279645416929,
      0.03335832255048564,
      0.01754319697451054,
      0.02420907743941836,
      0.006030960085615801,
      0.010982485072770817,
      0.0016230597478749222
    ],
    [
      0.011374430222404183,
      0.0024300049759723103,
      0.006914484546624775,
      0.014789112847355708,
      0.007938639481083119,
      0.016771989978758575,
      0.05452750592296403,
      0.03520266081379141,
      0.022932341357166423,
      0.02428262298395397,
      0.004903204504373005,
      0.04663669213838207,
      0.011573203996526189,
      0.6710552268534994,
      0.01925204085721824,
      0.029151960986463974,
      0.017104340473052072,
      0.0019190853366837447,
      0.0012404517237267136
    ],
    [
      0.020075715517725554,
      0.0010136499142628257,
      0.008369987876644823,
      0.03285672963274878,
      0.01670828524857058,
      0.02650419808452083,
      0.12388397770076572,
      0.06870598770310428,
      0.05346506240428271,
      0.09894970929300526,
      0.012443770477848564,
      0.11413040014841061,
      0.04230025997548165,
