{
  "poids_LS": 0.045,
  "poids_EM": 0.955,
  "mae_validation": 8.367471635682051,
  "matrice_de_transition": [
    [
      0.14561922194181878,
      0.005605213539525786,
      0.020313651049160376,
      0.10261717275714409,
      0.013106432358397624,
      0.07979133096038661,
      0.04551772389728291,
      0.0319470673002743,
      0.04218518383486242,
      0.04167872759787061,
      0.0321538061965167,
      0.1961760679085418,
      0.04736736619586875,
      0.07700017781266498,
      0.014422320569414105,
      0.04811426074533333,
      0.024444136545030706,
      0.012129023658736512,
      0.019811115131169673
    ],
    [
      0.01368051431816273,
      0.3976999203459734,
      0.004693802593329734,
      0.024876380102504397,
      0.08202888226187442,
      0.016304855214940964,
      0.02291723179065565,
      0.03334092162995498,
      0.06074377993324564,
      0.01181689571578253,
      0.005441681149507795,
      0.004864026944416077,
      0.018227609067216367,
      0.0003454065313945354,
      0.02824451502960023,
      0.07946290660010265,
      0.1031250299398104,
      0.017198538936867264,
      0.07498710189466014
    ],
    [
      0.04417607530150148,
      0.0376896760816406,
      0.19137160874811385,
      0.026294135975812635,
      0.01586490092162113,
      0.02554051601663803,
      0.042249922941795734,
      0.16561600440204932,
      0.0032857016407005363,
      0.05074109537590191,
      0.013157575080804394,
      0.1287891007214882,
      0.04272468939354384,
      0.06402504413046156,
      0.039104482345140704,
      0.030978691907382786,
      0.0671172444639558,
      0.0016602600473287804,
      0.00961327450411856
    ],
    [
      0.043182813175116345,
      0.033051002462907465,
      0.04878773533883623,
      0.09776328146351217,
      0.023670897183388016,
      0.060794099102982786,
      0.03446905410889219,
      0.007885096288810973,
      0.043546217903589146,
      0.06107423328411732,
      0.06252003713813302,
      0.06091927101892604,
      0.07677706823668397,
      0.0726037828313009,
      0.11180967368367052,
      0.056926460157377214,
      0.03491354182981362,
      0.04184499833788911,
      0.02746073645405307
    ],
    [
      0.013638664512400173,
      0.10620297769982076,
      0.019994703407821772,
      0.05226856041428393,
      0.24603177409089957,
      0.031865124984340944,
      0.03589270481866261,
      0.02415401558371749,
      0.1177515422059,
      0.008495984291847034,
      0.004968434286317975,
      0.006909143309252314,
      0.029564003784966965,
      0.006303136942661382,
      0.0008676244276762325,
      0.02079199418977968,
      0.04624936873506727,
      0.09778854493564625,
      0.1302616973789376
    ],
    [
      0.03566281754996315,
      0.014649886120894809,
      0.06492186936648606,
      0.027713396560408325,
      0.025147613793159072,
      0.14453982683827205,
      0.005997035822734522,
      0.02361343495998425,
      0.040926801580395536,
      0.04960254958290891,
      0.030928169798446887,
      0.08487591727089741,
      0.06571236827965163,
      0.08634906467952586,
      0.07114926975964454,
      0.0722853133520702,
      0.05888738227153011,
      0.08231427228506318,
      0.014723010127963511
    ],
    [
      0.03233467676469301,
      0.01528748016637703,
      0.0816628694427419,
      0.014364697284029733,
      0.031179124537755436,
      0.06897832137878082,
      0.03160198314329213,
      0.05682958233098684,
      0.07482543769458075,
      0.006780821643307577,
      0.0917077034999451,
      0.039425886875137726,
      0.09307503263315943,
      0.021567339508376405,
      0.10052597629893961,
      0.10648126863483663,
      0.05355188109737088,
      0.05087005056153084,
      0.028949866504158032
    ],
    [
      0.021998873202232063,
      0.04409665232639156,
      0.08198590207735865,
      0.043163482686543186,
      0.04384496315595765,
      0.03971384114247442,
      0.03042564412975495,
      0.1569151358931403,
      0.01043952853497802,
      0.05544105666449886,
      0.1180996668906656,
      0.08792097047091697,
      0.007877177756602318,
      0.06356926887489323,
      0.002856616666785938,
      0.059573085237098936,
      0.023900381673263298,
      0.05713605935011385,
      0.05104169326633018
    ],
    [
      0.009796938669008607,
      0.020376010059782616,
      0.032755149610948525,
      0.04293549493691651,
      0.07490063659899125,
      0.013490176065908873,
      0.032930955342182926,
      0.033855480108845495,
      0.24986355730564477,
      0.03471431988323897,
      0.0029726363379991476,
      0.008179891048848854,
      0.09461153640600166,
      0.02843405561314582,
      0.04154748957273095,
      0.05862893445895025,
      0.07517594553086299,
      0.058830990545954684,
      0.08599980190403707
    ],
    [
      0.0180158565124211,
      0.01373635031027501,
      0.016199057511705174,
      0.012809371359132028,
      0.019282182208985178,
      0.08770834173565628,
      0.04899023380650529,
      0.08705693196569397,
      0.04421776690392016,
      0.21425582393667242,
      0.06632057858415547,
      0.05776553458050044,
      0.07737136756744208,
      0.005190632938104932,
      0.10995591251409904,
      0.05734583009418698,
      0.029696641037806473,
      0.028146694937691293,
      0.005934891495046636
    ],
    [
      0.019454353901692242,
      0.01209910084513158,
      0.02101689737818032,
      0.054540788040654674,
      0.004849481904153866,
      0.022214079432910493,
      0.038273739222975334,
      0.09305184678489178,
      0.017125082206516647,
      0.02312072425343011,
      0.4452344221841808,
      0.12902196816789357,
      0.011066192376031687,
      0.059493504530910866,
      0.018455598466423667,
      0.01278048405538788,
      0.0072536494830768615,
      0.002381106384007498,
      0.008566980381550177
    ],
    [
      0.08351465984397836,
      0.00027098835874287856,
      0.055635220424681595,
      0.04099304610249464,
      0.009133855956017076,
      0.007858202150437752,
      0.05047193960814811,
      0.025680961506049593,
      0.005034025013001122,
      0.06310954804406435,
      0.0859005073699309,
      0.3612617998982321,
      0.07532064840579847,
      0.058607357840126904,
      0.03740076741080346,
      0.020352993267741103,
      0.008583641509662792,
      0.005689101389119835,
      0.0051807359009689285
    ],
    [
      0.07680249769032875,
      0.03833435107257679,
      0.06911234880508045,
      0.0006298235030534179,
      0.05619595399146498,
      0.030087031422807952,
      0.07370610874455466,
      0.029877309499766237,
      0.11937256849974738,
      0.02315087301103385,
      0.07617720961514454,
      0.02912412909274166,
      0.14114562925838123,
      0.09802214780219627,
      0.05155000957125405,
      0.04174945675354188,
      0.011795357675144908,
      0.028397895347425598,
      0.004769298643755541
    ],
    [
      0.03342332573044922,
      0.007140476160164789,
      0.020317946898543573,
      0.043123306489998355,
      0.0087334943409299,
      0.029006770888215287,
      0.02033963936823467,
      0.03508692060378641,
      0.018455014574912647,
      0.028958129369673978,
      0.014407877851311446,
      0.043079204499416775,
      0.03400741482056158,
      0.6163181839556396,
      0.01929205922792728,
      0.014485809460158977,
      0.004540247628715339,
      0.005639158450870697,
      0.0036450196804892663
    ],
    [
      0.05899171790593202,
      0.0029785712865261498,
      0.024594887452910174,
      0.09654823630546179,
      0.049096653576568935,
      0.07788156667913045,
      0.05197348930890681,
      0.05363841147832732,
      0.027128630212830226,
      0.0781524401595327,
      0.03656554094260117,
      0.06491563760659022,
      0.07001173955806213,
      0.08835180849781714,
      0.12949790770889216,
