{
  "poids_LS": 0.475,
  "poids_EM": 0.525,
  "mae_validation": 7.18463847779873,
  "matrice_de_transition": [
    [
      0.23633432888653758,
      0.0030814001133518724,
      0.011167190367339475,
      0.06467231000506513,
      0.00720510679388351,
      0.04386434424523871,
      0.09347301823876016,
      0.056173560261900325,
      0.06308884768704599,
      0.05377513813997668,
      0.01767617618133117,
      0.16489902514292598,
      0.02603965157364513,
      0.0423299406823551,
      0.007928500836588907,
      0.043526126630851106,
      0.047206619171631804,
      0.006667787875221644,
      0.010890927166349821
    ],
    [
      0.007520701588518778,
      0.5268396119604238,
      0.0025803626821969744,
      0.01367549691498933,
      0.04509441171464301,
      0.00896340208151205,
      0.04015635455347059,
      0.01988931388276302,
      0.05832215348474426,
      0.013517154836951518,
      0.00299150010836816,
      0.022903926225881267,
      0.012129989412619325,
      0.0001898831717090378,
      0.029014029678236637,
      0.0613847631993721,
      0.07604530592187518,
      0.012224552767019373,
      0.04655708581470555
    ],
    [
      0.024285276998207622,
      0.020719455437551118,
      0.33690501800232375,
      0.01957491438821439,
      0.024713654929859684,
      0.01662648115187148,
      0.06026720855257113,
      0.17074140245097957,
      0.012362929994397899,
      0.030687643532599087,
      0.007233221903060008,
      0.10073488550344117,
      0.02348739469278588,
      0.0351970137889972,
      0.021497228514344366,
      0.026281774047960678,
      0.062487003294594175,
      0.0009127084029817904,
      0.005284784413258895
    ],
    [
      0.02373924284495925,
      0.018169399259713528,
      0.026820482777894263,
      0.1854205279873743,
      0.013012796880920115,
      0.03342083982101148,
      0.08131994990958734,
      0.04833606245742362,
      0.07539301283867737,
      0.07846190260798669,
      0.03436965392410454,
      0.0917001192599356,
      0.05841181456574207,
      0.039913074331343425,
      0.06758187121056679,
      0.058570428053127455,
      0.027258809996575043,
      0.023003794897792442,
      0.015096216375264777
    ],
    [
      0.007497695150795907,
      0.058383835908278434,
      0.01099185265875019,
      0.02873402535863777,
      0.38297105653160146,
      0.017517477085632456,
      0.06823098107393519,
      0.03297189008528752,
      0.10100583352392456,
      0.027289361937162027,
      0.0027313382202271592,
      0.025401060917371723,
      0.016252462813725294,
      0.0034650752826148965,
      0.0004769663084084001,
      0.011430153873962652,
      0.03711837728501471,
      0.07408862604868222,
      0.09344192993598752
    ],
    [
      0.019605213836367177,
      0.008053602317769398,
      0.03569003289780647,
      0.01523511329237107,
      0.013824604441265459,
      0.3397179875742764,
      0.037661826815585144,
      0.014787260173976989,
      0.03985547420142013,
      0.05860981634137015,
      0.0170023970096174,
      0.08645190129230203,
      0.03612460036315927,
      0.047469381106545624,
      0.050229135239790404,
      0.05553459513491756,
      0.05755813246671162,
      0.05110595132512375,
      0.015482974169623902
    ],
    [
      0.017775607645511865,
      0.008404112133348629,
      0.04489320047899424,
      0.007896823114257183,
      0.02306345761466067,
      0.03792001960613606,
      0.27179939140788306,
      0.04370480524122075,
      0.05577164137797098,
      0.04148871471631527,
      0.05322520674488514,
      0.06508362455455229,
      0.08135415704697255,
      0.011856390829212162,
      0.061919950210318056,
      0.09001348991993427,
      0.03994934823794553,
      0.02796521104167926,
      0.01591484807820206
    ],
    [
      0.012093621393897209,
      0.024241615153251905,
      0.04507078386451654,
      0.024496651540073064,
      0.024103251996730645,
      0.021832216334868138,
      0.020173443815286685,
      0.44100987018080084,
      0.006203546571322435,
      0.04204529519169681,
      0.06492390064670099,
      0.06513381375216563,
      0.012224327262351653,
      0.03733467180802836,
      0.010999630956352384,
      0.0445288830570339,
      0.03556971828073964,
      0.031409875558963116,
      0.03660488263521998
    ],
    [
      0.005385751624324103,
      0.011201471498833377,
      0.018006757639526676,
      0.023603282556943633,
      0.04117574263295331,
      0.007416065376546764,
      0.07439447923784005,
      0.03754384628209413,
      0.38219750596225416,
      0.058991386791860285,
      0.0016341718088476991,
      0.04052801748682934,
      0.07228375095803723,
      0.015631287117174406,
      0.022840242958831154,
      0.05025033287500254,
      0.052871973722291174,
      0.032341644017409646,
      0.051702289452400386
    ],
    [
      0.013132790447653687,
      0.007551396767428671,
      0.008905241040466198,
      0.014574460292297683,
      0.010600152523264105,
      0.048216627655727276,
      0.06693126026960391,
      0.06615734824507156,
      0.029583042108929578,
      0.395633275007432,
      0.03645895681327918,
      0.06040674760453545,
      0.04479248142556019,
      0.0058399314778875356,
      0.060446967612462835,
      0.04660598221806081,
      0.06542738783359857,
      0.015473313970982125,
      0.003262636685758622
    ],
    [
      0.020923333411451278,
      0.00665133816093621,
      0.011553791752402795,
      0.03757785044020539,
      0.018597696825617165,
      0.012211928484060743,
      0.03862494864875145,
      0.11035530798443839,
      0.009414312207770933,
      0.01271034579377048,
      0.5063764614666298,
      0.10981251214084557,
      0.006083508897818468,
      0.03270585327615519,
      0.010145747848033954,
      0.0353286627126168,
      0.014907818218738645,
      0.001308985184925588,
      0.0047095965448312495
    ],
    [
      0.04591120043778916,
      0.00014897265794765576,
      0.030584807039746427,
      0.02253544419247088,
      0.005021229714040801,
      0.004319954061758975,
      0.05919788827746332,
      0.05508793042739656,
      0.03669949877663484,
      0.06942198786258563,
      0.047222792009647886,
      0.45078275704945814,
      0.0586213700523299,
      0.03221870457179751,
      0.020560631299132794,
      0.02380438240783103,
      0.029146801689292522,
      0.005865598940729769,
      0.0028480485319462697
    ],
    [
      0.04222126836379329,
      0.02107385791947939,
      0.03799369960488716,
      0.00034623805141680047,
      0.03089306371258546,
      0.01653999109630804,
      0.0805912055930161,
      0.046173767455282955,
      0.10177804629663331,
      0.042241143842939186,
      0.04187752361041978,
      0.04791743640933625,
      0.3513557946104828,
      0.053886521043092196,
      0.028339010497286262,
      0.029777451824854403,
      0.0078609275743552,
      0.0165111867472644,
      0.0026218657465671823
    ],
    [
      0.018374079590037527,
      0.003925392653493733,
      0.011169551959932331,
      0.023784094956131152,
      0.008190974357224953,
      0.020656047410332137,
      0.043674214953208675,
      0.0351659178899803,
      0.02151096777549856,
      0.02576691072545239,
      0.007920561122448702,
      0.04550733098315499,
      0.018695175686696156,
      0.6536783878383059,
      0.019264745101887776,
      0.024496039867002068,
      0.013115739570088027,
      0.0031000609284891267,
      0.002003806630635461
    ],
    [
      0.032430001990172055,
      0.0016374344768861034,
      0.013520749646887794,
      0.053076255560594185,
      0.026990306939998633,
      0.04281447382884135,
      0.10105525122715972,
      0.06392263017142905,
      0.04510429028001208,
      0.09234740163158539,
      0.02010147538729384,
      0.09850666600815017,
      0.05109755508106276,
      0.04857036592811937,
