{
  "poids_LS": 0.58,
  "poids_EM": 0.42000000000000004,
  "mae_validation": 6.901144791754563,
  "matrice_de_transition": [
    [
      0.258485692210248,
      0.0024651200906814982,
      0.00893375229387158,
      0.05540670398420865,
      0.005764085435106809,
      0.03509147539619097,
      0.10518303197330692,
      0.06208933179904156,
      0.06819323072071871,
      0.05672891280723514,
      0.014140940945064937,
      0.15726160772341513,
      0.0208317212589161,
      0.033863952545884084,
      0.006342800669271126,
      0.04240576830057055,
      0.052764899813011135,
      0.005334230300177316,
      0.008712741733079857
    ],
    [
      0.006016561270815023,
      0.5583737227034874,
      0.0020642901457575795,
      0.010940397531991464,
      0.03607552937171441,
      0.007170721665209639,
      0.04436590778625098,
      0.01660461896775103,
      0.05773082609615672,
      0.01393233438979511,
      0.002393200086694528,
      0.02730901791089021,
      0.010641035776031676,
      0.00015190653736723024,
      0.02920193441801995,
      0.05697033283407743,
      0.06943281517330961,
      0.0110099747488007,
      0.039614872585879424
    ],
    [
      0.0194282215985661,
      0.016575564350040897,
      0.372442245843468,
      0.01793417423310319,
      0.026874397187685375,
      0.014449798219777323,
      0.06466677829473721,
      0.17199295313734628,
      0.014579462499370512,
      0.025790870408071653,
      0.005786577522448007,
      0.09388443760135992,
      0.018789915754228705,
      0.02815761103119776,
      0.017197782811475493,
      0.025134852245078537,
      0.06135636300905238,
      0.0007301667223854324,
      0.0042278275306071155
    ],
    [
      0.0189913942759674,
      0.014535519407770824,
      0.021456386222315414,
      0.20682520446413133,
      0.010410237504736092,
      0.026736671856809186,
      0.09276028493068732,
      0.05821362396371275,
      0.0831695557879431,
      0.08270772883823387,
      0.02749572313928364,
      0.09921637290018213,
      0.05392727587865161,
      0.031930459465074744,
      0.05678205897876239,
      0.05897186207418274,
      0.02538963129310981,
      0.018403035918233956,
      0.012076973100211821
    ],
    [
      0.005998156120636726,
      0.046707068726622746,
      0.008793482127000152,
      0.022987220286910217,
      0.4164097185229356,
      0.014013981668505966,
      0.07612753690371105,
      0.03512509199846159,
      0.09691676512483755,
      0.0318784425249715,
      0.0021850705761817277,
      0.02991652917051716,
      0.013001970250980238,
      0.002772060226091917,
      0.0003815730467267201,
      0.009144123099170122,
      0.0348887165820949,
      0.0683014365530282,
      0.08445105649061597
    ],
    [
      0.01568417106909374,
      0.006442881854215519,
      0.028552026318245178,
      0.012188090633896857,
      0.011059683553012368,
      0.38737777100981236,
      0.04539392694174634,
      0.012632031447161261,
      0.03959387100422847,
      0.06080926520099442,
      0.013601917607693921,
      0.08683673459985432,
      0.02889968029052742,
      0.0379755048852365,
      0.04512073029889579,
      0.05144430347724076,
      0.05723354821204664,
      0.043485314811650175,
      0.01566854678444795
    ],
    [
      0.014220486116409494,
      0.006723289706678904,
      0.0359145603831954,
      0.0063174584914057474,
      0.02108172499390497,
      0.030336015684908846,
      0.33045224691435293,
      0.040499917812324385,
      0.05111897018438022,
      0.049963897908561324,
      0.04382831800237049,
      0.07134888608092095,
      0.0784920827759269,
      0.00948511266336973,
      0.05249289732821279,
      0.08599228814071391,
      0.03662779951645794,
      0.02237216883334341,
      0.012731878462561649
    ],
    [
      0.009674897115117768,
      0.019393292122601526,
      0.03605662709161323,
      0.019938471841516408,
      0.019282601597384517,
      0.017465773067894513,
      0.01766999955245141,
      0.5103818401812761,
      0.005169178882522817,
      0.038774237157640494,
      0.05193912051736079,
      0.059569508041772856,
      0.013285840513755559,
      0.03092854926844508,
      0.012988041422409306,
      0.0408552988037622,
      0.0384192074523327,
      0.025127900447170493,
      0.033079614922972136
    ],
    [
      0.004308601299459283,
      0.008961177199066701,
      0.014405406111621341,
      0.018882626045554907,
      0.032940594106362645,
      0.0059328523012374115,
      0.08451929321236097,
      0.03844449383602694,
      0.4145116097039844,
      0.06491950778117479,
      0.0013073374470781594,
      0.048426978593778064,
      0.06683161730213893,
      0.012505029693739525,
      0.018272194367064922,
      0.048204395278922285,
      0.04742565502484922,
      0.02587331521392772,
      0.0433273154816519
    ],
    [
      0.01194041385044304,
      0.006041117413942937,
      0.0071241928323729576,
      0.01500547038062883,
      0.008480122018611284,
      0.03857330212458182,
      0.07131220859198845,
      0.06105396152259399,
      0.026009446519455137,
      0.439923117710757,
      0.029167165450623346,
      0.06105169497086958,
      0.0368371720188216,
      0.005998481121322822,
      0.04835757408997027,
      0.04398346122505326,
      0.07415233763257105,
      0.0123786511767857,
      0.002610109348606898
    ],
    [
      0.021282037710345925,
      0.005321070528748968,
      0.009243033401922236,
      0.033435737770328246,
      0.021954819073881457,
      0.009769542787248595,
      0.03871070908992934,
      0.11458057176572303,
      0.007531449766216746,
      0.010168276635016384,
      0.5213064943146697,
      0.10512183101796177,
      0.004866807118254774,
      0.026164682620924154,
      0.008116598278427162,
      0.040834613314963394,
      0.0167768594216328,
      0.0010471881479404705,
      0.003767677235865
    ],
    [
      0.03672896035023133,
      0.00011917812635812462,
      0.024467845631797144,
      0.018028355353976705,
      0.004016983771232641,
      0.0034559632494071796,
      0.061328643185086795,
      0.06226870190819059,
      0.04443176562589423,
      0.07096339758571292,
      0.03777823360771831,
      0.47264252565615295,
      0.05454363929159921,
      0.02577496365743801,
      0.016448505039306238,
      0.024647163476922754,
      0.03416803847734164,
      0.005908697180076381,
      0.002278438825557016
    ],
    [
      0.03377701469103464,
      0.01685908633558351,
      0.03039495968390973,
      0.0002769904411334404,
      0.024714450970068372,
      0.01323199287704643,
      0.08227245017229157,
      0.05015313509558354,
      0.09748170947959384,
      0.0469027216042184,
      0.03350201888833582,
      0.05250649982385354,
      0.40268618382436805,
      0.04310921683447376,
      0.02267120839782901,
      0.02685405527250048,
      0.006900194642767017,
      0.013608618368155271,
      0.0020974925972537463
    ],
    [
      0.014699263672030024,
      0.0031403141227949864,
      0.008935641567945865,
      0.019061729349024045,
      0.008058498547250489,
      0.01861691725875602,
      0.04937219271233024,
      0.03518520792498113,
      0.02225718890587419,
      0.024987659661165722,
      0.006336448897958961,
      0.04610024558964921,
      0.014956140549356924,
      0.6628012283212825,
      0.01925807537343627,
      0.02694039845471957,
      0.015209755044144149,
      0.0024800487427913014,
      0.0016030453045083686
    ],
    [
      0.02594400159213765,
      0.0013099475815088828,
      0.010816599717510237,
      0.04246100444847535,
      0.021592245551998908,
      0.03425157906307308,
      0.11304033262580286,
      0.06643389287555854,
      0.04949369564525416,
      0.09581361315383083,
      0.01608118030983507,
      0.1067091264317869,
      0.04647897515063268,
      0.0388562927424955,
