{
  "poids_LS": 0.1225,
  "poids_EM": 0.8775,
  "mae_validation": 8.152121435221613,
  "matrice_de_transition": [
    [
      0.16196903772836693,
      0.005150340189459558,
      0.01866516104255312,
      0.09577827307508335,
      0.01204282135549101,
      0.07331611823847041,
      0.054160829272781714,
      0.036313470101497596,
      0.045952704645430394,
      0.043858894614180424,
      0.029544465903082098,
      0.19053892647985524,
      0.04352341763023542,
      0.07075147228336494,
      0.013251922826870028,
      0.04728732959679293,
      0.028546677018429743,
      0.011144731162870462,
      0.0182034068351847
    ],
    [
      0.012570315512238528,
      0.4209750973229964,
      0.004312891911672085,
      0.022857616272196447,
      0.0753720881516176,
      0.014981686336241565,
      0.02602428298627927,
      0.030916503954588982,
      0.06030732400357387,
      0.012123337766690894,
      0.00500007875255821,
      0.008115404140494106,
      0.017128619478306434,
      0.00031737615842796315,
      0.028383206623249814,
      0.07620463656857564,
      0.09824438200634533,
      0.016302064685324913,
      0.0698630873686218
    ],
    [
      0.04059110583986131,
      0.03463108980276401,
      0.21760146739276792,
      0.025083113480373415,
      0.017459734492873427,
      0.02393391670961615,
      0.045497224418156415,
      0.1665397680038914,
      0.004921713727704131,
      0.04712681045065547,
      0.01208981375225744,
      0.12373281774614252,
      0.03925750255794211,
      0.058829294475895307,
      0.035931081945404154,
      0.03013215438620787,
      0.06628272425319877,
      0.0015255269021267066,
      0.008833139662161295
    ],
    [
      0.03967844875514617,
      0.030368853048378323,
      0.04482852121448041,
      0.11356197124397568,
      0.021749960500966475,
      0.05586054655797633,
      0.04291311091018027,
      0.01517567740059581,
      0.04928604722328528,
      0.0642080574064426,
      0.05744642155886045,
      0.066466982039108,
      0.07346705158668862,
      0.06671185281095972,
      0.10383838370305297,
      0.05722275669672754,
      0.0335339099296369,
      0.03844920004345308,
      0.02523224737008541
    ],
    [
      0.01253186189490173,
      0.09758441144669394,
      0.01837209658676817,
      0.048026870956580266,
      0.2707126912749796,
      0.02927921170027139,
      0.04172111507397336,
      0.02574328366248883,
      0.11473342029228817,
      0.011883162820944504,
      0.004565236739522537,
      0.010241988924669185,
      0.02716483070294085,
      0.005791625829513469,
      0.0007972151154826115,
      0.019104685760766144,
      0.04460366678767407,
      0.09351704792694923,
      0.12362557650259196
    ],
    [
      0.03276871455507085,
      0.013461021016843135,
      0.05965334070061938,
      0.025464403645820213,
      0.023106838851829407,
      0.17971728604069143,
      0.011704062106329693,
      0.022022670899715505,
      0.04073371350627788,
      0.05122595231263157,
      0.028418292144646223,
      0.0851599609026622,
      0.06037968917842335,
      0.07934167984951197,
      0.06737878039850803,
      0.06926628855711828,
      0.0586478081788012,
      0.07668951676321362,
      0.014859980391286023
    ],
    [
      0.029710658493212687,
      0.014046873137168422,
      0.07503577794346179,
      0.013198975776687005,
      0.029716417127197657,
      0.06338060419882739,
      0.07489337649330562,
      0.054464070181087135,
      0.07139132324216853,
      0.013036313999489194,
      0.0847719046661843,
      0.04405024657317175,
      0.09096254924262574,
      0.019817110385968895,
      0.09356791345738572,
      0.10351323875017399,
      0.05110026180293956,
      0.04674185274109247,
      0.026600531787852013
    ],
    [
      0.020213624329799618,
      0.04051812818472104,
      0.07533259588783477,
      0.03979911195665612,
      0.04028686405167836,
      0.03649099015970817,
      0.028577863840519392,
      0.20811825660777677,
      0.009676066669435443,
      0.053026704306028724,
      0.10851566250948592,
      0.08381398292276993,
      0.008660675632638535,
      0.05884094033377223,
      0.004324252963161286,
      0.05686163019301744,
      0.026003576061820077,
      0.052499363434266914,
      0.04843970995490915
    ],
    [
      0.009001899143513143,
      0.018722459505192926,
      0.030097009197494584,
      0.03945120084517721,
      0.06882231268650767,
      0.012395423557942447,
      0.04040403232337694,
      0.03452024377960542,
      0.27371444340073137,
      0.03908983775630444,
      0.002731401451931154,
      0.014010076627787197,
      0.09058734251712436,
      0.026126579895848646,
      0.038175834659760634,
      0.05711883766184339,
      0.07115604363513203,
      0.0540567478576704,
      0.07981827349705603
    ],
    [
      0.017135769024003714,
      0.012621620311273634,
      0.014884474310493499,
      0.013127497852900257,
      0.017717397788884287,
      0.08059064908171558,
      0.05222379090159865,
      0.0832901465276748,
      0.041580113016450926,
      0.24694594593198377,
      0.060938542102195195,
      0.05824156716041373,
      0.07149959157675406,
      0.005307657674926215,
      0.10103278872368786,
      0.05541015983744331,
      0.036136484937048075,
      0.025862539065784406,
      0.005453264174767982
    ],
    [
      0.019719111836590673,
      0.01111723664042195,
      0.019311337643301812,
      0.0514835144033644,
      0.007327357849301321,
      0.020411366180501527,
      0.03833703859622568,
      0.09617049386155424,
      0.01573535040441713,
      0.02124443511244494,
      0.4562542083339245,
      0.1255597987676698,
      0.010168150586353723,
      0.05466549761871652,
      0.01695789283171389,
      0.01684439997616751,
      0.008633179894736834,
      0.00218787523766134,
      0.00787175422493223
    ],
    [
      0.07673729216030473,
      0.0002489971568553675,
      0.05112032033786188,
      0.0376663852931299,
      0.00839262680775391,
      0.0072204946460828565,
      0.052044639659013056,
      0.030981054741873758,
      0.010741174354121152,
      0.0642472552206583,
      0.07892952378755431,
      0.3773963910126973,
      0.07231089474906867,
      0.053851263355718694,
      0.0343656265999791,
      0.02097504596159452,
      0.012289792472270477,
      0.005720911994351857,
      0.004760309689110193
    ],
    [
      0.07056983426519736,
      0.03522344823684412,
      0.06350375505388282,
      0.000578712171653795,
      0.05163554934817855,
      0.02764541368954343,
      0.07494702736259132,
      0.03281446180570239,
      0.11620146275383729,
      0.026591561358644697,
      0.0699952894631302,
      0.03251129494631394,
      0.1790323451067251,
      0.09006747088631123,
      0.04736663183117846,
      0.03959171167918541,
      0.01108624527325839,
      0.026255523448559335,
      0.00438226131926229
    ],
    [
      0.030710961600491294,
      0.006561013435125238,
      0.018669108275886897,
      0.03963775092284787,
      0.008635714576424938,
      0.02750169863348053,
      0.024545289619014872,
      0.03510115848676322,
      0.01900579683780895,
      0.02838296786984334,
      0.013238652161807115,
      0.043516831947067264,
      0.031247650790620713,
      0.6230517090740271,
      0.019287136333117835,
      0.016289978893950466,
      0.006085830478613906,
      0.005181530409046111,
      0.003349219654062127
    ],
    [
      0.05420443189785901,
      0.0027368547685096296,
      0.022598967266941026,
      0.0887131700084217,
      0.045112370171140566,
      0.07156133482820624,
      0.06081962081742913,
      0.05549196252185147,
      0.030368429410985096,
      0.0807108343783329,
      0.033598180290191126,
      0.07096983458594114,
      0.06660278770464945,
      0.08118189733699951,
      0.14694136473958935,
      0.02607590187183122,
