{
  "poids_LS": 0.9975,
  "poids_EM": 0.0024999999999999467,
  "mae_validation": 5.810043396851517,
  "matrice_de_transition": [
    [
      0.34656373209262026,
      1.4673333873103841e-05,
      5.3177096987329696e-05,
      0.018564889567945917,
      3.431003235182551e-05,
      0.00020887782973922752,
      0.15174427706067145,
      0.08561156624434126,
      0.08848922992603649,
      0.06847368350800091,
      8.417226753014664e-05,
      0.1268937813172649,
      0.0001239983408268789,
      0.00020157114610644855,
      3.77547658885178e-05,
      0.03795101017778839,
      0.07486568236325755,
      3.17513708343881e-05,
      5.186155793499804e-05
    ],
    [
      3.581286470723151e-05,
      0.6837593535151921,
      1.2287441343794853e-05,
      6.512141388090018e-05,
      0.00021473529387924784,
      4.268286705481837e-05,
      0.061103893259449205,
      0.00354404632948907,
      0.05537959576534434,
      0.015583167373720813,
      1.4245238611276649e-05,
      0.044824501515568625,
      0.004720672506742686,
      9.042055795668273e-07,
      0.02994907945477739,
      0.03941771685778671,
      0.043140292434965526,
      0.006180581200169316,
      0.012011310461737458
    ],
    [
      0.00011564417618193859,
      9.866407351214608e-05,
      0.513745032735637,
      0.011410278854446752,
      0.035465919974754206,
      0.005794892275498168,
      0.0821603056028738,
      0.1769693570569472,
      0.023392817935809232,
      0.0063203677462601885,
      3.444391382409454e-05,
      0.06664575189546541,
      0.00011184473663231132,
      0.00016760482756664975,
      0.00010236775483020908,
      0.02057447269552335,
      0.05686072187368382,
      4.3462304903893856e-06,
      2.5165640063137054e-05
    ],
    [
      0.00011304401354742258,
      8.652094885577686e-05,
      0.00012771658465663663,
      0.291934275216951,
      6.19656994329516e-05,
      0.00015914685629052745,
      0.13824923608601342,
      0.09748868995300528,
      0.11409057180049971,
      0.09958994265850239,
      0.00016366501868620863,
      0.12910242904116234,
      0.03609589586093475,
      0.00019006225872067892,
      0.013839948438016303,
      0.06056804020552163,
      0.017957420734093277,
      0.00010954188046567597,
      7.188674464411645e-05
    ],
    [
      3.570331024188451e-05,
      0.00027801826622989137,
      5.234215551785693e-05,
      0.00013682869218398645,
      0.5493682078694312,
      8.341655755062897e-05,
      0.10752574698877222,
      0.04368663293893947,
      0.08065785029989628,
      0.050125501052690126,
      1.3006372477271908e-05,
      0.0478708910342145,
      7.73926800653569e-05,
      1.6500358488642012e-05,
      2.2712681352780473e-06,
      5.442930416172575e-05,
      0.02602316093000898,
      0.04529046879649916,
      0.048701631124495805
    ],
    [
      9.3358161125556e-05,
      3.83504872274725e-05,
      0.0001699525376085986,
      7.254815853509878e-05,
      6.583144972031031e-05,
      0.576882148003491,
      0.0761382298243397,
      0.004062431509584438,
      0.03855368686301397,
      0.06955469280950038,
      8.096379528389065e-05,
      0.08836690513226461,
      0.00017202190649123097,
      0.00022604467193592672,
      0.024808739224386245,
      0.03518052474314488,
      0.055942939389926345,
      0.013184212484267111,
      0.0164064188481531
    ],
    [
      8.464575069291185e-05,
      4.001958158737357e-05,
      0.00021377714513806325,
      3.760391959170007e-05,
      0.013201978620900159,
      0.00018057152193397735,
      0.5636671723805546,
      0.027756674940284047,
      0.032619063295578864,
      0.08366284060153974,
      0.006464498478562256,
      0.09626075929291067,
      0.06711193031724542,
      5.6459003948628136e-05,
      0.015009139439841836,
      0.07000322392333776,
      0.02342068912387634,
      0.00013316767162704126,
      7.578499084857962e-05
    ],
    [
      5.7588673304271195e-05,
      0.00011543626263453043,
      0.000214622780307217,
      0.0018142811353506442,
      0.00011477739046061968,
      0.0001039629349279413,
      0.007715828316892098,
      0.7862180066117372,
      0.0010563359294386149,
      0.025767887355559422,
      0.0003091614316509505,
      0.03744476866949684,
      0.01750661939433776,
      0.005456585837244879,
      0.020894340180302312,
      0.026248428082419978,
      0.04974931915842892,
      0.00014957083599505925,
      0.019062479019510484
    ],
    [
      2.5646436306304706e-05,
      5.334034047063399e-05,
      8.57464649501252e-05,
      0.0001123965836044911,
      0.00019607496491882108,
      3.531459703117431e-05,
      0.12477748211105134,
      0.04202564006237881,
      0.542998641248483,
      0.08849084600059201,
      7.78177051832221e-06,
      0.07983475251902657,
      0.04515289538463857,
      7.443470055797177e-05,
      0.00010876306170871744,
      0.04006935769450792,
      0.02577005448978237,
      0.00015400782865432837,
      0.010026823740818596
    ],
    [
      0.007199297380581654,
      3.5959032225850046e-05,
      4.2405909716504795e-05,
      0.01671924858899316,
      5.047691677744704e-05,
      0.00022960298883679164,
      0.08873169358813653,
      0.04076192384036176,
      0.011800149770830558,
      0.6160279684596921,
      0.00017361408006323048,
      0.06361612854653148,
      0.005205346520599063,
      0.006628904703553606,
      0.00028784270291648355,
      0.033555818229047046,
      0.10884439992848548,
      7.368244748086569e-05,
      1.553636517027882e-05
    ],
    [
      0.0227083143273794,
      3.1673038861600325e-05,
      5.501805596382166e-05,
      0.01696590882105481,
      0.03530337658483711,
      5.8152040400288016e-05,
      0.039051708939374756,
      0.13138102537225954,
      4.483005813224158e-05,
      6.0525456160810514e-05,
      0.5806711487342567,
      0.0864707894103047,
      2.896908998961113e-05,
      0.00015574215845787852,
      4.831308499063684e-05,
      0.06272732166238916,
      0.024208523252188138,
      6.23326278535981e-06,
      2.242665021348166e-05
    ],
    [
      0.00021862476398946753,
      7.093936092745361e-07,
      0.00014564193828450368,
      0.00010731163901176381,
      2.3910617685908064e-05,
      2.057120981789944e-05,
      0.0698009305558754,
      0.09082081708182399,
      0.07517673143128278,
      0.07709233624671905,
      0.00022487043814117558,
      0.55956112940182,
      0.03832980507631285,
      0.00015342240272284204,
      9.790776809110645e-05,
      0.0279982215373589,
      0.05413343237267981,
      0.006080063988906957,
      1.356213586641052e-05
    ],
    [
      0.00020105365887520188,
      0.00010035170437847113,
      0.00018092237907088736,
      1.6487526257942526e-06,
      0.00014710982720278476,
      7.876186236336992e-05,
      0.08895739885655353,
      0.06597585880820733,
      0.08039865594517492,
      0.06543804270263813,
      0.00019941677909723278,
      0.07075349006729133,
      0.606785588555769,
      0.0002566024811575764,
      0.0001349476690346936,
      0.01523007374290275,
      0.00308013751002352,
      0.002067453622649918,
      1.2485074983652984e-05
    ],
    [
      8.749561709541493e-05,
      1.8692345969017374e-05,
      5.31883426663433e-05,
      0.00028470419695530595,
      0.0075317494933044085,
      0.010508947370346213,
      0.07202843761169453,
      0.035261908778436823,
      0.02522430625760586,
      0.021889209000787776,
      3.7716957725945394e-05,
      0.048457787001185734,
      8.902464612712265e-05,
      0.6990753797654989,
      0.019231555262688608,
      0.03665963379159629,
      0.02353595942908159,
      1.4762194897566954e-05,
      9.541936336359132e-06
    ],
    [
      0.00015442858090557792,
      7.797307032790802e-06,
      6.438452212803574e-05,
      0.00025274407409806216,
      0.0001285252711428479,
      0.00020387844680400206,
