{
  "poids_LS": 0.405,
  "poids_EM": 0.595,
  "mae_validation": 7.374998542236195,
  "matrice_de_transition": [
    [
      0.2215667533373973,
      0.0034922534617987887,
      0.012656149082984737,
      0.07084938068563612,
      0.008165787699734644,
      0.0497129234779372,
      0.08566634241572897,
      0.05222971257047283,
      0.0596859256645975,
      0.051805955028471046,
      0.020032999672175325,
      0.1699906367559332,
      0.029511605116797807,
      0.047973932773335774,
      0.008985634281467427,
      0.044273032184371466,
      0.04350109874404558,
      0.007556826258584529,
      0.012343050788529797
    ],
    [
      0.008523461800321281,
      0.5058168714650483,
      0.0029244110398232376,
      0.015498896503654571,
      0.05110699994326207,
      0.010158522359046988,
      0.03734998573161699,
      0.02207911049277101,
      0.058716371743802634,
      0.013240368468389125,
      0.0033903667894839146,
      0.019967198435875307,
      0.013122625170344423,
      0.00021520092793690947,
      0.028888759851714435,
      0.06432771677623522,
      0.08045363308758557,
      0.013034271445831821,
      0.05118522796725629
    ],
    [
      0.02752331393130197,
      0.023482049495891267,
      0.3132135327748942,
      0.020668741158288526,
      0.02327316009130922,
      0.018077603106600917,
      0.057334162057793736,
      0.16990703532673512,
      0.010885241657749494,
      0.033952158948950706,
      0.008197651490134674,
      0.10530185077149534,
      0.02661904731849066,
      0.03988994896086349,
      0.02436352564959028,
      0.02704638858321544,
      0.06324076348495537,
      0.0010344028567126956,
      0.005989422335026746
    ],
    [
      0.02690447522428715,
      0.02059198582767533,
      0.030396547148280162,
      0.17115074366953628,
      0.014747836465042794,
      0.03787695179714634,
      0.07369305989552069,
      0.04175102145323087,
      0.07020865087250022,
      0.0756313517878219,
      0.03895227444731848,
      0.08668928349977126,
      0.061401507023802385,
      0.04523481757552254,
      0.07478174603176972,
      0.058302805372423924,
      0.028504929132218533,
      0.026070967550831433,
      0.017109045225300077
    ],
    [
      0.008497387837568694,
      0.06616834736271555,
      0.012457433013250214,
      0.03256522873978947,
      0.36067861520404537,
      0.019853140697050117,
      0.06296661052075128,
      0.03153642214317146,
      0.10373187912331594,
      0.024229974878622378,
      0.00309551664959078,
      0.0223907487486081,
      0.018419457855555335,
      0.003927085320296882,
      0.0005405618161961868,
      0.012954174390491005,
      0.03860481775362792,
      0.07794675237911822,
      0.09943584556623519
    ],
    [
      0.0222192423478828,
      0.00912741596013865,
      0.040448703950847334,
      0.017266461731353877,
      0.015667885033434185,
      0.3079447986172525,
      0.03250709339814435,
      0.016224079325187473,
      0.04002987633288124,
      0.05714351710162065,
      0.019269383277566384,
      0.08619534575393384,
      0.040941213744913836,
      0.053798631920751704,
      0.05363473853372015,
      0.05826145624003544,
      0.05777452196982161,
      0.05618637566743947,
      0.015359259093074536
    ],
    [
      0.020145688664913446,
      0.009524660417795112,
      0.05087896054286014,
      0.008949732862824807,
      0.024384612695164464,
      0.04297602222028753,
      0.23269748773690319,
      0.045841396860484995,
      0.05887342217369815,
      0.035838592588151225,
      0.05948979923989489,
      0.060906783536973166,
      0.08326220656100296,
      0.013437242939773782,
      0.06820465213172155,
      0.09269429110608116,
      0.04216371405227058,
      0.03169390584723649,
      0.018036827821962333
    ],
    [
      0.013706104246416835,
      0.027473830507018824,
      0.05108022171311873,
      0.0275354380057775,
      0.027317018929628064,
      0.024743178512850555,
      0.021842406657176867,
      0.394761890180484,
      0.006893125030522181,
      0.044226000547734345,
      0.07358042073292778,
      0.06884335089242748,
      0.011516651761415714,
      0.04160542016775055,
      0.009674023978981103,
      0.04697793922588169,
      0.03367005883301094,
      0.03559785896682486,
      0.03895506111005187
    ],
    [
      0.00610385184090065,
      0.012695001032011159,
      0.020407658658130233,
      0.02675038689786945,
      0.04666584165068041,
      0.008404874093419664,
      0.0676446032548261,
      0.036943414579472256,
      0.36065477013443403,
      0.05503930613231728,
      0.0018520613833607254,
      0.03526204341553019,
      0.07591850672863609,
      0.017715458732797656,
      0.025885608686675304,
      0.051614291272389375,
      0.056502852853919136,
      0.03665386321973093,
      0.05728560543289938
    ],
    [
      0.013927708179127453,
      0.008558249669752493,
      0.010092606512528355,
      0.014287120233410252,
      0.01201350619303265,
      0.05464551134315757,
      0.06401062805468088,
      0.0695596060600566,
      0.031965439168579204,
      0.3661067132052153,
      0.041320151055049735,
      0.05997678269364603,
      0.05009602103005259,
      0.005734231715597345,
      0.06850656329412454,
      0.04835432954673251,
      0.05961075463428358,
      0.017536422500446406,
      0.003697654910526438
    ],
    [
      0.020684197212188178,
      0.007538183249061038,
      0.013094297319389834,
      0.04033925888679016,
      0.016359615326774303,
      0.013840185615268842,
      0.03856777502129952,
      0.10753846546358196,
      0.010669553835473723,
      0.014405058566273209,
      0.4964231062346033,
      0.11293963288943477,
      0.006894643417527596,
      0.03706663371297588,
      0.011498514227771813,
      0.03165802897771907,
      0.01366179075014254,
      0.0014835165429156662,
      0.005337542750808749
    ],
    [
      0.052032693829494374,
      0.00016883567900734318,
      0.03466278131171262,
      0.025540170084800327,
      0.0056907270092462405,
      0.004895947936660171,
      0.05777738500571433,
      0.05030074944020055,
      0.03154465421046191,
      0.06839438138050077,
      0.05351916427760093,
      0.4362095779783284,
      0.06133985722615036,
      0.03651453184803718,
      0.02330204880568383,
      0.023242528361769876,
      0.02579931049725978,
      0.005836866781165361,
      0.003227788336205772
    ],
    [
      0.04785077081229906,
      0.023883705642076637,
      0.04305952621887211,
      0.0003924031249390405,
      0.03501213887426352,
      0.01874532324248244,
      0.07947037587349912,
      0.04352085569508256,
      0.1046422708413263,
      0.03913342533541972,
      0.04746119342514241,
      0.04485806079965807,
      0.3171355351345593,
      0.06107139051550448,
      0.03211754523025776,
      0.03172638285975701,
      0.008501416195413988,
      0.01844623233333715,
      0.002971447846109473
    ],
    [
      0.020823956868709196,
      0.00444877834062623,
      0.012658825554589975,
      0.026932338694202557,
      0.008279291563874596,
      0.02201546751138288,
      0.03987556311379431,
      0.03515305786664641,
      0.021013487021914808,
      0.026286411434976835,
      0.008976635938775195,
      0.045112054578825514,
      0.02118786577825564,
      0.647596494182988,
      0.019269191587522116,
      0.022866467475190406,
      0.011719729254050616,
      0.00351340238562101,
      0.002270980848053522
    ],
    [
      0.03675400225552833,
      0.0018557590738042503,
      0.015323516266472832,
      0.06015308963534007,
      0.03058901453199845,
      0.048523070339353526,
      0.09306519696139762,
      0.06224845503534272,
      0.04217802003651736,
      0.09003659395008845,
      0.02278167210559968,
      0.09303835905905902,
      0.054176608368016146,
      0.05504641471853528,
      0.21052557907729208,
