{
  "poids_LS": 0.85,
  "poids_EM": 0.15000000000000002,
  "mae_validation": 6.187627449288063,
  "matrice_de_transition": [
    [
      0.31544634075693184,
      0.0008804000323862494,
      0.0031906258192398503,
      0.03158085993057766,
      0.0020586019411095746,
      0.01253266978435392,
      0.13529449586214148,
      0.07730131575169046,
      0.08131878709302003,
      0.06432433338018546,
      0.005050336051808907,
      0.1376225343589587,
      0.007439900449612894,
      0.012094268766387173,
      0.0022652859533111164,
      0.039524846879849154,
      0.06705762146227229,
      0.001905082250063327,
      0.0031116934760999494
    ],
    [
      0.002148771882433937,
      0.6394614360427934,
      0.000737246480627707,
      0.003907284832854094,
      0.012884117632755147,
      0.002560972023289157,
      0.05519047324197198,
      0.008158260614863057,
      0.056210269954074465,
      0.014999938954250055,
      0.0008547143166766172,
      0.03863639652948463,
      0.006812297853377719,
      5.42523347740108e-05,
      0.0296851180346056,
      0.045618940466176844,
      0.05242926753414098,
      0.007886774130524118,
      0.02176346714032654
    ],
    [
      0.0069386505709164645,
      0.0059198444107288915,
      0.4638236888635533,
      0.013715128119960108,
      0.03243059156495145,
      0.008852613537249487,
      0.0759799576317357,
      0.17521122633086064,
      0.02027911751215723,
      0.013199168087858253,
      0.002066634829445717,
      0.07626900013886527,
      0.006710684197938824,
      0.0100562896539992,
      0.006142065289812677,
      0.02218562475195303,
      0.058449002274802056,
      0.0002607738294233687,
      0.0015099384037882558
    ],
    [
      0.0067826408128455005,
      0.005191256931346723,
      0.007662995079398362,
      0.26186580111864943,
      0.003717941965977176,
      0.009548811377431852,
      0.12217828927065867,
      0.08361306783702767,
      0.10316638051462643,
      0.09362556771601231,
      0.009819901121172729,
      0.11854388226081604,
      0.042395604968990405,
      0.01140373552324098,
      0.02901111323983678,
      0.06000412098546778,
      0.02058317176991349,
      0.006572512827940699,
      0.00431320467864708
    ],
    [
      0.0021421986145131167,
      0.01668109597379384,
      0.0031405293310714827,
      0.008209721531039363,
      0.502394849357795,
      0.005004993453037845,
      0.09643296618027754,
      0.04066189691805207,
      0.08640201781289948,
      0.043678935465053005,
      0.0007803823486363313,
      0.041527733250034005,
      0.004643560803921513,
      0.000990021509318542,
      0.00013627608811668575,
      0.003265758249703615,
      0.029155303346015383,
      0.053420092135632175,
      0.061331667631089166
    ],
    [
      0.00560148966753348,
      0.0023010292336483997,
      0.010197152256516136,
      0.00435288951210602,
      0.003949886983218703,
      0.5099314998440477,
      0.0652764701233037,
      0.007090014721063676,
      0.038921177068592744,
      0.06646499084002822,
      0.004857827717033543,
      0.08782630596213162,
      0.01032131438947408,
      0.013562680316155895,
      0.031984831879452495,
      0.040926410643214686,
      0.056398902985765255,
      0.023889392348432386,
      0.01614573350828122
    ],
    [
      0.005078745041574819,
      0.002401174895242466,
      0.01282662870828407,
      0.0022562351755020527,
      0.01598584111196174,
      0.010834291316038873,
      0.48127387535956123,
      0.032258778709448,
      0.03915495854371827,
      0.07175722611719405,
      0.019664889807332834,
      0.08745955857729752,
      0.07113246322180955,
      0.0033875402369177607,
      0.028251904202799244,
      0.0756520549941473,
      0.028086674232632718,
      0.007990060297622647,
      0.004547099450914875
    ],
    [
      0.003455320398256346,
      0.006926175758071974,
      0.012877366818433296,
      0.008217438330942142,
      0.006886643427637328,
      0.006237776095676612,
      0.011232571448017844,
      0.6887669058967839,
      0.0025093762541809382,
      0.030362945070067107,
      0.01854968589905743,
      0.04526129335790574,
      0.016015446017365605,
      0.014455662738088067,
      0.01810109690655568,
      0.03140893929534927,
      0.04574646532214343,
      0.008974250159703748,
      0.024014640805763404
    ],
    [
      0.0015387861783783155,
      0.003200420428238108,
      0.005144787897007622,
      0.00674379501626961,
      0.011764497895129518,
      0.002118875821870504,
      0.11055452914684337,
      0.04076044468899702,
      0.49760501932557627,
      0.08016324746798353,
      0.00046690623109934263,
      0.06873859286878907,
      0.05281184504411474,
      0.004466082033478402,
      0.0065257837025231875,
      0.04294341288900162,
      0.03342083551714132,
      0.0092404697192599,
      0.02179166812829863
    ],
    [
      0.008874302600472802,
      0.002157541933551049,
      0.002544354582990342,
      0.016113782036337496,
      0.0030286150066468876,
      0.013776179330207795,
      0.08257750427812015,
      0.047930967093365966,
      0.016820200717949423,
      0.5538112846621641,
      0.010416844803794054,
      0.06271013105572877,
      0.01638066211577948,
      0.006406180204442132,
      0.017270562174989384,
      0.03723983581446241,
      0.09658792282992888,
      0.004420946848852036,
      0.0009321819102167492
    ],
    [
      0.022204420193217875,
      0.0019003823316960603,
      0.0033010833578293705,
      0.022784590904929854,
      0.03058741914084679,
      0.003489122424017356,
      0.03893123593867248,
      0.12544553577474066,
      0.0026898034879345527,
      0.0036315273696487086,
      0.5596980073524864,
      0.09306007955911769,
      0.001738145399376705,
      0.009344529507472912,
      0.002898785099438273,
      0.05499277200671179,
      0.02158296537193206,
      0.0003739957671215966,
      0.0013455990128089287
    ],
    [
      0.013117485839368333,
      4.2563616556473085e-05,
      0.008738516297070408,
      0.0064386983407059666,
      0.0014346370611545147,
      0.001234272589073993,
      0.06680772723326146,
      0.08073354285880381,
      0.06431473752398982,
      0.07492702258804024,
      0.013492226288470825,
      0.5288533592162251,
      0.04405804590686312,
      0.009205344163370719,
      0.005874466085466513,
      0.02681431479744433,
      0.04707979021803938,
      0.006019521224110526,
      0.0008137281519846486
    ],
    [
      0.012063219532512371,
      0.006021102262708397,
      0.010855342744253475,
      9.892515754765729e-05,
      0.008826589632167276,
      0.004725711741802297,
      0.0865956505189999,
      0.060385794742070786,
      0.08643398623577801,
      0.0588896358475078,
      0.011965006745834224,
      0.06430694860404085,
      0.5346786132315016,
      0.015396148869454914,
      0.00809686014208179,
      0.01933674985216183,
      0.004429738532968828,
      0.006144871107588936,
      0.0007491044990191951
    ],
    [
      0.005249737025725009,
      0.0011215407581410665,
      0.0031913005599806667,
      0.006918503502177199,
      0.0077178464644590125,
      0.013373439726131713,
      0.06402413552149996,
      0.035234810872126134,
      0.024176043241125808,
      0.022983871210142857,
      0.002263017463556772,
      0.047624883149205766,
      0.005341478767627473,
      0.6862599609917938,
      0.019240924643132398,
      0.03322589196599314,
      0.020594366263145605,
      0.0008857316938540362,
      0.0005725161801815602
    ],
    [
      0.009265714854334875,
      0.00046783842196745814,
      0.0038630713276822273,
      0.015164644445884053,
      0.007711516268571039,
      0.012232706808240386,
      0.14385911336517096,
      0.07289142554332009,
      0.06078073801301952,
      0.10472672849674763,
      0.0057432786820839545,
      0.1278011675211385,
