{
  "poids_LS": 0.2725,
  "poids_EM": 0.7275,
  "mae_validation": 7.737800661066884,
  "matrice_de_transition": [
    [
      0.1936138424765247,
      0.004269940157073309,
      0.015474535223313272,
      0.08254169304528837,
      0.009984219414381436,
      0.060783448454116505,
      0.07088942032213424,
      0.04476457229741366,
      0.053244680407820016,
      0.048078572710263945,
      0.024494129851273194,
      0.17962833016626834,
      0.03608351718062253,
      0.05865720351697778,
      0.010986636873558914,
      0.04568681769639216,
      0.03648707793468594,
      0.009239648912807135,
      0.015091713359084753
    ],
    [
      0.010421543629804592,
      0.46602382695594435,
      0.0035756454310443787,
      0.018950331439342355,
      0.06248797051886246,
      0.01242071431295241,
      0.03203793046167983,
      0.026224082647429002,
      0.05946257059130597,
      0.01271645141361031,
      0.004145364435881593,
      0.014408392261935452,
      0.015001542854609792,
      0.00026312382365395237,
      0.0286516419657974,
      0.06989830747529754,
      0.08879796665125167,
      0.014566953230726811,
      0.059945639898870216
    ],
    [
      0.03365245526894485,
      0.028711245392035123,
      0.2683689357372598,
      0.022739198973071702,
      0.020546509146910134,
      0.020824369663767356,
      0.051782324049822255,
      0.1683276975558438,
      0.008088188734807863,
      0.040131420272759136,
      0.010023178922811725,
      0.11394646360031217,
      0.03254681836000329,
      0.048773004821896115,
      0.02978901665559148,
      0.02849369466780481,
      0.06466752384528193,
      0.0012647530727033381,
      0.00732320125837304
    ],
    [
      0.032895807942300674,
      0.025177596117031603,
      0.037165526135082054,
      0.14414008049648575,
      0.018032018534989303,
      0.04631173518054448,
      0.059256446654608816,
      0.029286479552437433,
      0.0603953942936649,
      0.07027352344965286,
      0.04762652043768773,
      0.07720448723946018,
      0.06706056774798796,
      0.05530811728771875,
      0.08841008051476099,
      0.057796233869663684,
      0.030863654638972282,
      0.031876687215512386,
      0.020919042691438332
    ],
    [
      0.010389663280388614,
      0.08090331547290011,
      0.015231567255696691,
      0.039817149425540904,
      0.31848220840545705,
      0.024274218247233546,
      0.053001909116510315,
      0.028819286395594654,
      0.10889189400787813,
      0.0184389922321009,
      0.0037848543908862065,
      0.016692657857734095,
      0.022521269899019338,
      0.004801604320194928,
      0.0006609390273659259,
      0.015838927511062532,
      0.04141843721207435,
      0.08524963436172923,
      0.11078147158063262
    ],
    [
      0.027167224887537374,
      0.011159991783194738,
      0.04945618844410325,
      0.021111514133714197,
      0.01915695186861071,
      0.24780269094859997,
      0.022749919429417124,
      0.01894377271855018,
      0.04035999465314692,
      0.05436802211209481,
      0.02356046442761268,
      0.08570972277059405,
      0.05005837478894928,
      0.06577899953335609,
      0.06008105905437288,
      0.06342301476043712,
      0.05818411638642266,
      0.06580289317253708,
      0.015125084126748952
    ],
    [
      0.02463191345163787,
      0.011645698241925958,
      0.06220914923517774,
      0.010942740601184954,
      0.02688537052611809,
      0.052546312882788535,
      0.1586831700739769,
      0.04988565956837804,
      0.06474465010846744,
      0.025143718559840718,
      0.07134777789116338,
      0.05300062018226985,
      0.08687387171256056,
      0.016429570149051137,
      0.08010069505437821,
      0.09776866477985922,
      0.046355192200814445,
      0.03875179244346983,
      0.022053432336937143
    ],
    [
      0.016758303931543275,
      0.03359195242664907,
      0.062455229069401486,
      0.03328742667300376,
      0.033400220624041035,
      0.030253214064031565,
      0.02500151489361186,
      0.30722107089417006,
      0.008198398542578844,
      0.04835376425737684,
      0.08996597661042852,
      0.07586497476506598,
      0.010177123134644118,
      0.049689336705796124,
      0.007164839343242605,
      0.05161365268834359,
      0.0300742748783816,
      0.043525113274563175,
      0.043403613223126525
    ],
    [
      0.007463112965134829,
      0.015522039076954822,
      0.024952221300486965,
      0.032707405828907604,
      0.057057814791378156,
      0.010276547736071943,
      0.05486805228697827,
      0.03580688314236658,
      0.3198774487460603,
      0.04755858202675374,
      0.0022644952208318117,
      0.025294306780571093,
      0.08279858015155536,
      0.021660497862370245,
      0.031650050957237455,
      0.05419606966744304,
      0.06337558835307208,
      0.04481627813841051,
      0.06785402496741534
    ],
    [
      0.015432373885131365,
      0.010464078377722586,
      0.012340119727503158,
      0.013743226550516185,
      0.014688782782237403,
      0.0668144697515078,
      0.05848228850500515,
      0.07599959406699258,
      0.036474976460058865,
      0.31021714979387666,
      0.050521697298401155,
      0.05916292054089106,
      0.06013486385284178,
      0.005534157165548054,
      0.0837622265486985,
      0.05166370127600395,
      0.0486006989355802,
      0.021441592216932374,
      0.004521082264551233
    ],
    [
      0.020231546549297312,
      0.009216854308725892,
      0.016010254285472446,
      0.04556621058925418,
      0.01212324677539317,
      0.016922243756484174,
      0.0384595535121941,
      0.10220658497767518,
      0.013045546916482579,
      0.017612907742796235,
      0.47758282668826724,
      0.11885882573497865,
      0.00843000518697702,
      0.04532096811124362,
      0.014059107732275622,
      0.02471004369380551,
      0.011303238756014203,
      0.0018138794705397435,
      0.006526155212123303
    ],
    [
      0.0636198063209364,
      0.00020643354029889442,
      0.042381804040791476,
      0.031227686952423936,
      0.0069579897465993955,
      0.005986222057008865,
      0.055088575241332316,
      0.041239299714436656,
      0.021787269853063146,
      0.06644926911084015,
      0.0654372974990835,
      0.4086246318794041,
      0.06648556509088197,
      0.044645919192347984,
      0.028491160514512587,
      0.022179018917439845,
      0.019462987883769222,
      0.005782480907704161,
      0.003946581537125545
    ],
    [
      0.058506614732684994,
      0.029202345974135725,
      0.05264841230962935,
      0.00047978701410613777,
      0.042808959716011286,
      0.022919701947741136,
      0.07734880533298484,
      0.038499272720417525,
      0.11006383872949518,
      0.03325095816047215,
      0.05803028271729598,
      0.03906709982419578,
      0.25236147255513264,
      0.07467132201685633,
      0.03926977168909668,
      0.03541543089010839,
      0.009713769656703843,
      0.02210899719268915,
      0.003633156820243096
    ],
    [
      0.02546122457476629,
      0.005439472676984173,
      0.015477807715906232,
      0.03289151434126629,
      0.008446463419318562,
      0.024588655559800367,
      0.03268525784633139,
      0.03512871567962155,
      0.020071827024059845,
      0.027269752063719534,
      0.010975634698250344,
      0.04436385281348758,
      0.025906172022993244,
      0.6360843383354223,
      0.019277608149615686,
      0.019781919733546895,
      0.009077281155836937,
      0.004295798715192076,
      0.002776703473880567
    ],
    [
      0.04493871704352414,
      0.0022690163465421717,
      0.0187358959392588,
      0.07354852556253766,
      0.03740085390256954,
      0.05932862801996587,
      0.07794116567263364,
      0.05907948067060789,
      0.03663900850418807,
      0.0856625651243978,
      0.027854901608107177,
      0.08268763519113648,
      0.06000481637546363,
      0.06730464992896541,
