{
  "poids_LS": 0.2025,
  "poids_EM": 0.7975,
  "mae_validation": 7.930752647791777,
  "matrice_de_transition": [
    [
      0.1788462669273844,
      0.0046807935055202254,
      0.016963493938958536,
      0.08871876372585936,
      0.01094490032023257,
      0.06663202768681499,
      0.06308274449910306,
      0.04082072460598617,
      0.049841758385371526,
      0.04610938959875831,
      0.02685095334211735,
      0.18471994177927553,
      0.039555470723775216,
      0.06430119560795845,
      0.012043770318437435,
      0.04643372324991252,
      0.03278155750709971,
      0.01012868729617002,
      0.01654383698126473
    ],
    [
      0.011424303841607097,
      0.4450010864605687,
      0.003919693788670642,
      0.0207737310280076,
      0.06850055874748152,
      0.013615834590487349,
      0.029231561639826237,
      0.028413879257436995,
      0.05985678885036432,
      0.012439665045047916,
      0.004544231116997348,
      0.01147166447192949,
      0.015994178612334892,
      0.00028844157988182405,
      0.028526372139275193,
      0.07284126105216064,
      0.09320629381696205,
      0.015376671909539258,
      0.06457378205142095
    ],
    [
      0.036890492202039195,
      0.03147383945037527,
      0.24467745050983025,
      0.023833025743145837,
      0.019106014308359672,
      0.022275491618496793,
      0.04884927755504486,
      0.16749333043159936,
      0.006610500398159455,
      0.04339593568911076,
      0.010987608509886393,
      0.11851342886836633,
      0.035678470985708075,
      0.0534659399937624,
      0.032655313790837394,
      0.029258309203059576,
      0.06542128403564311,
      0.0013864475264342435,
      0.008027839180140892
    ],
    [
      0.036061040321628574,
      0.027600182684993407,
      0.04074159050546795,
      0.1298702961786477,
      0.01976705811911198,
      0.05076784715667934,
      0.051629556640542154,
      0.02270143854824468,
      0.05521103232748774,
      0.06744297262948808,
      0.052209140960901665,
      0.07219365147929584,
      0.07005026020604828,
      0.06062986053189787,
      0.0956099553359639,
      0.05752861118896015,
      0.03210977377461577,
      0.03494385986855138,
      0.022931871541473636
    ],
    [
      0.011389355967161402,
      0.08868782692733723,
      0.016697147610196715,
      0.0436483528066926,
      0.2961897670779009,
      0.026609881858651208,
      0.0477375385633264,
      0.027383818453478603,
      0.11161793960726948,
      0.015379605173561246,
      0.004149032820249828,
      0.013682345688970471,
      0.024688264940849376,
      0.005263614357876914,
      0.0007245345351537125,
      0.017362948027590884,
      0.04290487768068755,
      0.08910776069216524,
      0.11677538721088032
    ],
    [
      0.029781253399052996,
      0.012233805425563989,
      0.054214859497144115,
      0.023142862572697005,
      0.021000232460779436,
      0.21602950199157597,
      0.01759518601197632,
      0.020380591869760663,
      0.04053439678460804,
      0.05290172287234529,
      0.02582745069556167,
      0.08545316723222585,
      0.054874988170703846,
      0.07210825034756216,
      0.06348666234830262,
      0.06614987586555499,
      0.05840050588953264,
      0.0708833175148528,
      0.015001369050199585
    ],
    [
      0.027001994471039452,
      0.01276624652637244,
      0.06819490929904364,
      0.011995650349752578,
      0.028206525606621888,
      0.057602315496940004,
      0.11958126640299697,
      0.05202225118764229,
      0.06784643090419462,
      0.019493596431676672,
      0.07761237038617314,
      0.04882377916469073,
      0.08878192122659097,
      0.01801042225961276,
      0.08638539697578171,
      0.10044946596600612,
      0.0485695580151395,
      0.04248048724902707,
      0.024175412080697414
    ],
    [
      0.0183707867840629,
      0.03682416778041599,
      0.06846466691800368,
      0.0363262131387082,
      0.036613987556938454,
      0.03316417624201398,
      0.02667047773550204,
      0.2609730908938532,
      0.00888797700177859,
      0.050534469613414394,
      0.0986224966966553,
      0.07957451190532781,
      0.00946944763370818,
      0.053960085065518304,
      0.005839232365871323,
      0.054062708857191395,
      0.028174615430652892,
      0.04771309668242492,
      0.045753791697958415
    ],
    [
      0.008181213181711377,
      0.017015568610132606,
      0.027353122319090522,
      0.035854510169833424,
      0.06254791380910525,
      0.011265356452944846,
      0.04811817630396432,
      0.035206451439744706,
      0.2983347129182401,
      0.043606501367210726,
      0.002482384795344838,
      0.02002833270927194,
      0.08643333592215423,
      0.0237446694779935,
      0.0346954166850816,
      0.05556002806482986,
      0.06700646748470006,
      0.04912849734073179,
      0.07343734094791433
    ],
    [
      0.01622729161660513,
      0.011470931280046408,
      0.013527485199565318,
      0.013455886491628752,
      0.01610213645200595,
      0.07324335343893809,
      0.05556165629008211,
      0.07940185188197763,
      0.03885737351970849,
      0.28069058799165997,
      0.05538289154017171,
      0.05873295563000164,
      0.06543840345733418,
      0.005428457403257862,
      0.0918218222303602,
      0.05341204860467565,
      0.04278406573626521,
      0.023504700746396656,
      0.004956100489319049
    ],
    [
      0.019992410350034212,
      0.010103699396850718,
      0.017550759852459484,
      0.048327619035838945,
      0.009885165276550308,
      0.01855050088769227,
      0.03840237988474217,
      0.09938974245681875,
      0.014300788544185369,
      0.019307620515298964,
      0.4676294714562406,
      0.12198594648356784,
      0.009241139706686148,
      0.04968174854806431,
      0.01541187411201348,
      0.021039409958907778,
      0.010057211287418096,
      0.001988410828529822,
      0.007154101418100803
    ],
    [
      0.06974129971264162,
      0.00022629656135858184,
      0.04645977831275767,
      0.03423241284475338,
      0.007627487041804835,
      0.006562215931910061,
      0.053668071969583335,
      0.036452118727240634,
      0.016632425286890216,
      0.06542166262875529,
      0.07173366976703655,
      0.39405145280827425,
      0.06920405226470243,
      0.04894174646858765,
      0.031232578021063623,
      0.021617164871378693,
      0.016115496691736474,
      0.005753748748139752,
      0.004326321341385047
    ],
    [
      0.06413611718119076,
      0.03201219369673297,
      0.057714238923614304,
      0.0005259520876283777,
      0.04692803487768934,
      0.02512503409391554,
      0.07622797561346786,
      0.03584636096021713,
      0.11292806327418815,
      0.030143239652952666,
      0.06361395253201861,
      0.03600772421451759,
      0.21814121307920914,
      0.08185619148926862,
      0.043048306422068174,
      0.037364361925011004,
      0.01035425827776263,
      0.024044042778761904,
      0.003982738919785386
    ],
    [
      0.02791110185343796,
      0.00596285836411667,
      0.016967081310563875,
      0.036039758079337694,
      0.008534780625968205,
      0.02594807566085111,
      0.028886606006917018,
      0.035115855656287664,
      0.019574346270476092,
      0.02778925277324398,
      0.012031709514576836,
      0.0439685764091581,
      0.02839886211455273,
      0.6300024446801046,
      0.019282054635250023,
      0.01815234734173523,
      0.007681270839799523,
      0.004709140172323959,
      0.003043877691298628
    ],
    [
      0.04926271730888041,
      0.0024873409434603188,
      0.02053866255884384,
      0.08062535963728354,
      0.04099956149456935,
      0.06503722453047804,
      0.06995111140687153,
      0.05740530553452156,
      0.03371273826069335,
      0.08335175744290085,
      0.03053509832641302,
      0.07721932824204533,
      0.06308386966241701,
      0.07378069871938132,
      0.16494751393256712,
