{
  "poids_LS": 0.8475,
  "poids_EM": 0.15249999999999997,
  "mae_validation": 6.1941129259168495,
  "matrice_de_transition": [
    [
      0.3149189273444626,
      0.0008950733662593533,
      0.00324380291622718,
      0.031801469597740904,
      0.0020929119734614003,
      0.012741547614093147,
      0.13501568601131894,
      0.07716046404842519,
      0.08119725416364687,
      0.0642540054119174,
      0.005134508319339053,
      0.1378043776308518,
      0.007563898790439773,
      0.012295839912493622,
      0.0023030407191996344,
      0.03955152207818916,
      0.06692528144700136,
      0.0019368336208977152,
      0.0031635550340349474
    ],
    [
      0.0021845847471411686,
      0.6387106238822444,
      0.0007495339219715019,
      0.003972406246734995,
      0.013098852926634395,
      0.002603654890343975,
      0.05509024578404864,
      0.008236467636649055,
      0.05622434917761226,
      0.014990053726801398,
      0.0008689595552878939,
      0.038531513394127276,
      0.006847749130439329,
      5.515654035357763e-05,
      0.029680644112229804,
      0.04572404595106481,
      0.05258670779005921,
      0.00791569265476742,
      0.02192875793148906
    ],
    [
      0.007054294747098403,
      0.0060185084842410376,
      0.4629775643911452,
      0.013754193361748466,
      0.0323791453207175,
      0.008904439321346967,
      0.07587520597120796,
      0.17518142750499477,
      0.0202263429287055,
      0.013315757924156523,
      0.0021010787432698113,
      0.07643210604129577,
      0.006822528934571135,
      0.01022389448156585,
      0.006244433044642886,
      0.02221293241392641,
      0.05847592228160067,
      0.0002651200599137581,
      0.0015351040438513928
    ],
    [
      0.006895684826392924,
      0.0052777778802025,
      0.007790711664054998,
      0.2613561659644409,
      0.0037799076654101275,
      0.00970795823372238,
      0.12190590034158488,
      0.08337788780116365,
      0.1029812247301201,
      0.09352447661529213,
      0.009983566139858938,
      0.11836492384081017,
      0.04250237969963541,
      0.01159379778196166,
      0.02926825162630831,
      0.059994563032585504,
      0.020627676024757898,
      0.006682054708406375,
      0.004385091423291196
    ],
    [
      0.002177901924755001,
      0.01695911424002373,
      0.00319287148658934,
      0.008346550223223349,
      0.5015986907389537,
      0.005088410010588474,
      0.09624495294623527,
      0.040610630205833644,
      0.08649937658430631,
      0.04356967164153374,
      0.0007933887211136032,
      0.04142022210114959,
      0.0047209534839868705,
      0.001006521867807184,
      0.00013854735625196382,
      0.003320187553865341,
      0.02920839050560871,
      0.05355788236171918,
      0.06154573604645515
    ],
    [
      0.005694847828659036,
      0.0023393797208758724,
      0.010367104794124735,
      0.004425437670641119,
      0.004015718432939013,
      0.5087967430955825,
      0.06509237250125226,
      0.007141329690749763,
      0.038927405716144926,
      0.06641262301003717,
      0.004938791512317434,
      0.08781714326433276,
      0.01049333629596531,
      0.013788724988091822,
      0.032106460568521414,
      0.04102379853982604,
      0.0564066311823049,
      0.02407083607494366,
      0.016141315112690173
    ],
    [
      0.005163390792267731,
      0.0024411944768298393,
      0.013040405853422133,
      0.0022938390950937525,
      0.016033025221979733,
      0.011014862837972851,
      0.4798773787998834,
      0.03233508555299315,
      0.03926573642927995,
      0.0715554360411882,
      0.01988862525358318,
      0.08731038568381257,
      0.07120060784731064,
      0.003443999240866389,
      0.028476357842849364,
      0.07574779789365255,
      0.028165758726001466,
      0.008123227969249688,
      0.004622884441763455
    ],
    [
      0.003512909071560617,
      0.007041612020706504,
      0.013091989598740514,
      0.008325966419003013,
      0.007001420818097948,
      0.006341739030604553,
      0.011292177263799635,
      0.687115192325344,
      0.002534004056295214,
      0.0304408274042113,
      0.01885884733070838,
      0.045393776827200805,
      0.01599017189233218,
      0.014608189465220998,
      0.018053753800220992,
      0.03149640558709383,
      0.045678620341867406,
      0.009123820995698808,
      0.024098575751293115
    ],
    [
      0.0015644326146846202,
      0.003253760768708742,
      0.005230534361957748,
      0.006856191599874101,
      0.011960572860048339,
      0.0021541904189016784,
      0.11031346214745001,
      0.04073900069961766,
      0.49683563590315416,
      0.08002210173014271,
      0.00047468800161766484,
      0.06855052236624268,
      0.05294165775020756,
      0.004540516734036374,
      0.006634546764231904,
      0.0429921256889083,
      0.03355050977184231,
      0.009394477547914228,
      0.0219910722704593
    ],
    [
      0.008902692519454008,
      0.002193500965776899,
      0.002586760492706847,
      0.016103519891377233,
      0.0030790919234243343,
      0.014005782319044585,
      0.08247319598473005,
      0.048052476301044,
      0.016905286327222623,
      0.5527567645977993,
      0.010590458883857283,
      0.06269477516605415,
      0.01657007424451135,
      0.006402405212931768,
      0.017558404877905866,
      0.03730227679048641,
      0.09638018592995334,
      0.004494629296332902,
      0.0009477182753870281
    ],
    [
      0.022195879614672766,
      0.0019320553705576605,
      0.003356101413793192,
      0.02288321263516502,
      0.030507487658745256,
      0.0035472744644176437,
      0.03892919402340635,
      0.12534493425613863,
      0.002734633546066794,
      0.003692052825809519,
      0.5593425303799141,
      0.09317176244299585,
      0.0017671144893663163,
      0.00950027166593079,
      0.0029470981844289096,
      0.054861677944751164,
      0.02153846439091077,
      0.00038022902990695646,
      0.0013680256630224103
    ],
    [
      0.0133361106033578,
      4.3273010165747615e-05,
      0.008884158235354912,
      0.00654600997971773,
      0.0014585476788404228,
      0.0012548437988918924,
      0.06675699497355614,
      0.0805625721092611,
      0.0641306359323408,
      0.0748903223565372,
      0.013717096726612001,
      0.5283328885351133,
      0.044155134734499564,
      0.009358766566093562,
      0.00597237385355762,
      0.02679424858151358,
      0.04696023696118107,
      0.006018495075554654,
      0.0008272902878510591
    ],
    [
      0.012264273191387573,
      0.006121453967086869,
      0.011036265123324363,
      0.00010057391017345153,
      0.008973699459370061,
      0.004804473604165666,
      0.08655562088616,
      0.060291047893492204,
      0.08653627996951704,
      0.05877864590081068,
      0.012164423524931457,
      0.06419768518940949,
      0.5334564611073614,
      0.01565275135061249,
      0.008231807811116484,
      0.019406354531979777,
      0.0044526131265780694,
      0.0062139798785201044,
      0.0007615895740028481
    ],
    [
      0.0053372326428204235,
      0.0011402331041100839,
      0.00324448890264701,
      0.00703094077853689,
      0.007721000650410785,
      0.013421990444026383,
      0.06388846938437802,
      0.03523435158557849,
      0.024158276071354956,
      0.023002424806911587,
      0.0023007344212827175,
      0.04761076613476543,
      0.005430503413754596,
      0.6860427505041038,
      0.019241083446190764,
      0.033167692951999866,
      0.020544508751858554,
      0.0009004938887516033,
      0.0005820581165179194
    ],
    [
      0.009420143435240452,
      0.00047563572900024897,
      0.003927455849810263,
      0.015417388519982117,
      0.007840041539713887,
      0.012436585255044388,
      0.1435737542842509,
      0.07283163357417416,
      0.060676228361466134,
      0.10464419965097989,
      0.005838999993452019,
      0.12760587084438524,
