{
  "poids_LS": 0.93,
  "poids_EM": 0.06999999999999995,
  "mae_validation": 5.981523893446963,
  "matrice_de_transition": [
    [
      0.3323235699559493,
      0.00041085334844691605,
      0.001488958715645262,
      0.024521350581353664,
      0.000960680905851134,
      0.005848579232698491,
      0.14421641108846284,
      0.08180857025617902,
      0.08520784083296115,
      0.06657482836476333,
      0.0023568234908441545,
      0.13180354965837898,
      0.003471953543152681,
      0.005643992090980676,
      0.0010571334448785201,
      0.038671240532968734,
      0.07129250195094225,
      0.0008890383833628853,
      0.0014521236221799751
    ],
    [
      0.001002760211802503,
      0.6634874251803656,
      0.000344048357626263,
      0.0018233995886652425,
      0.006012588228619064,
      0.0011951202775349389,
      0.05839775189551895,
      0.005655635917711063,
      0.0557597348008649,
      0.015316266232607076,
      0.0003988666811157544,
      0.04199265686092001,
      0.005677856987406175,
      2.5317756227871686e-05,
      0.02982828355063098,
      0.042255564949761855,
      0.04739117934475768,
      0.0069613813547384626,
      0.01647416182312568
    ],
    [
      0.003238036933094347,
      0.002762594058340147,
      0.4908996719806156,
      0.012465040382732525,
      0.03407687138043768,
      0.0071941884461301266,
      0.07933201076862416,
      0.1761647887585686,
      0.021967904182612553,
      0.009468293326313538,
      0.000964429587074667,
      0.07104961126108908,
      0.003131652625704782,
      0.004692935171866289,
      0.0028662971352459133,
      0.02131177956880473,
      0.05758756205724641,
      0.0001216944537309053,
      0.0007046379217678521
    ],
    [
      0.0031652323793278977,
      0.002422586567961802,
      0.0035760643703858994,
      0.2781741260533214,
      0.0017350395841226806,
      0.004456111976134861,
      0.13089473500102058,
      0.09113882898467655,
      0.10909136561882889,
      0.09686048293905777,
      0.0045826205232139365,
      0.12427055170100387,
      0.03897881358835005,
      0.00532174324417912,
      0.020782684872747703,
      0.060309975477700374,
      0.019159035614892354,
      0.00306717265303899,
      0.002012828850035302
    ],
    [
      0.0009996926867727868,
      0.007784511454437118,
      0.0014655803545000241,
      0.0038312033811516997,
      0.5278719251607162,
      0.002335663611417659,
      0.10244938966963059,
      0.04230243170904185,
      0.0832865371278808,
      0.04717537781766975,
      0.00036417842936362093,
      0.04496809001433529,
      0.002166995041830038,
      0.00046201003768198584,
      6.359550778778664e-05,
      0.0015240205165283525,
      0.027456514239028857,
      0.049010804900848165,
      0.05448147833937751
    ],
    [
      0.0026140285115156215,
      0.0010738136423692523,
      0.004758671053040859,
      0.0020313484389828077,
      0.0018432805921687265,
      0.5462437157949322,
      0.07116759402895034,
      0.005447935691108834,
      0.0387218603469229,
      0.06814076139974194,
      0.002266986267948985,
      0.08811951229169528,
      0.004816613381754566,
      0.006329250814206079,
      0.028092713829247065,
      0.037809997951651395,
      0.0561516006964967,
      0.01808319310007156,
      0.01628712216719478
    ],
    [
      0.0023700810194015806,
      0.0011205482844464832,
      0.005985760063865895,
      0.0010529097485676238,
      0.014475949591385966,
      0.0050560026141514705,
      0.5259617652692526,
      0.029816959716003143,
      0.03561006620574435,
      0.07821450854938156,
      0.01250535552732167,
      0.0922330911688165,
      0.06895183520577478,
      0.0015808521105616204,
      0.021069387721195224,
      0.07258828220997941,
      0.02555597044483265,
      0.003728694805557232,
      0.0021219797437602734
    ],
    [
      0.0016124828525196267,
      0.0032322153537669186,
      0.0060094378486022,
      0.00474453951299421,
      0.003213766932897417,
      0.002910962177982416,
      0.009325185343000489,
      0.7416217401828603,
      0.0017212865865240845,
      0.027870710377452767,
      0.008656520086226792,
      0.04102182234046363,
      0.01682421801843525,
      0.009574807469834133,
      0.01961607630926572,
      0.028610017959523212,
      0.04791750469097624,
      0.004187983407861745,
      0.02132872254881267
    ],
    [
      0.0007181002165765466,
      0.0014935295331777825,
      0.002400901018603555,
      0.0031471043409258153,
      0.005490099017727104,
      0.000988808716872901,
      0.11826867312743074,
      0.0414466523491363,
      0.522225288843085,
      0.08467991107888982,
      0.00021788957451302637,
      0.0747568489502738,
      0.04865783844914461,
      0.0020841716156232526,
      0.0030453657278441512,
      0.04138460329198809,
      0.029271259366709344,
      0.004312219202321283,
      0.015410735579156912
    ],
    [
      0.007965825193074214,
      0.001006852902323822,
      0.0011873654720621586,
      0.016442170675065988,
      0.0014133536697685462,
      0.006428883687430299,
      0.08591536966660361,
      0.04404267244766877,
      0.014097461221206985,
      0.5875559267218403,
      0.004861194241770554,
      0.06320151952531668,
      0.010319473996359591,
      0.006526979932773779,
      0.008059595681661706,
      0.03524172458169476,
      0.103235503629146,
      0.0020631085294642816,
      0.000435018224767816
    ],
    [
      0.022477718706661418,
      0.0008868450881248274,
      0.0015405055669870382,
      0.0196286955374044,
      0.03314522656809578,
      0.001628257131208098,
      0.038996577227188974,
      0.12866478437000514,
      0.0012552416277027902,
      0.0016947127725027292,
      0.5710732704748026,
      0.08948622727501572,
      0.0008111345197091284,
      0.004360780436820689,
      0.0013527663797378595,
      0.05918778198945206,
      0.023006996764613322,
      0.00017453135799007827,
      0.0006279462059774995
    ],
    [
      0.006121493391705216,
      1.986302105968742e-05,
      0.004077974271966187,
      0.0030047258923294484,
      0.0006694972952054396,
      0.0005759938749011962,
      0.06843115954383173,
      0.0862046068441707,
      0.07020598845675889,
      0.07610142999613721,
      0.006296372267953047,
      0.545508421011802,
      0.040951203422496876,
      0.004295827276239665,
      0.002741417506551037,
      0.027456433707228507,
      0.05090549443750538,
      0.006052357977898421,
      0.00037973980425950234
    ],
    [
      0.005629502448505769,
      0.0028098477225972497,
      0.005065826613984951,
      4.616507352224002e-05,
      0.004119075161678059,
      0.0022053321461744033,
      0.08787659876987644,
      0.06341769389658553,
      0.08316058675612889,
      0.06244131414181577,
      0.005583669814722633,
      0.0678033778722445,
      0.5737874812039857,
      0.007184869472412287,
      0.0037785347329714987,
      0.01710940009798741,
      0.0036977515374730673,
      0.003933390437791502,
      0.0003495820995422907
    ],
    [
      0.0024498772786716687,
      0.0005233856871324973,
      0.0014892735946576432,
      0.003320510658667018,
      0.007616912514002277,
      0.011819816753502289,
      0.0683654519094021,
      0.03524950804165058,
      0.02474459267379295,
      0.022390156113543492,
      0.0010560748163264927,
      0.04807662761129659,
      0.0024926900915594854,
      0.6932106965978712,
      0.01923584294526458,
      0.0350882604137779,
      0.022189806624331225,
      0.00041334145713188325,
      0.0002671742174180612
    ],
    [
      0.004324000265356271,
      0.00021832459691814696,
      0.001802766619585038,
      0.007076834074745886,
      0.003598707591999815,
      0.005708596510512176,
      0.15299060395461336,
      0.07480476855599018,
      0.06412504686272777,
      0.10736765156131559,
