{
  "poids_LS": 0.7325,
  "poids_EM": 0.26749999999999996,
  "mae_validation": 6.495007230377672,
  "matrice_de_transition": [
    [
      0.290657910370875,
      0.0015700467244221443,
      0.005689949377644398,
      0.0419495142872504,
      0.003671173461645407,
      0.022349927782097816,
      0.122190432873482,
      0.07068128569822289,
      0.0756067394124815,
      0.06101891887158671,
      0.00900643262572588,
      0.1461691681379351,
      0.013267822468476324,
      0.02156811263339045,
      0.00403975995007149,
      0.04077858120182976,
      0.06083764074453827,
      0.0033973966792795987,
      0.005549186699044908
    ],
    [
      0.003831976523673853,
      0.6041732644969843,
      0.0013147562237860772,
      0.006967991285256466,
      0.022976676445080006,
      0.004567066774865662,
      0.05047978271957489,
      0.011833990638805043,
      0.056871993460351,
      0.01453533326416318,
      0.0015242405314066336,
      0.03370688916768891,
      0.008478507875273421,
      9.674999701365256e-05,
      0.029474843682943324,
      0.05055889825591135,
      0.059828959562297696,
      0.009245944769959297,
      0.029532134324965292
    ],
    [
      0.012373926851467692,
      0.010557055865799855,
      0.4240558386603681,
      0.015551194484013115,
      0.030012618085956025,
      0.011288425389831044,
      0.07105662958693082,
      0.1738106815151646,
      0.017798712089925974,
      0.018678890393877046,
      0.003685498779178194,
      0.08393497755309906,
      0.011967386819657566,
      0.0179337165496319,
      0.010953349766832604,
      0.023469084864702092,
      0.05971424259433693,
      0.0004650466624716741,
      0.002692723486755722
    ],
    [
      0.012095709449574473,
      0.00925774152756832,
      0.013665674558260408,
      0.2379129488708499,
      0.006630329839325962,
      0.0170287136230868,
      0.10937600960418967,
      0.0725596061514184,
      0.09446405864282906,
      0.08887428598216428,
      0.017512156999424693,
      0.11013283652054018,
      0.04741401730930593,
      0.020336661683113075,
      0.04109661740399884,
      0.05955489720000114,
      0.022674871747600776,
      0.011720981209827576,
      0.007691881676920623
    ],
    [
      0.003820254195881723,
      0.029747954486599004,
      0.005600610640410809,
      0.01464067006368686,
      0.4649753942722543,
      0.008925571657917488,
      0.08759634418029028,
      0.03825236144378585,
      0.09097788006902068,
      0.03854353575964717,
      0.0013916818550681238,
      0.03647470925246649,
      0.008281016766993363,
      0.0017655383582847325,
      0.00024302569047475619,
      0.0058239355453047785,
      0.031650399846901836,
      0.05989623276172119,
      0.07139288315329065
    ],
    [
      0.009989323240434703,
      0.004103502133339645,
      0.018184921524120438,
      0.007762652963255734,
      0.0070439651200733516,
      0.4565979326661861,
      0.05662388188688523,
      0.009501818296309847,
      0.03921392350354532,
      0.06400370283044869,
      0.008663126095376483,
      0.08739565916558502,
      0.0184063439945621,
      0.024186779897144673,
      0.0377013802656917,
      0.04550364178394825,
      0.056762128223128455,
      0.03241724749446234,
      0.015938068915501927
    ],
    [
      0.009057095324141758,
      0.004282095229849063,
      0.022874154529773254,
      0.004023619396311993,
      0.018203494282807403,
      0.019321152846935984,
      0.4156385370547021,
      0.035845200356070125,
      0.04436151916511745,
      0.06227309254491871,
      0.030180455781099215,
      0.08044843258350401,
      0.07433526062036061,
      0.006041113422503339,
      0.03880122528515513,
      0.08015197127089388,
      0.03180364542096406,
      0.014248940864093715,
      0.008108994020798191
    ],
    [
      0.006161988043557148,
      0.012351680101895017,
      0.022964637492872707,
      0.013318258469803163,
      0.012281180779286565,
      0.011124034037289954,
      0.01403404478976208,
      0.6111363680391093,
      0.00366688295355194,
      0.03402341477484441,
      0.0330802731866524,
      0.05148801641477384,
      0.014827562140794568,
      0.021624418913336024,
      0.015875970908825313,
      0.03551985500734378,
      0.042557751249170245,
      0.01600407945147168,
      0.027959583245659794
    ],
    [
      0.002744168684774662,
      0.0057074164303579575,
      0.009174871749663591,
      0.012026434445680802,
      0.0209800212463143,
      0.0037786618823357314,
      0.09922438017535568,
      0.039752577188167444,
      0.46144399847173534,
      0.0735293977894649,
      0.0008326494454604941,
      0.05989927924910835,
      0.05891304223047712,
      0.007964512959703147,
      0.011637647602833014,
      0.045232914484615236,
      0.03951552548808827,
      0.016478837666013484,
      0.031163662809850508
    ],
    [
      0.01020862879258948,
      0.0038476164481660363,
      0.004537432339666109,
      0.015631461223205023,
      0.005401030095186948,
      0.024567519805537227,
      0.07767501448878505,
      0.05364189985423371,
      0.02081922435378987,
      0.5042488416370148,
      0.018576706566766056,
      0.06198840424102153,
      0.025283032166177437,
      0.0062287556034550245,
      0.030799169212064388,
      0.04017456168758991,
      0.08682428853107871,
      0.007884021880452795,
      0.001662391073219869
    ],
    [
      0.021803013001597676,
      0.0033890151581913064,
      0.005886931988129042,
      0.027419812225982852,
      0.02683063948207484,
      0.006222268322830949,
      0.038835265921163896,
      0.12071726440044594,
      0.004796816220149951,
      0.006476223809206862,
      0.5429905896415848,
      0.09830917510139242,
      0.0030996926288884563,
      0.016664410954993356,
      0.0051695000939982515,
      0.04883135109456203,
      0.01949141926393146,
      0.0006669591180335138,
      0.0023996515728425885
    ],
    [
      0.023392849746873518,
      7.590511619237697e-05,
      0.015583687396442225,
      0.01148234537425897,
      0.002558436092392217,
      0.0022011194505152866,
      0.06442331102711138,
      0.0726979176302962,
      0.05566196271648526,
      0.0732021117073978,
      0.0240611368811063,
      0.5043912372039715,
      0.04862122080577604,
      0.016416197091344446,
      0.010476131185748612,
      0.025871202648698834,
      0.0414607871456987,
      0.005971292241984555,
      0.0014511485377059561
    ],
    [
      0.021512741499647055,
      0.010737632368496638,
      0.01935869456058536,
      0.00017641653095998877,
      0.015740751510698304,
      0.008427519272880761,
      0.08471425777552498,
      0.05593269285887727,
      0.09124179172151267,
      0.05367310835274297,
      0.02133759536340436,
      0.05917156811636674,
      0.47723746339691575,
      0.027456465483861256,
      0.014439400586712522,
      0.0226081698036055,
      0.005504844432603224,
      0.009392983341353913,
      0.0013359030232508976
    ],
    [
      0.009362031029209596,
      0.0020000810186849016,
      0.005691152665298854,
      0.012203055491082769,
      0.007866093204192341,
      0.015655323467181178,
      0.057647827076768694,
      0.0352132244043871,
      0.023340986261895937,
      0.02385589025827318,
      0.004035714476676242,
      0.046961383470509856,
      0.009525637135602325,
      0.6760510680703675,
      0.01924838838687575,
      0.03049053830830927,
      0.018251063232654234,
      0.0015795548540396976,
      0.0010209871879904488
    ],
    [
      0.01652385815689719,
      0.0008343118525086335,
      0.0068891438676999695,
      0.027043615928493223,
      0.013752204012285016,
      0.021814993808028683,
      0.13044723656192744,
      0.0700812029934609,
      0.05586878439001052,
      0.10084787274566348,
      0.01024218031638305,
      0.11862222371373549,
      0.039771037632627085,
