{
  "poids_LS": 0.6825,
  "poids_EM": 0.3175,
  "mae_validation": 6.627369533812915,
  "matrice_de_transition": [
    [
      0.2801096421214891,
      0.0018635134018842275,
      0.006753491317391016,
      0.0463617076305154,
      0.004357374108681932,
      0.02652748437688246,
      0.11661423585703115,
      0.06786425163291754,
      0.07317608082501828,
      0.05961235950622554,
      0.010689877976328852,
      0.14980603357579741,
      0.01574778928501396,
      0.025599535555519512,
      0.004794855267841863,
      0.041312085168630025,
      0.05819084043911954,
      0.004032424095967375,
      0.006586417857744891
    ],
    [
      0.004548233817818499,
      0.5891570212860018,
      0.0015605050506619796,
      0.008270419562874498,
      0.027271382322665058,
      0.005420724115962048,
      0.04847523356110803,
      0.013398131074525041,
      0.057153577931106966,
      0.014337628715190042,
      0.0018091453036321729,
      0.031609226460541796,
      0.009187533416505637,
      0.00011483410860498952,
      0.029385365235427466,
      0.05266100795367072,
      0.06297776468066227,
      0.009824315254825331,
      0.032837950148215826
    ],
    [
      0.014686810375106515,
      0.01253033733604282,
      0.4071333492122041,
      0.016332499319780352,
      0.028983693201277125,
      0.012324941071780643,
      0.06896159637637554,
      0.17321470499784708,
      0.016743220420891394,
      0.021010687119842494,
      0.0043743770556601,
      0.08719709560170918,
      0.014204281552303842,
      0.02128581310096497,
      0.01300070486343683,
      0.024015238104169778,
      0.060252642730309204,
      0.0005519712722794637,
      0.0031960362880184743
    ],
    [
      0.014356589720522974,
      0.010988160504683896,
      0.016220006251393197,
      0.22772024578667988,
      0.007869643827985022,
      0.020211650748897417,
      0.10392823102271348,
      0.06785600543413786,
      0.09076094295270251,
      0.08685246396776088,
      0.02078545737314894,
      0.10655366812042277,
      0.04954951192220615,
      0.024137906857526738,
      0.04623938513342951,
      0.059363738142355765,
      0.023564956844488984,
      0.013911818819141143,
      0.009129616569802984
    ],
    [
      0.0045343204007194295,
      0.035308319811196955,
      0.0066474537507679714,
      0.01737724390736665,
      0.44905222189542854,
      0.010593902808930104,
      0.08383607949944463,
      0.037227027199417236,
      0.09292505549715735,
      0.0363582592892617,
      0.0016518093046135676,
      0.03432448627477819,
      0.009828870368300536,
      0.00209554552805758,
      0.0002884510531803182,
      0.006912521628539318,
      0.03271214303876842,
      0.06265203728346119,
      0.07567425146061042
    ],
    [
      0.011856486462945863,
      0.004870511877889112,
      0.021583972276292485,
      0.009213616133957742,
      0.008360594114479586,
      0.4339027976968832,
      0.05294192944585609,
      0.010528117690031622,
      0.03933849645458898,
      0.06295634623062762,
      0.010282402001054331,
      0.08721240520960774,
      0.021846782124386798,
      0.02870767333586331,
      0.0401339540470701,
      0.047451399716175305,
      0.0569166921539213,
      0.03604612202468786,
      0.015849701003680952
    ],
    [
      0.010750010338000033,
      0.005082486861596552,
      0.027149697432534613,
      0.004775697788146011,
      0.019147176483167258,
      0.022932583285615614,
      0.38770860586114503,
      0.03737133722697316,
      0.04657707687635114,
      0.05823729102480153,
      0.03465516470610619,
      0.07746497471380465,
      0.07569815313038235,
      0.007170293501475926,
      0.04329029808615764,
      0.08206682926099881,
      0.033385335288339105,
      0.0169122942966346,
      0.009624693837769817
    ],
    [
      0.0073137615096425974,
      0.014660405354585676,
      0.02725709309901714,
      0.01548882023102062,
      0.014576728588499009,
      0.013203292735848826,
      0.015226161105397925,
      0.5781020966103115,
      0.004159438995837473,
      0.03558106145772837,
      0.03926350181967155,
      0.054137685800675156,
      0.01432207964012604,
      0.02467495345599473,
      0.014929108782131542,
      0.03726918084223507,
      0.041200851643649734,
      0.01899549617137293,
      0.029638282156254008
    ],
    [
      0.0032570974109007674,
      0.006774223239770661,
      0.010889801048666133,
      0.014274366117770674,
      0.02490152054469081,
      0.004484953822959233,
      0.09440304018748855,
      0.03932369740058039,
      0.4460563300232924,
      0.07070648303264848,
      0.0009882848558269417,
      0.05613786919818039,
      0.06150929635233345,
      0.009453206970862616,
      0.01381290883700741,
      0.046207170482748694,
      0.04210901058210825,
      0.019558994239100118,
      0.03515174565306408
    ],
    [
      0.010776427172213597,
      0.004566797092683053,
      0.005385550533996223,
      0.015426218323999713,
      0.006410568430735911,
      0.02915957958227316,
      0.07558884862098289,
      0.05607208400779446,
      0.022520936539253893,
      0.4831584403497171,
      0.022048988168030744,
      0.061681286447529085,
      0.029071274740814865,
      0.006153255773247745,
      0.036556023270394186,
      0.0414233812080697,
      0.08266955053156799,
      0.009357670830070141,
      0.0019731183766254524
    ],
    [
      0.021632201430695462,
      0.004022475935423327,
      0.0069872931074055,
      0.02939224683068626,
      0.025232009840044225,
      0.007385309130836735,
      0.038794427615841086,
      0.11870523402840565,
      0.005693417382794802,
      0.007686732932423099,
      0.5358810501901372,
      0.10054283277895613,
      0.003679074428680692,
      0.019779254124150995,
      0.00613576179381101,
      0.046209469855349364,
      0.01860139964350567,
      0.0007916243737407127,
      0.002848184577112232
    ],
    [
      0.027765345026662967,
      9.009298837786801e-05,
      0.018496526162132362,
      0.013628578154494295,
      0.003036648446110389,
      0.0026125436468732847,
      0.06340866583300496,
      0.06927850263944191,
      0.05197993088350459,
      0.07246810707733717,
      0.02855854564392991,
      0.49398182358173587,
      0.05056299735850495,
      0.019484645145801352,
      0.012434286547570785,
      0.025469878330083726,
      0.039069722008532454,
      0.005950769270867121,
      0.0017223912550341726
    ],
    [
      0.025533814677151184,
      0.012744666456066107,
      0.022977142142003186,
      0.00020939158347587454,
      0.018682948054754064,
      0.010002756520148193,
      0.08391366511872714,
      0.054037755887305555,
      0.09328766639629338,
      0.05145330941880048,
      0.025325930945349105,
      0.05698629982373946,
      0.45279442091411326,
      0.0325885151070129,
      0.017138353967406452,
      0.02400026339996451,
      0.005962336304788074,
      0.01077515875997731,
      0.0015856045229239628
    ],
    [
      0.011111943371117934,
      0.0023739279380652575,
      0.006754919518625743,
      0.014451801018276632,
      0.0079291769232278,
      0.01662633782507457,
      0.05493450433432986,
      0.03520403867343433,
      0.02298564286647897,
      0.024226962193647783,
      0.004790053631195167,
      0.046679043181703087,
      0.011306130058144816,
      0.6717068583165692,
      0.019251564448043133,
      0.02932655802844379,
      0.01725391300691322,
      0.0018747987519910432,
      0.0012118259147176358
    ],
    [
      0.019612429775008815,
      0.000990257993164453,
      0.008176834310260714,
      0.03209849741045458,
      0.01632270943514203,
      0.025892562744108814,
      0.12474005494352594,
      0.0688853636105421,
      0.05377859135894286,
      0.09919729583030851,
      0.01215660654374437,
      0.11471629017867037,
      0.04197036140902236,
