{
  "poids_LS": 0.5125,
  "poids_EM": 0.48750000000000004,
  "mae_validation": 7.08306666405282,
  "matrice_de_transition": [
    [
      0.24424553007357697,
      0.0028613001052553103,
      0.010369533912529512,
      0.06136316499761639,
      0.006690456308606117,
      0.04073117679915023,
      0.09765516600109828,
      0.05828633581087934,
      0.0649118416276434,
      0.05483005766399755,
      0.016413592168378944,
      0.16217137606452925,
      0.024179676461241906,
      0.03930637349075831,
      0.007362179348261128,
      0.04312599865575091,
      0.04919171940069585,
      0.006191517312705812,
      0.010113003797324835
    ],
    [
      0.006983508617910294,
      0.5381017943686608,
      0.0023960510620400477,
      0.012698675706775806,
      0.041873382306454224,
      0.00832315907568976,
      0.04165976642232072,
      0.018716208555973023,
      0.05811096513167728,
      0.013665433248681374,
      0.002777821529199006,
      0.024477173256241602,
      0.011598220256695164,
      0.0001763200880155351,
      0.029081138513873533,
      0.05980818092605257,
      0.07368370208310177,
      0.011790774903369848,
      0.044077723947267645
    ],
    [
      0.022550614355478508,
      0.019239494334868896,
      0.3495968850884467,
      0.018988935761388964,
      0.02548534859336886,
      0.01584909439040928,
      0.06183848346048759,
      0.1711883848389677,
      0.013154548746173833,
      0.028938795988125005,
      0.006716563195698579,
      0.09828829696698359,
      0.021809723643301176,
      0.0326829413754974,
      0.0199617121918912,
      0.025872159118359918,
      0.06208320319261497,
      0.0008475149456259483,
      0.004907299812311831
    ],
    [
      0.022043582641747876,
      0.01687158502687685,
      0.024904734008044674,
      0.1930650553005018,
      0.01208331138942582,
      0.03103363697665352,
      0.08540578384569447,
      0.05186376299538402,
      0.07817034960627228,
      0.07997826911878925,
      0.03191467864381137,
      0.09438449556002365,
      0.05681019360606691,
      0.03706214045053318,
      0.06372479541349378,
      0.05871379734636148,
      0.026591246173908886,
      0.02136066669080727,
      0.014017915205603007
    ],
    [
      0.0069621454971676286,
      0.054213561914829976,
      0.010206720325982318,
      0.02668159497587793,
      0.3949134358142208,
      0.016266228722372995,
      0.07105117958456941,
      0.03374089076856397,
      0.09954545195282206,
      0.02892831928995112,
      0.0025362426330680764,
      0.02701372815063795,
      0.015091572612744918,
      0.0032175699052852612,
      0.0004428972863792287,
      0.01061371431153675,
      0.03632206989111478,
      0.07202177265737722,
      0.09023090370549768
    ],
    [
      0.018204841419483808,
      0.007478345009357299,
      0.03314074483367744,
      0.014146890914344566,
      0.012837132695460784,
      0.3567393388012535,
      0.040423291146357,
      0.014017535628685658,
      0.039762044488137395,
      0.05939533379123596,
      0.015787940080359015,
      0.08658934175928498,
      0.03354427176579076,
      0.044078711027506656,
      0.04840470490375661,
      0.054073776685747275,
      0.05744220951861698,
      0.048384295427454614,
      0.015549250103489634
    ],
    [
      0.016505921385118163,
      0.0078038184095380134,
      0.04168654330192323,
      0.00733276432038167,
      0.022355695964390774,
      0.035211446777126336,
      0.2927468398030509,
      0.04256020258804348,
      0.0541099730945457,
      0.04451556585640314,
      0.04986917505112991,
      0.0673212179568268,
      0.08033198766445623,
      0.011009505769982721,
      0.058553145609566176,
      0.08857734642735557,
      0.03876308083741425,
      0.0259676959672736,
      0.014778073215473343
    ],
    [
      0.011229791294333123,
      0.022510071213733916,
      0.041851442159908214,
      0.02286873021915997,
      0.022381591139821317,
      0.020272772310948987,
      0.0192793565785598,
      0.46578557375239915,
      0.0058341295396082855,
      0.04087706017953384,
      0.060286479171936636,
      0.06314656171273965,
      0.012603439137853046,
      0.03504677090103433,
      0.011709777551372712,
      0.043216888680865435,
      0.03658739298488002,
      0.02916631301903718,
      0.03534585845227432
    ],
    [
      0.005001055079729525,
      0.01040136639177385,
      0.01672056066527477,
      0.02191733380287623,
      0.03823461815917093,
      0.0068863464210791375,
      0.07801048422874038,
      0.03786550612278442,
      0.39373825729858636,
      0.061108572859472604,
      0.0015174452510728635,
      0.04334907502502531,
      0.07033656036664497,
      0.014514766608804805,
      0.021208797033200357,
      0.04951964087640244,
      0.050926859901776186,
      0.030031526587594674,
      0.04871122731999021
    ],
    [
      0.012706941662935598,
      0.007012011284040909,
      0.008269152394718612,
      0.014728392466701663,
      0.009842998771602383,
      0.04477258282317533,
      0.06849588467045553,
      0.064334710129901,
      0.028306757969831564,
      0.4114510759729052,
      0.03385474561233067,
      0.06063708594965478,
      0.04195129949458212,
      0.005896556350542995,
      0.05612932706871549,
      0.04566936757770097,
      0.06854344133323159,
      0.014368077258769117,
      0.003029591208204435
    ],
    [
      0.021051442089627934,
      0.006176242578012196,
      0.010728520912945454,
      0.036098524486677844,
      0.01979666905714013,
      0.011339647878056405,
      0.038655577377743555,
      0.11186433076346862,
      0.008741861335787296,
      0.011802463951358302,
      0.5117086160552154,
      0.10813726888267279,
      0.005648972547974291,
      0.030369720899286964,
      0.009421051573174386,
      0.0372950736420263,
      0.015575332934057986,
      0.0012154862431451889,
      0.004373196791629018
    ],
    [
      0.04263182897794708,
      0.0001383317538085375,
      0.028400177965478828,
      0.02092576960729439,
      0.004662570448752172,
      0.0040113859144904765,
      0.05995887217304313,
      0.057652491670537286,
      0.03946102265137033,
      0.06997249133513109,
      0.04384973543753018,
      0.4585898172661349,
      0.057165037637783224,
      0.029917368530954835,
      0.01909201477776617,
      0.02410537564679236,
      0.03094010054216721,
      0.005880991169067845,
      0.0026446164939501076
    ],
    [
      0.039205463480665205,
      0.01956858235380229,
      0.035279863918823796,
      0.0003215067620298861,
      0.028686416304543643,
      0.015358563160857463,
      0.08119165008561446,
      0.047594970183961735,
      0.10024364029054778,
      0.043905993043396055,
      0.03888627192396123,
      0.04955638762880671,
      0.3696880764725846,
      0.05003748382572847,
      0.026314795461765815,
      0.028733381627585142,
      0.007517808670216564,
      0.015474555183296854,
      0.0024345896218123837
    ],
    [
      0.01706164533360628,
      0.0036450074639584663,
      0.010371726819937166,
      0.02209753581073576,
      0.008143661567948358,
      0.019927786641912096,
      0.045709207010037806,
      0.035172807188194884,
      0.021777475322061285,
      0.025488606773921434,
      0.007354806756559509,
      0.04571908619976007,
      0.017359805994789288,
      0.6569365451536546,
      0.01926236305601224,
      0.025369025076901176,
      0.013863602239393785,
      0.0028786280050256178,
      0.0018606775855900708
    ],
    [
      0.03011357327658834,
      0.0015204748713942388,
      0.012554981814967238,
      0.04928509444912317,
      0.025062427872855876,
      0.039756297126781255,
      0.10533563744096083,
      0.06481950970861815,
      0.046671935053312824,
      0.09358533431810162,
      0.018665655716772853,
      0.101436116159449,
      0.0494480622487663,
      0.04510105407611085,
