{
  "poids_LS": 0.82,
  "poids_EM": 0.18000000000000005,
  "mae_validation": 6.2656426418573785,
  "matrice_de_transition": [
    [
      0.3091173798073003,
      0.0010564800388634995,
      0.003828750983087821,
      0.03422817593653666,
      0.00247032232933149,
      0.015039203741224706,
      0.13194877765227095,
      0.07561109531250726,
      0.0798603919405421,
      0.06348039776096875,
      0.006060403262170689,
      0.13980465362167604,
      0.008927880539535474,
      0.014513122519664608,
      0.00271834314397334,
      0.039844949259929305,
      0.06546954127902105,
      0.0022860987000759927,
      0.0037340321713199395
    ],
    [
      0.0025785262589207245,
      0.6304516901162038,
      0.0008846957767532485,
      0.004688741799424914,
      0.015460941159306178,
      0.0030731664279469886,
      0.05398774374689187,
      0.009096744876295054,
      0.056379220636528046,
      0.014881316224866171,
      0.0010256571800119408,
      0.03737779890519636,
      0.007237713178117048,
      6.510280172881298e-05,
      0.029631430966096085,
      0.04688020628483247,
      0.05431855060515972,
      0.008233796421443739,
      0.02374695663427686
    ],
    [
      0.008326380685099758,
      0.007103813292874671,
      0.4536701951946549,
      0.01418391102142045,
      0.03181323663414411,
      0.009474522946419248,
      0.07472293770540256,
      0.17485364042047016,
      0.01964582251073648,
      0.014598246123437523,
      0.0024799617953348606,
      0.07822627096803135,
      0.00805282103752659,
      0.012067547584799042,
      0.007370478347775213,
      0.022513316695633643,
      0.05877204235638543,
      0.00031292859530804247,
      0.0018119260845459071
    ],
    [
      0.008139168975414602,
      0.006229508317616069,
      0.009195594095278035,
      0.2557501792681474,
      0.004461530359172612,
      0.011458573652918224,
      0.11890962212177297,
      0.08079090740665935,
      0.1009445111005505,
      0.09241247450737027,
      0.011783881345407275,
      0.11639638122074561,
      0.04367690173673054,
      0.013684482627889178,
      0.03209677387749518,
      0.05988942555088055,
      0.021117222828046414,
      0.007887015393528839,
      0.005175845614376496
    ],
    [
      0.00257063833741574,
      0.02001731516855261,
      0.00376863519728578,
      0.009851665837247238,
      0.49284094593169947,
      0.006005992143645415,
      0.09417680737177016,
      0.04004669637143091,
      0.08757032306978149,
      0.04236776958282173,
      0.0009364588183635976,
      0.04023759946342102,
      0.005572272964705817,
      0.0011880258111822504,
      0.00016353130574002294,
      0.003918909899644339,
      0.02979234926113533,
      0.055073574848676185,
      0.06390048861548103
    ],
    [
      0.006721787601040177,
      0.00276123508037808,
      0.012236582707819365,
      0.005223467414527225,
      0.004739864379862444,
      0.49631441886246597,
      0.06306729865868622,
      0.007705794357296742,
      0.038995920839218934,
      0.06583657688013557,
      0.005829393260440253,
      0.08771635358854525,
      0.012385577267368896,
      0.016275216379387076,
      0.033444376148279525,
      0.04209506540255092,
      0.056491641344240964,
      0.0260667170665677,
      0.016092712761188635
    ],
    [
      0.006094494049889784,
      0.002881409874290959,
      0.015391954449940886,
      0.0027074822106024636,
      0.016552050432177653,
      0.01300114957924665,
      0.46451591664342695,
      0.03317446083198982,
      0.040484293170458485,
      0.06933574520512376,
      0.02234971516233702,
      0.0856694838554779,
      0.07195019872782259,
      0.004065048284301313,
      0.030945347883400746,
      0.07680096978821026,
      0.02903568815305774,
      0.009588072357147178,
      0.0054565193410978504
    ],
    [
      0.004146384477907616,
      0.00831141090968637,
      0.015452840182119959,
      0.009519775387672617,
      0.008263972113164795,
      0.007485331314811935,
      0.011947841237399351,
      0.6689463430395052,
      0.0028049098795522582,
      0.031297533079797484,
      0.022259623078868918,
      0.046851094989446535,
      0.01571215651696449,
      0.01628598346368329,
      0.017532979630539413,
      0.03245853479628404,
      0.04493232555883112,
      0.010769100191644499,
      0.025021860152119935
    ],
    [
      0.0018465434140539788,
      0.00384050451388573,
      0.006173745476409148,
      0.008092554019523534,
      0.014117397474155424,
      0.002542650986244605,
      0.10766172515412309,
      0.04050311681644478,
      0.4883724182565105,
      0.07846949861389366,
      0.0005602874773192112,
      0.06648174683823228,
      0.05436959751722854,
      0.005359298440174083,
      0.007830940443027826,
      0.043527966487881695,
      0.03497692657355331,
      0.01108856366311188,
      0.02418451783422677
    ],
    [
      0.009214981628247274,
      0.002589050320261259,
      0.003053225499588411,
      0.015990636296814312,
      0.0036343380079762655,
      0.016531415196249354,
      0.08132580475743885,
      0.049389077585502414,
      0.017841228029227836,
      0.5411570438897855,
      0.012500213764552865,
      0.06252586037963331,
      0.01865360766056194,
      0.006360880306317763,
      0.02072467460998726,
      0.037989127526750294,
      0.09409508003022245,
      0.005305136218622444,
      0.0011186182922600992
    ],
    [
      0.022101933250676546,
      0.0022804587980352724,
      0.003961300029395245,
      0.0239680516677519,
      0.02962824135562842,
      0.004186946908820827,
      0.03890673295547881,
      0.12423831755151647,
      0.0032277641855214634,
      0.004357832843578451,
      0.5554322836816179,
      0.09440027416565591,
      0.0020857744792520463,
      0.011213435408967496,
      0.003478542119325928,
      0.053419643263184186,
      0.021048953599676585,
      0.000448794920545916,
      0.0016147188153707145
    ],
    [
      0.015740983007242002,
      5.10763398677677e-05,
      0.010486219556484492,
      0.00772643800884716,
      0.001721564473385418,
      0.0014811271068887917,
      0.06619894011679761,
      0.07868189386429122,
      0.062105518424201415,
      0.07448661981000387,
      0.016190671546164992,
      0.5226077110428837,
      0.04522311183850047,
      0.011046412996044865,
      0.0070493593025598164,
      0.02657352020627527,
      0.04564515113573963,
      0.006007207441440065,
      0.0009764737823815784
    ],
    [
      0.014475863439014847,
      0.007225322715250078,
      0.013026411293104173,
      0.00011871018905718875,
      0.010591907558600733,
      0.005670854090162757,
      0.08611529492492119,
      0.05924883255912776,
      0.08766151104064644,
      0.057557756487142314,
      0.014358008095001071,
      0.06299578762846447,
      0.5200127877418201,
      0.0184753786433459,
      0.009716232170498149,
      0.020172006009977234,
      0.0047042336562797375,
      0.0069741763587629745,
      0.0008989253988230342
    ],
    [
      0.006299684430870011,
      0.00134584890976928,
      0.0038295606719768002,
      0.008267750818493517,
      0.007755696695880287,
      0.013956048340867748,
      0.062396141876036655,
      0.03522929943355446,
      0.023962837203875625,
      0.02320651437136762,
      0.002715620956268127,
      0.0474554789759217,
      0.006409774521152969,
      0.6836534351395147,
      0.019242830279832826,
      0.03252750379807385,
      0.019996076127701,
      0.0010628780326248438,
      0.0006870194162178724
    ],
    [
      0.01111885782520185,
      0.0005614061063609499,
      0.0046356855932186735,
      0.018197573335060866,
      0.009253819522285248,
      0.014679248169888465,
      0.14043480439413006,
      0.0721739219135688,
      0.05952662219437892,
      0.10373638234753466,
      0.006891934418500747,
      0.12545760740009942,
