{
  "poids_LS": 0.35,
  "poids_EM": 0.65,
  "mae_validation": 7.52517739665287,
  "matrice_de_transition": [
    [
      0.20996365826307278,
      0.0038150668070070803,
      0.013826045216706016,
      0.07570279336322763,
      0.008920608411474823,
      0.05430823573220031,
      0.07953252569763306,
      0.049130975098636946,
      0.05701220121838797,
      0.050258739726573756,
      0.021884789557838593,
      0.17399118873758174,
      0.0322395686149892,
      0.052408497987677743,
      0.009816239131014837,
      0.04485988654785175,
      0.040589618408084976,
      0.008255356416941083,
      0.01348400506309978
    ],
    [
      0.009311344823880392,
      0.4892990039329673,
      0.00319473474938673,
      0.016931567609034408,
      0.05583117640860563,
      0.011097545434253012,
      0.035144981657303453,
      0.023799664972063008,
      0.059026114661634196,
      0.013022893464518674,
      0.0037037620389320076,
      0.017659769458013477,
      0.01390255326569986,
      0.00023509345068738012,
      0.028790333559446987,
      0.06664003744377052,
      0.0839173187177866,
      0.013670478979184459,
      0.05482162537283188
    ],
    [
      0.030067485807304676,
      0.02565265911315853,
      0.2945987943819139,
      0.021528176477632485,
      0.02214134271816243,
      0.019217770356745476,
      0.05502962552618293,
      0.16925146115768588,
      0.009724200821811458,
      0.0365171353475127,
      0.008955417594264771,
      0.10889018062496647,
      0.029079631524401565,
      0.04357725516732986,
      0.02661561625585493,
      0.027647157146629898,
      0.06383300363452488,
      0.0011300199275012643,
      0.006543066416415774
    ],
    [
      0.0293914435223305,
      0.022495446702502465,
      0.033206312010726234,
      0.15993877027694925,
      0.016111081852567762,
      0.041378182635538024,
      0.06770050345589688,
      0.03657706066422227,
      0.06613522361336102,
      0.07340734757197814,
      0.042552904858415154,
      0.08275219825964214,
      0.06375055109799262,
      0.04941618726737758,
      0.08043879053414345,
      0.05809253040901401,
      0.02948402273879556,
      0.028480888921076357,
      0.018690553607470677
    ],
    [
      0.00928286066289017,
      0.07228474921977329,
      0.01360896043464309,
      0.03557545996783724,
      0.343163125589537,
      0.021688304963163995,
      0.058830319371821066,
      0.030408554474365995,
      0.10587377209426627,
      0.021826170761198367,
      0.0033816568440907684,
      0.020025503473150963,
      0.020122096816993222,
      0.004290093207047014,
      0.0005905297151723049,
      0.014151619082048999,
      0.039772735264681155,
      0.08097813735303223,
      0.10414535070428696
    ],
    [
      0.024273121892645078,
      0.009971126679143063,
      0.044187659778236583,
      0.018862521219126085,
      0.017116176927281044,
      0.28298015015101935,
      0.02845694571301229,
      0.01735300865828143,
      0.040166906579029264,
      0.05599142484181746,
      0.021050586773812018,
      0.08599376640235883,
      0.044725695687721,
      0.058771614703342204,
      0.056310569693236376,
      0.06040398996548519,
      0.05794454229369374,
      0.06017813765068754,
      0.015262054390071464
    ],
    [
      0.022007895180157548,
      0.01040509121271735,
      0.05558205773589763,
      0.009777019093842227,
      0.02542266311556031,
      0.04694859570283511,
      0.20197456342399037,
      0.047520147418478334,
      0.061310535656055216,
      0.03139921091602233,
      0.06441197905740256,
      0.057624979880303864,
      0.08476138832202687,
      0.014679341026643629,
      0.07314263221282431,
      0.09480063489519658,
      0.04390357290638312,
      0.03462359462303147,
      0.019704097620631123
    ],
    [
      0.01497305505911083,
      0.03001342828497855,
      0.05580192287987761,
      0.029923055943116703,
      0.029842121519761754,
      0.027030363081265316,
      0.023153734604376298,
      0.3584241916088065,
      0.007434936677036268,
      0.04593941189890671,
      0.08038197222924884,
      0.07175798721691894,
      0.010960621010680335,
      0.044961008164675124,
      0.008632475639617951,
      0.0489021976442621,
      0.03217746926693838,
      0.03888841735871624,
      0.0408016299117055
    ],
    [
      0.006668073439639366,
      0.013868488522365132,
      0.022294080887033028,
      0.02922311173716831,
      0.05097949087889457,
      0.009181795228105517,
      0.062341129268172285,
      0.03647164681312651,
      0.3437283348411468,
      0.0519340998998192,
      0.002023260334763818,
      0.031124492359509433,
      0.07877438626267805,
      0.019353022145073073,
      0.02827839604426714,
      0.052685972870336176,
      0.059355686457341114,
      0.04004203545012623,
      0.0616724965604343
    ],
    [
      0.014552286396713982,
      0.009349348378721211,
      0.011025536526291482,
      0.014061353044284412,
      0.013123998362136511,
      0.0596967770975671,
      0.0617158456000985,
      0.07223280862897342,
      0.03383732257258963,
      0.3429072717891879,
      0.04513966081644089,
      0.05963895312080435,
      0.05426308786215377,
      0.005651181902369337,
      0.07483910275828731,
      0.04972803101926028,
      0.05504054283482179,
      0.019157436345025487,
      0.00403945494427258
    ],
    [
      0.02049630448419574,
      0.00823499010401626,
      0.014304694550593937,
      0.04250893695196391,
      0.014601122720540625,
      0.015119530504075206,
      0.038522852885444436,
      0.10532523205433764,
      0.01165581511438306,
      0.01573661860181107,
      0.4886026128380109,
      0.11539665633475488,
      0.007531963397299055,
      0.040492961199049285,
      0.012561402097565847,
      0.02877395961458514,
      0.012682769167674173,
      0.0016206483241935853,
      0.005830929055505357
    ],
    [
      0.056842438637262765,
      0.00018444233841138333,
      0.03786690395397177,
      0.027901026143059185,
      0.0062167605983362295,
      0.005348514552653968,
      0.05666127529219726,
      0.04653939295026081,
      0.027494419194183172,
      0.0675869762874341,
      0.058466313916706904,
      0.42475922299386926,
      0.06347581143415215,
      0.03988982470793978,
      0.025456019703688222,
      0.022801071611293258,
      0.023169138846376905,
      0.005814291512936183,
      0.00352615532526681
    ],
    [
      0.05227395130755361,
      0.026091443138403052,
      0.04703981855843172,
      0.00042867568270651485,
      0.03824855507272486,
      0.020478084214476618,
      0.07858972395102148,
      0.041436425026353675,
      0.10689273298358506,
      0.03669164650808299,
      0.05184836256528163,
      0.042454265677768055,
      0.2902481884034765,
      0.06671664510097129,
      0.035086393949021084,
      0.033257685815751926,
      0.009004657254817326,
      0.019966625293822888,
      0.003246119495749845
    ],
    [
      0.02274886044480837,
      0.004860009951944621,
      0.013828969093249554,
      0.029405958774115806,
      0.0083486836548136,
      0.02308358330506561,
      0.03689090809711158,
      0.03514295356259836,
      0.020622609286956143,
      0.026694590563888898,
      0.009806409008746011,
      0.04480148026113807,
      0.02314640799305238,
      0.6428178634538099,
      0.019272685254806236,
      0.021586089167338382,
      0.010622864005735503,
      0.00383817067336749,
      0.0024809034474534276
    ],
    [
      0.040151431035451116,
      0.002027299828525652,
      0.01673997575328965,
      0.06571345926549756,
      0.03341657049714117,
      0.05300839616904167,
      0.08678729718115596,
      0.06093303171413204,
      0.039878807702342936,
      0.08822095934319799,
      0.024887540955697136,
      0.0887418321704874,
      0.05659586452205095,
      0.060134738768147795,
      0.1981463515071199,
