{
  "poids_LS": 0.7675,
  "poids_EM": 0.23250000000000004,
  "mae_validation": 6.40289822850332,
  "matrice_de_transition": [
    [
      0.2980416981454451,
      0.0013646200501986866,
      0.004945470019821768,
      0.03886097894696491,
      0.003190833008719841,
      0.019425638165748577,
      0.1260937707849976,
      0.07265320954393663,
      0.07730820042370573,
      0.06200351042733952,
      0.007828020880303805,
      0.14362336233143147,
      0.011531845696899986,
      0.018746116587900118,
      0.003511193227632231,
      0.04040512842506958,
      0.06269040095833138,
      0.002952877487598157,
      0.004823124887954921
    ],
    [
      0.0033305964177726024,
      0.6146846347446722,
      0.001142732044972946,
      0.006056291490923847,
      0.01997038233077048,
      0.0039695066360981935,
      0.05188296713050168,
      0.010739092333801051,
      0.05667488433082182,
      0.014673726448444379,
      0.0013248071908487568,
      0.03517525306269189,
      0.007982189996410873,
      8.409111889971675e-05,
      0.02953747859620443,
      0.049087421467479804,
      0.057624795979442506,
      0.008841085430553074,
      0.02721806324868992
    ],
    [
      0.01075490838492052,
      0.009175758836629782,
      0.4359015812740828,
      0.015004281098976049,
      0.030732865505231258,
      0.010562864412466327,
      0.07252315283431951,
      0.1742278650772868,
      0.018537556258250175,
      0.017046632685701238,
      0.003203283985640861,
      0.08165149491907198,
      0.010401560506805177,
      0.015587248963698761,
      0.00952020119920965,
      0.023086777597074712,
      0.05933736249915633,
      0.0004041994356062215,
      0.0023404045258717966
    ],
    [
      0.010513093259910527,
      0.00804644824358742,
      0.011877642373067461,
      0.2450478410297689,
      0.005762810047264623,
      0.014800657635019372,
      0.11318945461122298,
      0.07585212665351478,
      0.09705623962591763,
      0.09028956139224667,
      0.01522084673781773,
      0.11263825440062233,
      0.045919171080275774,
      0.01767579006102352,
      0.03749667999339738,
      0.05968870854035291,
      0.02205181217977903,
      0.010187394883308084,
      0.006685467251902973
    ],
    [
      0.003320407852495331,
      0.02585569875938045,
      0.004867820463160799,
      0.012725068373111013,
      0.47612161493603244,
      0.007757739852208661,
      0.09022852945688223,
      0.03897009541484387,
      0.089614857269325,
      0.04007322928891699,
      0.0012095926403863134,
      0.0379798653368483,
      0.007197519246078346,
      0.00153453333944374,
      0.00021122793658086294,
      0.005061925287040604,
      0.030907179612595235,
      0.057967169596503186,
      0.0683959253381668
    ],
    [
      0.008682308984676894,
      0.0035665953121550194,
      0.01580558599760001,
      0.006746978743764332,
      0.00612232482398899,
      0.472484527144698,
      0.05920124859560563,
      0.008783408720704605,
      0.03912672243781477,
      0.06473685245032344,
      0.007529632961401992,
      0.08752393693476912,
      0.015998037303684823,
      0.021022154490041637,
      0.03599857861872684,
      0.04414021123138932,
      0.05665393347157345,
      0.029877035323304487,
      0.01599992645377661
    ],
    [
      0.007872054814440971,
      0.003721821087625822,
      0.019881274497840308,
      0.0034971645220281816,
      0.017542916742555502,
      0.016793151539860256,
      0.43518948889019204,
      0.034776904546438,
      0.04281062876725386,
      0.06509815360900073,
      0.02704815953359434,
      0.08253685309229357,
      0.07338123586334541,
      0.005250687367222529,
      0.03565887432445338,
      0.07881157067782044,
      0.030696462513801537,
      0.012384593461315103,
      0.007048004148918057
    ],
    [
      0.005355746617297336,
      0.01073557242501156,
      0.01995991856857161,
      0.011798865236950945,
      0.010674297312837859,
      0.009668552948298749,
      0.013199563368816988,
      0.6342603580392676,
      0.003322093723952068,
      0.032933062096825644,
      0.028752013143539014,
      0.049633247844642917,
      0.015181399891262536,
      0.019489044733474934,
      0.016538774397510954,
      0.03429532692291989,
      0.043507580973034594,
      0.01391008774754081,
      0.026784494008243852
    ],
    [
      0.002385118576486389,
      0.0049606516637690674,
      0.007974421240361814,
      0.010452882275217895,
      0.018234971737450752,
      0.0032842575238992812,
      0.10259931816686263,
      0.04005279303947838,
      0.4722153663856454,
      0.0755054381192364,
      0.0007237046582039812,
      0.06253226628475793,
      0.05709566434517769,
      0.006922427151891523,
      0.01011496473891094,
      0.04455093528592183,
      0.037700085922274286,
      0.014322728064852845,
      0.02837200481960102
    ],
    [
      0.009811169926852598,
      0.003344189997004126,
      0.003943749603635031,
      0.015775131252648737,
      0.004694353260302675,
      0.021353077961822082,
      0.07913533059624657,
      0.0519407709467412,
      0.019628025823965056,
      0.519012122538123,
      0.016146109445880782,
      0.062203386696466245,
      0.02263126236393124,
      0.0062816054846001204,
      0.026769371371233544,
      0.039300388023254064,
      0.0897326051307362,
      0.006852467615720656,
      0.0014448819608359614
    ],
    [
      0.021922581101229223,
      0.0029455926141288935,
      0.0051166792046355245,
      0.026039108002690475,
      0.02794968023149627,
      0.005408139757226902,
      0.038863852734889855,
      0.12212568566087416,
      0.004169195406298556,
      0.005628867422955499,
      0.547967267257598,
      0.09674561472709782,
      0.002694125369033893,
      0.014484020736583015,
      0.004493116904129323,
      0.05066666796201089,
      0.020114432998229508,
      0.0005796934390384748,
      0.0020856784698538395
    ],
    [
      0.020332103051020917,
      6.597360566253328e-05,
      0.013544700260459133,
      0.009979982428094248,
      0.002223687444789498,
      0.001913122513064689,
      0.06513356266298587,
      0.07509150812389422,
      0.05823938499957172,
      0.07371591494844022,
      0.020912950747129778,
      0.5116778267395363,
      0.04726197721886582,
      0.014268283453224615,
      0.009105422432473096,
      0.026152129671729404,
      0.04313453274171507,
      0.0059856583217667595,
      0.0012612786355762054
    ],
    [
      0.018697990275394177,
      0.009332708507198017,
      0.016825781253592888,
      0.00015333399419886878,
      0.013681213929859277,
      0.00732485319979356,
      0.08527467263528346,
      0.057259148738977465,
      0.08980967944916618,
      0.055226967606502704,
      0.01854576045604305,
      0.060701255921205836,
      0.49434759313487747,
      0.02386403074765512,
      0.012550133220226774,
      0.021633704286154194,
      0.0051846001220738295,
      0.008425460548317538,
      0.0011611119734797524
    ],
    [
      0.008137092389873764,
      0.0017383881751186533,
      0.004946515867970033,
      0.01062893362204707,
      0.007821934600867518,
      0.014975613416655808,
      0.05954715299647588,
      0.03521965441605405,
      0.02358972663868781,
      0.023596139903510956,
      0.0035076770685129968,
      0.04715902167267459,
      0.008279292089822584,
      0.6790920148980264,
      0.01924616514405858,
      0.0313053245042151,
      0.018949068390672938,
      0.0013728841254737562,
      0.0008874000792814184
    ],
    [
      0.014361858024219055,
      0.0007251495540495602,
      0.005987760557907453,
      0.023505198891120283,
      0.01195285021628511,
      0.018960695552772598,
      0.1344422636948085,
      0.07091829056150406,
      0.057331919511757874,
      0.10200327658641194,
      0.00890208195723013,
      0.12135637718828107,
