{
  "poids_LS": 0.83,
  "poids_EM": 0.17000000000000004,
  "mae_validation": 6.239603035397829,
  "matrice_de_transition": [
    [
      0.3112270334571775,
      0.0009977867033710828,
      0.0036160425951384974,
      0.03334573726788366,
      0.002333082199924185,
      0.014203692422267777,
      0.13306401705556112,
      0.07617450212556831,
      0.08034652365803474,
      0.06376170963404099,
      0.005723714192050095,
      0.1390772805341036,
      0.008431887176227948,
      0.013706837935238797,
      0.0025673240804192656,
      0.03973824846656926,
      0.06599890134010479,
      0.0021590932167384375,
      0.003526585939579943
    ],
    [
      0.002435274800091795,
      0.6334549387584004,
      0.000835546011378068,
      0.004428256143901308,
      0.014601999983789167,
      0.0029024349597277115,
      0.05438865357858524,
      0.008783916789151056,
      0.056322903742376855,
      0.014920857134660799,
      0.000968676225566833,
      0.03779733144662578,
      0.007095908069870605,
      6.148597941054558e-05,
      0.029649326655599256,
      0.04645978434528059,
      0.05368878958148681,
      0.008118122324470532,
      0.023085793469626754
    ],
    [
      0.007863803980371994,
      0.006709156998826078,
      0.45705469308428776,
      0.014027650054267001,
      0.03201902161107988,
      0.009267219810029327,
      0.0751419443475136,
      0.17497283572393366,
      0.019856920844543397,
      0.014131886778244434,
      0.002342186140038479,
      0.07757384735830933,
      0.007605442090997334,
      0.011397128274532427,
      0.006961007328454368,
      0.022404086047740104,
      0.05866436232919097,
      0.0002955436733464846,
      0.0017112635242933568
    ],
    [
      0.007686992921224901,
      0.005883424522192954,
      0.008684727756651477,
      0.2577887198849814,
      0.0042136675614408,
      0.010821986227756101,
      0.1199991778380682,
      0.08173162755011545,
      0.1016851342385758,
      0.09281683891025094,
      0.011129221270662426,
      0.11711221490076908,
      0.043249802814150494,
      0.012924233593006446,
      0.031068220331609046,
      0.059927657362409625,
      0.020939205808668773,
      0.007448847871666126,
      0.004888298635800024
    ],
    [
      0.002427825096448199,
      0.018905242103633018,
      0.0035592665752143477,
      0.009304351068511279,
      0.4960255804070647,
      0.005672325913442892,
      0.09492886030793929,
      0.040251763220304625,
      0.08718088798415416,
      0.042804824876898816,
      0.0008844333284545088,
      0.04066764405895868,
      0.0052627022444443824,
      0.0011220243772276808,
      0.00015444623319891054,
      0.003701192682997431,
      0.029580000622762014,
      0.05452241394432818,
      0.06304421495401707
    ],
    [
      0.006348354956537944,
      0.0026078331314681865,
      0.011556772557384956,
      0.004933274780386823,
      0.004476538580981198,
      0.5008534458563265,
      0.06380368914689205,
      0.007500534478552387,
      0.038971006249010204,
      0.0660460482000998,
      0.0055055380793046825,
      0.0877530043797407,
      0.011697489641403958,
      0.015371037691643349,
      0.03295786139200385,
      0.0417055138161055,
      0.056460728558082394,
      0.025340942160522593,
      0.01611038634355283
    ],
    [
      0.0057559110471181296,
      0.0027213315479414613,
      0.014536845869388615,
      0.00255706653223566,
      0.01636331399210568,
      0.012278863491510725,
      0.47010190288213843,
      0.03286923345780922,
      0.04004118162821174,
      0.07014290550914719,
      0.021454773377335624,
      0.08626617542941778,
      0.07167762022581825,
      0.0038392122685067956,
      0.030047533323200246,
      0.07641799819018927,
      0.028719350179582735,
      0.009055401670639,
      0.005153379377703525
    ],
    [
      0.003916029784690526,
      0.007849665859148237,
      0.014594349060891071,
      0.009085663035429126,
      0.007804862551322306,
      0.00706947957510016,
      0.011709417974272182,
      0.6755531973252649,
      0.0027063986710951513,
      0.03098600374322069,
      0.021022977352265087,
      0.046321161112266265,
      0.015813253017098194,
      0.01567587655515155,
      0.01772235205587817,
      0.03210866962930578,
      0.04520370547993523,
      0.010170816847664249,
      0.02468612037000109
    ],
    [
      0.0017439576688287578,
      0.0036271431520031893,
      0.00583075961660864,
      0.007642967685105559,
      0.013333097614480122,
      0.0024013925981199048,
      0.10862599315169652,
      0.040588892773962194,
      0.4914499519461991,
      0.07903408156525694,
      0.0005291603952459217,
      0.06723402884841788,
      0.05385034669285728,
      0.005061559637942189,
      0.007395888196192946,
      0.04333311528825501,
      0.03445822955474931,
      0.010472532348494554,
      0.023386901265584056
    ],
    [
      0.00910142195232245,
      0.0024452141913578556,
      0.0028836018607223883,
      0.016031684876655374,
      0.003432430340866473,
      0.015613003240902168,
      0.08174303793099927,
      0.04890304075479026,
      0.017500885592135033,
      0.5453751241472451,
      0.011805757444299929,
      0.0625872839383318,
      0.017895959145634455,
      0.00637598027235922,
      0.0195733037983213,
      0.037739363622654336,
      0.09492602763012459,
      0.005010406428698975,
      0.0010564728315789827
    ],
    [
      0.02213609556485699,
      0.0021537666425888685,
      0.0037412278055399535,
      0.023573564746811215,
      0.02994796728403454,
      0.003954338747219671,
      0.03891490061654336,
      0.12464072362592454,
      0.003048443952992493,
      0.004115731018935203,
      0.5568541915719074,
      0.09395354263014316,
      0.001969898119293599,
      0.010590466775135969,
      0.003285289779363376,
      0.05394401951102673,
      0.021226957523761743,
      0.00042386186940447624,
      0.001525012214516786
    ],
    [
      0.014866483951284112,
      4.82387654306695e-05,
      0.009903651803346463,
      0.007297191452800096,
      0.0016259220026417834,
      0.001398842267617192,
      0.0664018691556189,
      0.07936577686246209,
      0.06284192479079755,
      0.07463342073601598,
      0.015291189793600269,
      0.5246895937673308,
      0.04483475652795468,
      0.010432723385153483,
      0.006657728230195383,
      0.02665378506999829,
      0.046123364163172885,
      0.0060113120356635515,
      0.0009222252389159351
    ],
    [
      0.013671648803514022,
      0.006823915897736184,
      0.012302721776820607,
      0.00011211517855401159,
      0.01000346824978958,
      0.00535580664070927,
      0.08627541345628076,
      0.0596278199534421,
      0.0872523361056903,
      0.0580017162739308,
      0.013560340978612122,
      0.06343284128698994,
      0.5249013962383806,
      0.017448968718715572,
      0.009176441494359363,
      0.019893587290705436,
      0.004612735281842768,
      0.006697741275038295,
      0.0008489850988884211
    ],
    [
      0.005949701962488344,
      0.0012710795258932088,
      0.0036168073013114225,
      0.007818001713054743,
      0.007743079952073195,
      0.013761845469289071,
      0.06293880642452443,
      0.03523113657974502,
      0.02403390588295902,
      0.0231322999842927,
      0.002564753125364342,
      0.047511947033683055,
      0.00605367593664447,
      0.6845222770902744,
      0.019242195067599346,
      0.032760299854046944,
      0.0201955061728492,
      0.0010038292530345745,
      0.0006488516708724351
    ],
    [
      0.010501143501579525,
      0.000530216878229786,
      0.004378147504706525,
      0.017186597038668597,
      0.008739718437713845,
      0.01386373438267244,
      0.14157624071781036,
      0.07241308979015257,
      0.05994466080059245,
      0.10406649773060564,
      0.006509049173028482,
      0.12623879410711245,
