{
  "poids_LS": 0.7725,
  "poids_EM": 0.22750000000000004,
  "mae_validation": 6.389772262201801,
  "matrice_de_transition": [
    [
      0.29909652497038375,
      0.0013352733824524782,
      0.004839115825847107,
      0.03841975961263841,
      0.003122212944016188,
      0.019007882506270113,
      0.12665139048664265,
      0.07293491295046717,
      0.07755126628245207,
      0.062144166363875646,
      0.007659676345243508,
      0.14325967578764526,
      0.011283849015246223,
      0.018342974295687212,
      0.0034356836958551935,
      0.04035177802838956,
      0.06295508098887324,
      0.0028893747459293796,
      0.004719401772084923
    ],
    [
      0.0032589706883581378,
      0.6161862590657705,
      0.0011181571622853558,
      0.005926048663162043,
      0.019540911743011972,
      0.003884140901988555,
      0.05208342204634836,
      0.01058267829022905,
      0.056646725883746224,
      0.014693496903341692,
      0.0012963167136262029,
      0.035385019333406605,
      0.00791128744228765,
      8.228270774058305e-05,
      0.029546426440956015,
      0.04887721049770387,
      0.057309915467606054,
      0.008783248382066471,
      0.026887481666364867
    ],
    [
      0.010523620032556637,
      0.008978430689605486,
      0.43759383021889925,
      0.014926150615399326,
      0.030835757993699146,
      0.010459212844271365,
      0.07273265615537503,
      0.17428746272901857,
      0.018643105425153635,
      0.016813453013104693,
      0.0031343961579926704,
      0.08132528311421096,
      0.010177871033540549,
      0.015252039308565455,
      0.009315465689549227,
      0.023032162273127946,
      0.0592835224855591,
      0.00039550697462544253,
      0.0022900732457455213
    ],
    [
      0.010287005232815677,
      0.007873406345875864,
      0.011622209203754182,
      0.24606711133818587,
      0.005638878648398717,
      0.01448236392243831,
      0.1137342324693706,
      0.07632248672524283,
      0.09742655119493028,
      0.09049174359368702,
      0.014893516700445305,
      0.11299617124063407,
      0.04570562161898575,
      0.017295665543582153,
      0.03698240322045432,
      0.05970782444611744,
      0.02196280367009021,
      0.009968311122376726,
      0.006541693762614737
    ],
    [
      0.00324900123201156,
      0.025299662226920656,
      0.004763136152125083,
      0.012451410988743033,
      0.477713932173715,
      0.007590906737107399,
      0.0906045559249668,
      0.039072628839280726,
      0.08942013972651133,
      0.04029175693595553,
      0.001183579895431769,
      0.038194887634617126,
      0.007042733885947629,
      0.0015015326224664552,
      0.00020668540031030673,
      0.00495306667871715,
      0.030801005293408575,
      0.05769158914432919,
      0.06796778850743482
    ],
    [
      0.008495592662425777,
      0.0034898943377000727,
      0.015465680922382806,
      0.006601882426694131,
      0.005990661924548366,
      0.4747540406416283,
      0.05956944383970854,
      0.008680778781332428,
      0.0391142651427104,
      0.06484158811030555,
      0.0073677053708342075,
      0.08754226233036683,
      0.015653993490702352,
      0.020570065146169773,
      0.03575532124058899,
      0.04394543543816662,
      0.05663847707849417,
      0.029514147870281934,
      0.01600876324495871
    ],
    [
      0.007702763313055143,
      0.003641781924451073,
      0.019453720207564175,
      0.0034219566828447797,
      0.01744854852251952,
      0.016432008495992294,
      0.4379824820095477,
      0.0346242908593477,
      0.04258907299613049,
      0.06550173376101245,
      0.026600688641093644,
      0.08283519887926351,
      0.07324494661234324,
      0.00513776935932527,
      0.03520996704435313,
      0.07862008487880993,
      0.030538293527064032,
      0.012118258118061014,
      0.006896434167220894
    ],
    [
      0.005240569270688791,
      0.010504699899742493,
      0.019530673007957168,
      0.011581809060829201,
      0.010444742531916615,
      0.00946062707844286,
      0.013080351737253405,
      0.6375637851821474,
      0.0032728381197235142,
      0.032777297428537244,
      0.0281336902802371,
      0.04936828090605279,
      0.015231948141329388,
      0.019183991279209063,
      0.016633460610180333,
      0.03412039433943076,
      0.04364327093358664,
      0.013610946075550684,
      0.02661662411718443
    ],
    [
      0.0023338257038737786,
      0.004853970982827797,
      0.007802928310461561,
      0.010228089108008908,
      0.017842821807613103,
      0.0032136283298369313,
      0.10308145216564935,
      0.040095681018237087,
      0.4737541332304897,
      0.07578772959491806,
      0.0007081411171673364,
      0.06290840728985073,
      0.05683603893299206,
      0.006773557750775576,
      0.0098974386154935,
      0.04445350968610848,
      0.03744073741287229,
      0.014014712407544181,
      0.02797319653527966
    ],
    [
      0.009754390088890185,
      0.0032722719325524244,
      0.003858937784202019,
      0.01579565554256927,
      0.004593399426747779,
      0.02089387198414849,
      0.0793439471830268,
      0.051697752531385116,
      0.019457854605418656,
      0.5211211626668528,
      0.015798881285754313,
      0.062234098475815486,
      0.022252438106467497,
      0.0062891554676208486,
      0.026193685965400563,
      0.03917550607120609,
      0.09014807893068727,
      0.006705102720758921,
      0.0014138092304954032
    ],
    [
      0.02193966225831944,
      0.0028822465364056913,
      0.0050066430927078786,
      0.025841864542220132,
      0.028109543195699332,
      0.005291835676426323,
      0.03886793656542214,
      0.12232688869807819,
      0.004079535290034071,
      0.005507816510633875,
      0.5486782212027428,
      0.09652224895934144,
      0.0026361871890546694,
      0.01417253641966725,
      0.004396490734148047,
      0.05092885608593216,
      0.020203434960272083,
      0.0005672269134677549,
      0.002040825169426875
    ],
    [
      0.01989485352304197,
      6.455481844398417e-05,
      0.01325341638389012,
      0.009765359150070716,
      0.0021758662094176805,
      0.0018719800934288893,
      0.06523502718239652,
      0.07543344962297964,
      0.058607588182869784,
      0.07378931541144629,
      0.020463209870847418,
      0.5127187681017599,
      0.04706779956359293,
      0.013961438647778924,
      0.008909606896290879,
      0.026192262103590915,
      0.043373639255431695,
      0.0059877106188785025,
      0.0012341543638433837
    ],
    [
      0.018295882957643762,
      0.00913200509844107,
      0.016463936495451106,
      0.00015003648894728022,
      0.0133869942754537,
      0.007167329475066817,
      0.08535473190096325,
      0.057448642436134637,
      0.08960509198168812,
      0.055448947499896956,
      0.018146926897848574,
      0.06091978275046857,
      0.4967918973831577,
      0.023350825785339955,
      0.012280237882157381,
      0.021494494926518296,
      0.0051388509348553445,
      0.008287243006455199,
      0.001136141823512446
    ],
    [
      0.00796210115568293,
      0.0017010034831806177,
      0.004840139182637344,
      0.010404059069327684,
      0.007815626228963972,
      0.014878511980866468,
      0.059818485270719764,
      0.035220572989149324,
      0.023625260978229506,
      0.023559032709973494,
      0.0034322431530611043,
      0.04718725570155527,
      0.008101242797568334,
      0.6795264358734062,
      0.01924584753794184,
      0.03142172253220165,
      0.01904878341324704,
      0.0013433597356786217,
      0.0008683162066086997
    ],
    [
      0.014053000862407893,
      0.0007095549399839782,
      0.005858991513651378,
      0.02299971074292415,
      0.01169579967399941,
      0.018552938659164585,
      0.13501298185664865,
      0.07103787449979594,
      0.05754093881486464,
      0.10216833427794743,
      0.008710639334493998,
      0.12174697054178757,
