{
  "poids_LS": 0.4275,
  "poids_EM": 0.5725,
  "mae_validation": 7.313715185870501,
  "matrice_de_transition": [
    [
      0.22631347404962096,
      0.0033601934569408515,
      0.012177555210098761,
      0.06886389368116688,
      0.00785699740856821,
      0.04783302301028412,
      0.08817563107313185,
      0.05349737789986024,
      0.06077972202895594,
      0.05243890674288357,
      0.019275449264403992,
      0.16835404730889517,
      0.028395620049355877,
      0.0461597924583777,
      0.00864584138847076,
      0.044032955399311347,
      0.044692158881484007,
      0.007271063921075031,
      0.011876296767114805
    ],
    [
      0.008201146017956192,
      0.5125741809099904,
      0.0028138240677290814,
      0.014912803778726459,
      0.04917438229834881,
      0.009774376555553615,
      0.038252032852927075,
      0.021375247296697018,
      0.05858965873196244,
      0.013329335515427039,
      0.0032621596419824222,
      0.02091114665409151,
      0.01280356367678993,
      0.00020706307772080788,
      0.02892902515309657,
      0.0633817674122435,
      0.07903667078432151,
      0.012774004727642105,
      0.049697610846793555
    ],
    [
      0.0264825163456645,
      0.022594072834281935,
      0.320828653026568,
      0.020317153982193265,
      0.023736176289414726,
      0.0176111710497236,
      0.05827692700254362,
      0.17017522475952798,
      0.011360212908815052,
      0.03290285042226626,
      0.007887656265717817,
      0.10383389764962078,
      0.02561244468879984,
      0.03838150551276361,
      0.02344221585611838,
      0.026800619625454984,
      0.06299848342376785,
      0.0009952867822991904,
      0.005762931574458508
    ],
    [
      0.025887079102360325,
      0.019813297287973323,
      0.02924709788637041,
      0.1757374600574128,
      0.01419014517014622,
      0.03644463009053157,
      0.07614456025718497,
      0.043867641776007105,
      0.07187505293305717,
      0.07654117169430344,
      0.037479289279142576,
      0.08829990927982409,
      0.06044053444799728,
      0.0435242572470364,
      0.07246750055352591,
      0.05838882694836435,
      0.02810439083861884,
      0.02508509062664033,
      0.016462064523503017
    ],
    [
      0.008176058045391727,
      0.06366618296664647,
      0.011986353613589492,
      0.031333770510133564,
      0.36784404277361693,
      0.01910239167909444,
      0.06465872962713182,
      0.03199782255313734,
      0.10285565018065441,
      0.025213349290295835,
      0.002978459297295331,
      0.023358349088567838,
      0.01772292373496711,
      0.003778582093899101,
      0.000520120402978684,
      0.012464310653035464,
      0.03812703331728796,
      0.07670664034433522,
      0.0975092298279413
    ],
    [
      0.021379018897752778,
      0.00878226157509139,
      0.038919131112369915,
      0.016613528304537977,
      0.015075401985951382,
      0.31815760935343873,
      0.03416397199660746,
      0.015762244598012676,
      0.03997381850491161,
      0.057614827571540135,
      0.018540709120011354,
      0.0862778100341236,
      0.03939301658649273,
      0.05176422987332833,
      0.05254008033209987,
      0.057384965170533264,
      0.057704968200964823,
      0.05455338212883799,
      0.015399024653393975
    ],
    [
      0.019383876908677225,
      0.009164484183508743,
      0.04895496623661753,
      0.0086112975864995,
      0.02395995570500253,
      0.0413508785228817,
      0.24526595677400387,
      0.04515463526857863,
      0.05787642120364299,
      0.03765470327220395,
      0.05747618022364176,
      0.06224933957833788,
      0.08264890493149318,
      0.012929111904236118,
      0.06618456937127043,
      0.09183260501053395,
      0.04145195361195182,
      0.030495396802593097,
      0.017354762904325104
    ],
    [
      0.013187806186678384,
      0.02643490414330803,
      0.049148616690353746,
      0.026558685213229644,
      0.026284022415482465,
      0.023807512098499066,
      0.021305954315140735,
      0.40962731232344296,
      0.006671474811493692,
      0.043525059540436575,
      0.07079796784806917,
      0.06765099966877189,
      0.011744118886716552,
      0.04023267962355413,
      0.010100111935993299,
      0.04619074260018062,
      0.03428066365549516,
      0.0342517214428693,
      0.03819964660028448
    ],
    [
      0.0058730339141439035,
      0.012214937967775443,
      0.01963594047357909,
      0.02573881764542901,
      0.044901166966410985,
      0.00808704272013909,
      0.0698142062493663,
      0.03713641048388643,
      0.36757922093623335,
      0.05630961777288468,
      0.0017820254486958242,
      0.03695467793844777,
      0.07475019237380073,
      0.0170455464277759,
      0.024906741131296827,
      0.05117587607322932,
      0.055335784561610146,
      0.03526779276184195,
      0.05549096815345327
    ],
    [
      0.0136721989082966,
      0.008234618379719836,
      0.009710953325079805,
      0.014379479538052641,
      0.011559213942035618,
      0.05257908444362641,
      0.06494940269519185,
      0.06846602319095427,
      0.0311996686851204,
      0.3755973937844992,
      0.03975762433448063,
      0.06011498570071763,
      0.048391311871465746,
      0.00576820663919062,
      0.06591597896787613,
      0.04779236076251661,
      0.06148038673406339,
      0.0168732804731186,
      0.003557827623993926
    ],
    [
      0.020761062419094173,
      0.007253125899306629,
      0.012599134815715429,
      0.039451663314673625,
      0.01707899866568808,
      0.01331681725166624,
      0.038586152258694786,
      0.10844387913100009,
      0.010266083312283542,
      0.013860329460825903,
      0.4996223989877546,
      0.1119344869345311,
      0.006633921607621091,
      0.03566495428685494,
      0.011063696462856073,
      0.03283787553536477,
      0.014062299579334145,
      0.001427417177847427,
      0.0051357028988874105
    ],
    [
      0.05006507095358913,
      0.00016245113652387224,
      0.03335200386715206,
      0.024574365333694434,
      0.0054755314500730635,
      0.004710807048299072,
      0.05823397534306222,
      0.05183948618608498,
      0.033201568535303205,
      0.06872468346402805,
      0.05149533033433031,
      0.4408938141083344,
      0.06046605777742235,
      0.03513373022353158,
      0.022420878892863857,
      0.023423124305146675,
      0.026875289808984588,
      0.005846102118168207,
      0.003105729113408075
    ],
    [
      0.04604128788242221,
      0.02298054030267038,
      0.041431224807234095,
      0.0003775643513068919,
      0.03368815042943843,
      0.018036466481212095,
      0.07983064256905814,
      0.044373577332289825,
      0.10372162723767497,
      0.040132334855693834,
      0.04566644241326728,
      0.04584143153134034,
      0.3281349042518204,
      0.05876196818508625,
      0.030903016208945495,
      0.03109994074139546,
      0.008295544852930808,
      0.017824253394956625,
      0.002859082171256594
    ],
    [
      0.02003649631485045,
      0.00428054722690507,
      0.012180130470592876,
      0.02592040320696532,
      0.00825090389030864,
      0.021578511050330856,
      0.04109655834789178,
      0.035157191445575164,
      0.02117339154985244,
      0.02611942906405826,
      0.00863718331924168,
      0.04523910770878856,
      0.02038664396311152,
      0.6495513885721973,
      0.01926776235999679,
      0.02339025860112987,
      0.012168446855634068,
      0.0033805426315429046,
      0.002185103421026288
    ],
    [
      0.0353641450273781,
      0.0017855833105091317,
      0.014744055567320499,
      0.05787839296845747,
      0.029432287091712795,
      0.04668816431811747,
      0.09563342868967828,
      0.06278658275765618,
      0.043118606900497805,
      0.09077935356199818,
      0.02192018030328709,
      0.09479602914983831,
      0.053186912668638266,
      0.05296482760733017,
      0.21558980853781712,
