{
  "poids_LS": 0.295,
  "poids_EM": 0.7050000000000001,
  "mae_validation": 7.675985550666338,
  "matrice_de_transition": [
    [
      0.19836056318874834,
      0.004137880152215372,
      0.014995941350427295,
      0.08055620604081913,
      0.009675429123215,
      0.05890354798646342,
      0.07339870897953713,
      0.04603223762680106,
      0.05433847677217846,
      0.04871152442467647,
      0.02373657944350186,
      0.1779917407192303,
      0.0349675321131806,
      0.056843063202019706,
      0.010646843980562247,
      0.045446740911332044,
      0.03767813807212437,
      0.008953886575297637,
      0.01462495933766976
    ],
    [
      0.010099227847439503,
      0.4727811364008865,
      0.003465058458950223,
      0.01836423871441424,
      0.06055535287394919,
      0.012036568509459037,
      0.032939977582989916,
      0.025520219451355002,
      0.05933585757946577,
      0.012805418460648222,
      0.0040171572883801005,
      0.015352340480151652,
      0.014682481361055297,
      0.0002549859734378508,
      0.028691907267179538,
      0.06895235811130583,
      0.08738100434798761,
      0.014306686512537095,
      0.058458022778407476
    ],
    [
      0.03261165768330738,
      0.02782326873042579,
      0.27598405598893355,
      0.02238761179697645,
      0.021009525345015642,
      0.020357937606890038,
      0.05272508899457213,
      0.1685958869886367,
      0.008563159985873422,
      0.03908211174607469,
      0.009713183698394868,
      0.11247851047843761,
      0.03154021573031247,
      0.04726456137379624,
      0.02886770686211958,
      0.028247925710044357,
      0.0644252437840944,
      0.001225636998289833,
      0.007096710497804802
    ],
    [
      0.031878411820373855,
      0.024398907577329598,
      0.0360160768731723,
      0.14872679688436224,
      0.017474327240092725,
      0.04487941347392971,
      0.06170794701627309,
      0.031403099875213676,
      0.062061796354221835,
      0.0711833433561344,
      0.046153535269511825,
      0.078815113019513,
      0.06609959517218286,
      0.05359755695923261,
      0.0860958350365172,
      0.0578822554456041,
      0.03046311634537259,
      0.03089081029132128,
      0.020272061989641273
    ],
    [
      0.010068333488211647,
      0.07840115107683104,
      0.014760487856035969,
      0.038585691195885,
      0.3256476359750286,
      0.023523469229277873,
      0.05469402822289085,
      0.029280686805560528,
      0.10801566506521662,
      0.019422366643774353,
      0.003667797038590757,
      0.01766025819769383,
      0.021824735778431113,
      0.004653101093797147,
      0.000640497614148423,
      0.01534906377360699,
      0.04094065277573439,
      0.08400952232694622,
      0.10885485584233873
    ],
    [
      0.026327001437407353,
      0.010814837398147478,
      0.04792661560562583,
      0.020458580706898294,
      0.018564468821127902,
      0.2580155016847862,
      0.024406798027880233,
      0.01848193799137538,
      0.04030393682517728,
      0.05483933258201429,
      0.02283179027005765,
      0.08579218705078383,
      0.048510177630528166,
      0.0637445974859327,
      0.058986400852752606,
      0.06254652369093495,
      0.058114562617565875,
      0.0641698996339356,
      0.01516484968706839
    ],
    [
      0.02387010169540165,
      0.011285522007639588,
      0.06028515492893513,
      0.010604305324859647,
      0.026460713535956155,
      0.050921169185382704,
      0.17125163911107757,
      0.04919889797647168,
      0.06374764913841229,
      0.02695982924389344,
      0.06933415887491025,
      0.05434317622363456,
      0.08626057008305078,
      0.015921439113513475,
      0.07808061229392708,
      0.09690697868431201,
      0.04564343176049568,
      0.03755328339882644,
      0.021371367419299913
    ],
    [
      0.016240005871804825,
      0.03255302606293828,
      0.06052362404663649,
      0.03231067388045591,
      0.03236722410989544,
      0.029317547649680073,
      0.02446506255157573,
      0.322086493037129,
      0.007976748323550355,
      0.047652823250079065,
      0.08718352372556991,
      0.07467262354141038,
      0.010404590259944954,
      0.04831659616159971,
      0.007590927300254802,
      0.05082645606264252,
      0.030684879700865825,
      0.04217897575060761,
      0.042648198713359134
    ],
    [
      0.0072322950383780825,
      0.015041976012719107,
      0.024180503115935822,
      0.031695836576467164,
      0.05529314010710873,
      0.00995871636279137,
      0.05703765528151847,
      0.03599987904678075,
      0.32680189954785954,
      0.04882889366732113,
      0.00219445928616691,
      0.026986941303488672,
      0.08163026579672002,
      0.020990585557348486,
      0.030671183401858978,
      0.053757654468282984,
      0.0622085200607631,
      0.043430207680521526,
      0.06605938768796923
    ],
    [
      0.015176864614300511,
      0.01014044708768993,
      0.011958466540054608,
      0.013835585855158573,
      0.01423449053124037,
      0.06474804285197663,
      0.05942106314551612,
      0.07490601119789024,
      0.03570920597660006,
      0.31970783037316053,
      0.04895917057783205,
      0.05930112354796266,
      0.05843015469425494,
      0.00556813208914133,
      0.08117164222245009,
      0.05110173249178805,
      0.050470331035360014,
      0.02077845018960457,
      0.004381254978018722
    ],
    [
      0.020308411756203307,
      0.008931796958971483,
      0.01551509178179804,
      0.04467861501713766,
      0.012842630114306947,
      0.01639887539288157,
      0.038477930749589356,
      0.1031119986450933,
      0.012642076393292396,
      0.01706817863734893,
      0.4807821194414186,
      0.11785367978007497,
      0.008169283377070513,
      0.04391928868512269,
      0.013624289967359881,
      0.025889890251451206,
      0.011703747585205806,
      0.0017577801054715042,
      0.006324315360201964
    ],
    [
      0.06165218344503116,
      0.00020004899781542347,
      0.04107102659623092,
      0.030261882201318042,
      0.0067427941874262185,
      0.005801081168647766,
      0.05554516557868021,
      0.042778036460321085,
      0.023444184177904445,
      0.06677957119436742,
      0.06341346355581287,
      0.4133088680094101,
      0.06561176564215396,
      0.043265117567842376,
      0.02760999060169261,
      0.022359614860816644,
      0.020538967195494032,
      0.005791716244707006,
      0.003824522314327848
    ],
    [
      0.056697131802808144,
      0.028299180634729467,
      0.051020110897991335,
      0.0004649482404739892,
      0.041484971271186194,
      0.022210845186470794,
      0.07770907202854388,
      0.03935199435762479,
      0.10914319512584386,
      0.03424986768074626,
      0.05623553170542085,
      0.04005047055587806,
      0.26336084167239376,
      0.0723618996864381,
      0.038055242667784414,
      0.03478898877174683,
      0.009507898314220659,
      0.021487018254308626,
      0.003520791145390217
    ],
    [
      0.02467376402090754,
      0.005271241563263013,
      0.014999112631909131,
      0.031879578854029055,
      0.008418075745752606,
      0.024151699098748338,
      0.03390625308042886,
      0.0351328492585503,
      0.020231731551997482,
      0.02710276969280096,
      0.01063618207871683,
      0.04449090594345063,
      0.025104950207849124,
      0.6380392327246316,
      0.01927617892209036,
      0.020305710859486355,
      0.009525998757420391,
      0.00416293896111397,
      0.002690826046853333
    ],
    [
      0.04354885981537391,
      0.002198840583247053,
      0.018156435240106468,
      0.07127382889565505,
      0.03624412646228388,
      0.05749372199872981,
      0.08050939740091431,
      0.05961760839292135,
      0.03757959536816852,
      0.08640532473630753,
      0.026993409805794587,
      0.08444530528191578,
      0.05901512067608575,
      0.0652230628177603,
      0.18576712393694766,
