{
  "poids_LS": 0.25,
  "poids_EM": 0.75,
  "mae_validation": 7.799712936687938,
  "matrice_de_transition": [
    [
      0.188867121764301,
      0.004402000161931246,
      0.01595312909619925,
      0.08452718004975762,
      0.010293009705547872,
      0.06266334892176958,
      0.06838013166473136,
      0.043496906968026244,
      0.05215088404346157,
      0.04744562099585141,
      0.025251680259044527,
      0.18126491961330635,
      0.03719950224806447,
      0.06047134383193585,
      0.011326429766555582,
      0.04592689448145226,
      0.03529601779724751,
      0.009525411250316633,
      0.015558467380499744
    ],
    [
      0.010743859412169684,
      0.45926651751100217,
      0.003686232403138535,
      0.01953642416427047,
      0.06442058816377573,
      0.012804860116445783,
      0.03113588334036975,
      0.026927945843502995,
      0.05958928360314615,
      0.012627484366572399,
      0.004273571583383085,
      0.01346444404371925,
      0.015320604348164289,
      0.00027126167387005396,
      0.02861137666441526,
      0.07084425683928926,
      0.0902149289545157,
      0.014827219948916524,
      0.06143325701933295
    ],
    [
      0.034693252854582315,
      0.029599222053644455,
      0.26075381548558596,
      0.02309078614916696,
      0.020083492948804627,
      0.021290801720644674,
      0.050839559105072374,
      0.16805950812305093,
      0.007613217483742303,
      0.04118072879944358,
      0.010333174147228582,
      0.11541441672218672,
      0.03355342098969411,
      0.05028144826999599,
      0.03071032644906338,
      0.028739463625565273,
      0.06490980390646944,
      0.0013038691471168435,
      0.007549692018941278
    ],
    [
      0.0339132040642275,
      0.02595628465673361,
      0.0383149753969918,
      0.13955336410860925,
      0.018589709829885878,
      0.047744056887159256,
      0.056804946292944525,
      0.02716985922966119,
      0.05872899223310796,
      0.06936370354317131,
      0.04909950560586364,
      0.07559386145940736,
      0.06802154032379307,
      0.057018677616204896,
      0.09072432599300478,
      0.05771021229372326,
      0.031264192932571974,
      0.03286256413970349,
      0.021566023393235392
    ],
    [
      0.01071099307256558,
      0.08340547986896918,
      0.01570264665535741,
      0.04104860765519681,
      0.3113167808358854,
      0.025024967265189223,
      0.051309790010129766,
      0.02835788598562878,
      0.10976812295053963,
      0.017455617820427437,
      0.003901911743181656,
      0.01572505751777436,
      0.023217804019607564,
      0.004950107546592709,
      0.0006813804405834287,
      0.016328791248518073,
      0.041896221648414306,
      0.08648974639651223,
      0.11270808731892651
    ],
    [
      0.028007448337667395,
      0.011505146168241998,
      0.05098576128258067,
      0.0217644475605301,
      0.019749434916093513,
      0.23758988021241367,
      0.021093040830954007,
      0.019405607445724976,
      0.04041605248111657,
      0.05389671164217531,
      0.024289138585167715,
      0.08562725849040427,
      0.05160657194737039,
      0.06781340158077946,
      0.061175717255993155,
      0.06429950582993929,
      0.058253670155279436,
      0.06743588671113857,
      0.015085318566429511
    ],
    [
      0.025393725207874092,
      0.012005874476212326,
      0.06413314354142034,
      0.011281175877510262,
      0.027310027516280023,
      0.05417145658019436,
      0.14611470103687618,
      0.0505724211602844,
      0.0657416510785226,
      0.023327607875787987,
      0.07336139690741651,
      0.05165806414090513,
      0.08748717334207033,
      0.016937701184588802,
      0.08212077781482933,
      0.09863035087540645,
      0.04706695264113321,
      0.039950301488113224,
      0.022735497254574372
    ],
    [
      0.017276601991281726,
      0.034630878790359865,
      0.06438683409216647,
      0.03426417946555162,
      0.03443321713818664,
      0.031188880478383054,
      0.02553796723564799,
      0.292355648751211,
      0.008420048761607334,
      0.049054705264674626,
      0.09274842949528712,
      0.07705732598872157,
      0.00994965600934328,
      0.05106207724999254,
      0.0067387513862304065,
      0.05240084931404467,
      0.02946367005589737,
      0.04487125079851873,
      0.04415902773289392
    ],
    [
      0.007693930891891576,
      0.016002102141190536,
      0.025723939485038108,
      0.033718975081348045,
      0.05882248947564758,
      0.01059437910935252,
      0.05269844929243807,
      0.035613887237952405,
      0.3129529979442609,
      0.04628827038618634,
      0.0023345311554967127,
      0.023601672257653507,
      0.08396689450639071,
      0.022330410167392005,
      0.03262891851261593,
      0.054634484866603085,
      0.06454265664538107,
      0.04620234859629949,
      0.06964866224686143
    ],
    [
      0.015687883155962215,
      0.010787709667755243,
      0.012721772914951709,
      0.013650867245873794,
      0.015143075033234435,
      0.06888089665103897,
      0.057543513864494175,
      0.07709317693609491,
      0.03724074694351767,
      0.3007264692145927,
      0.052084224018970254,
      0.059024717533819465,
      0.061839573011428624,
      0.005500182241954778,
      0.0863528108749469,
      0.05222567006021985,
      0.046731066835800375,
      0.022104734244260175,
      0.004660909551083746
    ],
    [
      0.020154681342391314,
      0.0095019116584803,
      0.01650541678914685,
      0.046453806161370716,
      0.011403863436479393,
      0.017445612120086777,
      0.03844117627479883,
      0.10130117131025702,
      0.01344901743967276,
      0.018157636848243543,
      0.4743835339351158,
      0.11986397168988232,
      0.008690726996883525,
      0.046722647537364555,
      0.014493925497191362,
      0.02353019713615981,
      0.010902729926822594,
      0.001869978835607983,
      0.006727995064044642
    ],
    [
      0.06558742919684166,
      0.00021281808278236536,
      0.04369258148535204,
      0.03219349170352983,
      0.0071731853057725725,
      0.006171362945369963,
      0.05463198490398443,
      0.03970056296855222,
      0.020130355528221847,
      0.06611896702731287,
      0.06746113144235412,
      0.40394039574939805,
      0.06735936453960997,
      0.04602672081685359,
      0.02937233042733256,
      0.021998422974063046,
      0.018387008572044408,
      0.005773245570701314,
      0.0040686407599232425
    ],
    [
      0.06031609766256185,
      0.030105511313541982,
      0.05427671372126737,
      0.0004946257877382863,
      0.04413294816083637,
      0.023628558709011482,
      0.07698853863742582,
      0.03764655108321025,
      0.11098448233314649,
      0.032252048640198025,
      0.05982503372917111,
      0.03808372909251351,
      0.2413621034378715,
      0.07698074434727456,
      0.04048430071040894,
      0.03604187300846994,
      0.009919640999187023,
      0.02273097613106968,
      0.003745522495095975
    ],
    [
      0.026248685128625042,
      0.005607703790705332,
      0.01595650279990333,
      0.033903449828503525,
      0.008474851092884518,
      0.025025612020852392,
      0.03146426261223391,
      0.0351245821006928,
      0.01991192249612221,
      0.027436734434638104,
      0.01131508731778386,
      0.04423679968352453,
      0.02670739383813736,
      0.6341294439462131,
      0.019279037377141005,
      0.01925812860760743,
      0.008628563554253482,
      0.00442865846927018,
      0.002862580900907801
    ],
    [
      0.04632857427167437,
      0.0023391921098372907,
      0.019315356638411135,
      0.07582322222942026,
      0.03855758134285519,
      0.06116353404120192,
      0.07537293394435296,
      0.05854135294829442,
      0.03569842164020762,
      0.08491980551248807,
      0.028716393410419767,
      0.08092996510035719,
      0.0609945120748415,
      0.06938623704017052,
      0.17563866501589767,
