{
  "poids_LS": 0.8225,
  "poids_EM": 0.1775,
  "mae_validation": 6.259131289574734,
  "matrice_de_transition": [
    [
      0.3096447932197696,
      0.001041806704990395,
      0.003775573886100489,
      0.03400756626937341,
      0.002436012296979663,
      0.014830325911485469,
      0.1322275875030935,
      0.07575194701577251,
      0.07998192486991526,
      0.06355072572923681,
      0.005976230994640538,
      0.13962281034978294,
      0.00880388219870859,
      0.014311551373558152,
      0.0026805883780848206,
      0.0398182740615893,
      0.06560188129429198,
      0.002254347329241603,
      0.0036821706133849394
    ],
    [
      0.0025427133942134915,
      0.631202502276753,
      0.0008724083354094532,
      0.004623620385544011,
      0.015246205865426922,
      0.0030304835608921687,
      0.05408797120481521,
      0.009018537854509054,
      0.05636514141299025,
      0.014891201452314828,
      0.0010114119414006636,
      0.037482682040553716,
      0.007202261901055437,
      6.419859614924611e-05,
      0.029635904888471877,
      0.0467751007999445,
      0.05416111034924149,
      0.008204877897200435,
      0.02358166584311433
    ],
    [
      0.008210736508917814,
      0.007005149219362521,
      0.4545163196670632,
      0.014144845779632086,
      0.03186468287837805,
      0.009422697162321766,
      0.07482768936593032,
      0.17488343924633604,
      0.019698597094188215,
      0.014481656287139245,
      0.0024455178815107645,
      0.07806316506560083,
      0.007940976300894274,
      0.011899942757232385,
      0.007268110592945,
      0.022486009033660256,
      0.058745122349586815,
      0.00030858236481765293,
      0.001786760444482769
    ],
    [
      0.008026124961867174,
      0.006142987368760288,
      0.009067877510621393,
      0.2562598144223559,
      0.004399564659739658,
      0.01129942679662769,
      0.11918201105084678,
      0.08102608744252338,
      0.10112966688505683,
      0.09251356560809043,
      0.011620216326721059,
      0.11657533964075148,
      0.04357012700608553,
      0.013494420369168491,
      0.03183963549102364,
      0.05989898350376281,
      0.021072718573202004,
      0.007777473513063159,
      0.005103958869732376
    ],
    [
      0.002534935027173854,
      0.019739296902322706,
      0.0037162930417679206,
      0.009714837145063245,
      0.4936371045505408,
      0.005922575586094782,
      0.09436482060581244,
      0.04009796308364934,
      0.08747296429837466,
      0.042477033406341,
      0.0009234524458863252,
      0.04034511061230543,
      0.005494880284640457,
      0.0011715254526936077,
      0.0001612600376047448,
      0.0038644805954826107,
      0.029739262101542,
      0.054935784622589176,
      0.06368642020011504
    ],
    [
      0.006628429439914617,
      0.002722884593150606,
      0.012066630170210759,
      0.005150919255992123,
      0.004674032930142131,
      0.49744917561093116,
      0.06325139628073768,
      0.007654479387610652,
      0.03898969219166675,
      0.06588894471012663,
      0.005748429465156358,
      0.08772551628634413,
      0.012213555360877659,
      0.01604917170745114,
      0.03332274745921061,
      0.041997677505939565,
      0.05648391314770132,
      0.02588527334005642,
      0.016097131156779684
    ],
    [
      0.006009848299196869,
      0.002841390292703584,
      0.015178177304802814,
      0.0026698782910107616,
      0.01650486632215966,
      0.012820578057312664,
      0.46591241320310484,
      0.033098153988444665,
      0.04037351528489679,
      0.06953753528112963,
      0.022125979716086666,
      0.08581865674896287,
      0.0718820541023215,
      0.004008589280352683,
      0.03072089424335062,
      0.07670522688870501,
      0.02895660365968899,
      0.00945490468552013,
      0.005380734350249268
    ],
    [
      0.0040887958046033415,
      0.008195974647051834,
      0.015238217401812732,
      0.009411247299611743,
      0.00814919472270417,
      0.007381368379883989,
      0.011888235421617557,
      0.6705980566109452,
      0.0027802820774379807,
      0.031219650745653284,
      0.02195046164721795,
      0.04671861152015146,
      0.015737430641997917,
      0.016133456736550353,
      0.017580322736874106,
      0.032371068504539476,
      0.045000170539107154,
      0.010619529355649433,
      0.02493792520659022
    ],
    [
      0.001820896977747673,
      0.0037871641734150935,
      0.006087999011459019,
      0.007980157435919037,
      0.013921322509236594,
      0.0025073363892134295,
      0.10790279215351646,
      0.04052456080582414,
      0.4891418016789327,
      0.07861064435173448,
      0.0005525057068008887,
      0.06666981734077869,
      0.05423978481113573,
      0.005284863739616108,
      0.007722177381319103,
      0.04347925368797502,
      0.03484725231885231,
      0.010934555834457547,
      0.023985113692066087
    ],
    [
      0.009186591709266067,
      0.0025530912880354075,
      0.0030108195898719044,
      0.016000898441774578,
      0.003583861091198816,
      0.016301812207412555,
      0.08143011305082895,
      0.049267568377824374,
      0.017756142419954633,
      0.5422115639541505,
      0.012326599684489627,
      0.06254121626930793,
      0.018464195531830065,
      0.006364655297828128,
      0.020436831907070765,
      0.0379266865507263,
      0.09430281693019799,
      0.005231453771141575,
      0.0011030819270898197
    ],
    [
      0.02211047382922166,
      0.0022487857591736706,
      0.003906281973431421,
      0.023869429937516725,
      0.029708172837729953,
      0.004128794868420537,
      0.03890877487074494,
      0.1243389190701185,
      0.00318293412738922,
      0.004297307387417638,
      0.5557877606541903,
      0.09428859128177772,
      0.002056805389262434,
      0.01105769325050961,
      0.003430229034335289,
      0.05355073732514483,
      0.021093454580697873,
      0.00044256165776055594,
      0.0015922921651572318
    ],
    [
      0.015522358243252524,
      5.036694625849314e-05,
      0.010340577618199981,
      0.007619126369835392,
      0.0016976538556995088,
      0.0014605558970708912,
      0.06624967237650294,
      0.07885286461383394,
      0.06228962001585046,
      0.0745233200415069,
      0.015965801108023807,
      0.5231281817239954,
      0.04512602301086402,
      0.010892990593322016,
      0.006951451534468706,
      0.026593586422206023,
      0.045764704392597944,
      0.006008233589995937,
      0.0009629116465151672
    ],
    [
      0.014274809780139636,
      0.007124971010871602,
      0.012845488914033277,
      0.00011706143643139442,
      0.010444797731397941,
      0.005592092227799383,
      0.08615532455776109,
      0.05934357940770635,
      0.08755921730690741,
      0.057668746433839436,
      0.014158591315903829,
      0.06310505104309584,
      0.5212349398659603,
      0.018218776162188314,
      0.00958128450146345,
      0.020102401330159284,
      0.004681359062670494,
      0.006905067587831802,
      0.0008864403238393807
    ],
    [
      0.006212188813774592,
      0.0013271565638002618,
      0.003776372329310455,
      0.008155313542133821,
      0.007752542509928514,
      0.013907497622973077,
      0.06253180801315861,
      0.0352297587201021,
      0.023980604373646474,
      0.02318796077459889,
      0.0026779039985421796,
      0.047469595990362046,
      0.006320749875025842,
      0.6838706456272046,
      0.019242671476774456,
      0.03258570281206712,
      0.020045933638988052,
      0.001048115837727276,
      0.0006774774798815129
    ],
    [
      0.010964429244296267,
      0.0005536087993281587,
      0.004571301071090635,
      0.017944829260962795,
      0.009125294251142394,
      0.014475369723084454,
      0.14072016347505015,
      0.07223371388271475,
      0.05963113184593231,
      0.1038189111933024,
      0.006796213107132678,
      0.12565290407685267,
