{
  "poids_LS": 0.3575,
  "poids_EM": 0.6425000000000001,
  "mae_validation": 7.5046621843429495,
  "matrice_de_transition": [
    [
      0.21154589850048072,
      0.003771046805387768,
      0.013666513925744025,
      0.07504096436173788,
      0.008817678314419345,
      0.05368160224298262,
      0.08036895525010068,
      0.049553530208432756,
      0.05737680000650745,
      0.05046972363137793,
      0.02163227275524815,
      0.17344565892190242,
      0.03186757359250856,
      0.05180378454935839,
      0.009702974833349282,
      0.044779860952831714,
      0.040986638453897786,
      0.008160102304437917,
      0.013328420389294783
    ],
    [
      0.009203906229758696,
      0.4915514404146148,
      0.003157872425355345,
      0.016736203367391702,
      0.05518697052696788,
      0.010969496833088555,
      0.03544566403107348,
      0.02356504390670501,
      0.05898387699102081,
      0.013052549146864646,
      0.003661026323098177,
      0.017974418864085545,
      0.01379619943451503,
      0.00023238083394867958,
      0.028803755326574365,
      0.06632472098910662,
      0.08344499795003191,
      0.013583723406454555,
      0.05432575299934431
    ],
    [
      0.029720553278758857,
      0.025356666892622087,
      0.2971371677991385,
      0.0214109807522674,
      0.022295681450864267,
      0.019062293004453036,
      0.05534388050776623,
      0.16934085763528353,
      0.009882524572166644,
      0.03616736583861788,
      0.008852085852792487,
      0.10840086291767495,
      0.028744097314504627,
      0.04307444068462991,
      0.0263085129913643,
      0.027565234160709745,
      0.06375224361412904,
      0.001116981236030096,
      0.0064675694962263615
    ],
    [
      0.02905231148168823,
      0.02223588385593513,
      0.032823162256756314,
      0.16146767573957477,
      0.015925184754268903,
      0.04090074206666643,
      0.06851767024311832,
      0.037282600771814355,
      0.06669069096688002,
      0.07371062087413867,
      0.042061909802356516,
      0.08328907351965975,
      0.0634302269060576,
      0.04884600049121553,
      0.07966737537472886,
      0.05812120426766082,
      0.029350509974262334,
      0.028152263279679325,
      0.018474893373538324
    ],
    [
      0.009175750732164515,
      0.07145069442108361,
      0.013451933968089518,
      0.03516497389128527,
      0.3455516014460609,
      0.021438055290512105,
      0.05939435907394791,
      0.03056235461102129,
      0.10558169578004578,
      0.022153962231756186,
      0.003342637726658952,
      0.020348036919804212,
      0.01988991877679715,
      0.004240592131581088,
      0.0005837159107664707,
      0.013988331169563818,
      0.03961347378590117,
      0.08056476667477122,
      0.103503145458189
    ],
    [
      0.023993047409268404,
      0.009856075217460646,
      0.04367780216541078,
      0.018644876743520788,
      0.01691868257812011,
      0.28638442039641476,
      0.029009238579166662,
      0.01719906374922316,
      0.04014822063637272,
      0.05614852833179064,
      0.020807695387960342,
      0.08602125449575543,
      0.0442096299682473,
      0.058093480687534414,
      0.05594568362602962,
      0.06011182627565114,
      0.05792135770407482,
      0.05963380647115371,
      0.015275309576844611
    ],
    [
      0.02175395792807881,
      0.010285032467955228,
      0.05494072630048343,
      0.009664207335067124,
      0.025281110785506333,
      0.046406881137033174,
      0.20616405310302394,
      0.04729122688784289,
      0.060978201999370166,
      0.03200458114403991,
      0.06374077271865153,
      0.05807249856075877,
      0.08455695444552361,
      0.014509964014797741,
      0.07246927129267396,
      0.09451340619668085,
      0.04366631942627687,
      0.034224091608150334,
      0.01947674264808538
    ],
    [
      0.014800289039198014,
      0.029667119497074953,
      0.055158054538955954,
      0.029597471678934086,
      0.029497789348379887,
      0.026718474276481486,
      0.022974917157030924,
      0.36337933232312614,
      0.007361053270693438,
      0.04570576489647412,
      0.07945448793429598,
      0.07136053680903374,
      0.011036443385780614,
      0.04450342798327632,
      0.008774504958622018,
      0.048639798769028415,
      0.032381004207766455,
      0.03843970485073105,
      0.04054982507511637
    ],
    [
      0.006591134130720451,
      0.013708467500953229,
      0.022036841492182647,
      0.02888592198635483,
      0.050391265984138095,
      0.009075851437011992,
      0.06306433026635234,
      0.036535978781264564,
      0.3460364851084132,
      0.05235753711334167,
      0.0019999150232088508,
      0.03168870386714863,
      0.07838494814439961,
      0.019129718043399153,
      0.027952106859140985,
      0.05253983447061616,
      0.05896666369323812,
      0.039580011964163234,
      0.06107428413395227
    ],
    [
      0.014467116639770366,
      0.00924147128204366,
      0.010898318797141966,
      0.014092139479165208,
      0.012972567611804167,
      0.059007968131056715,
      0.06202877048026883,
      0.07186828100593931,
      0.03358206574477003,
      0.3460708319822826,
      0.04461881857625119,
      0.059685020789828215,
      0.05369485147595816,
      0.005662506876900429,
      0.07397557464953786,
      0.04954070809118832,
      0.0556637535347484,
      0.018936389002582887,
      0.003992845848761742
    ],
    [
      0.020521926219831076,
      0.008139970987431458,
      0.014139640382702469,
      0.0422130717612584,
      0.014840917166845217,
      0.01494507438287434,
      0.03852897863124286,
      0.10562703661014368,
      0.011521324939986333,
      0.015555042233328636,
      0.48966904375572806,
      0.11506160768312033,
      0.0074450561273302195,
      0.04002573472367564,
      0.012416462842593933,
      0.02916724180046704,
      0.01281627211073804,
      0.0016019485358375056,
      0.005763649104864911
    ],
    [
      0.05618656434529436,
      0.0001823141575835597,
      0.03742997813911825,
      0.027579091226023887,
      0.006145028745278504,
      0.005286800923200269,
      0.05681347207131324,
      0.04705230519888896,
      0.02804672396913027,
      0.06769707698194319,
      0.05779170260228336,
      0.4263206350372046,
      0.06318454495124283,
      0.03942955749977125,
      0.025162296399414898,
      0.022861270259085527,
      0.023527798616951843,
      0.005817369958603799,
      0.003485468917667578
    ],
    [
      0.05167079033092799,
      0.025790388025267633,
      0.04649705142121905,
      0.000423729424829132,
      0.037807225591116496,
      0.020241798627386506,
      0.07870981284954118,
      0.041720665572089435,
      0.10658585178236797,
      0.03702461634817436,
      0.051250112227989926,
      0.042782055921662156,
      0.2939146447758969,
      0.06594683765749855,
      0.034681550941917,
      0.033048871776298075,
      0.008936033473989597,
      0.01975929898102938,
      0.0032086642707988854
    ],
    [
      0.02248637359352212,
      0.004803932914037568,
      0.013669404065250522,
      0.02906864694503673,
      0.008339221096958283,
      0.022937931151381603,
      0.03729790650847741,
      0.03514433142224127,
      0.02067591079626869,
      0.02663892977358271,
      0.009693258135568173,
      0.044843831304459084,
      0.02287933405467101,
      0.6434694949168797,
      0.019272208845631134,
      0.021760686209318203,
      0.010772436539596655,
      0.0037938840886747884,
      0.0024522776384443496
    ],
    [
      0.03968814529273438,
      0.0020039079074272792,
      0.01654682218690554,
      0.06495522704320336,
      0.033030994683712615,
      0.05239676082862965,
      0.08764337442391619,
      0.06111240762156986,
      0.040192336657003086,
      0.08846854588050124,
      0.02460037702159294,
      0.08932772220074717,
      0.056265965955591656,
      0.0594408763977461,
