{
  "poids_LS": 0.3825,
  "poids_EM": 0.6174999999999999,
  "mae_validation": 7.436359452709366,
  "matrice_de_transition": [
    [
      0.21682003262517363,
      0.003624313466656726,
      0.013134742955870714,
      0.07283486769010537,
      0.00847457799090108,
      0.05159282394559029,
      0.0831570537583261,
      0.050962047241085426,
      0.058592129300239056,
      0.05117300331405852,
      0.020790550079946662,
      0.17162722620297124,
      0.03062759018423974,
      0.04978807308829385,
      0.009325427174464095,
      0.04451310896943158,
      0.04231003860660715,
      0.007842588596094028,
      0.012809804809944788
    ],
    [
      0.008845777582686372,
      0.49905956202010604,
      0.0030349980119173934,
      0.016084989228582685,
      0.053039617588175346,
      0.01054266816254036,
      0.03644793861030691,
      0.02278297368884501,
      0.058843084755642816,
      0.013151401421351213,
      0.003518573936985407,
      0.019023250217659105,
      0.01344168666389892,
      0.00022333877815301108,
      0.028848494550332296,
      0.06527366614022692,
      0.08187059539084962,
      0.013294538164021536,
      0.05267284508771903
    ],
    [
      0.02856411151693944,
      0.0243700261575006,
      0.30559841252322045,
      0.021020328334383775,
      0.022810143893203717,
      0.018544035163478235,
      0.05639139711304386,
      0.16963884589394224,
      0.010410270406683932,
      0.03500146747563516,
      0.008507646714551531,
      0.10676980389336989,
      0.027625649948181483,
      0.04139839240896336,
      0.02528483544306218,
      0.0272921575409759,
      0.0634830435461429,
      0.001073518931126201,
      0.006215913095594984
    ],
    [
      0.02792187134621397,
      0.02137067436737734,
      0.031545996410189917,
      0.16656402728165975,
      0.015305527759939371,
      0.039309273503761115,
      0.0712415595338564,
      0.039634401130454626,
      0.06854224881194328,
      0.07472153188134037,
      0.04042525961549439,
      0.08507865771971843,
      0.06236247959960747,
      0.04694537790400869,
      0.0770959915100135,
      0.0582167837964835,
      0.028905467425818225,
      0.027056844475022535,
      0.01775602592709714
    ],
    [
      0.00881871762974566,
      0.06867051175878462,
      0.012928512412910934,
      0.03379668696944537,
      0.3535131876344737,
      0.02060388971500579,
      0.06127449141437073,
      0.031075021733205588,
      0.10460810806597742,
      0.023246600466948916,
      0.0032125740018862296,
      0.021423148408648365,
      0.01911599197614356,
      0.004075588546694663,
      0.0005610032294136896,
      0.013444038127946546,
      0.03908260218996787,
      0.07918686441390121,
      0.1013624613045291
    ],
    [
      0.02305946579801282,
      0.009472570345185909,
      0.041978276789324746,
      0.01791939515816978,
      0.01626036808091699,
      0.2977319878810662,
      0.030850214799681235,
      0.01668591405236227,
      0.040085934160850885,
      0.056672206631701166,
      0.019998057435121414,
      0.08611288147374406,
      0.04248941090333495,
      0.055833033968175086,
      0.05472939673534041,
      0.0591379473095376,
      0.057844075738678384,
      0.057819369206040944,
      0.015319493532755097
    ],
    [
      0.02090750042114967,
      0.009884836652081482,
      0.052802954849102746,
      0.009288168139150114,
      0.024809269685326398,
      0.04460116591769335,
      0.22012901869980248,
      0.04652815845239136,
      0.05987042314375331,
      0.0340224819040985,
      0.061503418256148024,
      0.05956422749560845,
      0.08387550819051273,
      0.013945373975311445,
      0.07022473489217268,
      0.09355597720162838,
      0.04287547449258935,
      0.032892414891879884,
      0.018718892739599563
    ],
    [
      0.014224402306155286,
      0.02851275687072962,
      0.05301182673588373,
      0.028512190798325353,
      0.02835001544377366,
      0.025678844927202044,
      0.022378858999212995,
      0.379896468037525,
      0.007114775249550671,
      0.04492694155503213,
      0.07636287361778639,
      0.07003570211608307,
      0.011289184636114877,
      0.04297816071194696,
      0.009247936021968904,
      0.04776513585158277,
      0.033059454010526707,
      0.03694399649078042,
      0.03971047561981926
    ],
    [
      0.006334669767657397,
      0.013175064096246875,
      0.021179376842681372,
      0.02776195615030989,
      0.04843051633494984,
      0.00872270546670024,
      0.06547500026028591,
      0.036750418675058086,
      0.35373031933263466,
      0.053768994491749884,
      0.0019220973180256267,
      0.03356940889261261,
      0.07708682108347142,
      0.018385371037819415,
      0.02686447624205378,
      0.05205270647154943,
      0.057669921146228126,
      0.03803993367761991,
      0.05908024271234548
    ],
    [
      0.014183217449958305,
      0.008881880959785149,
      0.010474259699976906,
      0.014194760928767862,
      0.012467798444029683,
      0.05671193824268874,
      0.0630718534141699,
      0.07065318892915894,
      0.03273120965203802,
      0.3566160326259314,
      0.04288267777561884,
      0.05983857968657443,
      0.05180073018863943,
      0.005700256792004068,
      0.07109714762037293,
      0.04891629833094842,
      0.05774112253450375,
      0.01819956452777421,
      0.00383748219705895
    ],
    [
      0.02060733200528218,
      0.007823240598815446,
      0.013589459823064238,
      0.04122685445890669,
      0.015640231987860524,
      0.014363553978871445,
      0.03854939778390426,
      0.10663305179616382,
      0.011073024358663905,
      0.014949787671720513,
      0.4932238134814518,
      0.11394477884433846,
      0.0071553652274341005,
      0.038468313139096814,
      0.011933331992687554,
      0.03047818242007337,
      0.013261281920950937,
      0.0015396159079839058,
      0.005539382602730088
    ],
    [
      0.05400031670539962,
      0.00017522022149081415,
      0.03597355875627317,
      0.02650597483590622,
      0.0059059225684194175,
      0.005081088825021269,
      0.05732079466836644,
      0.04876201269431611,
      0.029887739885620608,
      0.06806407929697349,
      0.055542998220871546,
      0.43152534184832236,
      0.06221365667487837,
      0.037895333472542786,
      0.024183218718503808,
      0.023061932418393077,
      0.024723331185534967,
      0.005827631444162516,
      0.003349847559003469
    ],
    [
      0.04966025374217592,
      0.024786870981482897,
      0.04468782763051013,
      0.00040724189857118905,
      0.03633612731908861,
      0.019454180003752784,
      0.07911010917794009,
      0.042668134057875284,
      0.10556291444497762,
      0.0381345158151456,
      0.04925594443701754,
      0.043874690067975786,
      0.30613616601729815,
      0.06338081284592272,
      0.033332074251570025,
      0.03235282497811857,
      0.008707287537897172,
      0.019068211271717678,
      0.003083813520962352
    ],
    [
      0.021611417422567947,
      0.00461700945434739,
      0.013137520638587074,
      0.027944274181439795,
      0.008307679237440552,
      0.022452423972434903,
      0.03865456787969683,
      0.03514892428771766,
      0.02085358249397717,
      0.026453393805895405,
      0.00931608855830871,
      0.04498500144886247,
      0.02198908759339976,
      0.6456415997937788,
      0.019270620815047438,
      0.02234267634925094,
      0.011271011652467158,
      0.003646262139699115,
      0.002356858275080756
    ],
    [
      0.03814385948367856,
      0.001925934837099369,
      0.015902976965625166,
      0.062427786302222676,
      0.0317457419722841,
      0.05035797636058958,
      0.09049696523311693,
      0.061710327313029265,
      0.04123743317253691,
      0.08929383433817872,
      0.023643163907912275,
      0.0912806889682797,
      0.055166304067394006,
      0.0571280018297404,
