{
  "poids_LS": 0.935,
  "poids_EM": 0.06499999999999995,
  "mae_validation": 5.968748208268273,
  "matrice_de_transition": [
    [
      0.3333783967808879,
      0.0003815066807007077,
      0.0013826045216706005,
      0.02408013124702716,
      0.0008920608411474815,
      0.0054308235732200266,
      0.14477403079010792,
      0.08209027366270956,
      0.08545090669170749,
      0.06671548430129945,
      0.0021884789557838572,
      0.13143986311459277,
      0.003223956861498918,
      0.0052408497987677695,
      0.000981623913101483,
      0.03861789013628871,
      0.07155718198148414,
      0.0008255356416941076,
      0.0013484005063099766
    ],
    [
      0.0009311344823880384,
      0.6649890495014639,
      0.0003194734749386727,
      0.0016931567609034393,
      0.0055831176408605585,
      0.0011097545434253003,
      0.058598206811365634,
      0.0054992218741390635,
      0.05573157635378931,
      0.015336036687504391,
      0.00037037620389320045,
      0.04220242313163473,
      0.005606954433282954,
      2.3509345068737993e-05,
      0.029837231395382566,
      0.04204535397998592,
      0.04707629883292123,
      0.006903544306251859,
      0.016143580240800627
    ],
    [
      0.003006748580730465,
      0.0025652659113158506,
      0.492591920925432,
      0.0123869098991558,
      0.034179763868905574,
      0.007090536877935167,
      0.0795415140896797,
      0.17622438641030033,
      0.022073453349516013,
      0.009235113653716993,
      0.0008955417594264764,
      0.07072339945622806,
      0.002907963152440154,
      0.004357725516732983,
      0.0026615616255854908,
      0.02125716424485796,
      0.057533722043649184,
      0.00011300199275012634,
      0.0006543066416415769
    ],
    [
      0.0029391443522330473,
      0.0022495446702502447,
      0.00332063120107262,
      0.27919339636173846,
      0.0016111081852567747,
      0.004137818263553799,
      0.1314395128591682,
      0.0916091890564046,
      0.10946167718784154,
      0.09706266514049812,
      0.004255290485841511,
      0.1246284685410156,
      0.03876526412706003,
      0.004941618726737753,
      0.02026840809980464,
      0.06032909138346492,
      0.019070027105203537,
      0.0028480888921076333,
      0.001869055360747066
    ],
    [
      0.0009282860662890162,
      0.007228474921977323,
      0.001360896043464308,
      0.0035575459967837207,
      0.5294642423983988,
      0.0021688304963163978,
      0.10282541613771515,
      0.04240496513347871,
      0.08309181958506713,
      0.0473939054647083,
      0.0003381656844090766,
      0.04518311231210412,
      0.0020122096816993207,
      0.0004290093207047011,
      5.9052971517230436e-05,
      0.0014151619082048985,
      0.0273503399198422,
      0.04873522444867416,
      0.05405334150864553
    ],
    [
      0.0024273121892645056,
      0.0009971126679143055,
      0.004418765977823654,
      0.0018862521219126071,
      0.001711617692728103,
      0.5485132292918625,
      0.07153578927305326,
      0.005345305751736657,
      0.03870940305181854,
      0.06824549705972405,
      0.0021050586773812,
      0.088137837687293,
      0.004472569568772096,
      0.005877161470334216,
      0.027849456451109228,
      0.03761522215842869,
      0.056136144303417415,
      0.017720305647049007,
      0.01629595895837688
    ],
    [
      0.002200789518015753,
      0.0010405091212717342,
      0.005558205773589758,
      0.0009777019093842219,
      0.01438158137134998,
      0.004694859570283507,
      0.5287547583886084,
      0.02966434602891284,
      0.035388510434620976,
      0.07861808870139325,
      0.012057884634820971,
      0.09253143695578646,
      0.0688155459547726,
      0.0014679341026643616,
      0.020620480441094973,
      0.07239679641096891,
      0.025397801458095143,
      0.0034623594623031436,
      0.0019704097620631108
    ],
    [
      0.0014973055059110817,
      0.0030013428284978525,
      0.005580192287987756,
      0.0045274833368724645,
      0.0029842121519761725,
      0.0027030363081265293,
      0.009205973711436905,
      0.7449251673257401,
      0.0016720309822955313,
      0.027714945709164374,
      0.008038197222924877,
      0.040756855401873494,
      0.016874766268502105,
      0.009269754015568262,
      0.019710762521935096,
      0.028435085376034085,
      0.04805319465152829,
      0.0038888417358716202,
      0.02116085265775325
    ],
    [
      0.0006668073439639361,
      0.001386848852236512,
      0.0022294080887033008,
      0.002922311173716828,
      0.005097949087889453,
      0.0009181795228105509,
      0.11875080712621745,
      0.041489540327895,
      0.5237640556879293,
      0.08496220255457146,
      0.00020232603347638162,
      0.07513298995536662,
      0.04839821303695898,
      0.0019353022145073057,
      0.0028278396044267118,
      0.04128717769217475,
      0.029011910857307345,
      0.00400420354501262,
      0.015011927294835557
    ],
    [
      0.007909045355111803,
      0.0009349348378721203,
      0.0011025536526291472,
      0.01646269496498652,
      0.0013123998362136499,
      0.005969677709756705,
      0.08612398625338383,
      0.043799654032312695,
      0.013927290002660584,
      0.5896649668505701,
      0.004513966081644085,
      0.06323223130466593,
      0.009940649738895848,
      0.006534529915794506,
      0.007483910275828725,
      0.03511684262964678,
      0.1036509774290971,
      0.0019157436345025472,
      0.0004039454944272576
    ],
    [
      0.022494799863751636,
      0.0008234990104016253,
      0.0014304694550593925,
      0.019431452076934065,
      0.03330508953229884,
      0.0015119530504075194,
      0.03900066105772125,
      0.12886598740720917,
      0.001165581511438305,
      0.0015736618601811057,
      0.5717842244199474,
      0.08926286150725934,
      0.0007531963397299048,
      0.0040492961199049245,
      0.0012561402097565836,
      0.05944997011337333,
      0.0230959987266559,
      0.0001620648324193584,
      0.0005830929055505352
    ],
    [
      0.005684243863726272,
      1.844423384113832e-05,
      0.0037866903953971734,
      0.002790102614305916,
      0.0006216760598336225,
      0.0005348514552653964,
      0.06853262406324238,
      0.08654654834325612,
      0.07057419164005695,
      0.07617483045914326,
      0.005846631391670685,
      0.5465493623740256,
      0.04075702576722398,
      0.003988982470793974,
      0.00254560197036882,
      0.027496566139090017,
      0.05114460095122201,
      0.0060544102750101645,
      0.0003526155325266807
    ],
    [
      0.0052273951307553555,
      0.002609144313840303,
      0.004703981855843168,
      4.286756827065145e-05,
      0.0038248555072724825,
      0.00204780842144766,
      0.08795665803555622,
      0.0636071875937427,
      0.0829559992886508,
      0.06266329403521002,
      0.005184836256528159,
      0.06802190470150724,
      0.5762317854522658,
      0.006671664510097123,
      0.003508639394902106,
      0.01697019073835151,
      0.0036520023502545824,
      0.003795172895929162,
      0.0003246119495749842
    ],
    [
      0.002274886044480835,
      0.0004860009951944617,
      0.001382896909324954,
      0.003095636105947632,
      0.007610604142098731,
      0.01172271531771295,
      0.068636784183646,
      0.03525042661474585,
      0.02478012701333465,
      0.02235304892000603,
      0.0009806409008746002,
      0.04810486164017727,
      0.0023146407993052363,
      0.693645117573251,
      0.019235525339147838,
      0.035204658441764444,
      0.022289521646905324,
      0.0003838170673367487,
      0.00024809034474534253
    ],
    [
      0.004015143103545109,
      0.000202729982852565,
      0.0016739975753289635,
      0.00657134592654975,
      0.0033416570497141135,
      0.005300839616904162,
      0.1535613221164535,
      0.07492435249428206,
      0.06433406616583454,
      0.10753270925285108,
