{
  "poids_LS": 0.1125,
  "poids_EM": 0.8875,
  "mae_validation": 8.179858247152428,
  "matrice_de_transition": [
    [
      0.15985938407848976,
      0.005209033524951974,
      0.018877869430502445,
      0.09666071174373635,
      0.012180061484898315,
      0.07415162955742734,
      0.05304558986949155,
      0.03575006328843653,
      0.04546657292793775,
      0.04357758274110819,
      0.029881154973202692,
      0.1912662995674277,
      0.04401941099354295,
      0.07155775686779076,
      0.013402941890424104,
      0.04739403039015298,
      0.028017316957345995,
      0.011271736646208017,
      0.018410853066924696
    ],
    [
      0.012713566971067458,
      0.41797184868079995,
      0.004362041677047266,
      0.023118101927720052,
      0.0762310293271346,
      0.015152417804460843,
      0.025623373154585898,
      0.031229332041732984,
      0.06036364089772507,
      0.012083796856896267,
      0.005057059707003318,
      0.0076958715990646815,
      0.017270424586552875,
      0.0003209929807462305,
      0.02836531093374664,
      0.07662505850812751,
      0.09887414303001824,
      0.01641773878229812,
      0.07052425053327192
    ],
    [
      0.041053682544589076,
      0.0350257460968126,
      0.21421696950313515,
      0.02523937444752686,
      0.017253949515937648,
      0.02414121984600607,
      0.045078217776045364,
      0.16642057270042787,
      0.004710615393897216,
      0.04759316979584856,
      0.012227589407553821,
      0.12438524135586454,
      0.039704881504471365,
      0.05949971378616192,
      0.036340552964725,
      0.03024138503410141,
      0.06639040428039322,
      0.0015429118240882645,
      0.008933802222413845
    ],
    [
      0.04013062480933587,
      0.03071493684380144,
      0.045339387553106965,
      0.11152343062714168,
      0.021997823298698288,
      0.05649713398313845,
      0.04182355519388503,
      0.014234957257139703,
      0.048545424085259976,
      0.06380369300356192,
      0.0581010816336053,
      0.06575114835908452,
      0.07389415050926867,
      0.06747210184584246,
      0.10486693724893911,
      0.05718452488519847,
      0.03371192694901454,
      0.03888736756531579,
      0.025519794348661883
    ],
    [
      0.01267467513586927,
      0.09869648451161353,
      0.018581465208839604,
      0.04857418572531622,
      0.2675280567996144,
      0.029612877930473912,
      0.040969062137804234,
      0.02553821681361511,
      0.11512285537791549,
      0.011446107526867411,
      0.004617262229431626,
      0.009811944329131524,
      0.027474401423202285,
      0.005857627263468039,
      0.0008063001880237239,
      0.019322402977413052,
      0.04481601542604739,
      0.09406820883129724,
      0.12448185016405591
    ],
    [
      0.033142147199573084,
      0.013614422965753029,
      0.06033315085105379,
      0.025754596279960615,
      0.023370164650710654,
      0.17517825904683088,
      0.010967671618123865,
      0.022227930778459856,
      0.040758628096486615,
      0.05101648099266736,
      0.028742147325781793,
      0.08512331011146675,
      0.06106777680438829,
      0.0802458585372557,
      0.06786529515478372,
      0.06965584014356369,
      0.05867872096495977,
      0.07741529166925873,
      0.014842306808921828
    ],
    [
      0.03004924149598434,
      0.01420695146351792,
      0.07589088652401407,
      0.01334939145505381,
      0.02990515356726963,
      0.06410289028656332,
      0.0693073902545942,
      0.054769297555267736,
      0.07183443478441527,
      0.01222915369546576,
      0.08566684645118568,
      0.043453554999231876,
      0.09123512774463009,
      0.020042946401763413,
      0.09446572801758622,
      0.10389621034819499,
      0.05141659977641457,
      0.04727452342760065,
      0.026903671751246337
    ],
    [
      0.020443979023016708,
      0.04097987323525917,
      0.07619108700906366,
      0.04023322430889962,
      0.04074597361352085,
      0.036906841899419944,
      0.02881628710364656,
      0.20151140232201725,
      0.009774577877892548,
      0.053338233642605516,
      0.10975230823608975,
      0.0843439167999502,
      0.008559579132504831,
      0.059451047242303975,
      0.004134880537822531,
      0.0572114953599957,
      0.02573219614071598,
      0.053097646778247166,
      0.048775449737028
    ],
    [
      0.009104484888738365,
      0.01893582086707547,
      0.030439995057295093,
      0.039900787179595186,
      0.06960661254618296,
      0.012536681946067147,
      0.039439764325803525,
      0.03443446782208801,
      0.27063690971104276,
      0.03852525480494115,
      0.0027625285340044433,
      0.013257794617601605,
      0.09110659334149561,
      0.02642431869808054,
      0.03861088690659552,
      0.057313688861470084,
      0.07167474065393603,
      0.05467277917228773,
      0.08061589006569875
    ],
    [
      0.01724932869992854,
      0.012765456440177037,
      0.015054097949359522,
      0.013086449273059195,
      0.01791930545599408,
      0.08150906103706276,
      0.051806557728038216,
      0.08377618335838695,
      0.041920455453543726,
      0.24272786567452426,
      0.06163299842244813,
      0.05818014360171524,
      0.07225724009168154,
      0.00529255770888476,
      0.10218415953535383,
      0.05565992374153927,
      0.035305537337145934,
      0.026157268855707873,
      0.0055154096354490985
    ],
    [
      0.019684949522410226,
      0.011243928795868354,
      0.019531409867157106,
      0.051878001324305076,
      0.007007631920895197,
      0.020643974342102685,
      0.038328870935161116,
      0.09576808778714618,
      0.0159146706369461,
      0.02148653693708819,
      0.45483230044363504,
      0.12600653030318254,
      0.01028402694631217,
      0.05528846625254805,
      0.017151145171676443,
      0.01632002372832498,
      0.008455175970651676,
      0.0022128082888027796,
      0.00796146082578616
    ],
    [
      0.07761179121626262,
      0.0002518347312924657,
      0.05170288809099991,
      0.03809563184917696,
      0.008488269278497544,
      0.007302779485354456,
      0.05184171062019177,
      0.030297171743702896,
      0.01000476798752502,
      0.06410045429464618,
      0.07982900554011903,
      0.3753145082882502,
      0.07269925005961445,
      0.05446495296661008,
      0.03475725767234353,
      0.020894781097871497,
      0.011811579444837229,
      0.0057168074001283705,
      0.004814558232575836
    ],
    [
      0.07137404890069818,
      0.03562485505435801,
      0.06422744457016638,
      0.0005853071821569721,
      0.052223988656989705,
      0.027960461138996917,
      0.07478690883123175,
      0.03243547441138805,
      0.11661063768879343,
      0.0261476015718562,
      0.07079295657951915,
      0.03207424128778849,
      0.1741437366101646,
      0.09109388081094157,
      0.04790642250731725,
      0.039870130398457215,
      0.01117774364769536,
      0.026531958532284013,
      0.004432201619196903
    ],
    [
      0.031060944068872963,
      0.006635782819001309,
      0.018881861646552273,
      0.04008750002828665,
      0.008648331320232029,
      0.027695901505059208,
      0.024002625070527105,
      0.03509932134057266,
      0.01893472815872555,
      0.028457182256918265,
      0.013389519992710899,
      0.04346036388930591,
      0.03160374937512921,
      0.6221828671232674,
      0.01928777154535131,
      0.01605718283797737,
      0.005886400433465703,
      0.00524057918863638,
      0.0033873873994075643
    ],
    [
      0.05482214622148133,
      0.0027680439966407937,
      0.022856505355453173,
      0.08972414630481397,
      0.045626471255711974,
      0.07237684861542228,
      0.05967818449374883,
      0.05525279464526771,
      0.029950390804771562,
      0.0803807189952619,
      0.03398106553566339,
      0.07018864787892812,
      0.0670426524599285,
      0.0821070471642018,
      0.14469059609046714,
