{
  "poids_LS": 0.73,
  "poids_EM": 0.27,
  "mae_validation": 6.501603828615268,
  "matrice_de_transition": [
    [
      0.29013049695840565,
      0.0015847200582952488,
      0.00574312647463173,
      0.04217012395441365,
      0.003705483493997234,
      0.022558805611837054,
      0.12191162302265944,
      0.07054043399495763,
      0.07548520648310834,
      0.06094859090331865,
      0.00909060489325603,
      0.1463510114098282,
      0.013391820809303208,
      0.02176968377949691,
      0.004077514715960009,
      0.04080525640016978,
      0.06070530072926733,
      0.0034291480501139884,
      0.005601048256979908
    ],
    [
      0.0038677893883810864,
      0.6034224523364352,
      0.0013270436651298726,
      0.007033112699137369,
      0.023191411738959264,
      0.004609749641920482,
      0.05037955526165153,
      0.011912197660591045,
      0.0568860726838888,
      0.014525448036714524,
      0.001538485770017911,
      0.03360200603233155,
      0.008513959152335033,
      9.765420259321943e-05,
      0.029470369760567536,
      0.050664003740799324,
      0.05998639981821592,
      0.0092748632942026,
      0.029697425116127822
    ],
    [
      0.012489571027649636,
      0.010655719939312004,
      0.42320971418795983,
      0.015590259725801477,
      0.02996117184172208,
      0.011340251173928523,
      0.07095187792640305,
      0.1737808826892987,
      0.017745937506474244,
      0.01879548023017532,
      0.00371994269300229,
      0.08409808345552955,
      0.012079231556289882,
      0.01810132137719856,
      0.011055717521662817,
      0.02349639252667548,
      0.05974116260113553,
      0.0004693928929620636,
      0.00271788912681886
    ],
    [
      0.012208753463121901,
      0.0093442624764241,
      0.01379339114291705,
      0.2374033137166414,
      0.006692295538758916,
      0.017187860479377332,
      0.10910362067511585,
      0.07232442611555438,
      0.09427890285832273,
      0.08877319488144411,
      0.01767582201811091,
      0.10995387810053431,
      0.04752079203995094,
      0.020526723941833764,
      0.04135375579047038,
      0.05954533924711887,
      0.022719376002445186,
      0.011830523090293256,
      0.007763768421564742
    ],
    [
      0.0038559575061236093,
      0.03002597275282891,
      0.005652952795928669,
      0.014777498755870852,
      0.46417923565341307,
      0.009008988215468122,
      0.08740833094624799,
      0.038201094731567416,
      0.09107523884042751,
      0.038434271936127896,
      0.0014046882275453962,
      0.03636719810358207,
      0.008358409447058724,
      0.0017820387167733754,
      0.00024529695861003433,
      0.005878364849466507,
      0.03170348700649517,
      0.06003402298780819,
      0.07160695156865664
    ],
    [
      0.010082681401560262,
      0.004141852620567119,
      0.018354874061729042,
      0.007835201121790836,
      0.007109796569793665,
      0.4554631759177209,
      0.056439784264833766,
      0.009553133265995935,
      0.039220152151097504,
      0.06395133500045763,
      0.008744089890660377,
      0.08738649646778615,
      0.01857836590105334,
      0.02441282456908061,
      0.03782300895476062,
      0.04560102968055961,
      0.05676985641966809,
      0.03259869122097362,
      0.01593365051991088
    ],
    [
      0.009141741074834675,
      0.004322114811436438,
      0.023087931674911324,
      0.004061223315903695,
      0.018250678392825397,
      0.01950172436886997,
      0.4142420404950242,
      0.035921507199615274,
      0.044472297050679135,
      0.06207130246891285,
      0.030404191227349567,
      0.08029925969001904,
      0.07440340524586171,
      0.006097572426451969,
      0.03902567892520526,
      0.08024771417039912,
      0.031882729914332816,
      0.014382108535720762,
      0.008184779011646773
    ],
    [
      0.006219576716861422,
      0.012467116364529553,
      0.023179260273179934,
      0.013426786557864038,
      0.01239595816974719,
      0.0112279969722179,
      0.014093650605543871,
      0.6094846544676693,
      0.003691510755666217,
      0.03410129710898861,
      0.03338943461830337,
      0.0516204998840689,
      0.014802288015761143,
      0.021776945640468958,
      0.015828627802490624,
      0.03560732129908835,
      0.04248990626889421,
      0.016153650287466743,
      0.02804351819118951
    ],
    [
      0.0027698151210809674,
      0.005760756770828594,
      0.009260618214613719,
      0.012138831029285297,
      0.02117609621123313,
      0.003813976479366907,
      0.0989833131759623,
      0.03973113319878809,
      0.46067461504931323,
      0.0733882520516241,
      0.0008404312159788167,
      0.05971120874656195,
      0.05904285493656994,
      0.008038947660261123,
      0.011746410664541736,
      0.04528162728452191,
      0.03964519974278927,
      0.016632845494667817,
      0.031363066952011194
    ],
    [
      0.010237018711570687,
      0.003883575480391888,
      0.004579838249382615,
      0.015621199078244757,
      0.005451507011964397,
      0.02479712279437403,
      0.07757070619539495,
      0.05376340906191175,
      0.020904309963063073,
      0.5031943215726499,
      0.018750320646829292,
      0.06197304835134691,
      0.02547244429490931,
      0.0062249806119446605,
      0.031087011914980884,
      0.04023700266361391,
      0.08661655163110317,
      0.007957704327933664,
      0.0016779274383901485
    ],
    [
      0.02179447242305256,
      0.003420688197052908,
      0.005941950044092866,
      0.027518433956218027,
      0.026750707999973308,
      0.00628042036323124,
      0.038833224005897754,
      0.12061666288184394,
      0.004841646278282194,
      0.0065367492653676754,
      0.5426351126690123,
      0.09842085798527062,
      0.003128661718878069,
      0.016820153113451242,
      0.0052178131789888905,
      0.04870025703260139,
      0.019446918282910168,
      0.0006731923808188739,
      0.0024220782230560713
    ],
    [
      0.023611474510862998,
      7.661450980165155e-05,
      0.015729329334726736,
      0.011589657013270738,
      0.002582346710078126,
      0.002221690660333187,
      0.06437257876740606,
      0.07252694688075349,
      0.05547786112483622,
      0.07316541147589475,
      0.024286007319247484,
      0.5038707665228597,
      0.04871830963341249,
      0.016569619494067295,
      0.010574038953839723,
      0.025851136432768075,
      0.04134123388884039,
      0.005970266093428683,
      0.0014647106735723673
    ],
    [
      0.021713795158522266,
      0.010837984072875114,
      0.019539616939656255,
      0.0001780652835857831,
      0.015887861337901096,
      0.008506281135244133,
      0.08467422814268508,
      0.05583794601029868,
      0.09134408545525172,
      0.05356211840604584,
      0.021537012142501602,
      0.059062304701735374,
      0.47601531127277563,
      0.027713067965018844,
      0.014574348255747221,
      0.022677774483423452,
      0.005527719026212467,
      0.009462092112285086,
      0.001348388098234551
    ],
    [
      0.009449526646305014,
      0.0020187733646539197,
      0.005744341007965199,
      0.012315492767442465,
      0.007869247390144114,
      0.01570387418507585,
      0.05751216093964675,
      0.03521276511783947,
      0.023323219092125088,
      0.023874443855041907,
      0.004073431434402189,
      0.04694726645606952,
      0.009614661781729452,
      0.6758338575826776,
      0.01924854718993412,
      0.030432339294315994,
      0.01820120572136718,
      0.001594317048937265,
      0.0010305291243268085
    ],
    [
      0.016678286737802774,
      0.0008421091595414246,
      0.006953528389828009,
      0.027296360002591294,
      0.01388072928342787,
      0.022018872254832695,
      0.13016187748100735,
      0.07002141102431496,
      0.05576427473845713,
      0.10076534389989572,
      0.010337901627751117,
      0.11842692703698224,
      0.03988100382144685,
