{
  "poids_LS": 0.395,
  "poids_EM": 0.605,
  "mae_validation": 7.402261405392738,
  "matrice_de_transition": [
    [
      0.2194570996875201,
      0.0035509467972912054,
      0.01286885747093406,
      0.07173181935428913,
      0.00830302782914195,
      0.05054843479689413,
      0.08455110301243882,
      0.05166630575741176,
      0.05919979394710487,
      0.051524643155398814,
      0.02036968874229592,
      0.17071800984350566,
      0.030007598480105334,
      0.048780217357761585,
      0.009136653345021502,
      0.04437973297773151,
      0.042971738682961835,
      0.007683831741922084,
      0.012550497020269794
    ],
    [
      0.008666713259150211,
      0.5028136228228517,
      0.002973560805198418,
      0.015759382159178176,
      0.051965941118779085,
      0.010329253827266264,
      0.03694907589992362,
      0.022391938579915012,
      0.058772688637953825,
      0.013200827558594499,
      0.0034473477439290225,
      0.019547665894445884,
      0.013264430278590868,
      0.00021881775025517686,
      0.02887086416221126,
      0.06474813871578708,
      0.08108339411125848,
      0.013149945542805028,
      0.051846391131906394
    ],
    [
      0.027985890636029735,
      0.023876705789939858,
      0.3098290348852615,
      0.02082500212544197,
      0.023067375114373442,
      0.018284906242990836,
      0.05691515541568269,
      0.16978784002327163,
      0.010674143323942578,
      0.0344185182941438,
      0.008335427145431056,
      0.10595427438121735,
      0.027066426265019917,
      0.0405603682711301,
      0.024772996668911126,
      0.027155619231108978,
      0.06334844351214983,
      0.0010517877786742535,
      0.006090084895279297
    ],
    [
      0.02735665127847685,
      0.020938069623098444,
      0.03090741348690672,
      0.16911220305270228,
      0.014995699262774607,
      0.03851353922230846,
      0.07260350417922545,
      0.04081030130977476,
      0.06946802773447493,
      0.07522698738494123,
      0.03960693452206333,
      0.08597344981974778,
      0.061828605946382426,
      0.045995066610405276,
      0.07581029957765585,
      0.05826457356089485,
      0.028682946151596174,
      0.026509135072694145,
      0.01739659220387655
    ],
    [
      0.008640201078536235,
      0.06728042042763514,
      0.012666801635321646,
      0.033112543508525424,
      0.3574939807286802,
      0.02018680692725264,
      0.06221455758458215,
      0.031331355294297744,
      0.10412131420894326,
      0.023792919584545283,
      0.003147542139499869,
      0.02196070415307044,
      0.018729028575816768,
      0.003993086754251452,
      0.0005496468887372991,
      0.013171891607137913,
      0.03881716639200123,
      0.07849791328346623,
      0.10029211922769916
    ],
    [
      0.022592674992385032,
      0.009280817909048543,
      0.04112851410128174,
      0.01755665436549428,
      0.015931210832315433,
      0.3034057716233919,
      0.03177070290993852,
      0.016429339203931827,
      0.04005479092308998,
      0.05693404578165644,
      0.019593238458701954,
      0.08615869496273837,
      0.04162930137087878,
      0.05470281060849543,
      0.05412125328999582,
      0.05865100782648085,
      0.05780543475598017,
      0.05691215057348457,
      0.015341585510710342
    ],
    [
      0.0204842716676851,
      0.00968473874414461,
      0.051734069123412406,
      0.009100148541191611,
      0.024573349135236438,
      0.04369830830802345,
      0.22711150149819176,
      0.046146624234665604,
      0.05931653371594489,
      0.035031432284127785,
      0.060384741024896285,
      0.060310091963033295,
      0.08353478506300731,
      0.013663078955568298,
      0.06910246669192206,
      0.09307726270410215,
      0.04248005202574559,
      0.032226576533744666,
      0.01833996778535666
    ],
    [
      0.013936458939633925,
      0.027935575557556956,
      0.051938712834347624,
      0.027969550358020994,
      0.027776128491470552,
      0.02515903025256233,
      0.022080829920304034,
      0.3881550358947245,
      0.006991636238979288,
      0.044537529884311144,
      0.07481706645953161,
      0.06937328476960775,
      0.011415555261282009,
      0.04221552707628229,
      0.009484651553642347,
      0.047327804392859954,
      0.033398678911906836,
      0.03619614231080511,
      0.03929080089217071
    ],
    [
      0.006206437586125871,
      0.0129083623938937,
      0.02075064451793074,
      0.027199973232287424,
      0.04745014151035571,
      0.008546132481544365,
      0.06668033525725268,
      0.03685763862195485,
      0.3575772364447454,
      0.05447472318095399,
      0.001883188465434015,
      0.0345097614053446,
      0.07643775755300736,
      0.01801319753502955,
      0.02632066093351018,
      0.05180914247201607,
      0.057021549872723135,
      0.03726989453434826,
      0.0580832220015421
    ],
    [
      0.014041267855052275,
      0.008702085798655897,
      0.010262230151394379,
      0.014246071653569189,
      0.012215413860142443,
      0.055563923298504764,
      0.06359339488112045,
      0.07004564289076876,
      0.03230578160567201,
      0.3618886329477558,
      0.04201460737530267,
      0.05991535913494754,
      0.05085366954498007,
      0.005719131749555888,
      0.06965793410579049,
      0.04860409345082847,
      0.05877980703438144,
      0.017831152290369877,
      0.003759800371207555
    ],
    [
      0.020650034898007735,
      0.007664875404507441,
      0.013314369543245125,
      0.04073374580773084,
      0.01603988939836818,
      0.014072793776869999,
      0.03855960736023496,
      0.10713605938917391,
      0.010848874068002693,
      0.014647160390916457,
      0.4950011983443137,
      0.11338636442494752,
      0.007010519777486042,
      0.037689602346807405,
      0.011691766567734364,
      0.03113365272987654,
      0.013483786826057383,
      0.001508449594057106,
      0.005427249351662678
    ],
    [
      0.052907192885452266,
      0.00017167325344444139,
      0.03524534906485064,
      0.025969416640847395,
      0.005786369479989875,
      0.00497823277593177,
      0.05757445596689305,
      0.049616866442029686,
      0.030808247843865773,
      0.06824758045448866,
      0.05441864603016565,
      0.43412769525388123,
      0.06172821253669614,
      0.037128221458928565,
      0.023693679878048265,
      0.023162263498046856,
      0.02532109746982653,
      0.005832762186941874,
      0.0032820368796714155
    ],
    [
      0.04865498544779989,
      0.02428511245959053,
      0.04378321573515568,
      0.0003989981354422176,
      0.035600578183074674,
      0.01906037069193593,
      0.07931025734213955,
      0.043141868300768216,
      0.10505144577628245,
      0.038689465548631216,
      0.04825886054153136,
      0.04442100714113262,
      0.3122469266379988,
      0.06209780044013481,
      0.03265733590639655,
      0.03200480157902881,
      0.00859291456985096,
      0.01872266741706183,
      0.0030213881460440864
    ],
    [
      0.021173939337090865,
      0.004523547724502301,
      0.012871578925255353,
      0.02738208779964133,
      0.008291908307681686,
      0.02220967038296156,
      0.03933289856530654,
      0.03515122072045586,
      0.020942418342831413,
      0.02636062582205175,
      0.009127503769678979,
      0.04505558652106416,
      0.021543964362764137,
      0.6467276522322284,
      0.019269826799755592,
      0.022633671419217308,
      0.011520299208902412,
      0.003572451165211279,
      0.0023091485933989593
    ],
    [
      0.03737171657915066,
      0.0018869483019354142,
      0.015581054354984981,
      0.06116406593173234,
      0.03110311561656985,
      0.04933858412656955,
      0.09192376063771732,
      0.06200928715875896,
      0.04175998143030383,
      0.08970647856701747,
      0.023164557351071948,
      0.092257172352046,
      0.0546164731232952,
      0.05597156454573756,
      0.20827481042816987,
