{
  "poids_LS": 0.3075,
  "poids_EM": 0.6925,
  "mae_validation": 7.641668694893434,
  "matrice_de_transition": [
    [
      0.2009976302510948,
      0.004064513482849851,
      0.01473005586549064,
      0.07945315770500287,
      0.009503878961455868,
      0.05785915883776725,
      0.07479275823364984,
      0.0467364961431274,
      0.054946141419044255,
      0.04906316426601676,
      0.023315718105851115,
      0.1770825243597647,
      0.03434754040904619,
      0.05583520747148744,
      0.010458070151119653,
      0.04531336491963197,
      0.03833983814847905,
      0.008795129721125693,
      0.014365651547994764
    ],
    [
      0.00992016352390334,
      0.47653519720363213,
      0.003403621252231247,
      0.018038631645009733,
      0.05948167640455292,
      0.01182315417418494,
      0.03344111487260663,
      0.025129184342425004,
      0.05926546146177678,
      0.012854844597891508,
      0.003945931095323716,
      0.015876756156938433,
      0.014505224975747244,
      0.0002504649455400165,
      0.028714276879058503,
      0.06842683068686597,
      0.08659380306839645,
      0.014162093891320587,
      0.057631568822594834
    ],
    [
      0.032033436802397675,
      0.027329948362865047,
      0.2802146783509745,
      0.022192285588034637,
      0.021266756566185364,
      0.020098808686402635,
      0.053248847297210945,
      0.16874488111796604,
      0.008827032903132066,
      0.03849916256458333,
      0.00954096412927439,
      0.11166298096628507,
      0.0309809920471509,
      0.04642653723596297,
      0.02835586808796852,
      0.02811138740017743,
      0.06429064375010132,
      0.0012039058458378853,
      0.006970882297489113
    ],
    [
      0.03131319175263672,
      0.023966302833050703,
      0.0353774939498891,
      0.15127497265540474,
      0.01716449874292796,
      0.04408367919247705,
      0.06306989166164213,
      0.03257900005453381,
      0.06298757527675347,
      0.07168879885973525,
      0.045335210176080755,
      0.07970990511954235,
      0.06556572151895781,
      0.052647245665629186,
      0.08481014310415952,
      0.057930045210015435,
      0.03024059507115054,
      0.030343100888992888,
      0.019912628266420682
    ],
    [
      0.00988981693700222,
      0.07701105974568155,
      0.014498777078446677,
      0.037901547734965055,
      0.32962842906923506,
      0.023106386441524716,
      0.05563409439310226,
      0.029537020366652678,
      0.10752887120818246,
      0.019968685761370723,
      0.0036027651762043957,
      0.018197813942115906,
      0.02143777237810432,
      0.004570599301353935,
      0.0006291412734720325,
      0.015076917252798356,
      0.04067521697776774,
      0.08332057119651123,
      0.10778451376550878
    ],
    [
      0.02586021063177956,
      0.01062308496201011,
      0.04707685291758282,
      0.020095839914222792,
      0.018235311572526343,
      0.2636892854271119,
      0.02532728613813752,
      0.01822536314294494,
      0.04027279358741637,
      0.05510117173196956,
      0.022426971293638187,
      0.08583800053977814,
      0.04765006809807199,
      0.06261437412625304,
      0.058378257407408006,
      0.06205958420787819,
      0.05807592163486766,
      0.06326268100137922,
      0.015186941665023634
    ],
    [
      0.02344687294193708,
      0.011085424099702715,
      0.059216269203244784,
      0.01041628572690114,
      0.026224792985866188,
      0.05001831157571279,
      0.17823412190946686,
      0.048817363758745916,
      0.06319375971060386,
      0.027968779623922736,
      0.0682154816436585,
      0.0550890406910594,
      0.08591984695554533,
      0.015639144093770325,
      0.07695834409367645,
      0.09642826418678577,
      0.045248009293651914,
      0.03688744504069121,
      0.020992442465057003
    ],
    [
      0.01595206250528346,
      0.03197584474976561,
      0.05945051014510038,
      0.03176803344015154,
      0.031793337157592326,
      0.028797732975040354,
      0.024167033472666768,
      0.3303450608943284,
      0.00785360931297897,
      0.047263411579358074,
      0.08563771656731511,
      0.07401020619493505,
      0.010530960885112087,
      0.04755396252593502,
      0.007827642831928244,
      0.0503891246039197,
      0.031024104602245948,
      0.0414311215706323,
      0.04222852398571058
    ],
    [
      0.007104062856846555,
      0.014775274310365929,
      0.023751770791185185,
      0.031133853658444698,
      0.0543127652825146,
      0.009782143377635492,
      0.05824299027848524,
      0.03610709899367751,
      0.33064881665997026,
      0.04953462235652524,
      0.002155550433575298,
      0.027927293816220663,
      0.08098120226625594,
      0.020618412054558617,
      0.030127368093315374,
      0.05351409046874961,
      0.0615601487872581,
      0.04266016853724987,
      0.06506236697716584
    ],
    [
      0.015034915019394482,
      0.009960651926560675,
      0.011746436991472079,
      0.013886896579959899,
      0.013982105947353128,
      0.06360002790779264,
      0.05994260461246666,
      0.07429846515950005,
      0.03528377793023405,
      0.32498043069498495,
      0.048091100177515875,
      0.059377902996335774,
      0.05748309405059558,
      0.005587007046693149,
      0.07973242870786763,
      0.0507895276116681,
      0.05150901553523769,
      0.02041003795220023,
      0.004303573152167325
    ],
    [
      0.020351114648928862,
      0.008773431764663477,
      0.015240001501978925,
      0.044185506365961795,
      0.0132422875248146,
      0.016108115190880123,
      0.03848814032592006,
      0.10361500623810338,
      0.012417926102631182,
      0.01676555135654487,
      0.4825595043042805,
      0.11729526536068403,
      0.008024437927122454,
      0.04314057789283327,
      0.013382724542406691,
      0.026545360561254373,
      0.011926252490312251,
      0.0017266137915447042,
      0.006212182109134553
    ],
    [
      0.060559059625083796,
      0.0001965020297690507,
      0.040342816904808385,
      0.02972532400625921,
      0.006623241098996676,
      0.005698225119558266,
      0.05579882687720682,
      0.04363289020803466,
      0.024364692136149613,
      0.06696307235188258,
      0.06228911136510697,
      0.41591122141496895,
      0.06512632150397173,
      0.04249800555422815,
      0.027120451761237067,
      0.02245994594047042,
      0.021136733479785594,
      0.005796846987486364,
      0.0037567116349957936
    ],
    [
      0.05569186350843211,
      0.027797422112837096,
      0.05011549900263687,
      0.00045670447734501773,
      0.04074942213517225,
      0.021817035874653935,
      0.07790922019274332,
      0.039825728600517724,
      0.10863172645714868,
      0.03480481741423188,
      0.05523844780993466,
      0.040596787629034875,
      0.2694716022930944,
      0.07107888728065018,
      0.037380504322610926,
      0.03444096537265708,
      0.009393525346174447,
      0.021141474399652777,
      0.0034583657704719503
    ],
    [
      0.024236285935430455,
      0.005177779833417924,
      0.014733170918577409,
      0.03131739247223059,
      0.00840230481599374,
      0.02390894550927499,
      0.034584583766038575,
      0.0351351456912885,
      0.02032056740085172,
      0.027010001708957312,
      0.010447597290087096,
      0.044561491015652314,
      0.024659826977213497,
      0.6391252851630812,
      0.019275384906798518,
      0.020596705929452726,
      0.009775286313855644,
      0.004089127986626134,
      0.0026431163651715363
    ],
    [
      0.042776716910845995,
      0.0021598540480830984,
      0.01783451262946628,
      0.0700101085251647,
      0.03560150010656962,
      0.05647432976470978,
      0.08193619280551469,
      0.05991656823865105,
      0.038102143625935427,
      0.08681796896514626,
      0.026514803248954253,
      0.08542178866568205,
      0.058465289731986926,
      0.06406662553375746,
      0.18858058474835043,
