{
  "poids_LS": 0.0125,
  "poids_EM": 0.9875,
  "mae_validation": 8.457957519310613,
  "matrice_de_transition": [
    [
      0.13876284757971796,
      0.005795966879876141,
      0.021004953309995678,
      0.10548509843026635,
      0.013552462778971366,
      0.08250674274699663,
      0.04189319583658987,
      0.030115995157825825,
      0.04060525575301134,
      0.04076446401038586,
      0.03324804567440863,
      0.19854003044315233,
      0.04897934462661822,
      0.07962060271204888,
      0.014913132525964849,
      0.04846103832375351,
      0.022723716346508535,
      0.012541791479583569,
      0.020485315384324663
    ],
    [
      0.01414608155935675,
      0.38793936225883474,
      0.004853539330799071,
      0.02572295848295612,
      0.08482044108230472,
      0.016859732486653616,
      0.021614274837652197,
      0.03435761291317298,
      0.060926809839237026,
      0.011688387758949993,
      0.005626869251454396,
      0.003500546184770452,
      0.018688475669017306,
      0.0003571612039289044,
      0.02818635403871492,
      0.08082927790364626,
      0.10517175326674738,
      0.01757447975203019,
      0.07713588217977299
    ],
    [
      0.04567944959186672,
      0.038972309037298536,
      0.18037199060680725,
      0.02680198411906134,
      0.015196099746579846,
      0.02621425120990527,
      0.04088815135493481,
      0.16522861966579294,
      0.002599632055828061,
      0.052256763247779454,
      0.013605345960517634,
      0.1309094774530848,
      0.04417867096976392,
      0.06620390688882806,
      0.04043526315793345,
      0.031333691513036784,
      0.0674672045523378,
      0.001716761043703844,
      0.00994042782493935
    ],
    [
      0.04465238535123288,
      0.03417577479803259,
      0.050448050939372546,
      0.09113802445880166,
      0.024476451276016407,
      0.0628630082347597,
      0.030927998030932678,
      0.004827755822578623,
      0.0411391927050069,
      0.0597600489747551,
      0.06464768238105378,
      0.058592811558849746,
      0.07816513973506913,
      0.07507459219466978,
      0.11515247270780045,
      0.05680220676990772,
      0.03549209714279097,
      0.04326904278394293,
      0.0283952641344266
    ],
    [
      0.014102807545544683,
      0.10981721516080943,
      0.020675151429553926,
      0.0540473334126758,
      0.23568171204596283,
      0.032949540232499144,
      0.033448532776112934,
      0.023487548324877896,
      0.11901720623418886,
      0.007075554586096484,
      0.005137517128522514,
      0.005511498373754916,
      0.03057010862581663,
      0.006517641603013734,
      0.0008971509134348478,
      0.021499575143882132,
      0.04693950180978054,
      0.09957981787477727,
      0.1330445867786955
    ],
    [
      0.036876473644595405,
      0.015148442454851963,
      0.0671312523553979,
      0.02865652262136463,
      0.026003422639523127,
      0.1297879891082252,
      0.00360376673606558,
      0.02428052956590341,
      0.041007773998573915,
      0.04892176779302521,
      0.03198069913713749,
      0.08475680219951219,
      0.06794865306403768,
      0.08928764541469297,
      0.0727304427175405,
      0.07355135600801778,
      0.05898784882654547,
      0.08467304072970977,
      0.014665570985279878
    ],
    [
      0.03343507152370089,
      0.015807734727012898,
      0.08444197232953679,
      0.014853548238721846,
      0.03179251796798935,
      0.07132575116392258,
      0.013447527867480024,
      0.05782157129707382,
      0.07626555020688265,
      0.004157550655231414,
      0.09461626430119963,
      0.03748663925983314,
      0.09396091276467355,
      0.02230130655970859,
      0.10344387361959125,
      0.10772592632840484,
      0.05457997951116466,
      0.05260123029268242,
      0.02993507138518959
    ],
    [
      0.022747525955187607,
      0.04559732374064049,
      0.08477599822135252,
      0.044574347831334536,
      0.04533706923194574,
      0.04106535929653769,
      0.031200519734918258,
      0.13544285946442178,
      0.010759689962463617,
      0.056453527008373444,
      0.12211876550212805,
      0.08964325557175283,
      0.007548614131167777,
      0.0655521163276214,
      0.0022411562844349858,
      0.060710147029778276,
      0.02301839692967497,
      0.059080480218049666,
      0.05213284755821642
    ],
    [
      0.010130342340990575,
      0.021069434485900877,
      0.03386985365530018,
      0.04439665052377493,
      0.07744961114293598,
      0.01394926582731415,
      0.02979708435006931,
      0.03357670824691392,
      0.23986157281415688,
      0.03287942529130829,
      0.003073799354737339,
      0.005734974515745679,
      0.09629910158520828,
      0.029401706720399476,
      0.04296140937494431,
      0.059262200857737,
      0.07686171084197599,
      0.060833092318461,
      0.08859205575212589
    ],
    [
      0.01838492545917678,
      0.01420381772921107,
      0.01675033433801975,
      0.01267596347464858,
      0.019938382127092008,
      0.09069318059053463,
      0.04763422599243389,
      0.08863655166550845,
      0.04532387982447177,
      0.200547063099929,
      0.06857756162497751,
      0.05756590801473036,
      0.07983372524095642,
      0.0051415580484702,
      0.11369786765201342,
      0.058157562782498846,
      0.026996061338124516,
      0.02910456675494257,
      0.006136864242260265
    ],
    [
      0.019343326380605805,
      0.012510850350332395,
      0.02173213210571002,
      0.05582287053371189,
      0.0038103726368339647,
      0.022970055958114258,
      0.03824719432451551,
      0.09174402704306558,
      0.0177078729622358,
      0.023907555183520664,
      0.44061322154073995,
      0.13047384565830997,
      0.01144279054589664,
      0.06151815259086333,
      0.01908366857130196,
      0.011076261249899648,
      0.0066751367298001,
      0.0024621388002171777,
      0.008858526834325446
    ],
    [
      0.08635678177584151,
      0.00028021047566344773,
      0.057528565622380186,
      0.04238809740964761,
      0.009444693985933887,
      0.008125627878070453,
      0.04981242023197894,
      0.0234583417619943,
      0.0026407043215636904,
      0.06263244503452496,
      0.08882382306576625,
      0.35449568104377904,
      0.07658280316507225,
      0.0606018490755239,
      0.03867356839598787,
      0.020092132460641288,
      0.007029449170504732,
      0.005675761457893502,
      0.005357043667232269
    ],
    [
      0.07941619525570644,
      0.03963892322949694,
      0.07146433973300204,
      0.0006512572871887437,
      0.058108381745101224,
      0.031110935633531785,
      0.07318572351763608,
      0.028645600468244624,
      0.12070238703835486,
      0.02170800370397124,
      0.07876962774340864,
      0.02770370470253393,
      0.1252576516445596,
      0.10135798005724485,
      0.05330432926870511,
      0.04265431759117524,
      0.01209272739206506,
      0.02929630936953081,
      0.004931604618543034
    ],
    [
      0.03456076875268964,
      0.007383476657762021,
      0.02100939535320605,
      0.044584991082674365,
      0.008774498758302949,
      0.029637930220845994,
      0.018575979585649435,
      0.03508094987866711,
      0.018224041367891623,
      0.029199326127667475,
      0.014898198301748749,
      0.04289568331169238,
      0.0351647352202142,
      0.6134944476156707,
      0.019294123667686083,
      0.01372922227824642,
      0.0038920999819836836,
      0.005831066984539071,
      0.003769064852861938
    ],
    [
      0.06099928945770459,
      0.0030799362779524325,
      0.02543188624057466,
      0.09983390926873668,
      0.050767482101426,
      0.08053198648758253,
      0.04826382125694583,
      0.0528611158794301,
      0.02577000474263625,
      0.07707956516455199,
      0.03780991799038603,
      0.0623767808087979,
      0.07144130001271906,
      0.09135854543622454,
      0.12218290959924494,
      0.02186501129784646,
