{
  "poids_LS": 0.1175,
  "poids_EM": 0.8825000000000001,
  "mae_validation": 8.165988195057674,
  "matrice_de_transition": [
    [
      0.16091421090342836,
      0.005179686857205767,
      0.018771515236527786,
      0.09621949240940986,
      0.012111441420194664,
      0.07373387389794889,
      0.05360320957113664,
      0.03603176669496706,
      0.045709638786684076,
      0.043718238677644315,
      0.029712810438142397,
      0.19090261302364148,
      0.04377141431188919,
      0.07115461457557785,
      0.013327432358647067,
      0.04734067999347296,
      0.028281996987887872,
      0.01120823390453924,
      0.0183071299510547
    ],
    [
      0.012641941241652995,
      0.41947347300189824,
      0.004337466794359676,
      0.022987859099958253,
      0.07580155873937611,
      0.015067052070351207,
      0.02582382807043259,
      0.031072917998160986,
      0.060335482450649486,
      0.012103567311793581,
      0.005028569229780765,
      0.007905637869779394,
      0.017199522032429658,
      0.00031918456958709686,
      0.02837425877849823,
      0.07641484753835158,
      0.0985592625181818,
      0.016359901733811518,
      0.07019366895094688
    ],
    [
      0.0408223941922252,
      0.03482841794978831,
      0.21590921844795155,
      0.02516124396395014,
      0.01735684200440554,
      0.024037568277811117,
      0.04528772109710089,
      0.16648017035215967,
      0.004816164560800673,
      0.04735999012325202,
      0.012158701579905633,
      0.12405902955100354,
      0.039481192031206744,
      0.059164504131028625,
      0.03613581745506458,
      0.030186769710154642,
      0.066336564266796,
      0.0015342193631074858,
      0.00888347094228757
    ],
    [
      0.039904536782241026,
      0.030541894946089884,
      0.045083954383793694,
      0.1125427009355587,
      0.021873891899832385,
      0.0561788402705574,
      0.04236833305203265,
      0.014705317328867757,
      0.04891573565427263,
      0.06400587520500227,
      0.05777375159623288,
      0.06610906519909626,
      0.07368060104797865,
      0.0670919773284011,
      0.10435266047599606,
      0.05720364079096302,
      0.03362291843932573,
      0.03866828380438444,
      0.025376020859373648
    ],
    [
      0.0126032685153855,
      0.09814044797915375,
      0.01847678089780389,
      0.04830052834094825,
      0.26912037403729705,
      0.029446044815372656,
      0.0413450886058888,
      0.025640750238051974,
      0.11492813783510183,
      0.011664635173905959,
      0.004591249484477082,
      0.010026966626900353,
      0.02731961606307157,
      0.005824626546490755,
      0.0008017576517531678,
      0.0192135443690896,
      0.044709841106860736,
      0.09379262837912325,
      0.12405371333332395
    ],
    [
      0.03295543087732197,
      0.013537721991298084,
      0.0599932457758366,
      0.025609499962890418,
      0.023238501751270034,
      0.17744777254376115,
      0.011335866862226778,
      0.022125300839087682,
      0.04074617080138225,
      0.05112121665264947,
      0.02858021973521401,
      0.08514163550706448,
      0.06072373299140583,
      0.07979376919338384,
      0.0676220377766459,
      0.06946106435034098,
      0.05866326457188049,
      0.07705240421623619,
      0.014851143600103926
    ],
    [
      0.029879949994598518,
      0.014126912300343172,
      0.07546333223373794,
      0.013274183615870409,
      0.029810785347233647,
      0.06374174724269537,
      0.0721003833739499,
      0.054616683868177446,
      0.0716128790132919,
      0.012632733847477477,
      0.085219375558685,
      0.04375190078620181,
      0.09109883849362793,
      0.019930028393866157,
      0.09401682073748599,
      0.1037047245491845,
      0.051258430789677074,
      0.04700818808434657,
      0.026752101769549178
    ],
    [
      0.020328801676408166,
      0.04074900070999011,
      0.07576184144844923,
      0.04001616813277788,
      0.04051641883259961,
      0.036698916029564065,
      0.02869707547208298,
      0.20481482946489704,
      0.009725322273663997,
      0.053182468974317124,
      0.10913398537278786,
      0.08407894986136007,
      0.008610127382571685,
      0.059145993788038115,
      0.004229566750491909,
      0.05703656277650658,
      0.025867886101268032,
      0.05279850510625705,
      0.04860757984596858
    ],
    [
      0.009053192016125755,
      0.0188291401861342,
      0.030268502127394844,
      0.0396759940123862,
      0.06921446261634533,
      0.012466052752004799,
      0.039921898324590234,
      0.03447735580084672,
      0.27217567655588704,
      0.0388075462806228,
      0.002746964992967799,
      0.013633935622694401,
      0.09084696792930999,
      0.026275449296964595,
      0.03839336078317808,
      0.05721626326165675,
      0.07141539214453403,
      0.05436476351497908,
      0.0802170817813774
    ],
    [
      0.01719254886196613,
      0.012693538375725337,
      0.014969286129926512,
      0.013106973562979728,
      0.017818351622439187,
      0.08104985505938919,
      0.05201517431481843,
      0.0835331649430309,
      0.04175028423499733,
      0.244836905803254,
      0.061285770262321675,
      0.05821085538106449,
      0.07187841583421782,
      0.005300107691905488,
      0.10160847412952086,
      0.05553504178949129,
      0.035721011137097004,
      0.026009903960746143,
      0.005484336905108541
    ],
    [
      0.01970203067950045,
      0.011180582718145154,
      0.01942137375522946,
      0.05168075786383474,
      0.0071674948850982585,
      0.02052767026130211,
      0.0383329547656934,
      0.09596929082435023,
      0.015825010520681616,
      0.021365486024766567,
      0.4555432543887798,
      0.12578316453542618,
      0.010226088766332948,
      0.054976981935632295,
      0.01705451900169517,
      0.016582211852246245,
      0.008544177932694255,
      0.00220034176323206,
      0.007916607525359196
    ],
    [
      0.07717454168828368,
      0.0002504159440739166,
      0.0514116042144309,
      0.03788100857115343,
      0.008440448043125728,
      0.0072616370657186576,
      0.051943175139602414,
      0.030639113242788327,
      0.010372971170823085,
      0.06417385475765225,
      0.07937926466383669,
      0.37635544965047374,
      0.07250507240434156,
      0.0541581081611644,
      0.034561442136161316,
      0.02093491352973301,
      0.012050685958553853,
      0.005718859697240114,
      0.004787433960843015
    ],
    [
      0.07097194158294778,
      0.03542415164560107,
      0.06386559981202461,
      0.0005820096769053836,
      0.051929769002584135,
      0.027802937414270177,
      0.07486696809691154,
      0.03262496810854522,
      0.11640605022131538,
      0.02636958146525045,
      0.07039412302132468,
      0.032292768117051215,
      0.17658804085844487,
      0.0905806758486264,
      0.047636527169247864,
      0.039730921038821324,
      0.011131994460476876,
      0.026393740990421678,
      0.004407231469229597
    ],
    [
      0.030885952834682134,
      0.006598398127063275,
      0.018775484961219585,
      0.03986262547556726,
      0.008642022948328484,
      0.027598800069269874,
      0.02427395734477099,
      0.03510023991366794,
      0.018970262498267252,
      0.028420075063380807,
      0.013314086077259008,
      0.04348859791818659,
      0.031425700082874965,
      0.6226172880986474,
      0.01928745393923458,
      0.01617358086596392,
      0.005986115456039805,
      0.005211054798841246,
      0.003368303526734846
    ],
    [
      0.05451328905967018,
      0.002752449382575212,
      0.0227277363111971,
      0.08921865815661785,
      0.04536942071342628,
      0.07196909172181427,
      0.06024890265558898,
      0.055372378583559596,
      0.030159410107878332,
      0.08054577668679741,
      0.03378962291292727,
      0.07057924123243464,
      0.06682272008228898,
      0.08164447225060066,
      0.14581598041502825,
