{
  "poids_LS": 0.9775,
  "poids_EM": 0.022499999999999964,
  "mae_validation": 5.860611456259757,
  "matrice_de_transition": [
    [
      0.3423444247928659,
      0.0001320600048579372,
      0.0004785938728859767,
      0.020329766905251918,
      0.00030879029116643566,
      0.0018799004676530848,
      0.1495137982540911,
      0.08448475261821911,
      0.0875169664910512,
      0.06791105976185645,
      0.0007575504077713347,
      0.1283485274924098,
      0.0011159850674419321,
      0.0018141403149580728,
      0.0003397928929966669,
      0.038164411764508493,
      0.07380696224109005,
      0.00028576233750949855,
      0.0004667540214149916
    ],
    [
      0.00032231578236508997,
      0.6777528562307992,
      0.00011058697209415586,
      0.0005860927249281132,
      0.0019326176449132688,
      0.00038414580349337287,
      0.06030207359606246,
      0.004169702503777069,
      0.05549222955364673,
      0.015504085554131557,
      0.00012820714750149236,
      0.043985436432709774,
      0.005004282723235573,
      8.137850216101607e-06,
      0.029913288075771045,
      0.04025856073689046,
      0.04439981448231135,
      0.00641192939411573,
      0.013333636791037674
    ],
    [
      0.001040797585637468,
      0.0008879766616093323,
      0.5069760369563714,
      0.01172280078875365,
      0.03505435002088264,
      0.006209498548278008,
      0.08132229231865168,
      0.1767309664500202,
      0.0229706212681954,
      0.007253086436646367,
      0.000309995224416857,
      0.06795059911490946,
      0.0010066026296908217,
      0.0015084434480998775,
      0.0009213097934719,
      0.02079293399131043,
      0.05707608192807274,
      3.911607441350524e-05,
      0.00022649076056823798
    ],
    [
      0.0010173961219268233,
      0.0007786885397020071,
      0.0011494492619097522,
      0.28785719398328297,
      0.0005576912948965754,
      0.0014323217066147754,
      0.13607012465342294,
      0.09560724966609305,
      0.11260932552444909,
      0.09878121385274102,
      0.0014729851681759068,
      0.1276707616811154,
      0.036950093706094846,
      0.0017105603284861442,
      0.01589705552978857,
      0.060491576582463485,
      0.01831345477284856,
      0.000985876924191103,
      0.0006469807017970608
    ],
    [
      0.0003213297921769669,
      0.0025021643960690715,
      0.0004710793996607216,
      0.0012314582296559023,
      0.5429989389187008,
      0.0007507490179556756,
      0.10602164111643396,
      0.04327649924119202,
      0.08143672047115094,
      0.049251390464535943,
      0.00011705735229544949,
      0.047010801843139174,
      0.0006965341205882259,
      0.00014850322639778103,
      2.0441413217502827e-05,
      0.0004898637374555414,
      0.02644785820675561,
      0.04639279060519516,
      0.05041417844742372
    ],
    [
      0.0008402234501300205,
      0.00034515438504725935,
      0.0015295728384774178,
      0.0006529334268159019,
      0.0005924830474828045,
      0.5678040940157699,
      0.07466544884792803,
      0.0044729512670731485,
      0.03860351604343143,
      0.06913575016957196,
      0.0007286741575550302,
      0.0882936035498737,
      0.0015481971584211092,
      0.0020344020474233806,
      0.0257817687369376,
      0.03595962791603571,
      0.056004764962243485,
      0.014635762296357319,
      0.016371071683424707
    ],
    [
      0.0007618117562362216,
      0.00036017623428636925,
      0.0019239943062426073,
      0.0003384352763253073,
      0.013579451501044101,
      0.0016251436974058283,
      0.5524951999031319,
      0.028367129688645264,
      0.03350528638007234,
      0.08204851999349286,
      0.008254382048565047,
      0.09506737614503091,
      0.06765708732125413,
      0.0005081310355376632,
      0.016804768560242843,
      0.07076916711937972,
      0.02405336507082636,
      0.0011985090446433948,
      0.0006820649176372301
    ],
    [
      0.000518298059738451,
      0.0010389263637107943,
      0.0019316050227649911,
      0.0026825058398376274,
      0.0010329965141455974,
      0.0009356664143514901,
      0.008192674843146437,
      0.7730042980402182,
      0.0012533583463528284,
      0.026390946028713006,
      0.0027824528848586095,
      0.03850463642385737,
      0.017304426394070354,
      0.0066767996543083625,
      0.0205155953296248,
      0.026948158416376492,
      0.04920655931622072,
      0.0013461375239555598,
      0.01973395858374817
    ],
    [
      0.00023081792675674692,
      0.00048006306423571535,
      0.0007717181845511421,
      0.0010115692524404398,
      0.0017646746842694247,
      0.00031783137328057504,
      0.1228489461159045,
      0.04185408814734399,
      0.5368435738691059,
      0.08736168009786542,
      7.003593466490128e-05,
      0.07833018849865538,
      0.0461913970333811,
      0.0006699123050217591,
      0.0009788675553784763,
      0.04045906009376131,
      0.026807448527390365,
      0.0013860704578889827,
      0.011622056878104026
    ],
    [
      0.007426416732431302,
      0.0003236312900326568,
      0.0003816531874485507,
      0.016637151429311034,
      0.0004542922509970323,
      0.002066426899531166,
      0.08789722724101566,
      0.04173399750178606,
      0.012480834645016167,
      0.6075918079447731,
      0.0015625267205691053,
      0.0634932814291345,
      0.006720643550454035,
      0.006598704771470693,
      0.002590584326248403,
      0.03405534603723896,
      0.10718250472868118,
      0.0006631420273278042,
      0.00013982728653251216
    ],
    [
      0.022639989699018516,
      0.00028505734975440856,
      0.0004951625036744048,
      0.017754882662936167,
      0.03466392472802486,
      0.0005233683636026024,
      0.039035373617245635,
      0.13057621322344343,
      0.00040347052319018216,
      0.0005447291054473054,
      0.5778273329536778,
      0.08736425248133019,
      0.0002607218099065053,
      0.0014016794261209344,
      0.00043481776491574017,
      0.06167856916670409,
      0.02385251540401782,
      5.60993650682394e-05,
      0.00020183985192133894
    ],
    [
      0.0019676228759052464,
      6.384542483470951e-06,
      0.001310777444560559,
      0.0009658047511058933,
      0.00021519555917317684,
      0.0001851408883610986,
      0.06939507247823283,
      0.08945305108548228,
      0.07370391869809051,
      0.07679873439469478,
      0.00202383394327062,
      0.5553973639529258,
      0.03910651569740441,
      0.0013808016245056055,
      0.0008811699128199754,
      0.027837691809912857,
      0.053177006317813316,
      0.006071854800459983,
      0.00012205922279769707
    ],
    [
      0.0018094829298768527,
      0.000903165339406258,
      0.0016283014116380186,
      1.4838773632148566e-05,
      0.001323988444825089,
      0.0007088567612703433,
      0.0886371617938344,
      0.06521788401957865,
      0.08121700581508721,
      0.06455012312906114,
      0.0017947510118751305,
      0.06987938275024042,
      0.597008371562648,
      0.0023094223304182333,
      0.0012145290213122664,
      0.015786911181446355,
      0.00326313425889746,
      0.0026203237900992767,
      0.00011236567485287906
    ],
    [
      0.00078746055385875,
      0.0001682311137211597,
      0.00047869508399709916,
      0.001184202407832851,
      0.007556982980918592,
      0.01089735311350357,
      0.07094310851471901,
      0.035258234486055716,
      0.02508216889943907,
      0.022037637774937616,
      0.0003394526195335152,
      0.04834485088566303,
      0.0008012218151441196,
      0.6973376958639796,
      0.019232825687155564,
      0.0361940416796501,
      0.02313709933878518,
      0.0001328597540781052,
      8.587742702723389e-05
    ],
    [
      0.0013898572281502287,
      7.01757632951186e-05,
      0.0005794606991523331,
      0.0022746966668826044,
      0.0011567274402856538,
      0.0018349060212360549,
      0.1584124264920948,
      0.07594081596976306,
