{
  "poids_LS": 0.7425,
  "poids_EM": 0.25749999999999995,
  "mae_validation": 6.468644366849601,
  "matrice_de_transition": [
    [
      0.2927675640207522,
      0.0015113533889297276,
      0.0054772409896950746,
      0.0410670756185974,
      0.003533933332238102,
      0.021514416463140888,
      0.12330567227677217,
      0.07124469251128396,
      0.07609287112997415,
      0.06130023074465894,
      0.008669743555605286,
      0.14544179505036264,
      0.012771829105168797,
      0.02076182804896464,
      0.0038887408865174154,
      0.04067188040846971,
      0.06136700080562202,
      0.0032703911959420435,
      0.005341740467304911
    ],
    [
      0.0036887250648449236,
      0.6071765131391809,
      0.0012656064584108968,
      0.0067075056297328595,
      0.022117735269562996,
      0.004396335306646385,
      0.05088069255126825,
      0.011521162551661045,
      0.056815676566199805,
      0.014574874173957808,
      0.0014672595769615257,
      0.03412642170911834,
      0.008336702767026978,
      9.313317469538518e-05,
      0.0294927393724465,
      0.05013847631635948,
      0.05919919853862478,
      0.00913027067298609,
      0.02887097116031518
    ],
    [
      0.011911350146739927,
      0.010162399571751262,
      0.42744033655000085,
      0.015394933516859667,
      0.030218403062891808,
      0.011081122253441123,
      0.07147563622904186,
      0.17392987681862807,
      0.01800981042373289,
      0.018212531048683957,
      0.0035477231238818124,
      0.08328255394337702,
      0.01152000787312831,
      0.01726329723936529,
      0.010543878747511759,
      0.023359854216808553,
      0.05960656256714247,
      0.00044766174051011614,
      0.0025920609265031717
    ],
    [
      0.011643533395384773,
      0.008911657732145205,
      0.01315480821963385,
      0.23995148948768388,
      0.00638246704159415,
      0.016392126197924673,
      0.1104655653204849,
      0.07350032629487452,
      0.09520468178085437,
      0.08927865038504497,
      0.016857496924679846,
      0.11084867020056366,
      0.04698691838672588,
      0.019576412648230342,
      0.04006806385811271,
      0.059593129011530216,
      0.022496854728223135,
      0.011282813687964863,
      0.00740433469834415
    ],
    [
      0.003677440954914182,
      0.028635881421679416,
      0.005391242018339377,
      0.014093355294950902,
      0.4681600287476195,
      0.008591905427714965,
      0.0883483971164594,
      0.038457428292659565,
      0.09058844498339334,
      0.038980591053724256,
      0.001339656365159035,
      0.03690475384800415,
      0.00797144604673193,
      0.001699536924330163,
      0.00023394061793364382,
      0.005606218328657871,
      0.03143805120852852,
      0.059345071857373186,
      0.07053660949182669
    ],
    [
      0.00961589059593247,
      0.003950100184429752,
      0.017505111373686027,
      0.007472460329115332,
      0.006780639321192105,
      0.46113695966004664,
      0.057360272375091066,
      0.00929655841756549,
      0.0391890089133366,
      0.0642131741504129,
      0.008339270914240913,
      0.08743230995678047,
      0.01771825636859716,
      0.023282601209400944,
      0.03721486550941602,
      0.04511409019750284,
      0.05673121543696988,
      0.03169147258841724,
      0.015955742497866122
    ],
    [
      0.008718512321370104,
      0.004122016903499565,
      0.02201904594922098,
      0.003873203717945189,
      0.01801475784273543,
      0.01859886675920006,
      0.42122452329341353,
      0.03553997298188952,
      0.043918407622870706,
      0.06308025284894214,
      0.02928551399609782,
      0.08104512415744389,
      0.07406268211835627,
      0.005815277406708821,
      0.03790341072495462,
      0.07976899967287289,
      0.03148730744748905,
      0.01371627017758554,
      0.0078058540574038665
    ],
    [
      0.005931633350340058,
      0.011889935051356885,
      0.02210614637164382,
      0.01288414611755967,
      0.011822071217444077,
      0.01070818229757818,
      0.01379562152663491,
      0.6177432223248688,
      0.0035683717450948334,
      0.03371188543826762,
      0.031843627460048575,
      0.05095808253759357,
      0.014928658640928273,
      0.021014312004804282,
      0.016065343334164067,
      0.035169989840365526,
      0.04282913117027435,
      0.015405796107491428,
      0.027623843463540954
    ],
    [
      0.002641582939549441,
      0.005494055068475417,
      0.008831885889863082,
      0.011576848111262828,
      0.020195721386639,
      0.0036374034942110306,
      0.10018864817292909,
      0.03983835314568485,
      0.46452153216142394,
      0.0740939807408282,
      0.0008015223633872046,
      0.060651561259293954,
      0.05839379140610585,
      0.007666774157471254,
      0.011202595355998135,
      0.04503806328498855,
      0.038996828469284275,
      0.015862806351396155,
      0.030366046241207794
    ],
    [
      0.010095069116664655,
      0.0037037803192626327,
      0.004367808700800086,
      0.015672509803046082,
      0.005199122428077155,
      0.02364910785019004,
      0.0780922476623455,
      0.053155863023521564,
      0.020478881916697063,
      0.5084669218944743,
      0.017882250246513118,
      0.06204982779972002,
      0.02452538365124995,
      0.006243855569496481,
      0.02964779840039843,
      0.039924797783493955,
      0.08765523613098086,
      0.007589292090529326,
      0.0016002456125387523
    ],
    [
      0.021837175315778116,
      0.0032623230027449025,
      0.005666859764273751,
      0.027025325305042175,
      0.027150365410480964,
      0.0059896601612297925,
      0.03884343358222846,
      0.121119670474854,
      0.00461749598762098,
      0.006234121984563614,
      0.5444124975318743,
      0.09786244356587967,
      0.0029838162689300096,
      0.016041442321161826,
      0.0049762477540357,
      0.049355727342404565,
      0.019669423188016615,
      0.000642026066892074,
      0.00230994497198866
    ],
    [
      0.02251835069091563,
      7.306754175527876e-05,
      0.015001119643304197,
      0.011053098818211905,
      0.002462793621648583,
      0.002118834611243687,
      0.06462624006593266,
      0.07338180062846707,
      0.05639836908308139,
      0.07334891263340991,
      0.023161655128541576,
      0.5064731199284186,
      0.04823286549523026,
      0.015802507480453063,
      0.010084500113384178,
      0.025951467512421854,
      0.04193900017313195,
      0.005975396836208043,
      0.001396899994240313
    ],
    [
      0.02070852686414623,
      0.010336225550982745,
      0.018635005044301794,
      0.0001698215204568116,
      0.015152312201887152,
      0.008112471823427274,
      0.08487437630688453,
      0.05631168025319161,
      0.09083261678655653,
      0.054117068139531474,
      0.02053992824701541,
      0.0596086217748922,
      0.4821260718934762,
      0.02643005555923093,
      0.013899609910573735,
      0.022329751084333698,
      0.005413346058166254,
      0.009116548257629234,
      0.0012859627233162846
    ],
    [
      0.00901204856082793,
      0.0019253116348088304,
      0.005478399294633476,
      0.011753306385643996,
      0.007853476460385249,
      0.0154611205956025,
      0.05819049162525646,
      0.03521506155057766,
      0.023412054940979327,
      0.023781675871198255,
      0.0038848466457724576,
      0.04701785152827121,
      0.009169538551093826,
      0.6769199100211272,
      0.019247753174642272,
      0.030723334364282366,
      0.018450493277802436,
      0.0015205060744494284,
      0.0009828194426450114
    ],
    [
      0.015906143833274863,
      0.0008031226243774695,
      0.0066316057791878215,
      0.02603263963210095,
      0.013238102927713612,
      0.020999480020812655,
      0.13158867288560774,
      0.07032037087004467,
      0.056286822996224055,
      0.10117798812873446,
      0.009859295070910785,
      0.11940341042074851,
      0.039331172877348025,
