{
  "poids_LS": 0.8975,
  "poids_EM": 0.10250000000000004,
  "mae_validation": 6.064873347324933,
  "matrice_de_transition": [
    [
      0.32546719559384846,
      0.0006016066887972705,
      0.0021802609764805646,
      0.027389276254475917,
      0.0014067113264248762,
      0.008563991019308513,
      0.14059188302776976,
      0.07997749811373055,
      0.08362791275111008,
      0.06566056477727858,
      0.003451062968736087,
      0.1341675121929895,
      0.005083931973902145,
      0.00826441699036457,
      0.0015479454014292633,
      0.03901801811138891,
      0.06957208175242008,
      0.0013018062042099404,
      0.002126323875334966
    ],
    [
      0.001468327452996524,
      0.6537268670932269,
      0.0005037850950955999,
      0.002669977969116965,
      0.008804147049049353,
      0.0017499975492475909,
      0.057094794942515494,
      0.006672327200929063,
      0.05594276470685629,
      0.015187758275774536,
      0.0005840547830623553,
      0.04062917610127439,
      0.006138723589207116,
      3.7072428762240725e-05,
      0.02977012255974567,
      0.04362193625330545,
      0.04943790267169465,
      0.007337322169901385,
      0.018622942108238533
    ],
    [
      0.004741411223459585,
      0.004045227013998077,
      0.47990005383930906,
      0.012972888525981231,
      0.0334080702053964,
      0.007867923639397367,
      0.07797023918176324,
      0.17577740402231223,
      0.021281834597740076,
      0.010983961198191082,
      0.0014122004667879067,
      0.07316998799268566,
      0.004585634201924864,
      0.006871797930232788,
      0.004197077948038664,
      0.021666779174458726,
      0.05793752214562839,
      0.00017819545010596866,
      0.0010317912425886417
    ],
    [
      0.004634804555444427,
      0.003547358903086928,
      0.005236379970922215,
      0.2715488690486109,
      0.002540593676751071,
      0.006525021107911767,
      0.12735367892306104,
      0.08808148851844418,
      0.10668434042024663,
      0.09554629862969555,
      0.006710265766134699,
      0.12194409224092756,
      0.040366885086735194,
      0.007792552607548004,
      0.024125483896877645,
      0.06018572209023088,
      0.019737590927869694,
      0.004491217099092812,
      0.0029473565304088383
    ],
    [
      0.0014638357199172965,
      0.011398748915425793,
      0.0021460283762321803,
      0.005609976379543566,
      0.5175218631157795,
      0.003420078859575862,
      0.10000521762708091,
      0.04163596445020225,
      0.08455220115616964,
      0.04575494811191919,
      0.0005332612715681598,
      0.04357044507883789,
      0.0031730998826797014,
      0.0006765146980343371,
      9.312199354640195e-05,
      0.002231601470630804,
      0.028146647313742137,
      0.05080207783997917,
      0.057264367739135374
    ],
    [
      0.0038276846061478785,
      0.0015723699763264068,
      0.006968054041952694,
      0.0029744744999391144,
      0.002699089438532781,
      0.5314918780648854,
      0.06877432494228139,
      0.0061150302970279895,
      0.038802832765101276,
      0.06745997960985824,
      0.0033195156066395887,
      0.08800039722031003,
      0.007052898166140622,
      0.009267831549373197,
      0.029673886787143024,
      0.039076040607598984,
      0.05625206725151205,
      0.020441961544718147,
      0.01622968302451115
    ],
    [
      0.003470475778409461,
      0.001640802845082352,
      0.008764862950660783,
      0.0015417607032597363,
      0.015089343021619876,
      0.007403432399293232,
      0.5078073099934405,
      0.030808948682090116,
      0.03705017871804625,
      0.07559123756130538,
      0.01541391632857621,
      0.09029384355351192,
      0.0698377153372889,
      0.0023148191618938036,
      0.02398728504184686,
      0.07383293990354763,
      0.026584068858626426,
      0.005459874536708809,
      0.003107184624791832
    ],
    [
      0.00236113560547517,
      0.00473288676801585,
      0.008799533992596089,
      0.00615540465778556,
      0.004705873008885509,
      0.004262480332045685,
      0.010100060948163792,
      0.7201494637541418,
      0.002041448014009682,
      0.028883180721327346,
      0.012675618697689245,
      0.042744107441299486,
      0.016495654393000707,
      0.011557654922562298,
      0.019000615926914766,
      0.02974707975220255,
      0.04703551994738791,
      0.006132404275797562,
      0.022419876840698908
    ],
    [
      0.0010515038885585157,
      0.0021869539592960408,
      0.0035156050629552094,
      0.004608259927784235,
      0.008039073561671838,
      0.0014478984782781781,
      0.11513480213531711,
      0.04116788048720471,
      0.512223304351597,
      0.08284501648695913,
      0.00031905259125121754,
      0.07231193241717063,
      0.05034540362835123,
      0.0030518227228769085,
      0.004459285530057512,
      0.04201786969077484,
      0.03095702467782234,
      0.0063143209748276,
      0.01800298942724574
    ],
    [
      0.008334894139829891,
      0.0014743203212598838,
      0.0017386422983767342,
      0.016308762790582538,
      0.0020695535878753734,
      0.009413722542308661,
      0.08455936185253221,
      0.04562229214748326,
      0.015203574141758602,
      0.5738471658850968,
      0.0071181772825926045,
      0.0630018929595466,
      0.012781831669873928,
      0.006477905043139047,
      0.01180155081957608,
      0.03605345727000662,
      0.10053492392946405,
      0.0030209803467155585,
      0.0006369909719814455
    ],
    [
      0.022366691185574977,
      0.0012985945933256414,
      0.002255740294516737,
      0.02091077803046162,
      0.03210611730077587,
      0.00238423365641186,
      0.03897003232872914,
      0.12735696462817894,
      0.0018380323834219447,
      0.002481543702593285,
      0.5664520698313616,
      0.09093810476543215,
      0.001187732689574082,
      0.006385428496773158,
      0.0019808364846161533,
      0.05748355918396383,
      0.02242848401133656,
      0.00025556377419975773,
      0.0009194926587527681
    ],
    [
      0.008963615323568363,
      2.9085137980256612e-05,
      0.00597131946966478,
      0.004399777199482411,
      0.000980335325122252,
      0.0008434196025338953,
      0.06777164016766256,
      0.0839819871001154,
      0.06781266776532144,
      0.07562432698659781,
      0.009219687963788399,
      0.5387423021573489,
      0.04221335818177067,
      0.00629031851163666,
      0.004014218491735452,
      0.027195572900128685,
      0.049351302098347316,
      0.006039018046672088,
      0.0005560475705228433
    ],
    [
      0.008243200013883456,
      0.004114419879517405,
      0.007417817541906543,
      6.759885765756582e-05,
      0.006031502915314306,
      0.003229236356898237,
      0.08735621354295785,
      0.06218598486506391,
      0.08449040529473634,
      0.06099844483475316,
      0.008176087942986722,
      0.06638295348203677,
      0.557899503590164,
      0.010520701727460861,
      0.005532854430422557,
      0.018014260935620773,
      0.003995121254393221,
      0.004831804459896711,
      0.0005118880743297834
    ],
    [
      0.00358732030091209,
      0.000766386184729729,
      0.0021807220493201226,
      0.004782195251343032,
      0.007657916931375326,
      0.012450976086132994,
      0.06660179212681686,
      0.03524353731653127,
      0.02451361946677192,
      0.022631352871536985,
      0.0015463952667637945,
      0.047893106423572196,
      0.0036500104912121074,
      0.6903869602579022,
      0.01923790738502338,
      0.03433167323186534,
      0.021541658977599562,
      0.0006052499908002582,
      0.00039121938979073294
    ],
    [
      0.006331571817128832,
      0.0003196895883444298,
      0.0026397654072495224,
      0.010362507038020772,
      0.0052695361168568775,
      0.008359016318964265,
      0.1492809359026524,
      0.07402747295709296,
      0.06276642139253379,
      0.10629477656633485,
      0.003924573766090703,
