{
  "poids_LS": 0.715,
  "poids_EM": 0.28500000000000003,
  "mae_validation": 6.541216964493113,
  "matrice_de_transition": [
    [
      0.2869660164835899,
      0.0016727600615338738,
      0.006062189056555715,
      0.04349378195739315,
      0.003911343688108191,
      0.023812072590272446,
      0.1202387639177242,
      0.06969532377536601,
      0.07475600890686937,
      0.0605266230937103,
      0.009595638498436922,
      0.1474420710411869,
      0.014135810854264498,
      0.022979110656135626,
      0.004304043311291121,
      0.04096530759020985,
      0.05991126063764171,
      0.0036196562751203212,
      0.005912217604589903
    ],
    [
      0.00408266657662448,
      0.5989175793731404,
      0.0014007683131926434,
      0.007423841182422779,
      0.02447982350223478,
      0.004865846844249398,
      0.049778190514111476,
      0.012381439791307045,
      0.056970548025115586,
      0.014466136672022583,
      0.0016239572016855726,
      0.032972707220187414,
      0.008726666814704697,
      0.00010307943607062052,
      0.029443526226312775,
      0.05129463665012714,
      0.0609310413537253,
      0.00944837443966241,
      0.03068916986310298
    ],
    [
      0.013183436084741281,
      0.011247704380384894,
      0.4181329673535107,
      0.01582465117653165,
      0.02965249437631841,
      0.011651205878513404,
      0.07032336796323646,
      0.17360208973410346,
      0.01742929000576387,
      0.019495019247964953,
      0.003926606175946861,
      0.0850767188701126,
      0.012750299976083764,
      0.01910695034259848,
      0.011669924050644086,
      0.023660238498515784,
      0.059902682641927225,
      0.0004954702759044006,
      0.0028688829671976858
    ],
    [
      0.012887017544406451,
      0.009863388169558774,
      0.014559690650856888,
      0.23434550279139038,
      0.007064089735356634,
      0.01814274161712052,
      0.107469287100673,
      0.07091334590037021,
      0.09316796815128475,
      0.08816664827712309,
      0.01865781213022818,
      0.10888012758049909,
      0.048161440423821006,
      0.02166709749415786,
      0.042896586109299584,
      0.05948799152982526,
      0.022986401531511647,
      0.012487774373087327,
      0.00819508888942945
    ],
    [
      0.004070177367574921,
      0.03169408235020829,
      0.005967005729035817,
      0.01559847090897479,
      0.4594022839403653,
      0.009509487560771905,
      0.0862802515419943,
      0.03789349445825683,
      0.0916593914688685,
      0.03777868899501225,
      0.0014827264624090294,
      0.035722131210275586,
      0.008822765527450876,
      0.0018810408677052296,
      0.00025892456742170294,
      0.006204940674436869,
      0.03202200996405514,
      0.06086076434433019,
      0.07289136206085256
    ],
    [
      0.010642830368313611,
      0.004371955543931959,
      0.01937458928738066,
      0.008270490073001438,
      0.007504785268115536,
      0.44865463542693,
      0.05533519853252503,
      0.009861023084112469,
      0.039257524036410606,
      0.06363712802051132,
      0.009229872662363732,
      0.08733152028099296,
      0.01961049734000075,
      0.025769092600696198,
      0.03855278108917414,
      0.04618535706022772,
      0.056816225598905944,
      0.033687353580041275,
      0.015907140146364587
    ],
    [
      0.009649615578992157,
      0.004562232300960685,
      0.024370594545739734,
      0.0042868468334539,
      0.018533783052933354,
      0.02058515350047386,
      0.4058630611369571,
      0.03637934826088619,
      0.04513696436404924,
      0.0608605620128777,
      0.031746603904851664,
      0.07940422232910924,
      0.07481227299886822,
      0.006436326450143745,
      0.040372400765506015,
      0.0808221715674306,
      0.03235723687454533,
      0.015181114565483027,
      0.008639488956738262
    ],
    [
      0.006565108756687057,
      0.01315973394033675,
      0.024466996955023263,
      0.014077955086229275,
      0.013084622512510923,
      0.011851774581785561,
      0.014451285500234628,
      0.5995743730390299,
      0.003839277568351877,
      0.0345685911138538,
      0.03524440320820911,
      0.0524154006998393,
      0.014650643265560582,
      0.022692106003266575,
      0.015544569164482491,
      0.03613211904955574,
      0.042082836387238066,
      0.01705107530343712,
      0.02854712786436777
    ],
    [
      0.002923693738918799,
      0.006080798813652405,
      0.009775097004314483,
      0.012813210530912259,
      0.02235254600074608,
      0.004025864061553958,
      0.09753691117960217,
      0.03960246926251197,
      0.4560583145147803,
      0.07254137762457916,
      0.000887121839088751,
      0.05858278573128357,
      0.059821731173126835,
      0.008485555863608963,
      0.012398989034794056,
      0.04557390408396195,
      0.040423245270995264,
      0.01755689246659381,
      0.03255949180497526
    ],
    [
      0.010407358225457922,
      0.004099329673746993,
      0.00483427370768165,
      0.015559626208483163,
      0.005754368512629086,
      0.02617474072739481,
      0.0769448564350543,
      0.05449246430797998,
      0.02141482361870228,
      0.49686720118646055,
      0.0197920051272087,
      0.06188091301329918,
      0.02660891706730054,
      0.006202330662882477,
      0.03281406813247983,
      0.04061164851975784,
      0.08537013023124997,
      0.008399799012818869,
      0.0017711456294118235
    ],
    [
      0.0217432289517819,
      0.003610726430222514,
      0.006272058379875803,
      0.02811016433762905,
      0.026271119107364124,
      0.006629332605632976,
      0.03882097251430091,
      0.12001305377023183,
      0.005110626627075649,
      0.006899902002332546,
      0.5405022508335781,
      0.09909095528853973,
      0.0033024762588157396,
      0.01775460606419853,
      0.005507691688932718,
      0.047913692660837594,
      0.01917991239678243,
      0.0007105919575310335,
      0.0025566381243369643
    ],
    [
      0.024923223094799832,
      8.087087145729885e-05,
      0.016603180964433775,
      0.012233526847341336,
      0.002725810416193578,
      0.0023451179192405863,
      0.06406818520917414,
      0.07150112238349719,
      0.05437325157494202,
      0.07294521008687657,
      0.025635229948094567,
      0.500747942436189,
      0.04930084259923116,
      0.017490153910404368,
      0.011161485562386374,
      0.025730739137183545,
      0.04062391434769051,
      0.0059641092020934535,
      0.0015460834887708321
    ],
    [
      0.022920117111773504,
      0.011440094299145954,
      0.0206251512140816,
      0.00018795779934054882,
      0.016770520301117822,
      0.008978852309424364,
      0.08443405034564572,
      0.05526946491882717,
      0.09195784785768593,
      0.052896178725863094,
      0.022733512817085025,
      0.05840672421394719,
      0.4686823985279348,
      0.029252682851964338,
      0.015384034269955401,
      0.023095402562331155,
      0.0056649665878679215,
      0.009876744737872103,
      0.0014232985481364706
    ],
    [
      0.009974500348877516,
      0.0021309274404680265,
      0.006063471063963266,
      0.012990116425600624,
      0.007888172505854751,
      0.015995178492443866,
      0.0566981641169151,
      0.035210009398553635,
      0.023216616073499997,
      0.02398576543565429,
      0.004299733180757867,
      0.046862564369427484,
      0.010148809658492198,
      0.6745305946565381,
      0.019249500008284334,
      0.030083145210356353,
      0.01790206065364488,
      0.0016828902183226688,
      0.0010877807423449646
    ],
    [
      0.01760485822323626,
      0.0008888930017381705,
      0.007339835522596231,
      0.0288128244471797,
      0.014651880910284973,
      0.023242142935656733,
      0.1284497229954869,
      0.06966265920943931,
      0.05513721682913683,
      0.10027017082528923,
      0.010912229495959514,
      0.11725514697646269,
      0.040540800954365436,
