{
  "poids_LS": 0.1375,
  "poids_EM": 0.8625,
  "mae_validation": 8.110533201900637,
  "matrice_de_transition": [
    [
      0.16513351820318273,
      0.005062300186220933,
      0.018346098460629137,
      0.09445461507210386,
      0.011836961161380053,
      0.07206285126003503,
      0.055833688377716975,
      0.03715858032108921,
      0.04668190222166936,
      0.044280862423788786,
      0.02903943229790121,
      0.18944786684849657,
      0.042779427585274137,
      0.06954204540672623,
      0.01302539423153892,
      0.047127278406752855,
      0.029340717110055363,
      0.01095422293786413,
      0.017892237487574708
    ],
    [
      0.012355438323995136,
      0.4254799702862913,
      0.004239167263609315,
      0.022466887788911042,
      0.0740836763883421,
      0.01472558913391265,
      0.02662564773381933,
      0.03044726182387299,
      0.06022284866234709,
      0.012182649131382839,
      0.004914607320890549,
      0.00874470295263824,
      0.016915911815936772,
      0.00031195092495056207,
      0.028410050157504575,
      0.07557400365924782,
      0.09729974047083598,
      0.016128553539865104,
      0.06887134262164665
    ],
    [
      0.03989724078276967,
      0.03403910536169112,
      0.22267821422721715,
      0.024848722029643246,
      0.0177684119582771,
      0.023622962005031275,
      0.046125734381323,
      0.16671856095908663,
      0.005238361228414505,
      0.04642727143286584,
      0.011883150269312871,
      0.12275418233155949,
      0.03858643413814823,
      0.0578236655104954,
      0.03531687541642289,
      0.029968308414367567,
      0.06612120421240708,
      0.00149944951918437,
      0.008682145821782469
    ],
    [
      0.039000184673861626,
      0.029849727355243653,
      0.044062221706540575,
      0.11661978216922671,
      0.02137816630436876,
      0.054905665420233146,
      0.044547444484623125,
      0.016586757615779976,
      0.05039698193032324,
      0.06481460401076364,
      0.05646443144674319,
      0.06754073255914322,
      0.07282640320281857,
      0.06557147925863563,
      0.10229555338422379,
      0.05728010441402116,
      0.03326688440057044,
      0.037791948760659014,
      0.024800926902220705
    ],
    [
      0.012317642033450418,
      0.09591630184931456,
      0.018058043653661024,
      0.04720589880347633,
      0.27548964298802736,
      0.02877871235496761,
      0.042849194478227055,
      0.026050883935799414,
      0.11414926766384717,
      0.012538745762060145,
      0.0044871985046589045,
      0.010887055817975676,
      0.026700474622548702,
      0.005692623678581615,
      0.000783587506670943,
      0.018778109935795786,
      0.0442851438301141,
      0.09269030657042725,
      0.12234116601039603
    ],
    [
      0.03220856558831751,
      0.013230918093478298,
      0.058633625474967775,
      0.025029114694609614,
      0.02271185015350754,
      0.1865258265314823,
      0.012808647838638436,
      0.02171478108159897,
      0.040696341620964784,
      0.05154015929257791,
      0.027932509372942872,
      0.08521493708945539,
      0.05934755773947595,
      0.0779854118178964,
      0.06664900826409453,
      0.06868196117745015,
      0.05860143899956335,
      0.07560085440414598,
      0.014886490764832318
    ],
    [
      0.02920278398905521,
      0.013806755647644177,
      0.0737531150726334,
      0.012973352259136801,
      0.029433312467089703,
      0.06229717506722352,
      0.08327235585137276,
      0.05400622911981623,
      0.07072665592879843,
      0.014247054455524348,
      0.0834294919886822,
      0.044945283934081565,
      0.09055368148961923,
      0.019478356362277124,
      0.09222119161708499,
      0.10293878135314254,
      0.05062575484272706,
      0.04594284671133021,
      0.026145821842760528
    ],
    [
      0.019868092289973986,
      0.039825510608913844,
      0.07404485920599145,
      0.03914794342829089,
      0.039598199708914636,
      0.03586721255014051,
      0.028220228945828645,
      0.21802853803641614,
      0.009528299856749784,
      0.05255941030116354,
      0.1066606939195802,
      0.08301908210699954,
      0.008812320382839094,
      0.05792577997097463,
      0.0046083116011694175,
      0.05633683244255006,
      0.026410645943476235,
      0.05160193841829654,
      0.04793610028173089
    ],
    [
      0.008848020525675312,
      0.01840241746236912,
      0.029582530407793826,
      0.038776821343550254,
      0.06764586289699472,
      0.012183535975755397,
      0.041850434319737076,
      0.03464890771588154,
      0.27833074393526425,
      0.03993671218334937,
      0.00268471082882122,
      0.015138499643065587,
      0.08980846628056745,
      0.02567997169250081,
      0.037523256289508325,
      0.05682656086240336,
      0.07037799810692605,
      0.05313270088574442,
      0.07862184864409198
    ],
    [
      0.01696542951011648,
      0.01240586611791853,
      0.014630038852194466,
      0.013189070722661851,
      0.017414536288219602,
      0.07921303114869481,
      0.0528496406619393,
      0.08256109128160659,
      0.041069599360811726,
      0.25327306631817303,
      0.0598968576218158,
      0.05833370249846147,
      0.07036311880436284,
      0.005330307623988399,
      0.09930573250618893,
      0.055035513981299376,
      0.037382906336901285,
      0.025420444380899205,
      0.005360045983746307
    ],
    [
      0.019770355307861337,
      0.010927198407252346,
      0.018981229307518877,
      0.05089178402195338,
      0.007806946741910506,
      0.020062453938099793,
      0.03834929008782252,
      0.09677410297316635,
      0.015466370055623676,
      0.02088128237548007,
      0.4583870701693588,
      0.12488970146440069,
      0.009994336046416053,
      0.05373104466796924,
      0.016668014321770067,
      0.017630964347931315,
      0.008900185780864572,
      0.0021504756609491806,
      0.0077371943236513386
    ],
    [
      0.07542554357636791,
      0.0002447407951997202,
      0.05024646870815484,
      0.0370225154590593,
      0.008249163101638458,
      0.007097067387175459,
      0.05234903321724499,
      0.03200687923913005,
      0.011845783904015353,
      0.0644674566096765,
      0.07758030115870723,
      0.38051921509936804,
      0.07172836178325,
      0.05293072893938163,
      0.03377817999143245,
      0.021095443257179058,
      0.013007112013420353,
      0.005727068885687088,
      0.004678936873911728
    ],
    [
      0.06936351231194612,
      0.03462133801057328,
      0.06241822077945748,
      0.0005688196558990293,
      0.05075289038496183,
      0.027172842515363203,
      0.07518720515963068,
      0.0333829428971739,
      0.11558770035140309,
      0.027257501038827445,
      0.06879878878854678,
      0.03316687543410213,
      0.18636525785156588,
      0.08852785599936576,
      0.046556945816970285,
      0.039174083600277715,
      0.010948997711602937,
      0.025840870822972317,
      0.004307350869360372
    ],
    [
      0.0301859878979188,
      0.006448859359311132,
      0.018349978219888832,
      0.038963127264689715,
      0.008616789460714301,
      0.027210394326112518,
      0.02535928644174653,
      0.03510391420604905,
      0.019112399856434037,
      0.028271646289230967,
      0.013012350415451438,
      0.043601534033709304,
      0.03071350291385797,
      0.6243549720001668,
      0.019286183514767623,
      0.01663917297791011,
      0.006384975546336209,
      0.005092957239660708,
      0.0032919680360439713
    ],
    [
      0.05327786041242552,
      0.002690070926312884,
      0.022212660134172803,
      0.0871967055638333,
      0.04434121854428347,
      0.07033806414738221,
      0.0625317753029496,
      0.055850714336727114,
      0.030995487320305395,
      0.0812060074529394,
      0.03302385242198273,
      0.07214161464646068,
      0.06594299057173086,
      0.07979417259619612,
      0.1503175177132727,
