{
  "poids_LS": 0.5575,
  "poids_EM": 0.4425,
  "mae_validation": 6.961636380636345,
  "matrice_de_transition": [
    [
      0.2537389714980243,
      0.0025971800955394355,
      0.009412346166757558,
      0.057392190988677885,
      0.006072875726273245,
      0.03697137586384406,
      0.10267374331590404,
      0.06082166646965416,
      0.06709943435636027,
      0.05609596109282261,
      0.014898491352836272,
      0.15889819717045317,
      0.021947706326358035,
      0.035678092860842156,
      0.006682593562267793,
      0.04264584508563067,
      0.05157383967557271,
      0.005619992637686814,
      0.00917949575449485
    ],
    [
      0.006338877053180113,
      0.5516164132585452,
      0.0021748771178517353,
      0.011526490256919576,
      0.03800814701662768,
      0.007554867468703012,
      0.04346386066494089,
      0.017308482163825026,
      0.05785753910799691,
      0.013843367342757196,
      0.0025214072341960205,
      0.026365069692674006,
      0.010960097269586171,
      0.00016004438758333186,
      0.02916166911663781,
      0.057916282198069144,
      0.07084977747657366,
      0.011270241466990417,
      0.041102489706342164
    ],
    [
      0.020469019184203567,
      0.01746354101165023,
      0.36482712559179425,
      0.018285761409198447,
      0.026411380989579875,
      0.014916230276654641,
      0.06372401334998734,
      0.17172476370455342,
      0.014104491248304953,
      0.0268401789347561,
      0.006096572746864864,
      0.09535239072323448,
      0.019796518383919527,
      0.029666054479297637,
      0.018119092604947394,
      0.025380621202838998,
      0.06159864307023991,
      0.0007692827967989376,
      0.0044543182911753534
    ],
    [
      0.020008790397894223,
      0.015314207947472831,
      0.022605835484225165,
      0.20223848807625483,
      0.010967928799632667,
      0.02816899356342396,
      0.09030878456902303,
      0.05609700364093651,
      0.08150315372738616,
      0.08179790893175233,
      0.028968708307459547,
      0.0976057471201293,
      0.0548882484544567,
      0.033641019793560885,
      0.05909630445700618,
      0.05888584049824232,
      0.025790169586709502,
      0.019388912842425058,
      0.012723953802008883
    ],
    [
      0.006319485912813693,
      0.04920923312269182,
      0.009264561526660874,
      0.024218678516566117,
      0.40924429095336406,
      0.014764730686461641,
      0.07443541779733051,
      0.03466369158849572,
      0.09779299406749906,
      0.03089506811329804,
      0.002302127928477177,
      0.028948928830557427,
      0.013698504371568464,
      0.002920563452489698,
      0.0004020144599442229,
      0.009633986836625663,
      0.03536650101843486,
      0.0695415485878112,
      0.08637767222890988
    ],
    [
      0.016524394519223762,
      0.006788036239262778,
      0.030081599156722597,
      0.012841024060712759,
      0.011652166600495173,
      0.3771649602736261,
      0.043737048343283236,
      0.01309386617433606,
      0.0396499288321981,
      0.06033795473107493,
      0.014330591765248951,
      0.08675427031966454,
      0.03044787744894853,
      0.040009906932659885,
      0.04621538850051606,
      0.05232079454674293,
      0.05730310198090342,
      0.04511830835025164,
      0.015628781224128512
    ],
    [
      0.014982297872645715,
      0.007083465940965273,
      0.037838554689438,
      0.0066558937677310545,
      0.021506381984066902,
      0.031961159382314676,
      0.31788377787725225,
      0.04118667940423074,
      0.05211597115443538,
      0.048147787224508604,
      0.04584193701862362,
      0.07000633003955624,
      0.07910538440543669,
      0.009993243698907393,
      0.05451298008866391,
      0.08685397423626112,
      0.03733955995677671,
      0.023570677877986803,
      0.013413943380198879
    ],
    [
      0.010193195174856218,
      0.02043221848631232,
      0.03798823211437822,
      0.02091522463406426,
      0.020315598111530116,
      0.018401439482246002,
      0.018206451894487538,
      0.49551641803831714,
      0.005390829101551305,
      0.03947517816493827,
      0.054721573402219406,
      0.06076185926542845,
      0.013058373388454721,
      0.03230128981264149,
      0.01256195346539711,
      0.04164249542946328,
      0.037808602629848476,
      0.026474037971126053,
      0.033835029432739534
    ],
    [
      0.00453941922621603,
      0.009441240263302416,
      0.015177124296172484,
      0.019894195297995347,
      0.03470526879063207,
      0.0062506836745179865,
      0.08234969021782079,
      0.03825149793161276,
      0.407587158902185,
      0.06364919614060739,
      0.0013773733817430607,
      0.04673434407086048,
      0.06799993165697428,
      0.013174941998761283,
      0.0192510619224434,
      0.04864281047808233,
      0.04859272331715821,
      0.0272593856718167,
      0.045121952761098
    ],
    [
      0.012195923121273891,
      0.006364748703975594,
      0.007505846019821508,
      0.014913111075986443,
      0.008934414269608316,
      0.04063972902411299,
      0.0703734339514775,
      0.06214754439169633,
      0.026775217002913944,
      0.43043243713147306,
      0.030729692171192452,
      0.060913491963797986,
      0.03854188117740844,
      0.005964506197729547,
      0.05094815841621867,
      0.044545430009269166,
      0.07228270553279123,
      0.013041793204113505,
      0.00274993663513941
    ],
    [
      0.021205172503439926,
      0.005606127878503377,
      0.009738195905596641,
      0.03432333334244477,
      0.02123543573496768,
      0.010292911150851198,
      0.03869233185253408,
      0.11367515809830489,
      0.007934920289406929,
      0.01071300574046369,
      0.5181072015615182,
      0.10612697697286544,
      0.00512752892816128,
      0.027566362047045087,
      0.008551416043342903,
      0.0396547667573177,
      0.016376350592441195,
      0.0011032875130087098,
      0.003969517087786339
    ],
    [
      0.038696583226136574,
      0.00012556266884159557,
      0.025778623076357702,
      0.0189941601050826,
      0.004232179330405818,
      0.0036411041377682786,
      0.0608720528477389,
      0.06072996516230616,
      0.042774851301052935,
      0.07063309550218565,
      0.03980206755098893,
      0.4679582895261469,
      0.05541743874032721,
      0.02715576528194362,
      0.01732967495212621,
      0.024466567533545956,
      0.03309205916561683,
      0.005899461843073535,
      0.002400498048354713
    ],
    [
      0.03558649762091149,
      0.01776225167498977,
      0.03202326109554775,
      0.00029182921476558895,
      0.02603843941489346,
      0.013940849638316774,
      0.08191218347673254,
      0.049300413458376276,
      0.09840235308324514,
      0.045903812083944284,
      0.03529676990021095,
      0.051523129092171265,
      0.391686814707107,
      0.04541863916489199,
      0.023885737419141278,
      0.027480497390862037,
      0.007106065985250197,
      0.014230597306535798,
      0.0022098582721066253
    ],
    [
      0.015486724225888773,
      0.003308545236516146,
      0.009414336651942965,
      0.02007366483626128,
      0.008086886220816446,
      0.019053873719808042,
      0.04815119747823276,
      0.03518107434605238,
      0.022097284377936552,
      0.02515464203208429,
      0.0066759015174924765,
      0.04597319245968616,
      0.015757362364501044,
      0.6608463339320731,
      0.019259504600961593,
      0.026416607328780106,
      0.014761037442560696,
      0.0026129084968694065,
      0.0016889227315356025
    ],
    [
      0.027333858820287875,
      0.0013801233448040014,
      0.011396060416662569,
      0.044735701115357955,
      0.022748972992284563,
      0.03608648508430914,
      0.11047210089752219,
      0.06589576515324508,
      0.048553108781273724,
      0.0950708535419211,
      0.016942672112147665,
      0.1049514563410076,
      0.04746867085001055,
      0.040937879853700614,
