{
  "poids_LS": 0.3,
  "poids_EM": 0.7,
  "mae_validation": 7.662256325142558,
  "matrice_de_transition": [
    [
      0.1994153900136869,
      0.004108533484469163,
      0.014889587156452631,
      0.08011498670649261,
      0.009606809058511346,
      0.05848579232698495,
      0.07395632868118221,
      0.0463139410333316,
      0.05458154263092477,
      0.04885218036121258,
      0.02356823490844156,
      0.17762805417544403,
      0.03471953543152683,
      0.05643992090980679,
      0.010571334448785209,
      0.04539339051465201,
      0.03794281810266624,
      0.008890383833628857,
      0.01452123622179976
    ],
    [
      0.010027602118025038,
      0.4742827607219847,
      0.003440483576262632,
      0.018233995886652435,
      0.060125882286190674,
      0.011951202775349397,
      0.033140432498836594,
      0.025363805407782998,
      0.059307699132390174,
      0.012825188915545535,
      0.003988666811157547,
      0.015562106750866365,
      0.014611578806932073,
      0.000253177562278717,
      0.02870085511193112,
      0.06874214714152987,
      0.08706612383615114,
      0.01424884946405049,
      0.058127441196082416
    ],
    [
      0.032380369330943494,
      0.02762594058340149,
      0.27767630493374995,
      0.022309481313399722,
      0.021112417833483527,
      0.020254286038695075,
      0.05293459231562765,
      0.16865548464036842,
      0.00866870915277688,
      0.03884893207347814,
      0.009644295870746677,
      0.1121522986735766,
      0.03131652625704784,
      0.04692935171866292,
      0.02866297135245915,
      0.028193310386097584,
      0.06437140377049716,
      0.0012169445373090538,
      0.0070463792176785256
    ],
    [
      0.031652323793278994,
      0.024225865679618035,
      0.035760643703859014,
      0.14974606719277922,
      0.01735039584122682,
      0.04456111976134863,
      0.06225272487442071,
      0.031873459946941726,
      0.06243210792323449,
      0.07138552555757473,
      0.04582620523213939,
      0.07917302985952474,
      0.06588604571089283,
      0.05321743244179123,
      0.08558155826357411,
      0.057901371351368636,
      0.030374107835683766,
      0.03067172653038992,
      0.020128288500353034
    ],
    [
      0.009996926867727875,
      0.07784511454437124,
      0.01465580354500025,
      0.03831203381151702,
      0.32723995321271115,
      0.023356636114176606,
      0.05507005469097541,
      0.02938322022999739,
      0.10782094752240295,
      0.0196408942908129,
      0.003641784293636212,
      0.01787528049546266,
      0.02166995041830039,
      0.004620100376819861,
      0.0006359550778778667,
      0.015240205165283535,
      0.040834478456547724,
      0.08373394187477222,
      0.10842671901160673
    ],
    [
      0.026140285115156234,
      0.01073813642369253,
      0.047586710530408624,
      0.02031348438982809,
      0.01843280592168728,
      0.2602850151817165,
      0.024774993271983146,
      0.0183793080520032,
      0.040291479530072914,
      0.05494406824199639,
      0.022669862679489863,
      0.08581051244638155,
      0.04816613381754569,
      0.06329250814206083,
      0.05874314347461476,
      0.062351747897712244,
      0.05809910622448659,
      0.06380701218091304,
      0.015173686478250487
    ],
    [
      0.02370081019401582,
      0.011205482844464838,
      0.059857600638658984,
      0.010529097485676243,
      0.026366345315920164,
      0.05056002614151473,
      0.17404463223043326,
      0.04904628428938136,
      0.0635260933672889,
      0.027363409395905158,
      0.06888668798240953,
      0.054641522010604494,
      0.0861242808320486,
      0.015808521105616213,
      0.07763170501382682,
      0.0967154928853015,
      0.04548526277375817,
      0.037286948055572346,
      0.021219797437602744
    ],
    [
      0.016124828525196276,
      0.03232215353766921,
      0.06009437848602204,
      0.03209361770433416,
      0.03213766932897419,
      0.029109621779824183,
      0.02434585092001214,
      0.3253899201800088,
      0.0079274927193218,
      0.047497058581790666,
      0.08656520086226797,
      0.07440765660282024,
      0.010455138510011806,
      0.04801154270733383,
      0.007685613512924179,
      0.05065152347915339,
      0.03082056966141787,
      0.041879834078617485,
      0.04248032882229971
    ],
    [
      0.0071810021657654705,
      0.014935295331777834,
      0.024009010186035566,
      0.03147104340925817,
      0.05490099017727107,
      0.009888087168729017,
      0.05751978928030518,
      0.03604276702553945,
      0.3283406663927038,
      0.04911118514300277,
      0.0021788957451302654,
      0.027363082308581466,
      0.08137064038453437,
      0.020841716156232537,
      0.030453657278441532,
      0.05366022886846963,
      0.06194917155136109,
      0.04312219202321286,
      0.06566057940364788
    ],
    [
      0.015120084776338097,
      0.010068529023238227,
      0.011873654720621594,
      0.013856110145079103,
      0.014133536697685472,
      0.06428883687430303,
      0.05962967973229634,
      0.07466299278253416,
      0.03553903475805365,
      0.3218168705018903,
      0.04861194241770557,
      0.0593318353273119,
      0.058051330436791185,
      0.005575682072162058,
      0.0805959568166171,
      0.05097685053974006,
      0.05088580483531109,
      0.02063108529464283,
      0.004350182247678162
    ],
    [
      0.020325492913293528,
      0.00886845088124828,
      0.015405055669870393,
      0.0444813715566673,
      0.013002493078510008,
      0.016282571312080992,
      0.03848201458012163,
      0.10331320168229732,
      0.01255241627702791,
      0.016947127725027305,
      0.48149307338656333,
      0.11763031401231858,
      0.008111345197091288,
      0.043607804368206916,
      0.013527663797378603,
      0.02615207837537247,
      0.011792749547248384,
      0.001745313579900784,
      0.006279462059774999
    ],
    [
      0.061214933917052204,
      0.00019863021059687434,
      0.0407797427196619,
      0.030047258923294504,
      0.006694972952054401,
      0.005759938749011965,
      0.055646630098090843,
      0.043119977959406516,
      0.02381238736120251,
      0.06685297165737349,
      0.0629637226795305,
      0.4143498093716336,
      0.06541758798688106,
      0.04295827276239668,
      0.027414175065510388,
      0.02239974729267815,
      0.020778073709210657,
      0.005793768541818749,
      0.003797398042595026
    ],
    [
      0.05629502448505772,
      0.028098477225972515,
      0.05065826613984954,
      0.00046165073522240057,
      0.04119075161678061,
      0.022053321461744047,
      0.07778913129422364,
      0.03954148805478196,
      0.10893860765836577,
      0.0344718475741405,
      0.05583669814722637,
      0.04026899738514078,
      0.265805145920674,
      0.07184869472412292,
      0.03778534732971501,
      0.03464977941211093,
      0.009462149127002174,
      0.021348800712446284,
      0.0034958209954229096
    ],
    [
      0.024498772786716704,
      0.005233856871324976,
      0.014892735946576441,
      0.03165470430130967,
      0.008411767373849058,
      0.024054597662958997,
      0.034177585354672746,
      0.03513376783164558,
      0.020267265891539175,
      0.0270656624992635,
      0.010560748163264935,
      0.0445191399723313,
      0.02492690091559487,
      0.6384736537000114,
      0.01927586131597362,
      0.020422108887472902,
      0.009625713779994492,
      0.004133414571318835,
      0.002671742174180614
    ],
    [
      0.04324000265356274,
      0.002183245969181471,
      0.01802766619585039,
      0.0707683407474589,
      0.035987075919998175,
      0.05708596510512179,
      0.08108011556275446,
      0.05973719233121323,
      0.03778861467127528,
      0.08657038242784303,
      0.02680196718305845,
      0.08483589863542229,
      0.05879518829844622,
      0.06476048790415916,
      0.18689250826150877,
      0.03287074802530663,
