{
  "poids_LS": 0.7975,
  "poids_EM": 0.2025,
  "mae_validation": 6.324335367012338,
  "matrice_de_transition": [
    [
      0.30437065909507666,
      0.0011885400437214365,
      0.004307344855973797,
      0.036213662941005906,
      0.0027791126204979254,
      0.01691910420887779,
      0.12943948899486807,
      0.07434342998311984,
      0.07876659557618367,
      0.06284744604655623,
      0.006817953669942024,
      0.14144124306871408,
      0.010043865606977407,
      0.016327262834622682,
      0.0030581360369700073,
      0.040085026044989425,
      0.06427848114158262,
      0.0025718610375854915,
      0.004200786192734931
    ],
    [
      0.0029008420412858144,
      0.6236943806712617,
      0.0009952827488474043,
      0.005274834524353027,
      0.017393558804219448,
      0.003457312231440362,
      0.05308569662558179,
      0.009800608072369052,
      0.056505933648368235,
      0.01479234917782826,
      0.0011538643275134331,
      0.03643385068698016,
      0.0075567746716715435,
      7.324065194491458e-05,
      0.029591165664713946,
      0.04782615564882418,
      0.05573551290842377,
      0.008494063139633454,
      0.0252345737547396
    ],
    [
      0.009367178270737226,
      0.007991789954484003,
      0.4460550749429812,
      0.014535498197515706,
      0.0313502204360386,
      0.009940955003296566,
      0.07378017276065267,
      0.1745854509876773,
      0.019170851259670923,
      0.01564755465012197,
      0.002789957019751717,
      0.0796942240899059,
      0.009059423667217412,
      0.013575991032898919,
      0.008291788141247113,
      0.0227590856533941,
      0.059014322417572956,
      0.00035204466972154773,
      0.0020384168451141453
    ],
    [
      0.009156565097341425,
      0.007008196857318075,
      0.010345043357187788,
      0.2511634628802709,
      0.005019221654069188,
      0.012890895359533,
      0.11645812176010868,
      0.0786742870838831,
      0.09927810903999355,
      0.09150265460088873,
      0.013256866513583182,
      0.11478575544069278,
      0.044637874312535644,
      0.015395042956375322,
      0.03441101935573898,
      0.05980340397494013,
      0.021517761121646106,
      0.008872892317719943,
      0.005822826316173557
    ],
    [
      0.002891968129592707,
      0.02251947956462168,
      0.004239714596946501,
      0.011083124066903139,
      0.4856755183621279,
      0.006756741161601091,
      0.09248468826538962,
      0.03958529596146503,
      0.08844655201244299,
      0.04138439517114827,
      0.0010535161706590472,
      0.03926999912346128,
      0.006268807085294043,
      0.0013365290375800315,
      0.00018397271895752575,
      0.00440877363709988,
      0.030270133697475287,
      0.05631368688345918,
      0.06582710435377494
    ],
    [
      0.007562011051170197,
      0.003106389465425339,
      0.013766155546296783,
      0.0058764008413431275,
      0.005332347427345249,
      0.4861016081262797,
      0.06141042006022311,
      0.00816762908447154,
      0.039051978667188576,
      0.06536526641021609,
      0.006558067417995283,
      0.08763388930835549,
      0.013933774425790005,
      0.018309618426810458,
      0.0345390343498998,
      0.042971556472053085,
      0.05656119511309775,
      0.027699710605169178,
      0.016052947200869194
    ],
    [
      0.006856305806126005,
      0.0032415861085773284,
      0.017315948756183492,
      0.0030459174869277707,
      0.016976707422339588,
      0.014626293276652479,
      0.45194744760632627,
      0.033861222423896185,
      0.041481294140513644,
      0.06751963452107103,
      0.024363334178590153,
      0.08432692781411319,
      0.07256350035733236,
      0.004573179319838977,
      0.03296543064385188,
      0.07766265588375748,
      0.02974744859337651,
      0.010786581401790573,
      0.006138584258735081
    ],
    [
      0.004664682537646066,
      0.009350337273397165,
      0.01738444520488495,
      0.010496528180220472,
      0.009296968627310392,
      0.008420997729163425,
      0.012484293579435481,
      0.6540809208965462,
      0.0030265600985807475,
      0.03199847408709526,
      0.025042075963727525,
      0.04804344621310212,
      0.015484689391663652,
      0.017658724007879708,
      0.01710689167352722,
      0.033245731421985114,
      0.0443217207363469,
      0.01211523771560006,
      0.025777274661887326
    ],
    [
      0.002077361340810726,
      0.004320567578121446,
      0.00694546366096029,
      0.009104123271963973,
      0.015882072158424847,
      0.00286048235952518,
      0.1054921221595829,
      0.04031012091203061,
      0.4814479674547112,
      0.07719918697332627,
      0.0006303234119841125,
      0.06478911231531471,
      0.05553791187206389,
      0.006029210745195842,
      0.008809807998406301,
      0.04396638168704175,
      0.0361439948658623,
      0.012474634121000864,
      0.025979155113672874
    ],
    [
      0.009470490899078128,
      0.002912681610293916,
      0.0034348786870369618,
      0.015898276992171924,
      0.004088630258973298,
      0.018597842095780522,
      0.08038703011692787,
      0.05048266045460474,
      0.018606998512686643,
      0.5316663633105017,
      0.014062740485121971,
      0.06238765737256171,
      0.02035831681914878,
      0.006326905382724488,
      0.023315258936235664,
      0.03855109631096619,
      0.09222544793044264,
      0.0059682782459502485,
      0.0012584455787926115
    ],
    [
      0.02202506804377055,
      0.002565516147789681,
      0.00445646253306965,
      0.02485564723986843,
      0.028908858016714643,
      0.00471031527242343,
      0.038888355718083537,
      0.12333290388409834,
      0.0036312347087116455,
      0.004902561949025756,
      0.5522329909284666,
      0.09540542012055958,
      0.0023464962891585517,
      0.012615114835088431,
      0.003913359884241668,
      0.052239796705538494,
      0.02064844477048498,
      0.0005048942856141555,
      0.0018165586672920534
    ],
    [
      0.01770860588314725,
      5.746088235123865e-05,
      0.011796997001045051,
      0.008692242759953055,
      0.0019367600325585948,
      0.0016662679952498902,
      0.06574234977944972,
      0.0771431571184068,
      0.06044860409936012,
      0.07415631772647659,
      0.018214505489435612,
      0.5179234749128777,
      0.046096911287228474,
      0.01242721462055047,
      0.007930529215379793,
      0.026392924262898472,
      0.04456917182401482,
      0.00599797210443722,
      0.0010985330051792755
    ],
    [
      0.0162853463688917,
      0.008128488054656336,
      0.01465471270474219,
      0.0001335489626893373,
      0.01191589600342582,
      0.0063797108514331005,
      0.08575502822936217,
      0.058396110921920485,
      0.08858215464429775,
      0.05655884696686819,
      0.0161527591068762,
      0.062012416896782205,
      0.509013418624559,
      0.020784800973764134,
      0.010930761191810415,
      0.020798448128338788,
      0.00491010499876292,
      0.007596155297143501,
      0.0010112910736759133
    ],
    [
      0.007087144984728761,
      0.0015140800234904397,
      0.004308255755973899,
      0.009279686305730752,
      0.007784084369446245,
      0.014393004801919773,
      0.06117514664193918,
      0.03522516585462571,
      0.023802932675937992,
      0.02337349674228619,
      0.003055073575801642,
      0.04732842584595866,
      0.007210996336297088,
      0.6816985407503054,
      0.019244259507358148,
      0.03200371267213439,
      0.019547358526117546,
      0.0011957377867029488,
      0.0007728968432451062
    ],
    [
      0.01250871505335208,
      0.0006315818696560685,
      0.005215146292371006,
      0.02047227000194347,
      0.010410546962570901,
      0.01651415419112452,
      0.1378665726658494,
      0.07163579419125535,
      0.058586035330398474,
      0.10299362273562493,
      0.007753426220813338,
      0.12369993730932013,
      0.036911916723313225,
