{
  "poids_LS": 0.755,
  "poids_EM": 0.245,
  "mae_validation": 6.435742333034046,
  "matrice_de_transition": [
    [
      0.2954046310830986,
      0.001437986719564207,
      0.005211355504758422,
      0.03996402728278115,
      0.0033623831704789713,
      0.020470027314444732,
      0.12469972153088488,
      0.0719489510276103,
      0.07670053577683994,
      0.06165187058599923,
      0.008248882217954546,
      0.14453257869089706,
      0.012151837401034392,
      0.01975397231843238,
      0.003699967057074823,
      0.04053850441676965,
      0.06202870088197669,
      0.0031116343417701003,
      0.005082432677629916
    ],
    [
      0.003509660741308763,
      0.6109305739419265,
      0.0012041692516919214,
      0.006381898560328353,
      0.021044058800166736,
      0.004182920971372289,
      0.05138182984088496,
      0.011130127442731046,
      0.056745280448510814,
      0.014624300311201092,
      0.0013960333839051413,
      0.03465083738590511,
      0.008159446381718926,
      8.861214679755096e-05,
      0.029515108984325463,
      0.04961294889191964,
      0.05841199725903364,
      0.008985678051769582,
      0.028044517204502552
    ],
    [
      0.011333129265830223,
      0.009669079204190521,
      0.4316709589120419,
      0.015199607307917858,
      0.030475634284061533,
      0.010821993332953724,
      0.0719993945316807,
      0.17407887094795743,
      0.018273683340991533,
      0.017629581867192597,
      0.003375503554761337,
      0.0824670244312245,
      0.010960784189966743,
      0.016425273101532023,
      0.010032039973360704,
      0.023223315906941634,
      0.0594719625331494,
      0.0004259305880581688,
      0.002466232726187484
    ],
    [
      0.01107831332764765,
      0.008479052987866312,
      0.012516225296350655,
      0.2424996652587264,
      0.006072638544429386,
      0.015596391916472023,
      0.11182750996585394,
      0.07467622647419465,
      0.09613046070338599,
      0.08978410588864581,
      0.016039171831248786,
      0.111743462300593,
      0.04645304473350083,
      0.01862610135462693,
      0.038782371925755045,
      0.05964091877594156,
      0.022274333454001084,
      0.010735104285636473,
      0.0070449009751235615
    ],
    [
      0.0034989244037047563,
      0.027245790090529933,
      0.005129531240750088,
      0.013409211834030958,
      0.472140821841826,
      0.008174822639961813,
      0.08928846328667081,
      0.03871376185375172,
      0.09010165112635918,
      0.03952691017132063,
      0.0012746245027726742,
      0.037442309592426226,
      0.007584482646405138,
      0.0016170351318869516,
      0.00022258427725725338,
      0.005334071807849237,
      0.031172615410561877,
      0.05865612072693818,
      0.06946626741499676
    ],
    [
      0.009149099790304682,
      0.0037583477482923855,
      0.01665534868564302,
      0.007109719536439832,
      0.006451482072590547,
      0.46681074340237233,
      0.058280760485348346,
      0.009039983569135048,
      0.03915786567557568,
      0.06447501330036817,
      0.007934451937821453,
      0.0874781234457748,
      0.016858146836140994,
      0.02215237784972129,
      0.03660672206407142,
      0.044627150714446076,
      0.056692574454271664,
      0.030784253955860864,
      0.015977834475821365
    ],
    [
      0.008295283567905537,
      0.003921918995562694,
      0.020950160223530644,
      0.0036851841199866853,
      0.017778837292645466,
      0.017696009149530158,
      0.4282070060918028,
      0.03515843876416376,
      0.043364518195062284,
      0.06408920322897144,
      0.028166836764846083,
      0.08179098862486874,
      0.07372195899085084,
      0.005532982386965675,
      0.036781142524704005,
      0.07929028517534667,
      0.031091884980645294,
      0.013050431819450321,
      0.007426929103160961
    ],
    [
      0.005643689983818697,
      0.011312753738184222,
      0.021033032470107717,
      0.012341505677255308,
      0.011248184265140968,
      0.010188367622938465,
      0.01349759244772595,
      0.6260017901820683,
      0.0034452327345234506,
      0.03332247376754663,
      0.030297820301793794,
      0.05029566519111824,
      0.015055029266095405,
      0.02025167836913961,
      0.016302058865837514,
      0.0347326583816427,
      0.04316835607165447,
      0.01465794192751612,
      0.027204168735892403
    ],
    [
      0.0025133507580179146,
      0.0052273533661222425,
      0.008403153565112448,
      0.011014865193240362,
      0.019215346562044877,
      0.003460830509055156,
      0.10139398316989585,
      0.039945573092581614,
      0.4683684492735347,
      0.07479970943003231,
      0.0007626135107955929,
      0.06159191377202594,
      0.05774472787564178,
      0.007294600654681388,
      0.010658780047454536,
      0.04479449928545519,
      0.03834845719577928,
      0.0150927672081245,
      0.029369025530404404
    ],
    [
      0.009953119521758626,
      0.0035239851581333795,
      0.004155779152217558,
      0.01572382052784741,
      0.0049467378441899156,
      0.022501092906006062,
      0.07861378912929604,
      0.05254831698513138,
      0.020053453870331063,
      0.5137395222162987,
      0.01701417984619695,
      0.06212660724809313,
      0.023578323007590593,
      0.0062627305270483,
      0.028208584885815985,
      0.039612592903374017,
      0.08869392063085854,
      0.007220879853124991,
      0.001522563786687357
    ],
    [
      0.021879878208503668,
      0.003103957808436898,
      0.005391769484454637,
      0.026532216653866323,
      0.027550022820988618,
      0.005698899959228347,
      0.03885364315855916,
      0.12162267806786409,
      0.004393345696959768,
      0.0059314947037595565,
      0.5461898823947362,
      0.09730402914648874,
      0.0028389708189819514,
      0.015262731528872421,
      0.004734682329082512,
      0.05001119765220773,
      0.01989192809312306,
      0.0006108597529652744,
      0.00219781172092125
    ],
    [
      0.021425226870968272,
      6.952057370890602e-05,
      0.014272909951881666,
      0.010516540623153077,
      0.0023432405332190404,
      0.002015978562154188,
      0.06487990136445926,
      0.07423665437618063,
      0.05731887704132656,
      0.07353241379092507,
      0.02203730293783568,
      0.5090754733339775,
      0.04774742135704804,
      0.015035395466838838,
      0.009594961272928637,
      0.02605179859207563,
      0.04253676645742351,
      0.005980527578987401,
      0.001329089314908259
    ],
    [
      0.019703258569770205,
      0.00983446702909038,
      0.01773039314894734,
      0.0001615777573278402,
      0.014416763065873214,
      0.007718662511610417,
      0.085074524471084,
      0.05678541449608454,
      0.09032114811786135,
      0.054672017873017086,
      0.01954284435152923,
      0.06015493884804902,
      0.4882368325141768,
      0.025147043153443023,
      0.013224871565400255,
      0.021981727685243944,
      0.005298973090120042,
      0.008771004402973386,
      0.0012235373483980184
    ],
    [
      0.008574570475350846,
      0.0018318499049637417,
      0.005212457581301754,
      0.011191120003845534,
      0.007837705530626383,
      0.015218367006129154,
      0.058868822310866174,
      0.03521735798331586,
      0.02350089078983357,
      0.023688907887354605,
      0.003696261857142727,
      0.047088436600472905,
      0.008724415320458204,
      0.6780059624595768,
      0.019246959159350423,
      0.031014329434248734,
      0.01869978083423769,
      0.0014466950999615924,
      0.0009351097609632149
    ],
    [
      0.01513400092874696,
      0.0007641360892135148,
      0.006309683168547637,
      0.02476891926161062,
      0.012595476571999362,
      0.019980087786792628,
      0.1330154682902081,
      0.07061933071577436,
      0.056809371253990965,
      0.10159063235757321,
      0.009380688514070458,
      0.12037989380451478,
      0.03878134193324921,
