{
  "poids_LS": 0.2775,
  "poids_EM": 0.7224999999999999,
  "mae_validation": 7.7240589559997375,
  "matrice_de_transition": [
    [
      0.19466866930146326,
      0.0042405934893271005,
      0.015368181029338608,
      0.08210047371096185,
      0.009915599349677782,
      0.06036569279463803,
      0.07144704002377933,
      0.04504627570394419,
      0.05348774626656633,
      0.048219228646800054,
      0.024325785316212895,
      0.17926464362248207,
      0.035835520498968765,
      0.05825406122476487,
      0.010911127341781875,
      0.04563346729971212,
      0.03675175796522781,
      0.009176146171138357,
      0.014987990243214752
    ],
    [
      0.010349917900390127,
      0.4675254512770426,
      0.003551070548356788,
      0.01882008861158055,
      0.06205849993110394,
      0.01233534857884277,
      0.03223838537752652,
      0.026067668603856998,
      0.059434412144230356,
      0.012736221868507622,
      0.0041168739586590385,
      0.014618158532650163,
      0.01493064030048657,
      0.00026131541249481866,
      0.028660589810548986,
      0.06968809650552159,
      0.08848308613941519,
      0.014509116182240206,
      0.05961505831654515
    ],
    [
      0.03342116691658096,
      0.02851391724501082,
      0.2700611846820762,
      0.022661068489494975,
      0.020649401635378022,
      0.020720718095572396,
      0.05199182737087778,
      0.16838729520757556,
      0.008193737901711321,
      0.03989824060016259,
      0.009954291095163534,
      0.11362025179545114,
      0.03232312888673866,
      0.048437795166762804,
      0.029584281145931052,
      0.028439079343858042,
      0.06461368383168468,
      0.001256060611722559,
      0.0072728699782467635
    ],
    [
      0.03266971991520582,
      0.025004554219320043,
      0.03691009296576877,
      0.14515935080490272,
      0.017908087136123393,
      0.045993441467963414,
      0.059801224512756435,
      0.02975683962416549,
      0.06076570586267756,
      0.0704757056510932,
      0.0472991904003153,
      0.0775624040794719,
      0.06684701828669794,
      0.05492799277027737,
      0.08789580374181791,
      0.05781534977542821,
      0.030774646129283458,
      0.031657603454581025,
      0.020775269202150094
    ],
    [
      0.010318256659904842,
      0.0803472789404403,
      0.015126882944660972,
      0.03954349204117292,
      0.32007452564313954,
      0.024107385132132283,
      0.053377935584594874,
      0.028921819820031513,
      0.10869717646506444,
      0.018657519879139443,
      0.003758841645931661,
      0.016907680155502928,
      0.022366484538888617,
      0.004768603603217642,
      0.0006563964910953696,
      0.015730068902739074,
      0.04131226289288768,
      0.08497405390955523,
      0.11035333474990064
    ],
    [
      0.026980508565286256,
      0.01108329080873979,
      0.04911628336888604,
      0.020966417816643993,
      0.019025288969170082,
      0.25007220444553024,
      0.023118114673520037,
      0.018841142779177998,
      0.04034753735804256,
      0.05447275777207691,
      0.023398536837044893,
      0.08572804816619177,
      0.0497143309759668,
      0.06532691018948421,
      0.05983780167623503,
      0.06322823896721441,
      0.05816865999334336,
      0.06544000571951453,
      0.01513392091793105
    ],
    [
      0.02446262195025204,
      0.011565659078751208,
      0.06178159494490159,
      0.010867532762001551,
      0.0267910023060821,
      0.05218516983892056,
      0.16147616319333263,
      0.04973304588128773,
      0.06452309433734407,
      0.025547298711852434,
      0.07090030699866266,
      0.05329896596923978,
      0.08673758246155837,
      0.016316652141153878,
      0.07965178777427795,
      0.09757717898084872,
      0.046197023214076934,
      0.03848545710021574,
      0.021901862355239974
    ],
    [
      0.016643126584934727,
      0.03336107990138,
      0.06202598350878703,
      0.033070370496882016,
      0.03317066584311979,
      0.030045288194175672,
      0.02488230326204827,
      0.3105244980370498,
      0.00814914293835029,
      0.04819799958908844,
      0.08934765374712658,
      0.07560000782647584,
      0.01022767138471097,
      0.04938428325153024,
      0.0072595255559119816,
      0.051438720104854466,
      0.030209964838933647,
      0.04322597160257304,
      0.0432357433320671
    ],
    [
      0.007411820092522218,
      0.015415358396013549,
      0.02478072837058671,
      0.032482612661698614,
      0.056665664861540496,
      0.010205918542009591,
      0.05535018628576498,
      0.03584977112112528,
      0.3214162155909045,
      0.04784087350243538,
      0.0022489316797951664,
      0.025670447785663887,
      0.08253895473936973,
      0.021511628461254297,
      0.03143252483382001,
      0.05409864406762968,
      0.06311623984367008,
      0.04450826248110184,
      0.06745521668309397
    ],
    [
      0.01537559404716895,
      0.010392160313270884,
      0.012255307908070145,
      0.013763750840436715,
      0.014587828948682505,
      0.06635526377383419,
      0.05869090509178536,
      0.0757565756516365,
      0.03630480524151246,
      0.3123261899226064,
      0.050174469138274676,
      0.0591936323202403,
      0.05975603959537803,
      0.005541707148568782,
      0.0831865411428655,
      0.05153881932395597,
      0.04901617273553127,
      0.021294227321970637,
      0.0044900095342106745
    ],
    [
      0.020248627706387533,
      0.009153508231002689,
      0.015900218173544797,
      0.04536896712878384,
      0.012283109739596232,
      0.01680593967568359,
      0.03846363734272637,
      0.10240778801487918,
      0.012955886800218091,
      0.01749185683047461,
      0.47829378063341194,
      0.11863545996722226,
      0.008372067006997793,
      0.04500948379432785,
      0.013962481562294344,
      0.024972231817726776,
      0.011392240718056779,
      0.0018014129449690232,
      0.006481301911696337
    ],
    [
      0.06318255679295745,
      0.0002050147530803453,
      0.04209052016422246,
      0.031013063674400397,
      0.006910168511227577,
      0.005945079637373064,
      0.05519003976074296,
      0.04158124121352208,
      0.022155473036361215,
      0.0665226695738462,
      0.06498755662280112,
      0.4096655732416276,
      0.06629138743560906,
      0.04433907438690229,
      0.028295344978330365,
      0.02221915134930135,
      0.019702094397485846,
      0.0057845332048159035,
      0.003919457265392723
    ],
    [
      0.05810450741493457,
      0.029001642565378773,
      0.05228656755148756,
      0.0004764895088545491,
      0.0425147400616057,
      0.02276217822301439,
      0.07742886459866462,
      0.038688766417574696,
      0.1098592512620171,
      0.03347293805386639,
      0.0576314491591015,
      0.03928562665345851,
      0.2548057768034129,
      0.07415811705454116,
      0.03899987635102728,
      0.03527622153047248,
      0.009668020469485356,
      0.02197077965082681,
      0.0036081866702757886
    ],
    [
      0.02528623334057545,
      0.005402087985046136,
      0.01537143103057354,
      0.032666639788546906,
      0.008440155047415014,
      0.024491554124011022,
      0.03295659012057527,
      0.035129634252716826,
      0.020107361363601542,
      0.027232644870182073,
      0.01090020078279845,
      0.044392086842368256,
      0.02572812273073899,
      0.6365187593108022,
      0.019277290543498943,
      0.01989831776153344,
      0.009176996178411037,
      0.00426627432539694,
      0.002757619601207848
    ],
    [
      0.04462985988171297,
      0.0022534217324765896,
      0.018607126895002723,
      0.07304303741434151,
      0.03714380336028383,
      0.05892087112635785,
      0.07851188383447379,
      0.05919906460889976,
      0.036848027807294834,
      0.08582762281593329,
      0.02766345898537104,
      0.08307822854464299,
      0.05978488399782409,
      0.06684207501536427,
      0.1818282788009838,
