{
  "poids_LS": 0.035,
  "poids_EM": 0.965,
  "mae_validation": 8.395302024273837,
  "matrice_de_transition": [
    [
      0.1435095682919416,
      0.0056639068750182035,
      0.0205263594371097,
      0.1034996114257971,
      0.013243672487804928,
      0.08062684227934354,
      0.04440248449399275,
      0.03138366048721323,
      0.04169905211736979,
      0.041397415724798374,
      0.03249049526663729,
      0.19690344099611426,
      0.047863359559176276,
      0.0778064623970908,
      0.01457333963296818,
      0.04822096153869339,
      0.023914776483946965,
      0.012256029142074068,
      0.02001856136290967
    ],
    [
      0.013823765776991659,
      0.3946966717037769,
      0.004742952358704915,
      0.025136865758028003,
      0.08288782343739143,
      0.01647558668316024,
      0.022516321958962277,
      0.033653749717098974,
      0.060800096827396836,
      0.011777354805987903,
      0.005498662103952903,
      0.004444494402986654,
      0.01836941417546281,
      0.00034902335371280276,
      0.028226619340097056,
      0.07988332853965453,
      0.10375479096348332,
      0.01731421303384047,
      0.07564826505931024
    ],
    [
      0.04463865200622925,
      0.0380843323756892,
      0.18798711085848102,
      0.02645039694296608,
      0.015659115944685352,
      0.02574781915302795,
      0.04183091629968468,
      0.1654968090985858,
      0.0030746033068936207,
      0.051207454721094996,
      0.013295350736100775,
      0.12944152433121023,
      0.04317206834007309,
      0.06469546344072817,
      0.03951395336446155,
      0.031087922555276322,
      0.06722492449115026,
      0.0016776449692903384,
      0.00971393706437111
    ],
    [
      0.043634989229306045,
      0.03339708625833058,
      0.049298601677462785,
      0.09572474084667816,
      0.02391875998111983,
      0.06143068652814491,
      0.033379498392596955,
      0.006944376145354866,
      0.042805594765563844,
      0.060669868881236634,
      0.06317469721287787,
      0.060203437338902564,
      0.07720416715926401,
      0.07336403186618362,
      0.11283822722955665,
      0.05688822834584814,
      0.03509155884919127,
      0.04228316585975182,
      0.02774828343262954
    ],
    [
      0.013781477753367714,
      0.10731505076474035,
      0.020204072029893203,
      0.052815875183019896,
      0.24284713961553445,
      0.032198791214543464,
      0.035140651882493476,
      0.023948948734843767,
      0.11814097729152735,
      0.008058928997769943,
      0.005020459776227064,
      0.0064790987137146525,
      0.029873574505228397,
      0.006369138376615952,
      0.0008767095002173449,
      0.021009711406426587,
      0.046461717373440584,
      0.09833970583999424,
      0.13111797104040157
    ],
    [
      0.03603625019446538,
      0.014803288069804701,
      0.06560167951692046,
      0.028003589194548727,
      0.02541093959204032,
      0.14000079984441147,
      0.005260645334528694,
      0.02381869483872861,
      0.040951716170604266,
      0.04939307826294469,
      0.03125202497958245,
      0.08483926647970196,
      0.06640045590561656,
      0.08725324336726957,
      0.07163578451592022,
      0.0726748649385156,
      0.05891829505768869,
      0.08304004719110827,
      0.014705336545599317
    ],
    [
      0.032673259767464664,
      0.015447558492726526,
      0.08251797802329418,
      0.014515112962396536,
      0.03136786097782741,
      0.06970060746651674,
      0.026015996904580715,
      0.05713480970516745,
      0.07526854923682749,
      0.005973661339284142,
      0.0926026452849465,
      0.038829195301197855,
      0.09334761113516377,
      0.021793175524170923,
      0.10142379085914012,
      0.10686424023285764,
      0.05386821907084589,
      0.05140272124803902,
      0.029253006467552356
    ],
    [
      0.022229227895449153,
      0.04455839737692969,
      0.08284439319858752,
      0.04359759503878668,
      0.04430407271780014,
      0.040129692882186194,
      0.030664067392882122,
      0.15030828160738074,
      0.010538039743435125,
      0.05575258600107565,
      0.11933631261726943,
      0.08845090434809723,
      0.0077760812564686135,
      0.06417937578342497,
      0.0026672442414471835,
      0.05992295040407719,
      0.023629001752159196,
      0.0577343426940941,
      0.051377433048449016
    ],
    [
      0.009899524414233828,
      0.020589371421665156,
      0.03309813547074903,
      0.04338508127133448,
      0.07568493645866654,
      0.013631434454033574,
      0.03196668734460951,
      0.03376970415132809,
      0.2467860236159562,
      0.03414973693187568,
      0.0030037634200724373,
      0.007427609038663263,
      0.09513078723037292,
      0.028731794415377713,
      0.04198254181956583,
      0.058823785658576946,
      0.07569464254966699,
      0.05944702186057201,
      0.08679741847267977
    ],
    [
      0.018129416188345925,
      0.013880186439178413,
      0.016368681150571197,
      0.012768322779290969,
      0.019484089876094974,
      0.08862675369100347,
      0.048573000632944854,
      0.08754296879640612,
      0.044558109341012966,
      0.2100377436792129,
      0.0670150349044084,
      0.05770411102180196,
      0.07812901608236957,
      0.005175532972063476,
      0.111107283325765,
      0.05759559399828293,
      0.028865693437904332,
      0.02844142472761476,
      0.005997036955727753
    ],
    [
      0.0194201915875118,
      0.012225793000577986,
      0.021236969602035614,
      0.05493527496159535,
      0.004529755975747742,
      0.02244668759451165,
      0.03826557156191077,
      0.09264944071048371,
      0.01730440243904562,
      0.023362826078073357,
      0.4438125142938913,
      0.1294686997034063,
      0.011182068735990135,
      0.06011647316474239,
      0.018648850806386216,
      0.012256107807545349,
      0.007075645558991705,
      0.0024060394351489377,
      0.008656686982404106
    ],
    [
      0.08438915889993626,
      0.00027382593317997676,
      0.05621778817781962,
      0.04142229265854171,
      0.00922949842676071,
      0.007940486989709353,
      0.050269010569326825,
      0.02499707850787873,
      0.00429761864640499,
      0.06296274711805223,
      0.08679998912249563,
      0.35917991717378506,
      0.07570900371634426,
      0.059221047451018284,
      0.03779239848316789,
      0.020272728404018083,
      0.008105428482229544,
      0.005684996794896348,
      0.005234984444434571
    ],
    [
      0.07760671232582958,
      0.038735757890090684,
      0.06983603832136401,
      0.0006364185135565951,
      0.05678439330027613,
      0.030402078872261436,
      0.07354599021319509,
      0.029498322105451894,
      0.11978174343470352,
      0.022706913224245354,
      0.0769748767315335,
      0.028687075434216204,
      0.13625702076182072,
      0.09904855772682661,
      0.05208980024739284,
      0.042027875472813676,
      0.011886856049581878,
      0.02867433043115028,
      0.004819238943690154
    ],
    [
      0.033773308198830884,
      0.0072152455440408604,
      0.02053070026920895,
      0.04357305559543713,
      0.00874611108473699,
      0.029200973759793965,
      0.019796974819746908,
      0.03508508345759585,
      0.018383945895829257,
      0.029032343756748902,
      0.014558745682215232,
      0.043022736441655426,
      0.03436351340507007,
      0.61544934200488,
      0.019292694440160758,
      0.014253013404185883,
      0.004340817583567138,
      0.005698207230460966,
      0.0036831874258347035
    ],
    [
      0.05960943222955435,
      0.0030097605146573135,
      0.024852425541422325,
      0.09755921260185406,
      0.049610754661140344,
      0.07869708046634646,
      0.05083205298522651,
      0.05339924360174356,
      0.026710591606616693,
      0.07782232477646171,
      0.03694842618807344,
      0.0641344508995772,
      0.07045160431334119,
      0.08927695832501942,
      0.12724713905976992,
