{
  "poids_LS": 0.0025,
  "poids_EM": 0.9975,
  "mae_validation": 8.48582223640321,
  "matrice_de_transition": [
    [
      0.13665319392984077,
      0.005854660215368558,
      0.021217661697945003,
      0.10636753709891936,
      0.01368970290837867,
      0.08334225406595355,
      0.0407779564332997,
      0.029552588344764756,
      0.040119124035518705,
      0.04048315213731362,
      0.03358473474452923,
      0.19926740353072478,
      0.04947533798992574,
      0.0804268872964747,
      0.015064151589518923,
      0.048567739117113554,
      0.022194356285424786,
      0.012668796962921124,
      0.02069276161606466
    ],
    [
      0.01428933301818568,
      0.38493611361663826,
      0.004902689096174252,
      0.025983444138479726,
      0.08567938225782172,
      0.01703046395487289,
      0.02121336500595883,
      0.03467044100031698,
      0.06098312673338822,
      0.011648846849155365,
      0.005683850205899504,
      0.0030810136433410294,
      0.018830280777263748,
      0.00036077802624717183,
      0.02816845834921175,
      0.08124969984319813,
      0.10580151429042028,
      0.0176901538490034,
      0.0777970453444231
    ],
    [
      0.04614202629659449,
      0.03936696533134713,
      0.17698749271717448,
      0.026958245086214788,
      0.014990314769644067,
      0.026421554346295194,
      0.04046914471282375,
      0.16510942436232948,
      0.0023885337220211455,
      0.05272312259297254,
      0.013743121615814015,
      0.13156190106280682,
      0.044626049916293174,
      0.06687432619909467,
      0.040844734177254295,
      0.03144292216093032,
      0.06757488457953224,
      0.0017341459656654017,
      0.0100410903851919
    ],
    [
      0.04510456140542258,
      0.034521858593455704,
      0.0509589172779991,
      0.08909948384196766,
      0.024724314073748217,
      0.06349959565992182,
      0.02983844231463744,
      0.003887035679122515,
      0.04039856956698159,
      0.059355684571874415,
      0.06530234245579863,
      0.05787697787882627,
      0.07859223865764917,
      0.07583484122955252,
      0.11618102625368659,
      0.05676397495837865,
      0.0356701141621686,
      0.04370721030580564,
      0.028682811113003075
    ],
    [
      0.014245620786512224,
      0.11092928822572902,
      0.02088452005162536,
      0.054594648181411756,
      0.23249707757059768,
      0.03328320646270167,
      0.0326964798399438,
      0.023282481476004174,
      0.11940664131981621,
      0.006638499292019391,
      0.005189542618431603,
      0.005081453778217256,
      0.030879679346078062,
      0.006583643036968303,
      0.0009062359859759602,
      0.02171729236052904,
      0.04715185044815386,
      0.10013097877912526,
      0.13390086044015945
    ],
    [
      0.037249906289097634,
      0.015301844403761856,
      0.0678110625058323,
      0.02894671525550503,
      0.02626674843840437,
      0.12524896211436462,
      0.002867376247859752,
      0.024485789444647764,
      0.04103268858878265,
      0.048712296473061,
      0.03230455431827306,
      0.08472015140831674,
      0.06863674069000261,
      0.09019182410243669,
      0.07321695747381617,
      0.07394090759446319,
      0.05901876161270404,
      0.08539881563575487,
      0.014647897402915682
    ],
    [
      0.033773654526472546,
      0.015967813053362395,
      0.08529708091008906,
      0.015003963917088648,
      0.03198125440806132,
      0.07204803725165851,
      0.007861541628768606,
      0.05812679867125442,
      0.0767086617491294,
      0.0033503903512079798,
      0.09551120608620103,
      0.03688994768589327,
      0.09423349126667792,
      0.022527142575503107,
      0.10434168817979175,
      0.10810889792642585,
      0.05489631748463967,
      0.053133900979190594,
      0.030238211348583916
    ],
    [
      0.022977880648404697,
      0.046059068791178624,
      0.08563448934258142,
      0.04500846018357803,
      0.04579617879378823,
      0.041481211036249466,
      0.03143894299804542,
      0.12883600517866223,
      0.010858201170920722,
      0.05676505634495023,
      0.12335541122873188,
      0.0901731894489331,
      0.007447517631034071,
      0.06616222323615313,
      0.0020517838590962314,
      0.06106001219675653,
      0.022747017008570868,
      0.05967876356202992,
      0.05246858734033526
    ],
    [
      0.010232928086215797,
      0.021282795847783417,
      0.034212839515100686,
      0.0448462368581929,
      0.07823391100261129,
      0.014090524215438851,
      0.028832816352495887,
      0.0334909322893965,
      0.2367840391244683,
      0.032314842339945006,
      0.0031049264368106285,
      0.0049826925055600855,
      0.09681835240957956,
      0.02969944552263137,
      0.04339646162177919,
      0.059457052057363693,
      0.07738040786077999,
      0.06144912363307833,
      0.08938967232076861
    ],
    [
      0.018498485135101602,
      0.014347653858114474,
      0.016919957976885773,
      0.012634914894807517,
      0.0201402897942018,
      0.09161159254588183,
      0.047216992818873454,
      0.08912258849622061,
      0.04566422226156458,
      0.19632898284246947,
      0.06927201794523044,
      0.05750448445603187,
      0.08059137375588389,
      0.005126458082428745,
      0.11484923846367938,
      0.058407326686594804,
      0.026165113738222372,
      0.029399296544866036,
      0.006199009702941382
    ],
    [
      0.019309164066425362,
      0.012637542505778799,
      0.021952204329565312,
      0.05621735745465257,
      0.003490646708427841,
      0.023202664119715413,
      0.03823902666345095,
      0.09134162096865753,
      0.017887193194764773,
      0.024149657008163912,
      0.4391913136504504,
      0.13092057719382272,
      0.011558666905855088,
      0.06214112122469486,
      0.01927692091126451,
      0.010551885002057117,
      0.006497132805714942,
      0.0024870718513586173,
      0.008948233435179375
    ],
    [
      0.0872312808317994,
      0.000283048050100546,
      0.058111133375518216,
      0.04281734396569467,
      0.009540336456677522,
      0.008207912717342052,
      0.049609491193157655,
      0.02277445876382344,
      0.0019042979549675574,
      0.06248564410851284,
      0.08972330481833098,
      0.35241379831933195,
      0.07697115847561804,
      0.06121553868641528,
      0.03906519946835231,
      0.020011867596918264,
      0.006551236143071483,
      0.0056716568636700155,
      0.005411292210697913
    ],
    [
      0.08022040989120727,
      0.04004033004701084,
      0.0721880292492856,
      0.0006578522976919208,
      0.05869682105391238,
      0.03142598308298527,
      0.07302560498627651,
      0.02826661307393028,
      0.121111561973311,
      0.021264043917182743,
      0.07956729485979758,
      0.027266651044008473,
      0.1203690431479991,
      0.10238438998187517,
      0.0538441199448439,
      0.04293273631044704,
      0.012184225766502032,
      0.029572744453255487,
      0.0049815449184776464
    ],
    [
      0.034910751221071304,
      0.007458246041638092,
      0.02122214872387143,
      0.04503474018811314,
      0.00878711550211004,
      0.029832133092424672,
      0.018033315037161664,
      0.035079112732476554,
      0.01815297268880823,
      0.029273540514742395,
      0.015049066132652533,
      0.04283921525393102,
      0.03552083380472269,
      0.6126256056649111,
      0.019294758879919563,
      0.013496426222273325,
      0.003692669936835481,
      0.005890115764129341,
      0.0038072325982073754
    ],
    [
      0.06161700378132691,
      0.0031111255060835966,
      0.02568942432908681,
      0.10084488556512895,
      0.051281583185997404,
      0.08134750027479856,
      0.04712238493326553,
      0.052621948002846336,
      0.02535196613642272,
      0.07674944978148099,
      0.038192803235858296,
      0.06159559410178489,
      0.07188116476799812,
      0.09228369526342681,
      0.11993214095012272,
