{
  "poids_LS": 0.365,
  "poids_EM": 0.635,
  "mae_validation": 7.4841556611439,
  "matrice_de_transition": [
    [
      0.21312813873788858,
      0.003727026803768455,
      0.013506982634782031,
      0.07437913536024812,
      0.008714748217363864,
      0.05305496875376492,
      0.08120538480256831,
      0.04997608531822856,
      0.05774139879462694,
      0.050680707536182104,
      0.021379755952657703,
      0.17290012910622304,
      0.03149557857002792,
      0.051199071111039024,
      0.009589710535683726,
      0.044699835357811676,
      0.04138365849971059,
      0.00806484819193475,
      0.013172835715489783
    ],
    [
      0.009096467635636998,
      0.49380387689626215,
      0.0031210101013239592,
      0.016540839125748996,
      0.054542764645330116,
      0.010841448231924096,
      0.035746346404843504,
      0.02333042284134701,
      0.058941639320407406,
      0.013082204829210615,
      0.0036182906072643457,
      0.018289068270157614,
      0.013689845603330196,
      0.00022966821720997905,
      0.028817177093701744,
      0.0660094045344427,
      0.08297267718227722,
      0.013496967833724649,
      0.05382988062585672
    ],
    [
      0.02937362075021303,
      0.02506067467208564,
      0.2996755412163631,
      0.02129378502690231,
      0.0224500201835661,
      0.018906815652160597,
      0.05565813548934952,
      0.16943025411288115,
      0.01004084832252183,
      0.03581759632972307,
      0.0087487541113202,
      0.10791154521038344,
      0.028408563104607685,
      0.04257162620192994,
      0.02600140972687366,
      0.027483311174789592,
      0.0636714835937332,
      0.0011039425445589274,
      0.0063920725760369486
    ],
    [
      0.028713179441045948,
      0.02197632100936779,
      0.03244001250278639,
      0.16299658120220026,
      0.015739287655970043,
      0.040423301497794835,
      0.06933483703033974,
      0.03798814087940643,
      0.067246158320399,
      0.07401389417629917,
      0.04157091474629788,
      0.08382594877967735,
      0.06310990271412255,
      0.048275813715053476,
      0.07889596021531425,
      0.05814987812630762,
      0.029216997209729097,
      0.027823637638282286,
      0.01825923313960597
    ],
    [
      0.009068640801438859,
      0.07061663962239391,
      0.013294907501535943,
      0.0347544878147333,
      0.3479400773025847,
      0.021187805617860208,
      0.059958398776074756,
      0.03071615474767658,
      0.10528961946582527,
      0.022481753702314006,
      0.0033036186092271352,
      0.020670570366457457,
      0.019657740736601072,
      0.00419109105611516,
      0.0005769021063606363,
      0.013825043257078637,
      0.03945421230712118,
      0.08015139599651022,
      0.10286094021209102
    ],
    [
      0.023712972925891727,
      0.009741023755778224,
      0.04316794455258497,
      0.018427232267915483,
      0.016721188228959172,
      0.2897886906418102,
      0.029561531445321032,
      0.017045118840164894,
      0.04012953469371617,
      0.05630563182176379,
      0.020564804002108663,
      0.08604874258915202,
      0.043693564248773596,
      0.05741534667172662,
      0.05558079755882286,
      0.05981966258581708,
      0.057898173114455886,
      0.05908947529161988,
      0.015288564763617755
    ],
    [
      0.021500020676000067,
      0.010164973723193103,
      0.054299394865069225,
      0.009551395576292022,
      0.02513955845545235,
      0.04586516657123123,
      0.21035354278205748,
      0.04706230635720742,
      0.06064586834268511,
      0.03260995137205749,
      0.06306956637990048,
      0.058520017241213675,
      0.08435252056902035,
      0.014340587002951852,
      0.07179591037252357,
      0.0942261774981651,
      0.04342906594617062,
      0.0338245885932692,
      0.019249387675539634
    ],
    [
      0.014627523019285195,
      0.029320810709171353,
      0.05451418619803428,
      0.029271887414751466,
      0.029153457176998018,
      0.026406585471697653,
      0.022796099709685543,
      0.3683344730374458,
      0.007287169864350608,
      0.04547211789404152,
      0.0785270036393431,
      0.07096308640114854,
      0.011112265760880893,
      0.044045847801877515,
      0.008916534277626084,
      0.04837739989379472,
      0.03258453914859453,
      0.03799099234274586,
      0.04029802023852724
    ],
    [
      0.006514194821801535,
      0.013548446479541322,
      0.021779602097332266,
      0.028548732235541347,
      0.04980304108938162,
      0.008969907645918465,
      0.06378753126453242,
      0.03660031074940262,
      0.34834463537567967,
      0.05278097432686414,
      0.0019765697116538835,
      0.03225291537478782,
      0.07799551002612115,
      0.018906413941725233,
      0.02762581767401482,
      0.05239369607089614,
      0.05857764092913513,
      0.039117988478200236,
      0.06047607170747024
    ],
    [
      0.014381946882826745,
      0.009133594185366106,
      0.010771101067992447,
      0.014122925914046004,
      0.012821136861471821,
      0.05831915916454632,
      0.06234169536043915,
      0.0715037533829052,
      0.03332680891695043,
      0.3492343921753772,
      0.04409797633606149,
      0.05973108845885208,
      0.05312661508976254,
      0.005673831851431521,
      0.07311204654078837,
      0.049353385163116346,
      0.056286964234675003,
      0.018715341660140283,
      0.003946236753250905
    ],
    [
      0.020547547955466407,
      0.008044951870846653,
      0.013974586214811,
      0.04191720657055289,
      0.015080711613149809,
      0.01477061826167347,
      0.03853510437704128,
      0.10592884116594972,
      0.011386834765589604,
      0.015373465864846197,
      0.4907354746734452,
      0.11472655903148576,
      0.007358148857361384,
      0.03955850824830199,
      0.01227152358762202,
      0.02956052398634894,
      0.01294977505380191,
      0.0015832487474814255,
      0.005696369154224464
    ],
    [
      0.055530690053325935,
      0.00018018597675573602,
      0.036993052324264725,
      0.02725715630898859,
      0.006073296892220778,
      0.005225087293746569,
      0.056965668850429196,
      0.04756521744751711,
      0.028599028744077375,
      0.06780717767645228,
      0.05711709128785982,
      0.4278820470805399,
      0.0628932784683335,
      0.038969290291602704,
      0.02486857309514157,
      0.022921468906877792,
      0.02388645838752678,
      0.005820448404271414,
      0.003444782510068345
    ],
    [
      0.05106762935430237,
      0.025489332912132213,
      0.04595428428400637,
      0.0004187831669517491,
      0.03736589610950813,
      0.020005513040296387,
      0.07882990174806084,
      0.04200490611782519,
      0.10627897058115088,
      0.037357586188265735,
      0.05065186189069821,
      0.04310984616555624,
      0.29758110114831726,
      0.0651770302140258,
      0.034276707934812904,
      0.03284005773684422,
      0.00886740969316187,
      0.01955197266823587,
      0.0031712090458479256
    ],
    [
      0.022223886742235868,
      0.004747855876130515,
      0.013509839037251486,
      0.02873133511595765,
      0.008329758539102963,
      0.02279227899769759,
      0.037704904919843234,
      0.03514570928188419,
      0.020729212305581234,
      0.026583268983276516,
      0.009580107262390334,
      0.0448861823477801,
      0.022612260116289633,
      0.6441211263799493,
      0.019271732436456024,
      0.021935283251298024,
      0.010922009073457806,
      0.0037495975039820864,
      0.0024236518294352715
    ],
    [
      0.03922485955001763,
      0.001980515986328906,
      0.016353668620521428,
      0.06419699482090915,
      0.03264541887028406,
      0.05178512548821763,
      0.0884994516666764,
      0.06129178352900768,
      0.040505865611663236,
      0.08871613241780449,
      0.02431321308748874,
      0.08991361223100694,
      0.055936067389132364,
      0.058747014027344384,
      0.20152250448080322,
