{
  "poids_LS": 0.79,
  "poids_EM": 0.20999999999999996,
  "mae_validation": 6.3439383279088535,
  "matrice_de_transition": [
    [
      0.3027884188576688,
      0.0012325600453407487,
      0.004466876146935789,
      0.036875491942495654,
      0.002882042717553404,
      0.017545737698095483,
      0.12860305944240047,
      0.07392087487332404,
      0.07840199678806418,
      0.06263646214175206,
      0.007070470472532467,
      0.14198677288439343,
      0.010415860629458049,
      0.016931976272942035,
      0.0031714003346355623,
      0.04016505164000946,
      0.06388146109576981,
      0.002667115150088657,
      0.0043563708665399275
    ],
    [
      0.003008280635407511,
      0.6214419441896144,
      0.0010321450728787895,
      0.00547019876599573,
      0.0180377646858572,
      0.0035853608326048185,
      0.052785014251811764,
      0.01003522913772705,
      0.05654817131898163,
      0.014762693495482291,
      0.0011966000433472638,
      0.03611920128090809,
      0.007663128502856375,
      7.59532686836151e-05,
      0.029577743897586564,
      0.048141472103488084,
      0.056207833676178445,
      0.008580818712363358,
      0.025730446128227176
    ],
    [
      0.009714110799283047,
      0.008287782175020447,
      0.4435167015257566,
      0.01465269392288079,
      0.031195881703336762,
      0.010096432355589005,
      0.07346591777906938,
      0.17449605451007966,
      0.01901252750931574,
      0.015997324159016786,
      0.0028932887612240026,
      0.08018354179719742,
      0.00939495787711435,
      0.014078805515598876,
      0.008598891405737745,
      0.02284100863931425,
      0.05909508243796879,
      0.0003650833611927161,
      0.0021139137653035573
    ],
    [
      0.009495697137983698,
      0.00726775970388541,
      0.010728193111157703,
      0.2496345574176454,
      0.0052051187523680445,
      0.01336833592840459,
      0.11564095497288726,
      0.07796874697629104,
      0.09872264168647459,
      0.0911993812987282,
      0.013747861569641815,
      0.11424888018067518,
      0.04495819850447067,
      0.01596522973253737,
      0.03518243451515357,
      0.05977473011629333,
      0.021651273886179337,
      0.009201517959116976,
      0.00603848655010591
    ],
    [
      0.0029990780603183624,
      0.023353534363311366,
      0.004396741063500075,
      0.011493610143455105,
      0.483287042505604,
      0.007006990834252981,
      0.09192064856326278,
      0.039431495824809745,
      0.08873862832666349,
      0.04105660370059045,
      0.0010925352880908634,
      0.03894746567680804,
      0.006500985125490117,
      0.0013860301130459583,
      0.00019078652336336,
      0.00457206154958506,
      0.030429395176255272,
      0.05672705756172018,
      0.06646930959987289
    ],
    [
      0.007842085534546869,
      0.0032214409271077585,
      0.014276013159122585,
      0.006094045316948427,
      0.005529841776506183,
      0.4826973378808843,
      0.060858127194068745,
      0.008321573993529806,
      0.039070664609845124,
      0.06520816292024292,
      0.006800958803846959,
      0.08760640121495888,
      0.014449840145263706,
      0.018987752442618248,
      0.034903920417106556,
      0.04326372016188714,
      0.056584379702716674,
      0.028244041784703,
      0.01603969201409605
    ],
    [
      0.007110243058204745,
      0.003361644853339451,
      0.01795728019159769,
      0.003158729245702873,
      0.017118259752393564,
      0.015168007842454418,
      0.4477579579272928,
      0.03409014295453164,
      0.041813627797198695,
      0.06691426429305346,
      0.025034540517341195,
      0.0838794091336583,
      0.07276793423383562,
      0.004742556331684864,
      0.03363879156400225,
      0.07794988458227321,
      0.029984702073482764,
      0.011186084416671701,
      0.006365939231280823
    ],
    [
      0.004837448557558882,
      0.009696646061300761,
      0.01802831354580661,
      0.010822112444403087,
      0.009641300798692257,
      0.008732886533947253,
      0.012663111026780857,
      0.6491257801822267,
      0.003100443504923577,
      0.03223212108952786,
      0.02596956025868039,
      0.048440896620987314,
      0.015408867016563374,
      0.01811630418927851,
      0.016964862354523155,
      0.03350813029721881,
      0.04411818579551883,
      0.012563950223585243,
      0.026029079498476455
    ],
    [
      0.002154300649729641,
      0.00448058859953335,
      0.007202703055810669,
      0.009441313022777452,
      0.01647029705318132,
      0.002966426150618705,
      0.10476892116140285,
      0.04024578894389255,
      0.47913981718744475,
      0.07677574975980381,
      0.0006536687235390795,
      0.06422490080767551,
      0.05592734999034234,
      0.006252514846869761,
      0.00913609718353246,
      0.04411252008676177,
      0.03653301762996529,
      0.012936657606963857,
      0.026577367540154904
    ],
    [
      0.009555660656021744,
      0.0030205587069714675,
      0.003562096416186478,
      0.015867490557291128,
      0.004240061009305641,
      0.019286651062290907,
      0.08007410523675755,
      0.050847188077638855,
      0.018862255340506246,
      0.528502803117407,
      0.01458358272531167,
      0.06234158970353784,
      0.020926553205344395,
      0.006315580408193396,
      0.024178787044985127,
      0.03873841923903816,
      0.09160223723051604,
      0.006189325588392848,
      0.0013050546743034485
    ],
    [
      0.021999446308135218,
      0.0026605352643744836,
      0.004621516700961117,
      0.02515151243057394,
      0.02866906357041005,
      0.004884771393624297,
      0.03888222997228512,
      0.1230310993282923,
      0.0037657248831083723,
      0.005084138317508191,
      0.5511665600107495,
      0.09574046877219414,
      0.0024334035591273865,
      0.013082341310462074,
      0.00405829913921358,
      0.0518465145196566,
      0.020514941827421113,
      0.0005235940739702352,
      0.0018838386179324995
    ],
    [
      0.01836448017511566,
      5.95890631790623e-05,
      0.012233922815898569,
      0.00901417767698835,
      0.00200849188561632,
      0.0017279816247035894,
      0.06559015300033376,
      0.07663024486977865,
      0.059896299324413024,
      0.0740462170319675,
      0.01888911680385915,
      0.5163620628695423,
      0.0463881777701378,
      0.012887481828719002,
      0.008224252519653115,
      0.026332725615106203,
      0.04421051205343989,
      0.005994893658769604,
      0.0011392194127785077
    ],
    [
      0.016888507345517313,
      0.008429543167791754,
      0.015197479841954862,
      0.00013849522056672014,
      0.012357225485034182,
      0.006615996438523213,
      0.08563493933084249,
      0.05811187037618473,
      0.08888903584551486,
      0.05622587712677682,
      0.016751009444167908,
      0.06168462665288812,
      0.5053469622521386,
      0.021554608417236873,
      0.011335604198914502,
      0.02100726216779264,
      0.004978728779590646,
      0.007803481609937009,
      0.0010487462986268727
    ],
    [
      0.00734963183601501,
      0.0015701570613974928,
      0.004467820783972932,
      0.00961699813480983,
      0.007793546927301562,
      0.01453865695560378,
      0.06076814823057335,
      0.0352237879949828,
      0.023749631166625446,
      0.023429157532592382,
      0.0031682244489794798,
      0.047286074802637634,
      0.00747807027467846,
      0.6810469092872357,
      0.019244735916533254,
      0.03182911563015457,
      0.019397785992256392,
      0.0012400243713956503,
      0.0008015226522541841
    ],
    [
      0.012972000796068821,
      0.0006549737907544412,
      0.005408299858755117,
      0.02123050222423767,
      0.01079612277599945,
      0.017125789531536536,
      0.13701049542308918,
      0.07145641828381753,
      0.058272506375738324,
      0.10274603619832168,
      0.008040590154917534,
      0.12311404727906038,
      0.037241815289772516,
