{
  "poids_LS": 0.92,
  "poids_EM": 0.07999999999999996,
  "mae_validation": 6.007115400360897,
  "matrice_de_transition": [
    [
      0.33021391630607216,
      0.0004695466839393327,
      0.0017016671035945856,
      0.025403789250006664,
      0.0010979210352584391,
      0.006684090551655419,
      0.14310117168517264,
      0.08124516344311797,
      0.08472170911546852,
      0.0662935164916911,
      0.0026935125609647485,
      0.13253092274595143,
      0.003967946906460208,
      0.006450276675406488,
      0.0012081525084325947,
      0.03877794132632879,
      0.07076314188985852,
      0.0010160438667004405,
      0.001659569853919972
    ],
    [
      0.0011460116706314323,
      0.6604841765381692,
      0.0003931981230014435,
      0.002083885244188849,
      0.006871529404136074,
      0.0013658517457542162,
      0.057996842063825584,
      0.005968464004855062,
      0.0558160516950161,
      0.015276725322812448,
      0.00045584763556086224,
      0.0415731243194906,
      0.0058196620956526175,
      2.8934578546139078e-05,
      0.029810387861127805,
      0.04267598688931373,
      0.04802094036843059,
      0.0070770554517116694,
      0.01713532498777579
    ],
    [
      0.003700613637822112,
      0.0031572503523887405,
      0.4875151740909829,
      0.012621301349885972,
      0.03387108640350191,
      0.007401491582520046,
      0.07891300412651311,
      0.17604559345510512,
      0.02175680584880564,
      0.009934652671506628,
      0.0011022052423710481,
      0.0717020348708111,
      0.003579031572234037,
      0.005363354482132903,
      0.0032757681545667588,
      0.021421010216698268,
      0.057695242084440865,
      0.0001390793756924632,
      0.0008053004820204025
    ],
    [
      0.003617408433517598,
      0.002768670363384917,
      0.004086930709012457,
      0.2761355854364874,
      0.0019829023818544924,
      0.005092699401296984,
      0.12980517928472535,
      0.09019810884122044,
      0.10835074248080358,
      0.0964561185361771,
      0.005237280597958785,
      0.12355471802098039,
      0.0394059125109301,
      0.006081992279061852,
      0.02181123841863384,
      0.0602717436661713,
      0.019337052634269998,
      0.003505340174901704,
      0.002300375828611774
    ],
    [
      0.001142505927740328,
      0.008896584519356708,
      0.0016749489765714564,
      0.0043785181498876575,
      0.5246872906853511,
      0.0026693298416201826,
      0.10169733673346146,
      0.04209736486016812,
      0.08367597221350813,
      0.046738322523592654,
      0.00041620391927270974,
      0.044538045418797634,
      0.0024765657620914724,
      0.0005280114716365553,
      7.268058032889902e-05,
      0.0017417377331752602,
      0.027668862877402174,
      0.04956196580519617,
      0.05533775200084146
    ],
    [
      0.002987461156017854,
      0.0012272155912791457,
      0.005438481203475269,
      0.002321541073123209,
      0.0021066063910499737,
      0.5417046888010717,
      0.07043120354074452,
      0.0056531955698531896,
      0.038746774937131634,
      0.06793129007977773,
      0.0025908414490845547,
      0.08808286150049982,
      0.0055047010077195055,
      0.007233429501949806,
      0.028579228585522747,
      0.038199549538096816,
      0.056182513482655266,
      0.01880896800611666,
      0.016269448584830586
    ],
    [
      0.0027086640221732354,
      0.0012806266107959808,
      0.006840868644418166,
      0.0012033254269344274,
      0.014664686031457938,
      0.005778288701887396,
      0.5203757790305411,
      0.03012218709018375,
      0.03605317774799109,
      0.07740734824535811,
      0.013400297312323065,
      0.09163639959487664,
      0.06922441370777911,
      0.0018066881263561379,
      0.021967202281395724,
      0.07297125380800039,
      0.025872308418307656,
      0.004261365492065409,
      0.0024251197071545982
    ],
    [
      0.0018428375457367166,
      0.0036939604043050504,
      0.0068679289698310875,
      0.005178651865237702,
      0.003672876494739906,
      0.0033268139176941907,
      0.009563608606127658,
      0.7350148858971008,
      0.0018197977949811913,
      0.02818223971402956,
      0.009893165812830621,
      0.041551756217643884,
      0.016723121518301545,
      0.010184914378365875,
      0.01942670388392696,
      0.02895988312650147,
      0.04764612476987214,
      0.004786266751841996,
      0.02166446233093151
    ],
    [
      0.0008206859618017677,
      0.0017068908950603231,
      0.0027438868784040635,
      0.0035966906753437896,
      0.0062743988774024055,
      0.0011300671049976015,
      0.11730440512985732,
      0.04136087639161888,
      0.5191477551533965,
      0.08411532812752653,
      0.00024901665658631593,
      0.07400456694008822,
      0.049177089273515884,
      0.002381910417855146,
      0.003480417974679031,
      0.04157945449161478,
      0.029789956385513343,
      0.00492825051693861,
      0.01620835214779963
    ],
    [
      0.008079384868999038,
      0.0011506890312272253,
      0.0013569891109281816,
      0.01640112209522493,
      0.001615261336878339,
      0.007347295642777486,
      0.08549813649304318,
      0.044528709278380915,
      0.01443780365829979,
      0.5833378464643808,
      0.005555650562023492,
      0.0631400959666182,
      0.011077122511287077,
      0.0065118799667323235,
      0.009210966493327664,
      0.035491488485790715,
      0.10240455602924387,
      0.002357838319387751,
      0.0004971636854489326
    ],
    [
      0.022443556392480975,
      0.0010135372435712314,
      0.0017605777908423297,
      0.020023182458345085,
      0.03282550063968965,
      0.0018608652928092553,
      0.03898840956612441,
      0.12826237829559708,
      0.0014345618602317604,
      0.0019368145971459768,
      0.5696513625845131,
      0.08993295881052847,
      0.0009270108796675755,
      0.004983749070652217,
      0.0015460187197004112,
      0.058663405741609526,
      0.022828992840528167,
      0.00019946440913151808,
      0.0007176528068314281
    ],
    [
      0.006995992447663107,
      2.2700595496785627e-05,
      0.004660542025104215,
      0.0034339724483765134,
      0.000765139765949074,
      0.0006582787141727958,
      0.06822823050501045,
      0.08552072384599983,
      0.06946958209016275,
      0.07595462907012508,
      0.007195854020517769,
      0.5434265382873549,
      0.04133955873304266,
      0.0049095168871310475,
      0.003133048578915472,
      0.027376168843505484,
      0.05042728141007213,
      0.006048253383674934,
      0.0004339883477251456
    ],
    [
      0.006433717084006594,
      0.003211254540111143,
      0.005789516130268516,
      5.276008402541718e-05,
      0.00470751447048921,
      0.00252037959562789,
      0.08771648023851689,
      0.06303870650227118,
      0.08356976169108501,
      0.061997354355027276,
      0.006381336931111582,
      0.06736632421371903,
      0.5688988727074252,
      0.008211279397042616,
      0.004318325409110285,
      0.017387818817259214,
      0.0037892499119100377,
      0.004209825521516181,
      0.0003995223994769038
    ],
    [
      0.0027998597470533363,
      0.0005981550710085684,
      0.001702026965323021,
      0.0037702597641057906,
      0.00762952925780937,
      0.012014019625080967,
      0.06782278736091434,
      0.03524767089546002,
      0.024673523994709557,
      0.022464370500618412,
      0.0012069426472302777,
      0.04802015955353524,
      0.002848788676067984,
      0.6923418546471115,
      0.019236478157498054,
      0.03485546435780481,
      0.02199037657918302,
      0.00047239023672215235,
      0.00030534196276349863
    ],
    [
      0.004941714588978597,
      0.00024951382504931086,
      0.0020603047080971866,
      0.008087810371138157,
      0.004112808676571218,
      0.006524110297728202,
      0.1518491676309331,
      0.07456560067940642,
      0.06370700825651424,
      0.10703753617824459,
