{
  "poids_LS": 0.8725,
  "poids_EM": 0.12749999999999995,
  "mae_validation": 6.129367968400242,
  "matrice_de_transition": [
    [
      0.3201930614691555,
      0.0007483400275283116,
      0.0027120319463538713,
      0.029595372926108407,
      0.0017498116499431375,
      0.010652769316700825,
      0.13780378451954434,
      0.07856898108107786,
      0.08241258345737847,
      0.06495728509459799,
      0.004292785644037568,
      0.13598594491192062,
      0.006323915382170957,
      0.010280128451429092,
      0.001925493060314448,
      0.039284770094789034,
      0.06824868159971073,
      0.0016193199125538271,
      0.0026449394546849553
    ],
    [
      0.0018264561000688453,
      0.6462187454877356,
      0.0006266595085335507,
      0.003321192107925978,
      0.010951499987841869,
      0.002176826219795782,
      0.05609252036328207,
      0.007454397418789058,
      0.05608355694223427,
      0.015088906001287967,
      0.0007265071691751243,
      0.039580344747700835,
      0.006493236359823222,
      4.611448455790916e-05,
      0.02972538333598774,
      0.04467299110218513,
      0.05101230523087692,
      0.007626507412334402,
      0.020275850019863796
    ],
    [
      0.0058978529852789915,
      0.005031867749119555,
      0.4714388091152271,
      0.013363540943864848,
      0.03289360776305695,
      0.008386181480372165,
      0.0769227225764856,
      0.17547941576365353,
      0.02075408876322279,
      0.0121498595611738,
      0.0017566396050288583,
      0.07480104701699071,
      0.005704081568247997,
      0.008547846205899315,
      0.005220755496340772,
      0.021939855794192567,
      0.05820672221361453,
      0.00022165775500986327,
      0.0012834476432200166
    ],
    [
      0.005765244690918672,
      0.004412568391644712,
      0.006513545817488604,
      0.26645251750652593,
      0.0031602506710805976,
      0.00811648967081707,
      0.12462978963232298,
      0.08572968815980392,
      0.10483278257518336,
      0.09453538762249385,
      0.008346915952996815,
      0.12015450804086886,
      0.0414346323931853,
      0.009693175194754827,
      0.026696867761592972,
      0.0600901425614082,
      0.020182633476313796,
      0.005586635903749591,
      0.0036662239768500155
    ],
    [
      0.001820868822336148,
      0.014178931577724756,
      0.002669449931410759,
      0.006978263301383455,
      0.5095602769273666,
      0.004254244435082166,
      0.09812508528665809,
      0.04112329732801795,
      0.08552578887023798,
      0.044662309876726466,
      0.0006633249963408812,
      0.04249533358999374,
      0.003947026683333284,
      0.0008415182829207601,
      0.00011583467489918283,
      0.0027758945122480713,
      0.02867751890967542,
      0.05217998010084917,
      0.059405051892795255
    ],
    [
      0.004761266217403455,
      0.001955874848601139,
      0.008667579418038711,
      0.003699956085290115,
      0.0033574039357358956,
      0.520144310580234,
      0.06693334872176683,
      0.006628179993888875,
      0.0388651192406231,
      0.0669363013099477,
      0.0041291535594785095,
      0.08790877024232141,
      0.008773117231052962,
      0.011528278268732504,
      0.030890173677832214,
      0.04004991957371251,
      0.05632934921690847,
      0.0222563988098309,
      0.01618549906860066
    ],
    [
      0.004316933285338594,
      0.0020409986609560946,
      0.010902634402041454,
      0.0019177998991767437,
      0.015561184121799802,
      0.009209147618633038,
      0.49384234439666197,
      0.03157201711754163,
      0.038157957573663095,
      0.0735733368012468,
      0.017651270791079688,
      0.08880211461866223,
      0.07051916159229976,
      0.002879409201380095,
      0.026231821442348105,
      0.07479036889860008,
      0.027374913792313948,
      0.006791551252979246,
      0.0038650345332776415
    ],
    [
      0.002937022338517892,
      0.005887249394361175,
      0.010945761795668297,
      0.007240685538394284,
      0.0058536469134917255,
      0.005302109681325117,
      0.010696119105981712,
      0.703632328039743,
      0.0022877260351524473,
      0.02966200406276932,
      0.015767233014198804,
      0.04406894213425014,
      0.016242913142666446,
      0.013082922193891644,
      0.01852718486356788,
      0.030621742669648188,
      0.046357070144627664,
      0.007628112635748182,
      0.02325922629599601
    ],
    [
      0.0013079682516215674,
      0.0027203573640023904,
      0.004373069712456477,
      0.005732225763829165,
      0.009999823210860084,
      0.0018010444485899275,
      0.11272413214138356,
      0.04095344059341119,
      0.5045294701273756,
      0.08143355910855092,
      0.000396870296434441,
      0.07043122739170665,
      0.05164353068927939,
      0.0037961697284566395,
      0.005546916147144706,
      0.04250499768984156,
      0.03225376722483232,
      0.00785439926137091,
      0.019997030848852515
    ],
    [
      0.008618793329641949,
      0.0018339106435183907,
      0.00216270139554179,
      0.016206141340979887,
      0.002574322755649853,
      0.011709752430676618,
      0.08351627891863111,
      0.046837384224263624,
      0.01605443023449061,
      0.5633019652414482,
      0.00885431808322494,
      0.06284833406280037,
      0.014675952957192633,
      0.006440155128035407,
      0.014679977848740967,
      0.036677867030246517,
      0.0984575549297087,
      0.0037578048215242284,
      0.0007923546236842364
    ],
    [
      0.02228128540012387,
      0.0016153249819416504,
      0.0028059208541549633,
      0.021896995332813318,
      0.031306802479760566,
      0.0029657540604147506,
      0.038949613176067745,
      0.1263509494421588,
      0.0022863329647443685,
      0.0030867982642014007,
      0.5628973001056379,
      0.092054933604214,
      0.0014774235894701984,
      0.007942850081351972,
      0.0024639673345225304,
      0.05617261856435749,
      0.021983474201123662,
      0.00031789640205335694,
      0.0011437591608875887
    ],
    [
      0.011149862963463077,
      3.61790740730021e-05,
      0.007427738852509844,
      0.005472893589600069,
      0.0012194415019813369,
      0.0010491317007128933,
      0.06726431757060936,
      0.08227227960468825,
      0.06597165184883112,
      0.07525732467156751,
      0.011468392345200196,
      0.5335375953462311,
      0.043184246458135116,
      0.007824542538865107,
      0.004993296172646534,
      0.02699491074082113,
      0.04815576952976419,
      0.006028756561113371,
      0.0006916689291869509
    ],
    [
      0.01025373660263551,
      0.005117936923302134,
      0.00922704133261545,
      8.408638391550864e-05,
      0.00750260118734218,
      0.00401685498053195,
      0.08695591721455893,
      0.06123851637927806,
      0.08551334263212669,
      0.05988854536778192,
      0.010170255733959084,
      0.06529031933572313,
      0.5456779823487627,
      0.013086726539036671,
      0.006882331120769518,
      0.018710307733800273,
      0.004223867190485644,
      0.005522892169208406,
      0.0006367388241663155
    ],
    [
      0.004462276471866255,
      0.0009533096444199061,
      0.002712605475983565,
      0.005906568014939958,
      0.007689458790893056,
      0.012936483265079686,
      0.06524513075559744,
      0.03523894445105488,
      0.02433594776906344,
      0.022816888839224288,
      0.0019235648440232552,
      0.04775193627916881,
      0.0045402569524833495,
      0.688214855381003,
      0.019239495415607072,
      0.0337496830919326,
      0.02104308386472906,
      0.0007528719397759304,
      0.00048663875315432597
    ],
    [
      0.007875857626184639,
      0.00039766265867233923,
      0.0032836106285298915,
      0.012889947779001439,
      0.006554788828285379,
      0.010397800787004323,
      0.14642734509345162,
      0.07342955326563355,
      0.06172132487699996,
      0.10546948810865736,
      0.004881786879771359,
