{
  "poids_LS": 0.5625,
  "poids_EM": 0.4375,
  "mae_validation": 6.948178146686589,
  "matrice_de_transition": [
    [
      0.2547937983229629,
      0.002567833427793227,
      0.009305991972782895,
      0.05695097165435138,
      0.006004255661569592,
      0.036553620204365596,
      0.10323136301754912,
      0.0611033698761847,
      0.0673425002151066,
      0.056236617029358726,
      0.014730146817775975,
      0.15853451062666696,
      0.02169970964470427,
      0.03527495056862925,
      0.006607084030490756,
      0.04259249468895064,
      0.05183851970611458,
      0.005556489896018036,
      0.00907577263862485
    ],
    [
      0.0062672513237656486,
      0.5531180375796434,
      0.0021503022351641453,
      0.011396247429157774,
      0.037578676428869175,
      0.007469501734593374,
      0.04366431558078758,
      0.01715206812025303,
      0.05782938066092131,
      0.01386313779765451,
      0.0024929167569734665,
      0.02657483596338872,
      0.01088919471546295,
      0.00015823597642419815,
      0.029170616961389395,
      0.0577060712282932,
      0.0705348969647372,
      0.011212404418503814,
      0.040771908124017105
    ],
    [
      0.020237730831839686,
      0.017266212864625933,
      0.36651937453661065,
      0.018207630925621724,
      0.026514273478047762,
      0.014812578708459681,
      0.06393351667104287,
      0.17178436135628516,
      0.01421004041520841,
      0.026606999262159557,
      0.006027684919216673,
      0.09502617891837345,
      0.0195728289106549,
      0.02933084482416433,
      0.01791435709528697,
      0.02532600587889223,
      0.061544803056642686,
      0.0007605903358181587,
      0.004403987011049078
    ],
    [
      0.019782702370799373,
      0.015141166049761273,
      0.022350402314911887,
      0.2032577583846718,
      0.010843997400766761,
      0.0278506998508429,
      0.09085356242717064,
      0.05656736371266457,
      0.08187346529639883,
      0.08200009113319266,
      0.02864137827008712,
      0.09796366396014104,
      0.05467469899316668,
      0.03326089527611952,
      0.058582027684063114,
      0.05890495640400686,
      0.02570116107702068,
      0.0191698290814937,
      0.012580180312720646
    ],
    [
      0.0062480792923299226,
      0.048653196590232026,
      0.009159877215625157,
      0.023945021132198138,
      0.4108366081910466,
      0.014597897571360381,
      0.07481144426541507,
      0.034766225012932576,
      0.09759827652468539,
      0.031113595760336586,
      0.0022761151835226324,
      0.029163951128326256,
      0.013543719011437746,
      0.0028875627355124133,
      0.00039747192367366673,
      0.00952512822830221,
      0.035260326699248196,
      0.06926596813563721,
      0.0859495353981779
    ],
    [
      0.016337678196972648,
      0.006711335264807832,
      0.029741694081505392,
      0.012695927743642558,
      0.011520503701054549,
      0.3794344737705564,
      0.04410524358738614,
      0.012991236234963883,
      0.03963747153709374,
      0.060442690391057034,
      0.014168664174681166,
      0.08677259571526227,
      0.03010383363596606,
      0.03955781758878802,
      0.04597213112237822,
      0.05212601875352023,
      0.057287645587824135,
      0.0447554208972291,
      0.01563761801531061
    ],
    [
      0.014813006371259888,
      0.007003426777790524,
      0.03741100039916187,
      0.006580685928547653,
      0.021412013764030915,
      0.03160001633844671,
      0.320676770996608,
      0.04103406571714044,
      0.051894415383312006,
      0.04855136737652032,
      0.04539446612612293,
      0.07030467582652616,
      0.07896909515443451,
      0.009880325691010133,
      0.05406407280856366,
      0.08666248843725063,
      0.0371813909700392,
      0.023304342534732715,
      0.013262373398501717
    ],
    [
      0.010078017828247673,
      0.020201345961043254,
      0.03755898655376378,
      0.020698168457942513,
      0.02008604333060887,
      0.018193513612390116,
      0.018087240262923954,
      0.4988198451811969,
      0.005341573497322753,
      0.03931941349664988,
      0.054103250538917486,
      0.06049689232683833,
      0.013108921638521575,
      0.031996236358375625,
      0.012656639678066487,
      0.04146756284597415,
      0.037944292590400525,
      0.026174896299135927,
      0.033667159541680106
    ],
    [
      0.004488126353603419,
      0.009334559582361146,
      0.01500563136627223,
      0.01966940213078636,
      0.03431311886079442,
      0.006180054480455636,
      0.0828318242166075,
      0.03829438591037147,
      0.40912592574702933,
      0.06393148761628904,
      0.0013618098407064158,
      0.04711048507595328,
      0.06774030624478865,
      0.013026072597645337,
      0.01903353579902596,
      0.04854538487826899,
      0.04833337480775621,
      0.026951370014508036,
      0.044723144476776645
    ],
    [
      0.012139143283311482,
      0.006292830639523892,
      0.007421034200388497,
      0.014933635365906972,
      0.00883346043605342,
      0.0401805230464394,
      0.0705820505382577,
      0.061904525976340254,
      0.026605045784367544,
      0.4325414772602028,
      0.030382464011065983,
      0.06094420374314723,
      0.03816305691994469,
      0.005972056180750274,
      0.05037247301038569,
      0.04442054805722119,
      0.07269817933274231,
      0.01289442830915177,
      0.0027188639047988515
    ],
    [
      0.021222253660530148,
      0.005542781800780175,
      0.009628159793668996,
      0.034126089881974436,
      0.021395298699170742,
      0.010176607070050619,
      0.03869641568306636,
      0.11387636113550892,
      0.007845260173142445,
      0.010591954828142066,
      0.518818155506663,
      0.10590361120510906,
      0.005069590748182056,
      0.027254877730129322,
      0.008454789873361627,
      0.03991695488123897,
      0.016465352554483774,
      0.00109082098743799,
      0.003924663787359375
    ],
    [
      0.03825933369815763,
      0.00012414388162304647,
      0.02548733919978869,
      0.018779536827059067,
      0.004184358095034001,
      0.0035999617181324784,
      0.06097351736714955,
      0.06107190666139159,
      0.043143054484351,
      0.07070649596519171,
      0.03935232667470657,
      0.4689992308883705,
      0.05522326108505432,
      0.026848920476497926,
      0.017133859415943996,
      0.024506699965407466,
      0.03333116567933346,
      0.005901514140185278,
      0.002373373776621891
    ],
    [
      0.035184390303161076,
      0.017561548266232824,
      0.03166141633740596,
      0.00028853170951400036,
      0.025744219760487883,
      0.01378332591359003,
      0.08199224274241232,
      0.04948990715553345,
      0.09819776561576707,
      0.04612579197733853,
      0.03489793634201648,
      0.051741655921433996,
      0.3941311189553872,
      0.04490543420257683,
      0.023615842081071883,
      0.02734128803122613,
      0.007060316798031713,
      0.014092379764673457,
      0.002184888122139319
    ],
    [
      0.01531173299169794,
      0.0032711605445781104,
      0.009307959966610276,
      0.019848790283541896,
      0.0080805778489129,
      0.018956772284018705,
      0.04842252975247664,
      0.035181992919147656,
      0.02213281871747825,
      0.025117534838546833,
      0.0066004676020405845,
      0.04600142648856684,
      0.015579313072246794,
      0.6612807549074531,
      0.019259186994844857,
      0.02653300535676665,
      0.014860752465134795,
      0.002583384107074272,
      0.001669838858862884
    ],
    [
      0.027025001658476714,
      0.0013645287307384195,
      0.011267291372406495,
      0.04423021296716182,
      0.022491922449998862,
      0.03567872819070112,
      0.11104281905936234,
      0.06601534909153696,
      0.048762128084380484,
      0.0952359112334566,
      0.01675122948941153,
      0.1053420496945141,
      0.04724873847237102,
      0.040475304940099474,
