{
  "poids_LS": 0.44,
  "poids_EM": 0.56,
  "mae_validation": 7.279705995288981,
  "matrice_de_transition": [
    [
      0.22895054111196744,
      0.003286826787575331,
      0.011911669725162107,
      0.06776084534535064,
      0.007685447246809078,
      0.046788633861587964,
      0.08956968032724458,
      0.05420163641618658,
      0.06138738667582175,
      0.052790546584223864,
      0.01885458792675325,
      0.1674448309494296,
      0.02777562834522147,
      0.04515193672784544,
      0.008457067559028168,
      0.043899579407611286,
      0.04535385895783869,
      0.007112307066903087,
      0.01161698897743981
    ],
    [
      0.00802208169442003,
      0.5163282417127362,
      0.002752386861010106,
      0.014587196709321952,
      0.048100705828952546,
      0.00956096222027952,
      0.038753170142543786,
      0.02098421218776702,
      0.058519262614273454,
      0.013378761652670323,
      0.003190933448926038,
      0.02143556233087829,
      0.012626307291481877,
      0.00020254204982297365,
      0.02895139476497554,
      0.06285623998780367,
      0.07824946950473038,
      0.012629412106425597,
      0.04887115689098093
    ],
    [
      0.025904295464754798,
      0.022100752466721194,
      0.325059275388609,
      0.020121827773251458,
      0.023993407510584455,
      0.0173520421292362,
      0.05880068530518244,
      0.17032421888885735,
      0.011624085826073698,
      0.0323199012407749,
      0.007715436696597342,
      0.10301836813746827,
      0.025053221005638275,
      0.03754348137493035,
      0.022930377081967327,
      0.026664081315588062,
      0.06286388338977478,
      0.0009735556298472431,
      0.005637103374142821
    ],
    [
      0.025321859034623202,
      0.01938069254369443,
      0.028608514963087216,
      0.1782856358284553,
      0.013880316672981457,
      0.035648895809078915,
      0.07750650490255401,
      0.04504354195532725,
      0.0728008318555888,
      0.07704662719790431,
      0.03666096418571152,
      0.08919470137985344,
      0.05990666079477222,
      0.042573945953432994,
      0.07118180862116825,
      0.058436616712775696,
      0.02788186956439679,
      0.02453738122431194,
      0.01610263080028243
    ],
    [
      0.007997541494182301,
      0.062276091635496994,
      0.011724642836000202,
      0.03064962704921362,
      0.37182483586782344,
      0.01868530889134129,
      0.06559879579734323,
      0.03225415611422949,
      0.10236885632362026,
      0.025759668407892202,
      0.00291342743490897,
      0.023895904832989916,
      0.017335960334640316,
      0.00369608030145589,
      0.0005087640623022935,
      0.01219216413222683,
      0.03786159751932131,
      0.07601768921390022,
      0.09643888775111137
    ],
    [
      0.02091222809212499,
      0.008590509138954025,
      0.038069368424326906,
      0.016250787511862475,
      0.014746244737349824,
      0.3238313930957645,
      0.035084460106864744,
      0.015505669749582233,
      0.039942675267150694,
      0.057876666721495405,
      0.018135890143591894,
      0.08632362352311794,
      0.03853290705403656,
      0.050634006513648674,
      0.05193193688675528,
      0.056898025687476504,
      0.057666327218266616,
      0.05364616349628161,
      0.015421116631349222
    ],
    [
      0.01896064815521266,
      0.008964386275571872,
      0.047886080510927194,
      0.008423277988540995,
      0.023724035154912566,
      0.04044802091321179,
      0.2522484395723931,
      0.04477310105085288,
      0.057322531775834566,
      0.038663653652233246,
      0.056357502992390014,
      0.06299520404576273,
      0.08230818180398776,
      0.012646816884492972,
      0.06506230117101981,
      0.09135389051300771,
      0.04105653114510806,
      0.02982955844445788,
      0.016975837950082198
    ],
    [
      0.012899862820157024,
      0.02585772283013537,
      0.04807550278881764,
      0.02601604477292528,
      0.025710135463179358,
      0.02328769742385935,
      0.021007925236231777,
      0.41788588018064243,
      0.006548335800922309,
      0.04313564786971558,
      0.0692521606898144,
      0.06698858232229656,
      0.011870489511883683,
      0.03947004598788946,
      0.010336827467666742,
      0.0457534111414578,
      0.03461988855687529,
      0.03350386726289399,
      0.037779971872635924
    ],
    [
      0.005744801732612378,
      0.011948236265422268,
      0.019207208148828456,
      0.025176834727406543,
      0.043920792141816864,
      0.007910469734983215,
      0.07101954124633308,
      0.0372436304307832,
      0.3714261380483441,
      0.057015346462088785,
      0.0017431165961042125,
      0.03789503045117977,
      0.07410112884333667,
      0.01667337292498603,
      0.02436292582275323,
      0.05093231207369596,
      0.054687413288105155,
      0.03449775361857029,
      0.05449394744264989
    ],
    [
      0.01353024931339057,
      0.008054823218590582,
      0.009498923776497277,
      0.014430790262853967,
      0.01130682935814838,
      0.05143106949944243,
      0.0654709441621424,
      0.06785847715256407,
      0.030774240638754398,
      0.3808699941063237,
      0.03888955393416446,
      0.06019176514909075,
      0.0474442512278064,
      0.00578708159674244,
      0.06447676545329369,
      0.04748015588239667,
      0.06251907123394107,
      0.016504868235714266,
      0.0034801457981425304
    ],
    [
      0.020803765311819725,
      0.007094760704998625,
      0.012324044535896316,
      0.03895855466349778,
      0.017478656076195736,
      0.013026057049664794,
      0.03859636183502549,
      0.10894688672401018,
      0.010041933021622328,
      0.013557702180021846,
      0.5013997838506166,
      0.11137607251514017,
      0.0064890761576730325,
      0.03488624349456554,
      0.010822131037902884,
      0.033493345845167936,
      0.014284804484440593,
      0.0013962508639206274,
      0.00502356964782
    ],
    [
      0.04897194713364177,
      0.0001589041684774995,
      0.032623794175729526,
      0.024037807138635608,
      0.0053559783616435215,
      0.004607950999209573,
      0.058487636641588826,
      0.05269433993379856,
      0.03412207649354837,
      0.06890818462154322,
      0.05037097814362441,
      0.4434961675138933,
      0.059980613639240135,
      0.03436661820991735,
      0.021931340052408314,
      0.023523455384800454,
      0.027473056093276153,
      0.0058512328609475655,
      0.0030379184340760213
    ],
    [
      0.045036019588046185,
      0.022478781780778015,
      0.04052661291187964,
      0.0003693205881779205,
      0.03295260129342449,
      0.01764265716939524,
      0.08003079073325761,
      0.044847311575182756,
      0.1032101585689798,
      0.04068728458917945,
      0.0446693585177811,
      0.04638774860449717,
      0.33424566487252105,
      0.057478955779298346,
      0.030228277863772014,
      0.030751917342305708,
      0.008181171884884595,
      0.01747870954030078,
      0.002796656796338328
    ],
    [
      0.019599018229373367,
      0.004187085497059982,
      0.011914188757261154,
      0.025358216825166858,
      0.008235132960549774,
      0.02133575746085751,
      0.04177488903350149,
      0.035159487878313356,
      0.021262227398706684,
      0.026026661080214612,
      0.008448598530611948,
      0.04530969278099026,
      0.0199415207324759,
      0.650637441010647,
      0.019266968344704948,
      0.02368125367109624,
      0.012417734412069321,
      0.0033067316570550686,
      0.0021373937393444915
    ],
    [
      0.0345920021228502,
      0.001746596775345177,
      0.014422132956680314,
      0.05661467259796713,
      0.028789660735998545,
      0.04566877208409744,
      0.09706022409427867,
      0.06308554260338589,
      0.04364115515826472,
      0.09119199779083693,
      0.021441573746446764,
      0.09577251253360461,
      0.05263708172453945,
      0.05180839032332733,
      0.2184032693492199,
