{
  "poids_LS": 0.0275,
  "poids_EM": 0.9725,
  "mae_validation": 8.41617977515982,
  "matrice_de_transition": [
    [
      0.14192732805453373,
      0.005707926876637516,
      0.020685890728071695,
      0.10416144042728685,
      0.013346602584860407,
      0.08125347576856123,
      0.04356605494152512,
      0.03096110537741743,
      0.04133445332925031,
      0.04118643181999421,
      0.032743012069227743,
      0.19744897081179363,
      0.048235354581656925,
      0.07841117583541016,
      0.014686603930633738,
      0.048300987133713426,
      0.02351775643813415,
      0.012351283254577235,
      0.02017414603671467
    ],
    [
      0.013931204371113356,
      0.3924442352221295,
      0.0047798146827363,
      0.02533222999967071,
      0.0835320293190292,
      0.016603635284324698,
      0.02221563958519225,
      0.033888370782456975,
      0.06084233449801023,
      0.011747699123641934,
      0.005541397819786734,
      0.004129844996914587,
      0.01847576800664764,
      0.00035173597045150333,
      0.02821319757296968,
      0.08019864499431843,
      0.10422711173123801,
      0.01740096860657038,
      0.07614413743279783
    ],
    [
      0.044985584534775074,
      0.038380324596225646,
      0.18544873744125645,
      0.02656759266833117,
      0.015504777211983517,
      0.025903296505320392,
      0.041516661318101396,
      0.16540741262098818,
      0.002916279556538434,
      0.05155722422998982,
      0.013398682477573061,
      0.12993084203850175,
      0.043507602549970034,
      0.06519827792342814,
      0.03982105662895218,
      0.03116984554119648,
      0.0673056845115461,
      0.001690683660761507,
      0.009789433984560524
    ],
    [
      0.043974121269948326,
      0.03365664910489792,
      0.049681751431432705,
      0.09419583538405267,
      0.02410465707941869,
      0.061908127097016506,
      0.032562331605375534,
      0.006238836037762784,
      0.042250127412044855,
      0.06036659557907612,
      0.06366569226893652,
      0.05966656207888496,
      0.07752449135119904,
      0.07393421864234569,
      0.11360964238897125,
      0.056859554487201334,
      0.0352250716137245,
      0.04261179150114886,
      0.027963943666561894
    ],
    [
      0.01388858768409337,
      0.10814910556343005,
      0.020361098496446777,
      0.053226361259571864,
      0.24045866375901057,
      0.03244904088719536,
      0.03457661218036663,
      0.023795148598188477,
      0.11843305360574785,
      0.007731137527212124,
      0.0050594788936588805,
      0.006156565267061408,
      0.030105752545424476,
      0.006418639452081879,
      0.0008835233046231792,
      0.02117299931891177,
      0.04662097885222057,
      0.09875307651825525,
      0.13176017628649955
    ],
    [
      0.03631632467784206,
      0.014918339531487123,
      0.06611153712974627,
      0.028221233670154028,
      0.025608433941201256,
      0.13659652959901605,
      0.004708352468374323,
      0.023972639747786875,
      0.04097040211326082,
      0.049235974772971536,
      0.03149491636543413,
      0.08481177838630537,
      0.06691652162509028,
      0.08793137738307738,
      0.07200067058312698,
      0.07296702862834967,
      0.058941479647307615,
      0.0835843783706421,
      0.01469208135882617
    ],
    [
      0.03292719701954341,
      0.015567617237488651,
      0.08315930945870838,
      0.01462792472117164,
      0.03150941330788139,
      0.07024232203231869,
      0.021826507225547152,
      0.0573637302358029,
      0.07560088289351255,
      0.005368291111266566,
      0.09327385162369754,
      0.038381676620742954,
      0.09355204501166704,
      0.021962552536016814,
      0.1020971517792905,
      0.10715146893137338,
      0.05410547255095215,
      0.05180222426292015,
      0.029480361440098104
    ],
    [
      0.022401993915361972,
      0.044904706164833295,
      0.0834882615395092,
      0.043923179302969295,
      0.04464840488918201,
      0.04044158168697003,
      0.0308428848402275,
      0.1453531408930611,
      0.010611923149777956,
      0.05598623300350825,
      0.1202637969122223,
      0.08884835475598245,
      0.007700258881368335,
      0.06463695596482379,
      0.0025252149224431176,
      0.060185349279310886,
      0.023425466811331123,
      0.058183055202079295,
      0.051629237885038155
    ],
    [
      0.009976463723152744,
      0.020749392443077063,
      0.03335537486559941,
      0.04372227102214797,
      0.07627316135342303,
      0.0137373782451271,
      0.03124348634642944,
      0.03370537218319002,
      0.24447787334868976,
      0.03372629971835322,
      0.0030271087316274046,
      0.006863397531024067,
      0.09552022534865139,
      0.028955098517051636,
      0.04230883100469199,
      0.058969924058296964,
      0.07608366531376999,
      0.05990904534653501,
      0.08739563089916183
    ],
    [
      0.018214585945289543,
      0.013988063535855966,
      0.01649589887972072,
      0.012737536344410171,
      0.019635520626427316,
      0.08931556265751386,
      0.048260075752774544,
      0.08790749641944023,
      0.04481336616883257,
      0.20687418348611827,
      0.0675358771445981,
      0.05765804335277809,
      0.07869725246856518,
      0.0051642079975323845,
      0.11197081143451448,
      0.057782916926354906,
      0.028242482737977727,
      0.028662472070057364,
      0.00604364605123859
    ],
    [
      0.019394569851876466,
      0.012320812117162789,
      0.021402023769927083,
      0.05523114015230087,
      0.00428996152944315,
      0.02262114371571252,
      0.03825944581611235,
      0.09234763615467768,
      0.017438892613442347,
      0.02354440244655579,
      0.44274608337617416,
      0.12980374835504088,
      0.01126897600595897,
      0.06058369964011604,
      0.01879379006135813,
      0.011862825621663449,
      0.006942142615927837,
      0.002424739223505018,
      0.008723966933044553
    ],
    [
      0.08504503319190468,
      0.00027595411400780045,
      0.05665471399267314,
      0.04174422757557701,
      0.009301230279818436,
      0.008002200619163053,
      0.050116813790210865,
      0.024484166259250588,
      0.0037453138714578895,
      0.06285264642354314,
      0.08747460043691917,
      0.3576185051304497,
      0.07600027019925358,
      0.05968131465918682,
      0.038086121787441224,
      0.020212529756225818,
      0.007746768711654606,
      0.005681918349228732,
      0.005275670852033804
    ],
    [
      0.0782098733024552,
      0.039036813003226103,
      0.0703788054585767,
      0.000641364771433978,
      0.057225722781884494,
      0.030638364459351555,
      0.07342590131467541,
      0.02921408155971614,
      0.12008862463592064,
      0.022373943384153983,
      0.07757312706882522,
      0.028359285190322114,
      0.13259056438940034,
      0.09981836517029935,
      0.05249464325449693,
      0.042236689512267535,
      0.011955479830409605,
      0.02888165674394379,
      0.004856694168641114
    ],
    [
      0.03403579505011713,
      0.0072713225819479145,
      0.020690265297207987,
      0.043910367424516206,
      0.00875557364259231,
      0.029346625913477975,
      0.019389976408381082,
      0.03508370559795294,
      0.018330644386516715,
      0.029088004547055093,
      0.01467189655539307,
      0.04298038539833441,
      0.034630587343451445,
      0.6147977105418103,
      0.019293170849335867,
      0.014078416362206062,
      0.004191245049705986,
      0.005742493815153668,
      0.003711813234843782
    ],
    [
      0.060072717972271095,
      0.0030331524357556866,
      0.025045579107806436,
      0.09831744482414827,
      0.0499963304745689,
      0.0793087158067585,
      0.04997597574246628,
      0.05321986769430574,
      0.026397062651956547,
      0.07757473823915847,
      0.037235590122177635,
      0.06354856086931744,
      0.07078150287980048,
      0.08997082069542113,
      0.12555906257292826,
