{
  "poids_LS": 0.2675,
  "poids_EM": 0.7324999999999999,
  "mae_validation": 7.751549733770356,
  "matrice_de_transition": [
    [
      0.19255901565158606,
      0.004299286824819517,
      0.015580889417287932,
      0.08298291237961486,
      0.010052839479085087,
      0.06120120411359496,
      0.07033180062048916,
      0.04448286889088311,
      0.05300161454907369,
      0.04793791677372782,
      0.024662474386333486,
      0.17999201671005455,
      0.03633151386227629,
      0.05906034580919068,
      0.011062146405335949,
      0.04574016809307217,
      0.03622239790414407,
      0.009303151654475912,
      0.015195436474954749
    ],
    [
      0.010493169359219056,
      0.464522202634846,
      0.0036002203137319687,
      0.019080574267104158,
      0.06291744110662095,
      0.012506080047062046,
      0.03183747554583315,
      0.026380496691000996,
      0.059490729038381554,
      0.012696680958712996,
      0.004173854913104146,
      0.01419862599122074,
      0.015072445408733013,
      0.000264932234813086,
      0.028642694121045816,
      0.07010851844507347,
      0.08911284716308811,
      0.014624790279213413,
      0.060276221481195255
    ],
    [
      0.03388374362130873,
      0.028908573539059415,
      0.2666766867924434,
      0.022817329456648425,
      0.020443616658442243,
      0.020928021231962315,
      0.05157282072876672,
      0.16826809990411207,
      0.007982639567904406,
      0.04036459994535568,
      0.010092066750459915,
      0.11427267540517316,
      0.03277050783326792,
      0.04910821447702941,
      0.029993752165251897,
      0.028548309991751578,
      0.06472136385887915,
      0.0012734455336841169,
      0.007373532538499314
    ],
    [
      0.03312189596939552,
      0.02535063801474316,
      0.037420959304395325,
      0.14312081018806871,
      0.018155949933855206,
      0.046630028893125536,
      0.0587116687964612,
      0.02881611948070938,
      0.06002508272465224,
      0.07007134124821252,
      0.04795385047506014,
      0.07684657039944844,
      0.06727411720927798,
      0.055688241805160105,
      0.08892435728770404,
      0.05777711796389914,
      0.0309526631486611,
      0.03209577097644374,
      0.021062816180726567
    ],
    [
      0.010461069900872384,
      0.08145935200535989,
      0.015336251566732404,
      0.04009080680990888,
      0.3168898911677744,
      0.024441051362334806,
      0.05262588264842574,
      0.02871675297115779,
      0.10908661155069178,
      0.01822046458506235,
      0.00381086713584075,
      0.016477635559965266,
      0.022676055259150053,
      0.004834605037172212,
      0.000665481563636482,
      0.015947786119385982,
      0.041524611531261,
      0.08552521481390322,
      0.1112096084113646
    ],
    [
      0.027353941209788485,
      0.011236692757649682,
      0.049796093519320454,
      0.021256610450784395,
      0.01928861476805133,
      0.24553317745166964,
      0.022381724185314207,
      0.019046402657922352,
      0.04037245194825129,
      0.05426328645211269,
      0.023722392018180462,
      0.08569139737499631,
      0.05040241860193174,
      0.06623108887722794,
      0.06032431643251071,
      0.06361779055365982,
      0.05819957277950194,
      0.06616578062555964,
      0.015116247335566851
    ],
    [
      0.024801204953023695,
      0.011725737405100705,
      0.06263670352545386,
      0.011017948440368354,
      0.026979738746154072,
      0.05290745592665649,
      0.15589017695462118,
      0.050038273255468335,
      0.0649662058795908,
      0.024740138407828998,
      0.07179524878366407,
      0.05270227439529991,
      0.08701016096356272,
      0.016542488156948393,
      0.08054960233447844,
      0.0979601505788697,
      0.04651336118755194,
      0.039018127786723915,
      0.0222050023186343
    ],
    [
      0.016873481278151817,
      0.03382282495191813,
      0.06288447463001592,
      0.0335044828491255,
      0.03362977540496228,
      0.030461139933887448,
      0.02512072652517544,
      0.30391764375129027,
      0.008247654146807396,
      0.04850952892566524,
      0.09058429947373041,
      0.0761299417036561,
      0.010126574884577265,
      0.04999439016006199,
      0.007070153130573227,
      0.05178858527183272,
      0.029938584917829546,
      0.043824254946553294,
      0.04357148311418595
    ],
    [
      0.007514405837747438,
      0.01562871975789609,
      0.025123714230387218,
      0.03293219899611659,
      0.057449964721215795,
      0.010347176930134292,
      0.05438591828819156,
      0.03576399516360787,
      0.3183386819012159,
      0.04727629055107209,
      0.002280058761868456,
      0.024918165775478292,
      0.08305820556374098,
      0.02180936726348619,
      0.03186757708065489,
      0.054293495267256374,
      0.06363493686247408,
      0.04512429379571917,
      0.0682528332517367
    ],
    [
      0.015489153723093774,
      0.010535996442174287,
      0.012424931546936168,
      0.013722702260595653,
      0.014789736615792297,
      0.06727367572918139,
      0.058273671918224926,
      0.07624261248234865,
      0.036645147678605265,
      0.3081081096651469,
      0.050868925458527614,
      0.059132208761541814,
      0.06051368811030551,
      0.005526607182527326,
      0.08433791195453147,
      0.051788583228051924,
      0.048185225135629124,
      0.021588957111894104,
      0.0045521549948917914
    ],
    [
      0.02021446539220709,
      0.009280200386449092,
      0.016120290397400087,
      0.04576345404972452,
      0.01196338381119011,
      0.01703854783728475,
      0.03845546968166181,
      0.10200538194047112,
      0.013135207032747061,
      0.017733958655117857,
      0.47687187274312237,
      0.119082191502735,
      0.008487943366956241,
      0.04563245242815938,
      0.014155733902256894,
      0.02444785556988424,
      0.011214236793971622,
      0.001826345996110463,
      0.006571008512550267
    ],
    [
      0.06405705584891534,
      0.0002078523275174435,
      0.042673087917360485,
      0.03144231023044746,
      0.007005810981971212,
      0.006027364476644663,
      0.054987110721921674,
      0.040897358215351225,
      0.02141906666976508,
      0.06637586864783408,
      0.06588703837536584,
      0.40758369051718046,
      0.06667974274615485,
      0.04495276399779367,
      0.0286869760506948,
      0.02213888648557833,
      0.019223881370052598,
      0.005780428610592417,
      0.003973705808858366
    ],
    [
      0.0589087220504354,
      0.029403049382892666,
      0.05301025706777113,
      0.00048308451935772626,
      0.043103179370416855,
      0.023077225672467876,
      0.07726874606730505,
      0.038309779023260354,
      0.11026842619697325,
      0.03302897826707789,
      0.058429116275490446,
      0.03884857299493305,
      0.2499171683068524,
      0.07518452697917148,
      0.03953966702716607,
      0.035554640249744286,
      0.009759518843922326,
      0.022247214734551487,
      0.003658126970210402
    ],
    [
      0.02563621580895712,
      0.005476857368922207,
      0.015584184401238918,
      0.033116388893985674,
      0.008452771791222106,
      0.024685756995589704,
      0.0324139255720875,
      0.03512779710652627,
      0.020036292684518148,
      0.027306859257256993,
      0.011051068613702234,
      0.044335618784606894,
      0.02608422131524749,
      0.6356499173600425,
      0.019277925755732422,
      0.019665521705560345,
      0.008977566133262836,
      0.00432532310498721,
      0.0027957873465532853
    ],
    [
      0.045247574205335296,
      0.0022846109606077534,
      0.018864664983514873,
      0.07405401371073378,
      0.03765790444485523,
      0.05973638491357387,
      0.07737044751079349,
      0.058959896732316,
      0.0364299892010813,
      0.0854975074328623,
      0.028046344230843304,
      0.08229704183762995,
      0.06022474875310315,
      0.06776722484256655,
      0.17957751015186155,
