{
  "poids_LS": 0.14,
  "poids_EM": 0.86,
  "mae_validation": 8.103604665754581,
  "matrice_de_transition": [
    [
      0.165660931615652,
      0.005047626852347829,
      0.018292921363641804,
      0.0942340054049406,
      0.011802651129028226,
      0.07185397343029579,
      0.05611249822853952,
      0.03729943202435447,
      0.046803435151042516,
      0.044351190392056844,
      0.02895526003037106,
      0.1892660235766034,
      0.042655429244447256,
      0.06934047426061977,
      0.012987639465650399,
      0.04710060320841284,
      0.029473057125326302,
      0.01092247156702974,
      0.017840375929639708
    ],
    [
      0.012319625459287904,
      0.42623078244684043,
      0.00422687982226552,
      0.02240176637503014,
      0.07386894109446283,
      0.014682906266857832,
      0.02672587519174267,
      0.030369054802086987,
      0.06020876943880929,
      0.012192534358831494,
      0.004900362082279271,
      0.008849586087995596,
      0.01688046053887516,
      0.0003110467193709952,
      0.02841452407988037,
      0.07546889817435985,
      0.09714230021491774,
      0.0160996350156218,
      0.06870605183048413
    ],
    [
      0.03978159660658772,
      0.033940441288178975,
      0.22352433869962535,
      0.02480965678785488,
      0.017819858202511044,
      0.023571136220933795,
      0.04623048604185077,
      0.1667483597849525,
      0.005291135811866233,
      0.046310681596567566,
      0.011848706355488774,
      0.12259107642912898,
      0.038474589401515914,
      0.057656060682928736,
      0.035214507661592676,
      0.029941000752394184,
      0.06609428420560846,
      0.0014951032886939804,
      0.008656980181719332
    ],
    [
      0.0388871406603142,
      0.029763206406387875,
      0.04393450512188393,
      0.1171294173234352,
      0.021316200604935807,
      0.054746518563942616,
      0.044819833413696934,
      0.016821937651644,
      0.05058213771482957,
      0.0649156951114838,
      0.05630076642805697,
      0.0677196909791491,
      0.07271962847217356,
      0.06538141699991494,
      0.10203841499775225,
      0.05728966236690343,
      0.03322238014572603,
      0.037682406880193337,
      0.024729040157576584
    ],
    [
      0.012281938723208532,
      0.09563828358308465,
      0.018005701498143165,
      0.04706907011129234,
      0.27628580160686866,
      0.028695295797416975,
      0.04303720771226934,
      0.026102150648017845,
      0.11405190889244034,
      0.012648009585579417,
      0.004474192132181632,
      0.010994566966860091,
      0.02662308194248334,
      0.005676123320092973,
      0.0007813162385356649,
      0.018723680631634057,
      0.04423205667052077,
      0.09255251634434024,
      0.12212709759503004
    ],
    [
      0.03211520742719195,
      0.013192567606250823,
      0.05846367293735917,
      0.024956566536074514,
      0.022646018703787227,
      0.18766058327994745,
      0.012992745460689894,
      0.021663466111912884,
      0.0406901129734126,
      0.051592527122568954,
      0.027851545577658978,
      0.08522409978725426,
      0.05917553583298471,
      0.07775936714596045,
      0.06652737957502561,
      0.0685845732808388,
      0.0585937108030237,
      0.07541941067763469,
      0.014890909160423365
    ],
    [
      0.029118138238362293,
      0.013766736066056802,
      0.07353933792749533,
      0.012935748339545099,
      0.02938612835707171,
      0.062116603545289535,
      0.0846688524110506,
      0.05392992227627108,
      0.07061587804323674,
      0.014448844531530208,
      0.08320575654243186,
      0.045094456827566534,
      0.09048553686411814,
      0.019421897358328492,
      0.09199673797703485,
      0.10284303845363728,
      0.0505466703493583,
      0.04580967903970316,
      0.026070036851911945
    ],
    [
      0.019810503616669712,
      0.03971007434627931,
      0.07383023642568423,
      0.03903941534023002,
      0.03948342231845401,
      0.035763249615212565,
      0.028160623130046848,
      0.21968025160785604,
      0.009503672054635506,
      0.05248152796701934,
      0.10635153248792924,
      0.08288659863770448,
      0.00883759450787252,
      0.057773253243841693,
      0.004655654707504106,
      0.056249366150805495,
      0.02647849092375226,
      0.051452367582301484,
      0.04785216533620118
    ],
    [
      0.008822374089369008,
      0.018349077121898483,
      0.029496783942843698,
      0.03866442475994576,
      0.06744978793207589,
      0.012148221378724221,
      0.042091501319130434,
      0.03467035170526089,
      0.2791001273576864,
      0.040077857921190195,
      0.0026769290583028974,
      0.015326570145611987,
      0.08967865357447463,
      0.02560553699194283,
      0.0374144932277996,
      0.05677784806249669,
      0.07024832385222504,
      0.05297869305709008,
      0.0784224445019313
    ],
    [
      0.016937039591135277,
      0.012369907085692678,
      0.01458763294247796,
      0.013199332867622118,
      0.017364059371442152,
      0.07898342815985801,
      0.05295394895532941,
      0.08243958207392856,
      0.04098451375153852,
      0.25432758638253794,
      0.05972324354175256,
      0.05834905838813609,
      0.07017370667563097,
      0.0053340826154987635,
      0.09901788980327245,
      0.05497307300527539,
      0.037590643236876824,
      0.025346761933418335,
      0.005344509618576028
    ],
    [
      0.019778895886406446,
      0.010895525368390743,
      0.018926211251555053,
      0.05079316229171821,
      0.007886878224012036,
      0.020004301897699504,
      0.03835133200308866,
      0.09687470449176837,
      0.015421539997491431,
      0.02082075691931926,
      0.4587425471419312,
      0.1247780185805225,
      0.009965366956426441,
      0.053575302509511355,
      0.016619701236779427,
      0.017762058409891944,
      0.00894468676188586,
      0.0021442423981638203,
      0.007714767673437856
    ],
    [
      0.07520691881237843,
      0.00024403140159044563,
      0.050100826769870335,
      0.03691520382004754,
      0.00822525248395255,
      0.007076496177357558,
      0.05239976547695031,
      0.03217784998867276,
      0.012029885495664385,
      0.06450415684117952,
      0.07735543072056605,
      0.38103968578047975,
      0.07163127295561354,
      0.05277730653665878,
      0.033680272223341336,
      0.02111550947310981,
      0.013126665270278663,
      0.005728095034242959,
      0.0046653747380453175
    ],
    [
      0.06916245865307091,
      0.0345209863061948,
      0.06223729840038658,
      0.0005671709032732349,
      0.050605780557759036,
      0.02709408065299983,
      0.07522723479247057,
      0.03347768974575249,
      0.11548540661766404,
      0.027368490985524567,
      0.06859937200944954,
      0.03327613884873349,
      0.187587409975706,
      0.08827125351820816,
      0.046421998147935586,
      0.03910447892045976,
      0.010926123117993694,
      0.025771762052041146,
      0.004294865794376718
    ],
    [
      0.03009849228082338,
      0.006430167013342114,
      0.018296789877222486,
      0.03885068998833002,
      0.008613635274762527,
      0.027161843608217846,
      0.02549495257886847,
      0.035104373492596694,
      0.019130167026204885,
      0.028253092692462234,
      0.01297463345772549,
      0.043615651048149635,
      0.03062447826773084,
      0.6245721824878566,
      0.019286024711709253,
      0.01669737199190338,
      0.0064348330576232595,
      0.005078195044763141,
      0.0032824260997076117
    ],
    [
      0.05312343183151994,
      0.002682273619280093,
      0.022148275612044768,
      0.08694396148973522,
      0.04421269327314062,
      0.07013418570057821,
      0.06281713438386965,
      0.055910506305873055,
      0.031099996971858775,
      0.08128853629870714,
      0.03292813111061467,
      0.07233691132321393,
      0.06583302438291111,
      0.07956288513939554,
      0.15088020987555326,
