{
  "poids_LS": 0.485,
  "poids_EM": 0.515,
  "mae_validation": 7.157527709413426,
  "matrice_de_transition": [
    [
      0.23844398253641474,
      0.0030227067778594557,
      0.01095448197939015,
      0.06378987133641213,
      0.007067866664476206,
      0.04302883292628178,
      0.09458825764205032,
      0.0567369670749614,
      0.06357497940453863,
      0.054056450013048915,
      0.017339487111210576,
      0.1641716520553535,
      0.025543658210337602,
      0.04152365609792929,
      0.0077774817730348325,
      0.043419425837491046,
      0.04773597923271555,
      0.006540782391884089,
      0.010683480934609824
    ],
    [
      0.007377450129689849,
      0.5298428606026204,
      0.002531212916821794,
      0.013415011259465722,
      0.044235470539126,
      0.008792670613292771,
      0.04055726438516396,
      0.019576485795619023,
      0.05826583659059307,
      0.013556695746746148,
      0.0029345191539230523,
      0.02332345876731069,
      0.011988184304372882,
      0.0001862663493907704,
      0.02903192536773981,
      0.060964341259820226,
      0.07541554489820228,
      0.012108878670046166,
      0.04589592265005543
    ],
    [
      0.023822700293479857,
      0.020324799143502527,
      0.34028951589195655,
      0.01941865342106094,
      0.024919439906795463,
      0.01641917801548156,
      0.06068621519468218,
      0.17086059775444307,
      0.012574028328204815,
      0.030221284187405998,
      0.0070954462477636265,
      0.10008246189371915,
      0.023040015746256626,
      0.034526594478730584,
      0.02108775749502352,
      0.026172543400067142,
      0.06237932326739972,
      0.0008953234810202325,
      0.005184121853006344
    ],
    [
      0.02328706679076955,
      0.017823315464290414,
      0.026309616439267706,
      0.1874590686042083,
      0.012764934083188302,
      0.03278425239584935,
      0.08240950562588256,
      0.049276782600879726,
      0.0761336359767027,
      0.07886626701086738,
      0.0337149938493597,
      0.09241595293995908,
      0.05798471564316203,
      0.03915282529646069,
      0.06655331766468064,
      0.05860865986465653,
      0.027080792977197402,
      0.02256562737592973,
      0.014808669396688304
    ],
    [
      0.007354881909828366,
      0.05727176284335884,
      0.010782484036678757,
      0.028186710589901808,
      0.3861556910069666,
      0.017183810855429933,
      0.0689830340101043,
      0.033176956934161235,
      0.10061639843829724,
      0.027726417231239118,
      0.0026793127303180704,
      0.025831105512909385,
      0.015942892093463862,
      0.0033990738486603268,
      0.00046788123586728774,
      0.011212436657315744,
      0.036906028646641394,
      0.07353746514433421,
      0.09258565627452356
    ],
    [
      0.019231781191864944,
      0.007900200368859505,
      0.03501022274737206,
      0.014944920658230668,
      0.013561278642384213,
      0.34425701456813695,
      0.03839821730379098,
      0.014582000295232633,
      0.0398305596112114,
      0.058819287661334374,
      0.01667854182848183,
      0.08648855208349748,
      0.03543651273719434,
      0.0465652024188019,
      0.04974262048351472,
      0.055145043548472154,
      0.05752721968055305,
      0.050380176419078646,
      0.015500647751988098
    ],
    [
      0.01743702464274021,
      0.008244033806999132,
      0.04403809189844197,
      0.00774640743589038,
      0.022874721174588695,
      0.03719773351840013,
      0.27738537764659454,
      0.04339957786704014,
      0.05532852983572424,
      0.0422958750203387,
      0.05233026495988374,
      0.06568031612849215,
      0.0810815785449682,
      0.011630554813417644,
      0.06102213565011755,
      0.08963051832191328,
      0.03963301026447052,
      0.027432540355171085,
      0.015611708114807735
    ],
    [
      0.011863266700680119,
      0.023779870102713773,
      0.04421229274328765,
      0.024062539187829572,
      0.023644142434888157,
      0.021416364595156365,
      0.019935020552159514,
      0.4476167244665604,
      0.006105035362865329,
      0.041733765855120016,
      0.06368725492009716,
      0.06460387987498536,
      0.012325423762485358,
      0.03672456489949662,
      0.011189003381691138,
      0.04417901789005564,
      0.03584109820184374,
      0.030811592214982864,
      0.036269142853101136
    ],
    [
      0.0052831658790988825,
      0.010988110136950837,
      0.017663771779726167,
      0.02315369622252566,
      0.040391442773278004,
      0.007274806988422063,
      0.07535874723541347,
      0.03762962223961154,
      0.38527503965194276,
      0.05955596974322357,
      0.0016030447267744096,
      0.041280299497014936,
      0.07176450013366596,
      0.01533354831494251,
      0.022405190711996273,
      0.050055481675375844,
      0.052353276703487175,
      0.03172561270279232,
      0.05090467288375767
    ],
    [
      0.013019230771728865,
      0.007407560638525267,
      0.008735617401600174,
      0.014615508872138744,
      0.010398244856154312,
      0.04729821570038009,
      0.06734849344316435,
      0.0656713114143594,
      0.029242699671836778,
      0.3998513552648915,
      0.03576450049302624,
      0.06046817116323394,
      0.04403483291063271,
      0.005855031443928991,
      0.05929559680079687,
      0.04635621831396486,
      0.06625833543350071,
      0.015178584181058656,
      0.0032004912250775054
    ],
    [
      0.020957495725631718,
      0.006524646005489806,
      0.011333719528547503,
      0.03718336351926471,
      0.01891742275402329,
      0.011979320322459587,
      0.038633116309816015,
      0.11075771405884646,
      0.009234991975241963,
      0.012468243969127232,
      0.5077983693569194,
      0.10936578060533284,
      0.00596763253786002,
      0.03208288464232366,
      0.009952495508071401,
      0.03585303896045934,
      0.015085822142823802,
      0.0012840521337841482,
      0.004619889943977321
    ],
    [
      0.045036701381831266,
      0.00014613508351055756,
      0.0300022392866084,
      0.022106197636423814,
      0.004925587243297167,
      0.004237669222487375,
      0.059400817316284604,
      0.05577181342556742,
      0.03743590514323097,
      0.06956878878859776,
      0.04632331025708316,
      0.4528646397739053,
      0.05823301474178412,
      0.03160501496090613,
      0.02016900022676836,
      0.023884647271554052,
      0.029625014716725774,
      0.005869703534953256,
      0.0027937999884806264
    ],
    [
      0.04141705372829247,
      0.020672451101965496,
      0.037270010088603596,
      0.0003396430409136233,
      0.030304624403774308,
      0.01622494364685455,
      0.08075132412437566,
      0.0465527548495973,
      0.10136887136167717,
      0.04268510362972768,
      0.04107985649403083,
      0.04835449006786171,
      0.3562444031070433,
      0.05286011111846187,
      0.027799219821147476,
      0.0294990331055826,
      0.00776942919991823,
      0.016234751663539722,
      0.0025719254466325695
    ],
    [
      0.018024097121655862,
      0.0038506232696176616,
      0.010956798589266953,
      0.02333434585069238,
      0.008178357613417862,
      0.02046184453875346,
      0.04421687950169645,
      0.03516775503617085,
      0.02158203645458195,
      0.025692696338377466,
      0.007769693291544917,
      0.04556379904091634,
      0.018339077102187656,
      0.6545472297890655,
      0.0192641098896543,
      0.024728835922975166,
      0.01331516961523623,
      0.0030410121488988573,
      0.001965638885290023
    ],
    [
      0.031812287666549734,
      0.0016062452487549395,
      0.013263211558375645,
      0.052065279264201916,
      0.02647620585542723,
      0.04199896004162532,
      0.10219668755084,
      0.06416179804801281,
      0.04552232888622561,
      0.09267751701465639,
      0.019718590141821576,
      0.09928785271516319,
      0.050657690325783704,
      0.0476452161009171,
