{
  "poids_LS": 0.2625,
  "poids_EM": 0.7375,
  "mae_validation": 7.7653030656849875,
  "matrice_de_transition": [
    [
      0.1915041888266475,
      0.004328633492565726,
      0.015687243611262596,
      0.08342413171394138,
      0.01012145954378874,
      0.06161895977307343,
      0.06977418091884408,
      0.044201165484352586,
      0.05275854869032737,
      0.04779726083719171,
      0.02483081892139379,
      0.1803557032538408,
      0.03657951054393006,
      0.059463488101403596,
      0.01113765593711299,
      0.0457935184897522,
      0.03595771787360219,
      0.00936665439614469,
      0.01529915959082475
    ],
    [
      0.010564795088633522,
      0.4630205783137479,
      0.0036247951964195595,
      0.019210817094865964,
      0.06334691169437946,
      0.012591445781171688,
      0.03163702062998646,
      0.026536910734573,
      0.05951888748545716,
      0.012676910503815683,
      0.004202345390326701,
      0.01398885972050603,
      0.015143347962856235,
      0.00026674064597221974,
      0.02863374627629423,
      0.07031872941484942,
      0.08942772767492457,
      0.014682627327700018,
      0.06060680306352032
    ],
    [
      0.03411503197367261,
      0.029105901686083714,
      0.26498443784762704,
      0.02289545994022515,
      0.020340724169974355,
      0.021031672800157275,
      0.0513633174077112,
      0.16820850225238032,
      0.007877090401000948,
      0.04059777961795223,
      0.010160954578108106,
      0.1145988872100342,
      0.032994197306532545,
      0.04944342413216273,
      0.030198487674912327,
      0.02860292531569835,
      0.06477520387247637,
      0.001282137994664896,
      0.00742386381862559
    ],
    [
      0.033347983996490374,
      0.02552367991245472,
      0.03767639247370861,
      0.14210153987965174,
      0.018279881332721112,
      0.046948322605706604,
      0.05816689093831358,
      0.028345759408981326,
      0.059654771155639594,
      0.06986915904677218,
      0.048281180512432575,
      0.0764886535594367,
      0.06748766667056802,
      0.05606836632260148,
      0.08943863406064712,
      0.057758002058134604,
      0.031041671658349923,
      0.0323148547373751,
      0.021206589670014805
    ],
    [
      0.010532476521356155,
      0.0820153885378197,
      0.015440935877768123,
      0.04036446419427687,
      0.31529757393009183,
      0.02460788447743607,
      0.052249856180341184,
      0.028614219546720936,
      0.10928132909350546,
      0.018001936938023804,
      0.0038368798807952953,
      0.016262613262196437,
      0.022830840619280774,
      0.004867605754149498,
      0.0006700240999070382,
      0.01605664472770944,
      0.04163078585044766,
      0.08580079526607724,
      0.11163774524209659
    ],
    [
      0.027540657532039606,
      0.01131339373210463,
      0.05013599859453766,
      0.0214017067678546,
      0.019420277667491954,
      0.2432636639547394,
      0.022013528941211294,
      0.019149032597294533,
      0.04038490924335566,
      0.0541585507921306,
      0.02388431960874825,
      0.0856730719793986,
      0.05074646241491422,
      0.06668317822109981,
      0.06056757381064856,
      0.06381256634688254,
      0.05821502917258123,
      0.06652866807858218,
      0.015107410544384758
    ],
    [
      0.024970496454409526,
      0.011805776568275455,
      0.06306425781573001,
      0.011093156279551758,
      0.02707410696619006,
      0.05326859897052446,
      0.15309718383526547,
      0.050190886942558646,
      0.06518776165071419,
      0.024336558255817282,
      0.07224271967616476,
      0.05240392860832997,
      0.08714645021456491,
      0.016655406164845656,
      0.08099850961457872,
      0.09815163637788021,
      0.046671530174289454,
      0.039284463129978006,
      0.022356572300331466
    ],
    [
      0.016988658624760365,
      0.0340536974771872,
      0.06331372019063038,
      0.03372153902524726,
      0.03385933018588353,
      0.030669065803743338,
      0.025239938156739028,
      0.3006142166084105,
      0.00829690975103595,
      0.04866529359395364,
      0.09120262233703234,
      0.07639490864224624,
      0.010076026634510413,
      0.050299443614327866,
      0.00697546691790385,
      0.051963517855321856,
      0.029802894957277497,
      0.04412339661854343,
      0.043739353005245375
    ],
    [
      0.00756569871036005,
      0.015735400438837362,
      0.025295207160287474,
      0.03315699216332558,
      0.057842114651053454,
      0.010417806124196644,
      0.05390378428940485,
      0.035721107184849166,
      0.3167999150563716,
      0.04699399907539045,
      0.002295622302905101,
      0.024542024770385498,
      0.08331783097592664,
      0.02195823666460214,
      0.03208510320407233,
      0.05439092086706972,
      0.06389428537187608,
      0.045432309453027835,
      0.06865164153605804
    ],
    [
      0.015545933561056187,
      0.01060791450662599,
      0.012509743366369182,
      0.013702177970675123,
      0.014890690449347195,
      0.06773288170685499,
      0.058065055331444716,
      0.07648563089770473,
      0.03681531889715167,
      0.3059990695364171,
      0.05121615361865409,
      0.05910149698219258,
      0.06089251236776927,
      0.005519057199506598,
      0.08491359736036445,
      0.05191346518009991,
      0.047769751335678054,
      0.02173632200685584,
      0.00458322772523235
    ],
    [
      0.02019738423511687,
      0.009343546464172296,
      0.016230326509327736,
      0.04596069751019487,
      0.011803520846987048,
      0.017154851918085332,
      0.03845138585112953,
      0.10180417890326712,
      0.01322486714901155,
      0.017855009567439482,
      0.47616091879797773,
      0.11930555727049139,
      0.008545881546935466,
      0.045943936745075145,
      0.014252360072238172,
      0.024185667445962976,
      0.011125234831929044,
      0.0018388125216811833,
      0.006615861812977231
    ],
    [
      0.0644943053768943,
      0.00020927111473599262,
      0.04296437179392951,
      0.031656933508471,
      0.00705363221734303,
      0.006068506896280464,
      0.05488564620251103,
      0.040555416716265794,
      0.021050863486467012,
      0.06630246818482802,
      0.06633677925164821,
      0.40654274915495703,
      0.06687392040142774,
      0.045259608803239364,
      0.02888279158687702,
      0.022098754053716824,
      0.01898477485633597,
      0.005778376313480674,
      0.004000830080591189
    ],
    [
      0.05931082936818582,
      0.029603752791649618,
      0.05337210182591292,
      0.0004863820246093149,
      0.04339739902482243,
      0.023234749397194623,
      0.07718868680162527,
      0.038120285326103176,
      0.11047301366445132,
      0.03280699837368364,
      0.05882794983368493,
      0.038630046165670326,
      0.24747286405857216,
      0.07569773194148666,
      0.03980956236523547,
      0.035693849609380185,
      0.009805268031140811,
      0.022385432276413833,
      0.0036830971201777087
    ],
    [
      0.025811207043147957,
      0.005514242060860244,
      0.01569056108657161,
      0.03334126344670506,
      0.008459080163125653,
      0.02478285843137904,
      0.03214259329784362,
      0.035126878533431,
      0.020000758344976454,
      0.027343966450794455,
      0.011126502529154128,
      0.04430738475572622,
      0.02626227060750174,
      0.6352154963846627,
      0.019278243361849162,
      0.019549123677573797,
      0.008877851110688735,
      0.004354847494782345,
      0.0028148712192260046
    ],
    [
      0.04555643136714646,
      0.002300205574673336,
      0.01899343402777095,
      0.07455950185892993,
      0.03791495498714094,
      0.060144141807181896,
      0.07679972934895334,
      0.05884031279402413,
      0.03622096989797454,
      0.08533244974132681,
      0.02823778685357944,
      0.08190644848412346,
      0.06044468113074268,
      0.06822979975616769,
      0.17845212582730047,
