{
  "poids_LS": 0.7175,
  "poids_EM": 0.2825,
  "mae_validation": 6.534610336907619,
  "matrice_de_transition": [
    [
      0.2874934298960592,
      0.0016580867276607693,
      0.006009011959568383,
      0.043273172290229894,
      0.003877033655756365,
      0.02360319476053321,
      0.12051757376854674,
      0.06983617547863129,
      0.07487754183624253,
      0.06059695106197836,
      0.009511466230906773,
      0.1472602277692938,
      0.014011812513437614,
      0.02277753951002917,
      0.004266288545402602,
      0.040938632391869845,
      0.06004360065291266,
      0.0035879049042859316,
      0.005860356046654903
    ],
    [
      0.004046853711917247,
      0.5996683915336896,
      0.001388480871848848,
      0.007358719768541876,
      0.02426508820835552,
      0.004823163977194578,
      0.04987841797203483,
      0.012303232769521043,
      0.056956468801577786,
      0.01447602189947124,
      0.0016097119630742954,
      0.03307759035554478,
      0.008691215537643085,
      0.00010217523049105366,
      0.029448000148688563,
      0.051189531165239166,
      0.060773601097807065,
      0.009419455915419107,
      0.03052387907194045
    ],
    [
      0.013067791908559338,
      0.011149040306872743,
      0.41897909182591886,
      0.015785585934743288,
      0.029703940620552358,
      0.011599380094415922,
      0.07042811962376423,
      0.17363188855996933,
      0.0174820645892156,
      0.01937842941166668,
      0.0038921622621227656,
      0.08491361296768209,
      0.012638455239451448,
      0.018939345515031823,
      0.011567556295813871,
      0.023632930836542398,
      0.059875762635128615,
      0.000491124045414011,
      0.0028437173271345477
    ],
    [
      0.012773973530859023,
      0.009776867220702992,
      0.014431974066200245,
      0.2348551379455989,
      0.00700212403592368,
      0.017983594760829984,
      0.10774167602974681,
      0.07114852593623425,
      0.0933531239357911,
      0.08826773937784327,
      0.01849414711154197,
      0.10905908600050496,
      0.048054665693176,
      0.021477035235437175,
      0.04263944772282804,
      0.05949754948270753,
      0.022941897276667237,
      0.012378232492621646,
      0.00812320214478533
    ],
    [
      0.004034474057333035,
      0.03141606408397839,
      0.005914663573517958,
      0.015461642216790797,
      0.4601984425592066,
      0.009426071003221273,
      0.08646826477603659,
      0.037944761170475266,
      0.09156203269746169,
      0.03788795281853152,
      0.0014697200899317568,
      0.035829642359159995,
      0.008745372847385515,
      0.001864540509216587,
      0.00025665329928642477,
      0.00615051137027514,
      0.03196892280446181,
      0.06072297411824319,
      0.07267729364548658
    ],
    [
      0.01054947220718805,
      0.004333605056704485,
      0.01920463674977205,
      0.008197941914466336,
      0.007438953818395222,
      0.4497893921753952,
      0.05551929615457649,
      0.009809708114426378,
      0.03925129538885842,
      0.06368949585050238,
      0.009148908867079837,
      0.08734068297879184,
      0.01943847543350951,
      0.025543047928760262,
      0.03843115240010522,
      0.04608796916361636,
      0.056808497402366306,
      0.03350590985353,
      0.015911558541955636
    ],
    [
      0.009564969828299241,
      0.0045222127193733095,
      0.02415681740060166,
      0.004249242913862198,
      0.01848659894291536,
      0.020404581978539876,
      0.40725955769663497,
      0.03630304141734104,
      0.04502618647848755,
      0.06106235208888356,
      0.03152286845860131,
      0.0795533952225942,
      0.07474412837336714,
      0.006379867446195115,
      0.040147947125455885,
      0.08072642866792536,
      0.032278152381176574,
      0.01504794689385598,
      0.00856370396588968
    ],
    [
      0.006507520083382783,
      0.013044297677702214,
      0.024252374174716037,
      0.013969426998168399,
      0.012969845122050298,
      0.011747811646857616,
      0.014391679684452832,
      0.60122608661047,
      0.0038146497662376,
      0.0344907087797096,
      0.03493524177655815,
      0.052282917230544235,
      0.014675917390594009,
      0.022539579276133634,
      0.015591912270817182,
      0.03604465275781117,
      0.04215068136751409,
      0.016901504467442055,
      0.02846319291883806
    ],
    [
      0.002898047302612493,
      0.006027458473181768,
      0.009689350539364353,
      0.012700813947307764,
      0.02215647103582725,
      0.003990549464522782,
      0.09777797817899553,
      0.039623913251891324,
      0.45682769793720246,
      0.07268252336241998,
      0.0008793400685704285,
      0.05877085623382997,
      0.05969191846703402,
      0.008411121163050988,
      0.012290225973085333,
      0.04552519128405527,
      0.040293571016294265,
      0.017402884637939472,
      0.03236008766281458
    ],
    [
      0.010378968306476714,
      0.004063370641521141,
      0.004791867797965144,
      0.015569888353443428,
      0.005703891595851636,
      0.025945137738558006,
      0.0770491647284444,
      0.05437095510030194,
      0.021329738009429076,
      0.49792172125082546,
      0.019618391047145464,
      0.0618962689029738,
      0.026419504938568664,
      0.00620610565439284,
      0.03252622542956333,
      0.04054920754373385,
      0.0855778671312255,
      0.008326116565338,
      0.001755609264241544
    ],
    [
      0.02175176953032701,
      0.0035790533913609124,
      0.00621704032391198,
      0.028011542607393875,
      0.026351050589465658,
      0.0065711805652326856,
      0.03882301442956705,
      0.12011365528883386,
      0.005065796568943406,
      0.006839376546171733,
      0.5408577278061505,
      0.09897927240466153,
      0.0032735071688261273,
      0.01759886390574065,
      0.005459378603942079,
      0.04804478672279823,
      0.01922441337780372,
      0.0007043586947456735,
      0.0025342114741234816
    ],
    [
      0.024704598330810353,
      8.016147784802429e-05,
      0.016457539026149267,
      0.012126215208329568,
      0.0027018997985076686,
      0.002324546709422686,
      0.06411891746887945,
      0.0716720931330399,
      0.054557353166591056,
      0.07298191031837961,
      0.025410359509953382,
      0.5012684131173007,
      0.049203753771594715,
      0.017336731507681516,
      0.011063577794295265,
      0.0257508053531143,
      0.040743467604548826,
      0.005965135350649325,
      0.0015325213529044212
    ],
    [
      0.022719063452898293,
      0.011339742594767478,
      0.020444228835010708,
      0.0001863090467147545,
      0.01662341047391503,
      0.00890009044706099,
      0.08447407997848562,
      0.055364211767405754,
      0.09185555412394689,
      0.05300716867256022,
      0.022534096037987783,
      0.058515987628578556,
      0.469904550652075,
      0.02899608037080675,
      0.0152490866009207,
      0.023025797882513202,
      0.005642091994258679,
      0.009807635966940932,
      0.0014108134731528172
    ],
    [
      0.009887004731782098,
      0.002112235094499008,
      0.00601028272129692,
      0.012877679149240928,
      0.007885018319902978,
      0.015946627774549194,
      0.05683383025403704,
      0.03521046868510127,
      0.023234383243270845,
      0.023967211838885557,
      0.00426201622303192,
      0.04687668138386782,
      0.010059785012365072,
      0.6747478051442279,
      0.019249341205225964,
      0.03014134422434963,
      0.01795191816493193,
      0.0016681280234251013,
      0.001078238806008605
    ],
    [
      0.017450429642330675,
      0.0008810956947053793,
      0.007275451000468193,
      0.02856008037308163,
      0.01452335563914212,
      0.02303826448885272,
      0.128735082076407,
      0.06972245117858526,
      0.05524172648069022,
      0.10035269967105698,
      0.010816508184591445,
      0.11745044365321596,
      0.04043083476554567,
      0.02613548261846423,
