{
  "poids_LS": 0.36,
  "poids_EM": 0.64,
  "mae_validation": 7.49782549376458,
  "matrice_de_transition": [
    [
      0.21207331191294998,
      0.0037563734715146636,
      0.013613336828756692,
      0.07482035469457463,
      0.008783368282067518,
      0.05347272441324338,
      0.08064776510092321,
      0.04969438191169802,
      0.057498332935880615,
      0.05054005159964599,
      0.021548100487718,
      0.17326381565000928,
      0.03174357525168168,
      0.05160221340325193,
      0.009665220067460763,
      0.0447531857544917,
      0.04111897846916872,
      0.008128350933603527,
      0.013276558831359782
    ],
    [
      0.009168093365051463,
      0.49230225257516386,
      0.0031455849840115496,
      0.0166710819535108,
      0.05497223523308862,
      0.010926813966033734,
      0.035545891488996825,
      0.023486836884919007,
      0.058969797767483005,
      0.0130624343743133,
      0.0036467810844868997,
      0.018079301999442902,
      0.013760748157453418,
      0.00023147662836911273,
      0.028808229248950157,
      0.06621961550421865,
      0.08328755769411367,
      0.013554804882211252,
      0.05416046220818177
    ],
    [
      0.02960490910257691,
      0.025258002819109934,
      0.2979832922715467,
      0.02137191551047904,
      0.02234712769509821,
      0.019010467220355556,
      0.05544863216829399,
      0.1693706564611494,
      0.009935299155618372,
      0.03605077600231961,
      0.00881764193896839,
      0.10823775701524445,
      0.02863225257787231,
      0.04290683585706325,
      0.026206145236534084,
      0.02753792649873636,
      0.06372532360733042,
      0.0011126350055397063,
      0.006442403856163224
    ],
    [
      0.028939267468140798,
      0.022149362907079348,
      0.03269544567209967,
      0.16197731089378326,
      0.01586321905483595,
      0.040741595210375896,
      0.06879005917219212,
      0.037517780807678376,
      0.06687584675138634,
      0.07381171197485883,
      0.0418982447836703,
      0.08346803193966561,
      0.06332345217541258,
      0.048655938232494846,
      0.07941023698825732,
      0.058130762220543086,
      0.02930600571941792,
      0.028042721399213644,
      0.018403006628894204
    ],
    [
      0.009140047421922629,
      0.0711726761548537,
      0.013399591812571658,
      0.03502814519910128,
      0.3463477600649021,
      0.02135463873296147,
      0.05958237230799019,
      0.030613621323239717,
      0.10548433700863893,
      0.022263226055275455,
      0.0033296313541816796,
      0.020455548068688628,
      0.01981252609673179,
      0.004224091773092445,
      0.0005814446426311925,
      0.01393390186540209,
      0.039560386626307835,
      0.08042697644868423,
      0.103289077042823
    ],
    [
      0.023899689248142845,
      0.00981772473023317,
      0.04350784962780217,
      0.018572328584985684,
      0.016852851128399796,
      0.2875191771448799,
      0.02919333620121812,
      0.01714774877953707,
      0.040141991988820534,
      0.056200896161781685,
      0.020726731592676448,
      0.08603041719355428,
      0.044037608061756064,
      0.057867436015598475,
      0.0558240549369607,
      0.06001443837903978,
      0.057913629507535175,
      0.05945236274464244,
      0.015279727972435658
    ],
    [
      0.021669312177385894,
      0.010245012886367852,
      0.05472694915534536,
      0.009626603415475424,
      0.025233926675488336,
      0.04622630961509919,
      0.2075605496627018,
      0.047214920044297726,
      0.06086742411380848,
      0.032206371220045764,
      0.06351703727240117,
      0.05822167145424374,
      0.08448880982002252,
      0.01445350501084911,
      0.07224481765262382,
      0.0944176632971756,
      0.04358723493290812,
      0.03409092393652329,
      0.019400957657236796
    ],
    [
      0.01474270036589374,
      0.029551683234440417,
      0.05494343175864873,
      0.029488943590873215,
      0.029383011957919262,
      0.02661451134155354,
      0.022915311341249127,
      0.36503104589456603,
      0.007336425468579161,
      0.04562788256232991,
      0.07914532650264501,
      0.07122805333973867,
      0.011061717510814039,
      0.04435090125614338,
      0.008821848064956705,
      0.04855233247728385,
      0.03244884918804248,
      0.03829013401473599,
      0.04046589012958666
    ],
    [
      0.006565487694414145,
      0.013655127160482592,
      0.02195109502723252,
      0.028773525402750334,
      0.050195191019219265,
      0.009040536839980816,
      0.0633053972657457,
      0.036557422770643916,
      0.3468058685308354,
      0.05249868285118249,
      0.0019921332526905283,
      0.03187677436969502,
      0.07825513543830678,
      0.01905528334284118,
      0.027843343797432262,
      0.05249112167070948,
      0.05883698943853713,
      0.0394260041355089,
      0.06087487999179159
    ],
    [
      0.014438726720789158,
      0.009205512249817808,
      0.010855912887425458,
      0.014102401624125474,
      0.012922090695026717,
      0.058778365142219915,
      0.06213307877365893,
      0.07174677179826128,
      0.03349698013549683,
      0.34712535204664746,
      0.044445204496187954,
      0.05970037667950283,
      0.05350543934722628,
      0.005666281868410793,
      0.07368773194662136,
      0.04947826711516432,
      0.05587149043472393,
      0.01886270655510202,
      0.003977309483591463
    ],
    [
      0.020530466798376185,
      0.008108297948569857,
      0.014084622326738645,
      0.04211445003102322,
      0.014920848648946747,
      0.01488692234247405,
      0.038531020546509,
      0.1057276381287457,
      0.01147649488185409,
      0.015494516777167821,
      0.49002452072830044,
      0.11494992479924213,
      0.007416087037340607,
      0.039869992565217754,
      0.012368149757603294,
      0.029298335862427673,
      0.012860773091759332,
      0.0015957152730521455,
      0.005741222454651428
    ],
    [
      0.05596793958130488,
      0.00018160476397428512,
      0.03728433620083374,
      0.02747177958701212,
      0.006121118127592595,
      0.005266229713382369,
      0.05686420433101855,
      0.047223275948431676,
      0.028230825560779306,
      0.06773377721344623,
      0.05756683216414218,
      0.42684110571831635,
      0.06308745612360638,
      0.0392761350970484,
      0.02506438863132379,
      0.022881336475016282,
      0.023647351873810153,
      0.00581839610715967,
      0.0034719067818011666
    ],
    [
      0.05146973667205278,
      0.02569003632088916,
      0.04631612904214816,
      0.00042208067220333767,
      0.037660115763913704,
      0.02016303676502313,
      0.07874984248238107,
      0.04181541242066802,
      0.10648355804862894,
      0.03713560629487148,
      0.05105069544889268,
      0.04289131933629352,
      0.295136796900037,
      0.06569023517634096,
      0.0345466032728823,
      0.03297926709648012,
      0.008913158880380355,
      0.019690190210098206,
      0.003196179195815232
    ],
    [
      0.0223988779764267,
      0.00478524056806855,
      0.013616215722584176,
      0.028956209668677034,
      0.00833606691100651,
      0.02288938043348693,
      0.03743357264559935,
      0.03514479070878891,
      0.020693677966039537,
      0.026620376176813974,
      0.009655541177842227,
      0.04485794831889942,
      0.022790309408543884,
      0.6436867054045695,
      0.01927205004257276,
      0.021818885223311477,
      0.010822294050883705,
      0.003779121893777221,
      0.0024427357021079904
    ],
    [
      0.039533716711828794,
      0.0019961106003944878,
      0.0164824376647775,
      0.06470248296910529,
      0.03290246941256976,
      0.052192882381825643,
      0.08792873350483627,
      0.0611721995907158,
      0.04029684630855647,
      0.08855107472626898,
      0.02450465571022487,
      0.08952301887750042,
      0.056155999766771894,
      0.05920958894094552,
      0.20039712015624211,
