{
  "poids_LS": 0.5,
  "poids_EM": 0.5,
  "mae_validation": 7.116895559176105,
  "matrice_de_transition": [
    [
      0.2416084630112305,
      0.002934666774620831,
      0.010635419397466166,
      0.062466213333432635,
      0.006862006470365248,
      0.04177556594784639,
      0.09626111674698558,
      0.057582077294553,
      0.06430417698077759,
      0.05447841782265726,
      0.016834453506029686,
      0.1630805924239948,
      0.02479966816537631,
      0.04031422922129057,
      0.007550953177703721,
      0.04325937464745097,
      0.048530019324341166,
      0.006350274166877756,
      0.01037231158699983
    ],
    [
      0.007162572941446455,
      0.5343477335659153,
      0.002457488268759023,
      0.013024282776180313,
      0.042947058775850484,
      0.008536573410963855,
      0.04115862913270402,
      0.01910724366490302,
      0.05818136124936628,
      0.013616007111438087,
      0.0028490477222553904,
      0.023952757579454826,
      0.011775476642003218,
      0.00018084111591336932,
      0.029058768901994568,
      0.06033370835049241,
      0.07447090336269291,
      0.011935367524586356,
      0.04490417790308028
    ],
    [
      0.02312883523638821,
      0.019732814702429637,
      0.3453662627264057,
      0.01918426197033077,
      0.025228117372199134,
      0.01610822331089668,
      0.06131472515784877,
      0.1710393907096383,
      0.012890675828915189,
      0.029521745169616365,
      0.006888782764819055,
      0.09910382647913611,
      0.022368947326462742,
      0.03352096551333066,
      0.020473550966042253,
      0.026008697428226837,
      0.06221780322660804,
      0.0008692460980778956,
      0.005033128012627518
    ],
    [
      0.022608802709485,
      0.01730418977115574,
      0.02554331693132787,
      0.1905168795294593,
      0.012393139886590585,
      0.03182937125810617,
      0.08404383920032543,
      0.05068786281606389,
      0.07724457068374065,
      0.0794728136151884,
      0.03273300373724242,
      0.0934897034599943,
      0.05734406725929196,
      0.038012451744136595,
      0.06501048734585145,
      0.05866600758195014,
      0.026813767448130937,
      0.02190837609313566,
      0.014377348928823596
    ],
    [
      0.007140662048377054,
      0.055603653245979455,
      0.010468431103571608,
      0.027365738436797873,
      0.3909326427200144,
      0.01668331151012615,
      0.07011111341435801,
      0.033484557207471816,
      0.10003224580985623,
      0.028382000172354756,
      0.0026012744954544372,
      0.026476172406215876,
      0.01547853601307171,
      0.0033000716977284726,
      0.00045425362705561913,
      0.010885860832345383,
      0.03658750568908142,
      0.07271072378781221,
      0.09130124578232762
    ],
    [
      0.018671632225111597,
      0.0076700974454946644,
      0.03399050752172045,
      0.014509631707020066,
      0.013166289944062342,
      0.35106555505892784,
      0.039502803036099716,
      0.014274110477116101,
      0.03979318772589831,
      0.05913349464128069,
      0.016192759056778475,
      0.08654352827029066,
      0.034404381298246925,
      0.04520893438718631,
      0.04901284834910121,
      0.054560716168804035,
      0.0574808505013152,
      0.04929151406001099,
      0.015527158125534391
    ],
    [
      0.01692915013858273,
      0.008003916317474885,
      0.04275542902761356,
      0.007520783918340174,
      0.022591616514480738,
      0.03611430438679624,
      0.28576435700466163,
      0.04294173680576924,
      0.054663862522354126,
      0.043506615476373856,
      0.050987852282381646,
      0.06657535348940197,
      0.08067271079196167,
      0.011291800789725867,
      0.059675413809816794,
      0.0890560609248818,
      0.039158503304258005,
      0.02663353432540882,
      0.015156998169716248
    ],
    [
      0.011517734660854484,
      0.023087252526906576,
      0.04292455606144432,
      0.023411370659464335,
      0.022955478092124424,
      0.020792586985588703,
      0.019577385657468763,
      0.45752700589519973,
      0.005957268550179669,
      0.041266471850254824,
      0.061832286330191416,
      0.06380897905921497,
      0.012477068512685915,
      0.03580940453669901,
      0.011473062019699271,
      0.04365422013958825,
      0.0362481680834999,
      0.02991416719901249,
      0.03576553317992287
    ],
    [
      0.005129287261261051,
      0.010668068094127025,
      0.017149292990025405,
      0.022479316720898698,
      0.03921499298376505,
      0.007062919406235013,
      0.0768051492317736,
      0.037758286175887654,
      0.38989134018647564,
      0.060402844170268505,
      0.0015563541036644753,
      0.04240872251229332,
      0.07098562389710905,
      0.01488694011159467,
      0.021752612341743954,
      0.04976320487593581,
      0.05157523117528118,
      0.03080156573086633,
      0.0497082480307936
    ],
    [
      0.012848891257841628,
      0.007191806445170162,
      0.00848118194330114,
      0.014677081741900338,
      0.010095383355489623,
      0.04592059776735931,
      0.067974343203505,
      0.06494225616829119,
      0.02873218601619757,
      0.4061784756510808,
      0.03472281601264684,
      0.06056030650128168,
      0.04289836013824148,
      0.005877681392991175,
      0.05756854058329793,
      0.04598157245782092,
      0.06750475683335391,
      0.014736489496173451,
      0.0031072730340558304
    ],
    [
      0.021008739196902382,
      0.0063346077723202,
      0.011003611192764566,
      0.036591633137853685,
      0.019397011646632475,
      0.011630408080057851,
      0.03864536780141285,
      0.11136132317045855,
      0.008966011626448507,
      0.01210509123216236,
      0.5099312311923536,
      0.10869568330206372,
      0.0057938179979223495,
      0.03114843169157637,
      0.009662616998127574,
      0.03663960333222314,
      0.015352828028951538,
      0.0012466525570719886,
      0.004485330042696428
    ],
    [
      0.043724952797894436,
      0.00014187872185491025,
      0.02912838765690136,
      0.02146232780235322,
      0.004782123537181715,
      0.004114241963579976,
      0.05970521087451652,
      0.05679763792282371,
      0.038540514693125166,
      0.06978899017761594,
      0.04497408762823608,
      0.455987463860576,
      0.05765048177596545,
      0.03068448054456906,
      0.019581553618221708,
      0.024005044567138582,
      0.03034233425787565,
      0.0058758604262884855,
      0.0027124271732821615
    ],
    [
      0.04021073177504123,
      0.020070340875694655,
      0.036184475814178246,
      0.00032975052515885755,
      0.02942196544055758,
      0.01575237247267432,
      0.08099150192141502,
      0.04712123594106881,
      0.10075510895924296,
      0.04335104330991043,
      0.03988335581944741,
      0.0490100705556499,
      0.3635773158518841,
      0.051320496231516376,
      0.026989533806939296,
      0.029081405026674896,
      0.007632181638262775,
      0.0158200990379527,
      0.00249701499673065
    ],
    [
      0.01749912341908336,
      0.0037384691938035547,
      0.010637668533268887,
      0.022659722192534225,
      0.008159432497707224,
      0.02017054023138544,
      0.0450308763244281,
      0.035170510755456685,
      0.021688639473207042,
      0.025581374757765084,
      0.007543391545189239,
      0.045648501127558375,
      0.01780492922542491,
      0.655850492715205,
      0.019263157071304084,
      0.025078030006934808,
      0.013614314682958534,
      0.002952438979513454,
      0.0019083872672718673
    ],
    [
      0.030885716181116244,
      0.0015594614065581936,
      0.012876904425607422,
      0.050548814819613506,
      0.025705054228570126,
      0.04077568936080128,
      0.10390884203636046,
      0.06452054986288845,
      0.04614938679554591,
      0.09317269008926288,
      0.01914426227361318,
      0.10045963277568273,
      0.049997893192865114,
      0.04625749136011369,
      0.2319078812439532,
