{
  "poids_LS": 0.635,
  "poids_EM": 0.365,
  "mae_validation": 6.753883763123688,
  "matrice_de_transition": [
    [
      0.2700887872845725,
      0.0021423067454732067,
      0.007763856160150301,
      0.05055329130661714,
      0.005009264723366631,
      0.030496163141927865,
      0.11131684869140285,
      0.06518806927087745,
      0.07086695516692824,
      0.05827612810913242,
      0.012289151059401671,
      0.1532610557417666,
      0.018103757760724707,
      0.029429387331542115,
      0.005512195819723716,
      0.041818913937090266,
      0.05567638014897174,
      0.004635700141820761,
      0.007571787458509875
    ],
    [
      0.005228678247255912,
      0.5748915902355682,
      0.0017939664361940868,
      0.009507726426611627,
      0.03135135290637085,
      0.0062316985900036145,
      0.046570911860564515,
      0.014884064488459036,
      0.057421083178325144,
      0.014149809393665561,
      0.002079804837246435,
      0.029616446888752035,
      0.00986110768067624,
      0.00013201401461675959,
      0.029300360710287396,
      0.05465801216654212,
      0.0659691295431086,
      0.010373767215448065,
      0.03597847518030383
    ],
    [
      0.016884049722563393,
      0.014404954732773635,
      0.3910569842364484,
      0.017074738913759227,
      0.028006214560832167,
      0.01330963096963276,
      0.06697131482634802,
      0.1726485273063955,
      0.015740503335308548,
      0.02322589400950966,
      0.00502881141831791,
      0.09029610774788879,
      0.0163293315483178,
      0.024470304824731382,
      0.014945692205210845,
      0.024534083681664084,
      0.06076412285948288,
      0.0006345496515968638,
      0.003674183449218088
    ],
    [
      0.01650442597792405,
      0.01263205853294369,
      0.018646621359869345,
      0.21803717785671836,
      0.009046992117211126,
      0.023235441018417503,
      0.09875284137031111,
      0.06338758475272135,
      0.0872429830470823,
      0.08493173305407763,
      0.02389509272818697,
      0.10315345814031127,
      0.05157823180446136,
      0.027749089773219715,
      0.05112501447638865,
      0.059182137037592654,
      0.024410537686532778,
      0.015993114547989032,
      0.010495464718041225
    ],
    [
      0.005212683295315249,
      0.040590666869565,
      0.007641954705607273,
      0.019976989058862447,
      0.43392520813744406,
      0.012178817402392088,
      0.08026382805264126,
      0.03625295966726706,
      0.0947748721538872,
      0.034282246642395514,
      0.0018989303816817392,
      0.0322817744459743,
      0.011299331289542348,
      0.0024090523393417848,
      0.00033160514775060196,
      0.007946678407612129,
      0.03372079907104166,
      0.0652700515791142,
      0.07974155135256422
    ],
    [
      0.013630291524331465,
      0.005599171135211105,
      0.024813070490855925,
      0.010592031146124647,
      0.009611391659165509,
      0.4123424194760455,
      0.04944407462687841,
      0.011503102114067309,
      0.039456840758080446,
      0.061961357460797596,
      0.011820714111448286,
      0.08703831395142933,
      0.025115198347720254,
      0.033002522102646,
      0.04244489913937956,
      0.049301769751791,
      0.0570635278881745,
      0.0394935528284021,
      0.015765751487451025
    ],
    [
      0.012358279601165392,
      0.005842858911756666,
      0.031211463190157898,
      0.005490172260388327,
      0.020043674573509123,
      0.026363442202361254,
      0.3611751712272658,
      0.038821167254331046,
      0.04868185670202315,
      0.05440327958069022,
      0.03890613818486282,
      0.07463068973759025,
      0.076992901014903,
      0.008243014576499882,
      0.04755491724711002,
      0.08388594435159849,
      0.03488794066234539,
      0.019442480057548436,
      0.011064608663892861
    ],
    [
      0.008407946302423773,
      0.0168536943446418,
      0.03133492592485435,
      0.017550853904177204,
      0.01675749900725083,
      0.015178588499479752,
      0.01635867160525198,
      0.5467195387529536,
      0.00462736723600873,
      0.037060825806468134,
      0.045137569021039735,
      0.05665487171728141,
      0.01384187126449094,
      0.0275729612715205,
      0.014029589761772456,
      0.03893104038538179,
      0.039911797018405255,
      0.021837342055279117,
      0.031233046121318504
    ],
    [
      0.003744379700720567,
      0.007787689708712728,
      0.012518983882718545,
      0.016409901206256048,
      0.02862694487814849,
      0.005155931166551559,
      0.0898227671990148,
      0.038916261602372694,
      0.4314380449972716,
      0.06802471401367287,
      0.0011361384956750668,
      0.052564529649798825,
      0.06397573776809697,
      0.01086746628146411,
      0.015879407009473087,
      0.04713271368097548,
      0.04457282142142723,
      0.02248514298353242,
      0.038940424354116966
    ],
    [
      0.01131583563285651,
      0.005250018704974218,
      0.006191262818609831,
      0.015231237569754669,
      0.007369629849507424,
      0.033522036370172294,
      0.07360699104657084,
      0.05838075895367717,
      0.02413756311544471,
      0.46312255912678435,
      0.025347655689232192,
      0.06138952454371127,
      0.03267010518672042,
      0.006081530934550829,
      0.04202503462580749,
      0.0426097597525255,
      0.07872254943203283,
      0.010757637332206619,
      0.002268309314860756
    ],
    [
      0.021469930438338357,
      0.004624263673793746,
      0.008032636170718133,
      0.031266059705154496,
      0.02371331168011514,
      0.008490197898442232,
      0.038755631225784425,
      0.11679380517496736,
      0.00654518848730741,
      0.008836716599478524,
      0.529126987711262,
      0.10266480757264168,
      0.004229487138483315,
      0.02273835513485075,
      0.007053710408633129,
      0.04371868267809734,
      0.01775588100410117,
      0.0009100563666625517,
      0.0032742909311683924
    ],
    [
      0.031919215542462936,
      0.00010357146695408448,
      0.021263722989537992,
      0.015667499295717847,
      0.0034909501821426517,
      0.0030033966334133823,
      0.06244475289860386,
      0.06603005839813032,
      0.04848200064217296,
      0.0717708026787796,
      0.03283108396861233,
      0.48409288064061207,
      0.05240768508359741,
      0.022399670797535413,
      0.014294534141301846,
      0.025088620227399373,
      0.03679821012822452,
      0.005931272448305559,
      0.001980071836495978
    ],
    [
      0.0293538341957801,
      0.014651348839257098,
      0.02641466734435012,
      0.000240717883365966,
      0.021478034771607035,
      0.011499231905052254,
      0.08315310209476919,
      0.052237565764312426,
      0.09523124733733505,
      0.049344500431555124,
      0.029114849748196607,
      0.05491029494574355,
      0.42957353055545083,
      0.03746396224900695,
      0.019702359679065685,
      0.02532275231650557,
      0.006396953583363681,
      0.012088225407669535,
      0.0018228209476133744
    ],
    [
      0.012774360095930852,
      0.002729082511476595,
      0.007765498029286287,
      0.0165881092691108,
      0.007989106456311484,
      0.017548801465073288,
      0.05235684772901296,
      0.03519531222902919,
      0.02264806664083285,
      0.024579480532253655,
      0.005506675827988144,
      0.046410819907336656,
      0.012997598334560182,
      0.6675798590504607,
      0.019254581706152147,
      0.028220776762571592,
      0.016306620292459263,
      0.002155280455044821,
      0.001393122705108463
    ],
    [
      0.02254657281221486,
      0.0011384068267874814,
      0.009400140230693419,
      0.03690063481831786,
      0.018764689586856193,
      0.029766253233384936,
      0.11931823240604451,
      0.06774931619676923,
      0.051792907979428586,
      0.09762924776072128,
      0.01397531145973762,
      0.11100565332035853,
      0.04405971899659787,
      0.03376796869288299,
