{
  "poids_LS": 0.96,
  "poids_EM": 0.040000000000000036,
  "mae_validation": 5.905033532517632,
  "matrice_de_transition": [
    [
      0.33865253090558084,
      0.00023477334196966666,
      0.000850833551797294,
      0.021874034575394673,
      0.0005489605176292203,
      0.0033420452758277145,
      0.14756212929833332,
      0.08349879069536224,
      0.08666623598543907,
      0.06741876398398003,
      0.001346756280482376,
      0.1296214303956616,
      0.0019839734532301066,
      0.0032251383377032484,
      0.0006040762542162982,
      0.03835113815288858,
      0.07288058213419349,
      0.0005080219333502209,
      0.000829784926959987
    ],
    [
      0.0005730058353157169,
      0.6724971711069552,
      0.00019659906150072202,
      0.001041942622094426,
      0.0034357647020680417,
      0.000682925872877109,
      0.05960048139059906,
      0.004717151656279069,
      0.05559078411841132,
      0.015434888961990958,
      0.00022792381778043145,
      0.04325125448520828,
      0.005252441662666848,
      1.4467289273069557e-05,
      0.029881970619140493,
      0.040994299131106235,
      0.04550189627373895,
      0.006614359063818844,
      0.014490672329175365
    ],
    [
      0.0018503068189110585,
      0.0015786251761943724,
      0.501053165649514,
      0.011996257481272183,
      0.03469422631124503,
      0.006572279036960369,
      0.08058903069495732,
      0.17652237466895906,
      0.022601199184033298,
      0.008069215290734276,
      0.0005511026211855249,
      0.069092340431923,
      0.001789515786117021,
      0.0026816772410664554,
      0.0016378840772833818,
      0.020984087625124118,
      0.057264521975663035,
      6.953968784623171e-05,
      0.0004026502410102018
    ],
    [
      0.0018087042167588016,
      0.0013843351816924605,
      0.002043465354506231,
      0.28428974790382344,
      0.0009914511909272477,
      0.002546349700648496,
      0.13416340214990627,
      0.09396098941504485,
      0.1113132350329048,
      0.09807357614769983,
      0.002618640298979396,
      0.12641805274107432,
      0.03769751682060992,
      0.0030409961395309304,
      0.017697024235089315,
      0.060424670912287606,
      0.018624984556759434,
      0.0017526700874508543,
      0.0011501879143058888
    ],
    [
      0.0005712529638701648,
      0.00444829225967836,
      0.0008374744882857294,
      0.0021892590749438318,
      0.5374258285868118,
      0.001334664920810093,
      0.10470554847813798,
      0.04291763225566301,
      0.08211823187099879,
      0.048486543699901026,
      0.00020810195963635517,
      0.046258223800948274,
      0.001238282881045738,
      0.00026400573581827804,
      3.6340290164449564e-05,
      0.0008708688665876314,
      0.026819468323908913,
      0.04735732218780417,
      0.05191265735498565
    ],
    [
      0.001493730578008929,
      0.0006136077956395737,
      0.0027192406017376384,
      0.0011607705365616063,
      0.0010533031955249884,
      0.5598607967765139,
      0.07337676549356782,
      0.004832156054875771,
      0.03864711657629671,
      0.06876917535963459,
      0.001295420724542279,
      0.08822946466528164,
      0.0027523505038597566,
      0.003616714750974908,
      0.02663316956042004,
      0.03664134319231517,
      0.05605886233802099,
      0.015905868381936254,
      0.016340142914287367
    ],
    [
      0.0013543320110866194,
      0.0006403133053979914,
      0.003420434322209088,
      0.0006016627134672144,
      0.013909740271170054,
      0.002889144350943702,
      0.5427197239853868,
      0.028901277593461325,
      0.03428073157900414,
      0.08063598946145184,
      0.009820530172317493,
      0.09402316589063613,
      0.06813409969976174,
      0.0009033440631780702,
      0.018375944040593728,
      0.07143936741591646,
      0.024606956524407628,
      0.0021306827460327075,
      0.0012125598535773008
    ],
    [
      0.0009214187728683595,
      0.0018469802021525278,
      0.0034339644849155485,
      0.00344220245626374,
      0.0018364382473699556,
      0.0016634069588470977,
      0.008609915553618983,
      0.7614423030401388,
      0.0014257529611527656,
      0.026936122367722394,
      0.0049465829064153175,
      0.039432020708922835,
      0.017127507518836366,
      0.007744486744238914,
      0.02018419358528198,
      0.027560422458588446,
      0.04873164445428854,
      0.0023931333759210013,
      0.020321503202456147
    ],
    [
      0.0004103429809008844,
      0.0008534454475301628,
      0.0013719434392020337,
      0.0017983453376718974,
      0.003137199438701207,
      0.0005650335524988015,
      0.12116147712015099,
      0.04170398022168852,
      0.5314578899121508,
      0.08637365993297967,
      0.00012450832829315813,
      0.07701369498083058,
      0.047100085976030825,
      0.0011909552089275747,
      0.001740208987339518,
      0.04080004969310802,
      0.027715168310297363,
      0.0024641252584693086,
      0.01301788587322878
    ],
    [
      0.007625146165299744,
      0.0005753445156136135,
      0.0006784945554640918,
      0.016565316414589176,
      0.0008076306684391706,
      0.0036736478213887478,
      0.08716706918728491,
      0.04258456195553233,
      0.013076433909928577,
      0.600210167494219,
      0.0027778252810117497,
      0.06338579020141215,
      0.008046528451577141,
      0.006572279830898146,
      0.004605483246663838,
      0.03449243286940688,
      0.10572834642885243,
      0.001178919159693877,
      0.00024858184272446665
    ],
    [
      0.022580205649202746,
      0.0005067686217856165,
      0.000880288895421166,
      0.018445234774582365,
      0.03410440435331414,
      0.000930432646404629,
      0.039021080210382655,
      0.12987200259322934,
      0.0007172809301158812,
      0.0009684072985729897,
      0.5753389941456711,
      0.0881460326684775,
      0.0004635054398337884,
      0.002491874535326112,
      0.0007730093598502067,
      0.06076091073297965,
      0.02354100853686879,
      9.973220456575918e-05,
      0.00035882640341571454
    ],
    [
      0.003497996223831558,
      1.135029774839283e-05,
      0.002330271012552111,
      0.001716986224188259,
      0.00038256988297453754,
      0.00032913935708639837,
      0.06903994666029559,
      0.08825625583868325,
      0.07241520755654728,
      0.07654183277417358,
      0.0035979270102588896,
      0.5517540691851434,
      0.03978613749085954,
      0.002454758443565527,
      0.001566524289457738,
      0.02769722829839757,
      0.052340133519805127,
      0.006064671760568881,
      0.0002169941738625731
    ],
    [
      0.0032168585420033016,
      0.0016056272700555737,
      0.0028947580651342624,
      2.6380042012708628e-05,
      0.0023537572352446087,
      0.0012601897978139467,
      0.08835695436395515,
      0.06455465607952855,
      0.08193306195126046,
      0.06377319350218126,
      0.0031906684655557955,
      0.06911453884782086,
      0.5884533066936671,
      0.004105639698521314,
      0.0021591627045551456,
      0.016274143940172008,
      0.003423256414162158,
      0.0031040851866174666,
      0.00019976119973845216
    ],
    [
      0.0013999298735266701,
      0.00029907753550428466,
      0.0008510134826615117,
      0.0019712633423507055,
      0.007579062282581003,
      0.011237208138766257,
      0.0699934455548654,
      0.03525501948022224,
      0.02495779871104313,
      0.02216751295231873,
      0.0006034713236151396,
      0.04824603178458065,
      0.0014243943380339939,
      0.6958172224501502,
      0.01923393730856415,
      0.03578664858169719,
      0.022788096759775826,
      0.00023619511836107653,
      0.0001526709813817495
    ],
    [
      0.0024708572944893018,
      0.0001247569125246556,
      0.0010301523540485948,
      0.004043905185569084,
      0.0020564043382856117,
      0.0032620551488641053,
      0.15641491292565426,
      0.07552227218574147,
