{
  "poids_LS": 0.6225,
  "poids_EM": 0.37749999999999995,
  "mae_validation": 6.787286496290487,
  "matrice_de_transition": [
    [
      0.267451720222226,
      0.0022156734148387268,
      0.008029741645086954,
      0.05165633964243339,
      0.0051808148851257615,
      0.031540552290624024,
      0.10992279943729015,
      0.06448381075455112,
      0.07025929052006245,
      0.05792448826779213,
      0.012710012397052411,
      0.1541702721012322,
      0.01872374946485911,
      0.030437243062074376,
      0.0057009696491663086,
      0.04195228992879033,
      0.05501468007261706,
      0.004794456995992705,
      0.00783109524818487
    ],
    [
      0.005407742570792073,
      0.5711375294328226,
      0.0018554036429130622,
      0.009833333496016134,
      0.03242502937576711,
      0.00644511292527771,
      0.04606977457094781,
      0.015275099597389033,
      0.05749147929601414,
      0.014100383256422277,
      0.0021510310303028196,
      0.02909203121196526,
      0.010038364065984292,
      0.0001365350425145938,
      0.02927799109840843,
      0.05518353959098196,
      0.06675633082269973,
      0.010518359836664572,
      0.036804929136116465
    ],
    [
      0.017462270603473096,
      0.014898275100334374,
      0.38682636187440744,
      0.017270065122701038,
      0.027748983339662445,
      0.013568759890120161,
      0.0664475565237092,
      0.17249953317706612,
      0.015476630418049904,
      0.023808843191001024,
      0.005201030987438386,
      0.09111163726004132,
      0.016888555231479366,
      0.025308328962564648,
      0.0154575309793619,
      0.024670621991531003,
      0.06089872289347595,
      0.0006562808040488111,
      0.003800011649533776
    ],
    [
      0.017069646045661174,
      0.013064663277222582,
      0.01928520428315254,
      0.21548900208567587,
      0.00935682061437589,
      0.024031175299870155,
      0.09739089672494207,
      0.06221168457340122,
      0.08631720412455067,
      0.08442627755047677,
      0.024713417821618025,
      0.10225866604028191,
      0.05211210545768641,
      0.028699401066823126,
      0.05241070640874631,
      0.059134347273181315,
      0.02463305896075483,
      0.01654082395031742,
      0.010854898441261814
    ],
    [
      0.005391199846524675,
      0.04198075820071448,
      0.007903665483196563,
      0.02066113251978239,
      0.4299444150432376,
      0.01259590019014524,
      0.07932376188242986,
      0.035996626106174906,
      0.09526166601092137,
      0.03373592752479915,
      0.0019639622440681,
      0.031744218701552224,
      0.011686294689869139,
      0.0024915541317849965,
      0.0003429614884269924,
      0.008218824928420763,
      0.03398623486900831,
      0.0659590027095492,
      0.08081189342939415
    ],
    [
      0.014097082329959253,
      0.005790923571348471,
      0.025662833178898933,
      0.010954771938800149,
      0.009940548907767067,
      0.40666863573371986,
      0.04852358651662112,
      0.01175967696249775,
      0.03948798399584136,
      0.06169951831084233,
      0.012225533087867746,
      0.08699250046243501,
      0.025975307880176424,
      0.034132745462325656,
      0.04305304258472416,
      0.04978870923484777,
      0.057102168870872716,
      0.04040077146095847,
      0.01574365950949578
    ],
    [
      0.012781508354629958,
      0.006042956819693537,
      0.03228034891584824,
      0.005678191858346831,
      0.020279595123599087,
      0.02726629981203116,
      0.3541926884288765,
      0.0392027014720568,
      0.04923574612983157,
      0.05339432920066093,
      0.04002481541611456,
      0.07388482527016542,
      0.07733362414240844,
      0.008525309596243029,
      0.048677185447360646,
      0.08436465884912472,
      0.03528336312918915,
      0.020108318415683654,
      0.011443533618135765
    ],
    [
      0.008695889668945134,
      0.01743087565781446,
      0.032408039826390456,
      0.018093494344481566,
      0.017331385959553938,
      0.01569840317411947,
      0.01665670068416094,
      0.5384609708957542,
      0.004750506246580112,
      0.03745023747718912,
      0.046683376179294515,
      0.057317289063756736,
      0.01371550063932381,
      0.028335594907185176,
      0.013792874230099015,
      0.039368371844104605,
      0.03957257211702513,
      0.022585196235254425,
      0.03165272084896706
    ],
    [
      0.0038726118822520928,
      0.008054391411065903,
      0.012947716207469179,
      0.016971884124278514,
      0.02960731970274261,
      0.005332504151707434,
      0.08861743220204803,
      0.03880904165547593,
      0.42759112788516085,
      0.06731898532446877,
      0.0011750473482666785,
      0.05162417713706684,
      0.06462480129856105,
      0.011239639784253975,
      0.016423222318016684,
      0.04737627768050884,
      0.04522119269493222,
      0.023255182126804073,
      0.039937445064920356
    ],
    [
      0.011457785227762538,
      0.005429813866103471,
      0.0064032923671923595,
      0.015179926844953343,
      0.007622014433394665,
      0.03467005131435627,
      0.0730854495796203,
      0.05898830499206736,
      0.024562991161810713,
      0.45784995880496,
      0.02621572608954836,
      0.061312745095338156,
      0.033617165830379776,
      0.00606265597699901,
      0.04346424814038993,
      0.04292196463264544,
      0.07768386493215516,
      0.011126049569610955,
      0.0023459911407121515
    ],
    [
      0.021427227545612805,
      0.00478262886810175,
      0.008307726450537246,
      0.031759168356330345,
      0.023313654269607485,
      0.008780958100443676,
      0.03874542164945372,
      0.11629079758195729,
      0.0067693387779686216,
      0.00913934388028258,
      0.5273496028484002,
      0.1032232219920326,
      0.004374332588431373,
      0.023517065927140157,
      0.0072952758335863175,
      0.04306321236829417,
      0.017533376098994722,
      0.0009412226805893513,
      0.0033864241822358027
    ],
    [
      0.03301233936241029,
      0.00010711843500045722,
      0.021991932680960523,
      0.016204057490776677,
      0.003610503270572194,
      0.0031062526825028814,
      0.062191091600077256,
      0.06517520465041675,
      0.0475614926839278,
      0.07158730152126444,
      0.03395543615931823,
      0.48149052723505315,
      0.05289312922177963,
      0.023166782811149637,
      0.014784072981757388,
      0.024988289147745594,
      0.03620044384393296,
      0.0059261417055262,
      0.0020478825158280318
    ],
    [
      0.030359102490156126,
      0.015153107361149462,
      0.02731927923970457,
      0.0002489616464949374,
      0.02221358390762097,
      0.01189304121686911,
      0.08295295393056973,
      0.0517638315214195,
      0.09574271600603024,
      0.04878955069806951,
      0.030111933643682788,
      0.05436397787258673,
      0.4234627699347502,
      0.03874697465479486,
      0.020377098024239166,
      0.02567077571559532,
      0.006511326551409893,
      0.012433769262325383,
      0.0018852463225316404
    ],
    [
      0.013211838181407936,
      0.0028225442413216833,
      0.008031439742618008,
      0.017150295650909263,
      0.00800487738607035,
      0.017791555054546635,
      0.05167851704340325,
      0.035193015796291,
      0.022559230791978607,
      0.024672248516097305,
      0.0056952606166178745,
      0.04634023483513496,
      0.013442721565195805,
      0.6664938066120111,
      0.019255375721443993,
      0.027929781692605224,
      0.01605733273602401,
      0.002229091429532657,
      0.0014408323867902595
    ],
    [
      0.023318715716742763,
      0.001177393361951436,
      0.009722062841333602,
      0.038164355188808195,
      0.019407315942570443,
      0.030785645467404962,
      0.11789143700144414,
      0.06745035635103953,
      0.051270359721661676,
      0.09721660353188255,
      0.014453918016577949,
      0.11002916993659226,
      0.044609549940696686,
