{
  "poids_LS": 0.7125,
  "poids_EM": 0.2875,
  "mae_validation": 6.5478267327210915,
  "matrice_de_transition": [
    [
      0.2864386030711206,
      0.0016874333954069777,
      0.006115366153543045,
      0.0437143916245564,
      0.0039456537204600175,
      0.024020950420011674,
      0.11995995406690166,
      0.06955447207210075,
      0.07463447597749621,
      0.06045629512544224,
      0.009679810765967068,
      0.14762391431308003,
      0.014259809195091377,
      0.023180681802242076,
      0.004341798077179639,
      0.04099198278854987,
      0.05977892062237078,
      0.003651407645954709,
      0.005964079162524901
    ],
    [
      0.004118479441331711,
      0.5981667672125913,
      0.0014130557545364382,
      0.007488962596303679,
      0.024694558796114027,
      0.004908529711304216,
      0.04967796305618814,
      0.012459646813093044,
      0.056984627248653386,
      0.014456251444573926,
      0.0016382024402968494,
      0.03286782408483006,
      0.008762118091766307,
      0.00010398364165018735,
      0.02943905230393698,
      0.05139974213501511,
      0.061088481609643516,
      0.00947729296390571,
      0.030854460654265507
    ],
    [
      0.01329908026092322,
      0.01134636845389704,
      0.4172868428811025,
      0.01586371641832001,
      0.029601048132084466,
      0.011703031662610882,
      0.0702186163027087,
      0.1735722909082376,
      0.017376515422312146,
      0.019611609084263223,
      0.003961050089770956,
      0.0852398247725431,
      0.012862144712716076,
      0.01927455517016513,
      0.011772291805474294,
      0.023687546160489167,
      0.059929602648725835,
      0.00049981650639479,
      0.002894048607260823
    ],
    [
      0.013000061557953874,
      0.00994990911841455,
      0.014687407235513523,
      0.2338358676371819,
      0.0071260554347895855,
      0.018301888473411045,
      0.10719689817159919,
      0.07067816586450619,
      0.09298281236677844,
      0.08806555717640292,
      0.01882147714891439,
      0.10870116916049322,
      0.04826821515446601,
      0.021857159752878542,
      0.04315372449577111,
      0.05947843357694299,
      0.023030905786356057,
      0.012597316253553002,
      0.008266975634073567
    ],
    [
      0.004105880677816805,
      0.03197210061643818,
      0.006019347884553675,
      0.015735299601158777,
      0.458606125321524,
      0.009592904118322535,
      0.08609223830795203,
      0.037842227746038404,
      0.09175675024027535,
      0.03766942517149298,
      0.0014957328348863012,
      0.03561462006139117,
      0.008900158207516232,
      0.0018975412261938716,
      0.00026119583555698095,
      0.006259369978598594,
      0.03207509712364847,
      0.060998554570417196,
      0.07310543047621855
    ],
    [
      0.010736188529439167,
      0.004410306031159432,
      0.019544541824989256,
      0.008343038231536537,
      0.007570616717835846,
      0.44751987867846493,
      0.05515110091047357,
      0.009912338053798556,
      0.03926375268396279,
      0.06358476019052027,
      0.009310836457647622,
      0.08732235758319411,
      0.01978251924649198,
      0.025995137272632127,
      0.03867440977824306,
      0.046282744956839074,
      0.056823953795445595,
      0.03386879730655255,
      0.015902721750773535
    ],
    [
      0.009734261329685068,
      0.004602251882548058,
      0.024584371690877797,
      0.0043244507530456,
      0.018580967162951344,
      0.020765725022407838,
      0.40446656457727925,
      0.03645565510443134,
      0.04524774224961092,
      0.06065877193687184,
      0.03197033935110201,
      0.07925504943562427,
      0.07488041762436931,
      0.006492785454092373,
      0.04059685440555613,
      0.08091791446693586,
      0.03243632136791408,
      0.01531428223711007,
      0.008715273947586841
    ],
    [
      0.006622697429991328,
      0.01327517020297128,
      0.024681619735330482,
      0.014186483174290145,
      0.013199399902971544,
      0.011955737516713503,
      0.014510891316016418,
      0.5979226594675902,
      0.0038639053704661534,
      0.034646473447998,
      0.035553564639860064,
      0.05254788416913436,
      0.014625369140527157,
      0.022844632730399505,
      0.015497226058147805,
      0.0362195853413003,
      0.04201499140696204,
      0.01720064613943218,
      0.02863106280989748
    ],
    [
      0.002949340175225104,
      0.006134139154123039,
      0.009860843469264607,
      0.01292560711451675,
      0.022548620965664904,
      0.004061178658585132,
      0.09729584418020881,
      0.039581025273132626,
      0.45528893109235813,
      0.07240023188673834,
      0.0008949036096070732,
      0.05839471522873717,
      0.05995154387921965,
      0.008559990564166935,
      0.012507752096502772,
      0.04562261688386862,
      0.04055291952569626,
      0.017710900295248137,
      0.032758895947135935
    ],
    [
      0.010435748144439125,
      0.004135288705972843,
      0.004876679617398154,
      0.015549364063522898,
      0.005804845429406533,
      0.026404343716231602,
      0.07684054814166419,
      0.05461397351565801,
      0.021499909227975476,
      0.4958126811220957,
      0.01996561920727193,
      0.06186555712362456,
      0.026798329196032408,
      0.006198555671372113,
      0.033101910835396306,
      0.04067408949578183,
      0.08516239333127443,
      0.008473481460299734,
      0.0017866819945821025
    ],
    [
      0.02173468837323679,
      0.0036423994690841146,
      0.006327076435839625,
      0.028208786067864214,
      0.026191187625262593,
      0.006687484646033264,
      0.03881893059903477,
      0.11991245225162983,
      0.005155456685207891,
      0.006960427458493357,
      0.5401467738610057,
      0.09920263817241791,
      0.0033314453488053506,
      0.01791034822265641,
      0.005556004773923355,
      0.047782598598876964,
      0.019135411415761142,
      0.0007168252203163934,
      0.0025790647745504458
    ],
    [
      0.0251418478587893,
      8.158026506657339e-05,
      0.01674882290271828,
      0.0123408384863531,
      0.002749721033879486,
      0.002365689129058486,
      0.06401745294946881,
      0.07133015163395448,
      0.054189149983292995,
      0.07290850985537355,
      0.025860100386235742,
      0.5002274717550772,
      0.0493979314268676,
      0.01764357631312721,
      0.011259393330477482,
      0.025710672921252786,
      0.0405043610908322,
      0.005963083053537582,
      0.0015596456246372427
    ],
    [
      0.023121170770648708,
      0.011540446003524425,
      0.02080607359315249,
      0.0001896065519663431,
      0.016917630128320607,
      0.009057614171787734,
      0.08439402071280583,
      0.05517471807024858,
      0.09206014159142495,
      0.05278518877916598,
      0.022932929596182258,
      0.05829746079931584,
      0.46746024640379474,
      0.029509285333121915,
      0.015518981938990093,
      0.023165007242149104,
      0.005687841181477164,
      0.009945853508803271,
      0.0014357836231201236
    ],
    [
      0.01006199596597293,
      0.0021496197864370437,
      0.006116659406629609,
      0.013102553701960314,
      0.007891326691806524,
      0.016043729210338534,
      0.05656249797979316,
      0.035209550112005994,
      0.023198848903729148,
      0.02400431903242302,
      0.004337450138483813,
      0.046848447354987145,
      0.010237834304619322,
      0.6743133841688481,
      0.0192496588113427,
      0.030024946196363082,
      0.017852203142357827,
      0.0016976524132202358,
      0.0010973226786813236
    ],
    [
      0.01775928680414184,
      0.0008966903087709613,
      0.007404220044724267,
      0.029065568521277764,
      0.014780406181427822,
      0.023446021382460734,
      0.12816436391456684,
      0.06960286724029338,
      0.055032707177583455,
      0.10018764197952149,
      0.011007950807327577,
      0.11705985029970944,
      0.04065076714318519,
