{
  "poids_LS": 0.7575,
  "poids_EM": 0.24250000000000005,
  "mae_validation": 6.429170160328219,
  "matrice_de_transition": [
    [
      0.2959320444955679,
      0.0014233133856911032,
      0.0051581784077710914,
      0.03974341761561791,
      0.003328073138127146,
      0.020261149484705504,
      0.1249785313817074,
      0.07208980273087556,
      0.0768220687062131,
      0.06172219855426729,
      0.0081647099504244,
      0.14435073541900395,
      0.012027839060207513,
      0.01955240117232593,
      0.0036622122911863053,
      0.040511829218429635,
      0.06216104089724763,
      0.0030798829709357124,
      0.005030571119694918
    ],
    [
      0.0034738478766015318,
      0.6116813861024757,
      0.0011918818103481264,
      0.006316777146447453,
      0.020829323506287488,
      0.0041402381043174705,
      0.0514820572988083,
      0.01105192042094505,
      0.056731201224973014,
      0.014634185538649749,
      0.0013817881452938647,
      0.03475572052126246,
      0.008123995104657316,
      8.770794121798413e-05,
      0.029519582906701255,
      0.04950784340703168,
      0.05825455700311542,
      0.008956759527526281,
      0.02787922641334003
    ],
    [
      0.011217485089648285,
      0.009570415130678375,
      0.43251708338445,
      0.015160542066129497,
      0.030527080528295475,
      0.010770167548856246,
      0.07210414619220845,
      0.1741086697738233,
      0.018326457924443262,
      0.017512992030894327,
      0.0033410596409372425,
      0.08230391852879398,
      0.010848939453334433,
      0.016257668273965374,
      0.009929672218530495,
      0.02319600824496825,
      0.059445042526350786,
      0.00042158435756777944,
      0.0024410670861243467
    ],
    [
      0.010965269314100226,
      0.008392532039010536,
      0.01238850871169402,
      0.2430093004129349,
      0.006010672844996435,
      0.015437245060181496,
      0.11209989889492775,
      0.07491140651005866,
      0.09631561648789233,
      0.08988519698936598,
      0.015875506812562577,
      0.11192242072059887,
      0.04634627000285582,
      0.018436039095906253,
      0.03852523353928352,
      0.05965047672882383,
      0.02222982919915667,
      0.010625562405170796,
      0.006973014230479446
    ],
    [
      0.003463221093462872,
      0.02696777182430004,
      0.005077189085232231,
      0.01327238314184697,
      0.47293698046066723,
      0.008091406082411184,
      0.08947647652071308,
      0.038765028565970146,
      0.09000429235495233,
      0.0396361739948399,
      0.0012616181302954022,
      0.03754982074131064,
      0.0075070899663397805,
      0.0016005347733983096,
      0.0002203130091219753,
      0.005279642503687511,
      0.031119528250968552,
      0.05851833050085119,
      0.06925219899963075
    ],
    [
      0.009055741629179126,
      0.003719997261064913,
      0.01648539614803442,
      0.007037171377904734,
      0.006385650622870237,
      0.46794550015083747,
      0.05846485810739979,
      0.008988668599448961,
      0.0391516370280235,
      0.06452738113035923,
      0.007853488142537562,
      0.08748728614357365,
      0.016686124929649764,
      0.021926333177785366,
      0.03648509337500251,
      0.04452976281783473,
      0.05668484625773203,
      0.030602810229349593,
      0.015982252871412417
    ],
    [
      0.008210637817212625,
      0.00388189941397532,
      0.02073638307839258,
      0.0036475802003949854,
      0.017731653182627476,
      0.01751543762759618,
      0.4296035026514806,
      0.03508213192061861,
      0.043253740309500605,
      0.06429099330497728,
      0.027943101318595738,
      0.08194016151835369,
      0.07365381436534975,
      0.0054765233830170465,
      0.03655668888465388,
      0.07919454227584141,
      0.031012800487276546,
      0.01291726414782328,
      0.007351144112312381
    ],
    [
      0.005586101310514426,
      0.011197317475549692,
      0.020818409689800497,
      0.012232977589194439,
      0.011133406874680347,
      0.010084404688010523,
      0.01343798663194416,
      0.6276535037535081,
      0.0034206049324091744,
      0.033244591433402436,
      0.029988658870142845,
      0.050163181721823186,
      0.01508030339112883,
      0.020099151642006673,
      0.0163494019721722,
      0.03464519208989814,
      0.04323620105193049,
      0.01450837109152106,
      0.027120233790362692
    ],
    [
      0.00248770432171161,
      0.005174013025651608,
      0.008317407100162323,
      0.01090246860963587,
      0.019019271597126054,
      0.003425515912023982,
      0.1016350501692892,
      0.039967017081960966,
      0.4691378326959568,
      0.07494085516787312,
      0.0007548317402772707,
      0.061779984274572326,
      0.05761491516954896,
      0.007220165954123416,
      0.010550016985745819,
      0.044745786485548514,
      0.03821878294107828,
      0.014938759379470172,
      0.029169621388243732
    ],
    [
      0.009924729602777422,
      0.0034880261259075296,
      0.004113373242501053,
      0.015734082672807674,
      0.004896260927412468,
      0.02227148991716927,
      0.07871809742268614,
      0.052426807777453344,
      0.019968368261057863,
      0.5147940422806635,
      0.01684056576613372,
      0.06214196313776775,
      0.023388910878858724,
      0.006266505518558664,
      0.027920742182899503,
      0.03955015192735002,
      0.08890165753083407,
      0.007147197405644125,
      0.0015070274215170782
    ],
    [
      0.02188841878704878,
      0.0030722847695752974,
      0.005336751428490816,
      0.026433594923631155,
      0.02762995430309015,
      0.0056407479188280586,
      0.038855685073825294,
      0.1217232795864661,
      0.004348515638827527,
      0.005870969247598746,
      0.5465453593673085,
      0.09719234626261056,
      0.00281000172899234,
      0.015106989370414542,
      0.0046863692440918744,
      0.05014229171416836,
      0.01993642907414435,
      0.0006046264901799146,
      0.002175385070707768
    ],
    [
      0.021206602106978806,
      6.881118009963149e-05,
      0.014127268013597162,
      0.010409228984141313,
      0.002319329915533132,
      0.0019954073523362884,
      0.0649306336241646,
      0.07440762512572335,
      0.057502978632975585,
      0.07356911402242809,
      0.0218124324996945,
      0.5095959440150892,
      0.0476503325294116,
      0.014881973064115997,
      0.00949705350483753,
      0.026071864808006384,
      0.04265631971428182,
      0.005981553727543272,
      0.0013155271790418486
    ],
    [
      0.019502204910895,
      0.00973411532471191,
      0.017549470769876452,
      0.00015992900470204594,
      0.014269653238670429,
      0.0076399006492470466,
      0.08511455410392389,
      0.05688016134466312,
      0.09021885438412232,
      0.05478300781971421,
      0.019343427572431997,
      0.06026420226268038,
      0.48945898463831694,
      0.024890440672285446,
      0.013089923896365561,
      0.021912123005426,
      0.005276098496510799,
      0.008701895632042218,
      0.0012110522734143654
    ],
    [
      0.008487074858255431,
      0.0018131575589947243,
      0.005159269238635411,
      0.011078682727485842,
      0.00783455134467461,
      0.015169816288234484,
      0.05900448844798811,
      0.03521781726986349,
      0.023518657959604415,
      0.023670354290585876,
      0.0036585448994167816,
      0.04710255361491324,
      0.008635390674331082,
      0.6782231729472668,
      0.019246800356292056,
      0.031072528448242008,
      0.018749638345524736,
      0.0014319329050640254,
      0.0009255678246268558
    ],
    [
      0.01497957234784138,
      0.0007563387821807241,
      0.006245298646419601,
      0.024516175187512555,
      0.012466951300856514,
      0.019776209339988627,
      0.1333008273711282,
      0.0706791226849203,
      0.05691388090554435,
      0.10167316120334094,
      0.009284967202702395,
      0.12057519048126804,
      0.03867137574442945,
