{
  "['Anderlecht', 'Molenbeek-Saint-Jean']": 0.06734282805839989,
  "['Bruxelles', 'Anderlecht']": 0.00015433540047753538,
  "['Anderlecht', 'Saint-Gilles']": 0.02051371844206722,
  "['Forest (Bruxelles-Capitale)', 'Anderlecht']": 0.035465325582885066,
  "['Auderghem', 'Woluwe-Saint-Pierre']": 0.05775850618761825,
  "['Auderghem', 'Etterbeek']": 0.013568279625029522,
  "['Auderghem', 'Ixelles']": 0.0313323704080617,
  "['Auderghem', 'Watermael-Boitsfort']": 0.08991986359300054,
  "['Ganshoren', 'Berchem-Sainte-Agathe']": 0.024909837852922653,
  "['Koekelberg', 'Berchem-Sainte-Agathe']": 0.009710526929527558,
  "['Molenbeek-Saint-Jean', 'Berchem-Sainte-Agathe']": 0.03121736212234189,
  "['Bruxelles', 'Jette']": 0.01604222291922559,
  "['Bruxelles', 'Molenbeek-Saint-Jean']": 0.04933566143075052,
  "['Bruxelles', 'Saint-Gilles']": 0.0069965832733685646,
  "['Bruxelles', 'Ixelles']": 0.14461617479621755,
  "['Bruxelles', 'Uccle']": 0.011131049512047147,
  "['Bruxelles', 'Watermael-Boitsfort']": 0.012413219184297924,
  "['Bruxelles', 'Etterbeek']": 0.004866208137608306,
  "['Bruxelles', 'Saint-Josse-ten-Noode']": 0.047091013921226596,
  "['Bruxelles', 'Schaerbeek']": 0.031382959700241575,
  "['Bruxelles', 'Evere']": 0.003564933120471097,
  "['Etterbeek', 'Ixelles']": 0.029940995538453523,
  "['Etterbeek', 'Schaerbeek']": 0.00464935712071582,
  "['Etterbeek', 'Woluwe-Saint-Lambert']": 0.010203638189387774,
  "['Etterbeek', 'Woluwe-Saint-Pierre']": 0.02151217470218515,
  "['Evere', 'Schaerbeek']": 0.03702303633266896,
  "['Woluwe-Saint-Lambert', 'Evere']": 0.018867213666328802,
  "['Forest (Bruxelles-Capitale)', 'Saint-Gilles']": 0.026006872164443934,
  "['Forest (Bruxelles-Capitale)', 'Ixelles']": 0.012469107104093345,
  "['Forest (Bruxelles-Capitale)', 'Uccle']": 0.051034731102055836,
  "['Ganshoren', 'Koekelberg']": 0.010311945902424433,
  "['Jette', 'Ganshoren']": 0.042775860710928655,
  "['Uccle', 'Ixelles']": 0.023667241192921597,
  "['Saint-Gilles', 'Ixelles']": 0.01748583656113077,
  "['Watermael-Boitsfort', 'Ixelles']": 0.02299995617293471,
  "['Jette', 'Koekelberg']": 0.004530734267073203,
  "['Jette', 'Molenbeek-Saint-Jean']": 0.01072328423645957,
  "['Molenbeek-Saint-Jean', 'Koekelberg']": 0.05792510097666119,
  "['Saint-Josse-ten-Noode', 'Schaerbeek']": 0.05771300073288356,
  "['Woluwe-Saint-Lambert', 'Schaerbeek']": 0.018240375199383357,
  "['Uccle', 'Watermael-Boitsfort']": 0.038720255033535475,
  "['Woluwe-Saint-Lambert', 'Woluwe-Saint-Pierre']": 0.0893401872292346
}