{
  "metadata": {
    "create_at": "2025-01-19",
    "communes_count": 19
  },
  "matrice_de_transition": {
    "Anderlecht": {
      "Anderlecht": 0.01140497029736042,
      "Auderghem": 0.03579840053435004,
      "Berchem-Sainte-Agathe": 0.038199902975865944,
      "Bruxelles": 0.11387395514888556,
      "Etterbeek": 0.055628426793443576,
      "Evere": 0.05598375833647585,
      "Forest (Bruxelles-Capitale)": 0.08419106696334804,
      "Ganshoren": 0.03177116038095175,
      "Ixelles": 0.047920132864144094,
      "Jette": 0.05275278379082792,
      "Koekelberg": 0.03555971244409977,
      "Molenbeek-Saint-Jean": 0.0681533258980198,
      "Saint-Gilles": 0.09463628244815102,
      "Saint-Josse-ten-Noode": 0.046128148936467175,
      "Schaerbeek": 0.04925759494771345,
      "Uccle": 0.05397898345918365,
      "Watermael-Boitsfort": 0.053653391834133035,
      "Woluwe-Saint-Lambert": 0.03618050567967074,
      "Woluwe-Saint-Pierre": 0.0349274962669081
    },
    "Auderghem": {
      "Anderlecht": 0.04143042964458805,
      "Auderghem": 0.013199271823611554,
      "Berchem-Sainte-Agathe": 0.026452108568424317,
      "Bruxelles": 0.060426684260383653,
      "Etterbeek": 0.1162232259499909,
      "Evere": 0.04099160112590111,
      "Forest (Bruxelles-Capitale)": 0.05413942506953629,
      "Ganshoren": 0.027656785138090306,
      "Ixelles": 0.10050280660129875,
      "Jette": 0.03946245404262542,
      "Koekelberg": 0.030066168525107434,
      "Molenbeek-Saint-Jean": 0.03589000317878122,
      "Saint-Gilles": 0.05304785362931993,
      "Saint-Josse-ten-Noode": 0.03611039930950518,
      "Schaerbeek": 0.06048673251369955,
      "Uccle": 0.051761929128995805,
      "Watermael-Boitsfort": 0.06949916440492857,
      "Woluwe-Saint-Lambert": 0.05898538097420348,
      "Woluwe-Saint-Pierre": 0.0836675761110085
    },
    "Berchem-Sainte-Agathe": {
      "Anderlecht": 0.05133701890382803,
      "Auderghem": 0.030716580635103467,
      "Berchem-Sainte-Agathe": 0.015327190127239232,
      "Bruxelles": 0.05463206182249069,
      "Etterbeek": 0.03976757999335984,
      "Evere": 0.03990230048074737,
      "Forest (Bruxelles-Capitale)": 0.035314030098604905,
      "Ganshoren": 0.12270602852984654,
      "Ixelles": 0.03034874151491247,
      "Jette": 0.07154172843098638,
      "Koekelberg": 0.13970573796518757,
      "Molenbeek-Saint-Jean": 0.11680763794770363,
      "Saint-Gilles": 0.03954897607237807,
      "Saint-Josse-ten-Noode": 0.03584100042119648,
      "Schaerbeek": 0.037207699133710435,
      "Uccle": 0.039131512311173865,
      "Watermael-Boitsfort": 0.03900383407101463,
      "Woluwe-Saint-Lambert": 0.03092510668635511,
      "Woluwe-Saint-Pierre": 0.03023523485416138
    },
    "Bruxelles": {
      "Anderlecht": 0.08218204141866291,
      "Auderghem": 0.03768126464116238,
      "Berchem-Sainte-Agathe": 0.02933808246262964,
      "Bruxelles": 0.008230887740140701,
      "Etterbeek": 0.07848941891118924,
      "Evere": 0.07947562453949722,
      "Forest (Bruxelles-Capitale)": 0.03532517457595167,
      "Ganshoren": 0.03180182630477425,
      "Ixelles": 0.036666068310422524,
      "Jette": 0.070930110894808,
      "Koekelberg": 0.03731594228565737,
      "Molenbeek-Saint-Jean": 0.05511669256547609,
      "Saint-Gilles": 0.07692664091068568,
      "Saint-Josse-ten-Noode": 0.055957787771785214,
      "Schaerbeek": 0.06264806150599732,
      "Uccle": 0.07406469907627782,
      "Watermael-Boitsfort": 0.07321992733475964,
      "Woluwe-Saint-Lambert": 0.038270765896332624,
      "Woluwe-Saint-Pierre": 0.036358982853789745
    },
    "Etterbeek": {
      "Anderlecht": 0.04758795020499801,
      "Auderghem": 0.08590873656891956,
      "Berchem-Sainte-Agathe": 0.025314012936234753,
      "Bruxelles": 0.09303766761633356,
      "Etterbeek": 0.009756507416892057,
      "Evere": 0.04680925968164973,
      "Forest (Bruxelles-Capitale)": 0.04024794062019275,
      "Ganshoren": 0.02682685955301654,
      "Ixelles": 0.07508413627633632,
      "Jette": 0.044165391833243174,
      "Koekelberg": 0.0299795121683694,
      "Molenbeek-Saint-Jean": 0.03838094280525494,
      "Saint-Gilles": 0.04605106612593493,
      "Saint-Josse-ten-Noode": 0.038722872625630865,
      "Schaerbeek": 0.09323045726537685,
      "Uccle": 0.045169589295050105,
      "Watermael-Boitsfort": 0.044903042764548005,
      "Woluwe-Saint-Lambert": 0.08853162724197225,
      "Woluwe-Saint-Pierre": 0.08029242700004616
    },
    "Evere": {
      "Anderlecht": 0.05883988000748024,
      "Auderghem": 0.03722620768108671,
      "Berchem-Sainte-Agathe": 0.031206084242427302,
      "Bruxelles": 0.11574204659641592,
      "Etterbeek": 0.057509723559696815,
      "Evere": 0.011986817314984265,
      "Forest (Bruxelles-Capitale)": 0.03561480436808315,
      "Ganshoren": 0.03307775685093162,
      "Ixelles": 0.036539899520633044,
      "Jette": 0.05458299962145814,
      "Koekelberg": 0.03698061125664674,
      "Molenbeek-Saint-Jean": 0.04739734731053191,
      "Saint-Gilles": 0.05692786374393225,
      "Saint-Josse-ten-Noode": 0.04782179500010109,
      "Schaerbeek": 0.08748030722281093,
      "Uccle": 0.05583158645078773,
      "Watermael-Boitsfort": 0.05550013826430713,
      "Woluwe-Saint-Lambert": 0.10084208206168911,
      "Woluwe-Saint-Pierre": 0.038892048925995834
    },
    "Forest (Bruxelles-Capitale)": {
      "Anderlecht": 0.09793971890525244,
      "Auderghem": 0.05441901355308563,
      "Berchem-Sainte-Agathe": 0.030568331646708524,
      "Bruxelles": 0.056940940571318176,
      "Etterbeek": 0.05473136541904016,
      "Evere": 0.03941973269037042,
      "Forest (Bruxelles-Capitale)": 0.013267435908996266,
      "Ganshoren": 0.026976118073516877,
      "Ixelles": 0.1179651572828517,
      "Jette": 0.03801060070832629,
      "Koekelberg": 0.02925071837893669,
      "Molenbeek-Saint-Jean": 0.043814658718580084,
      "Saint-Gilles": 0.10529136769367418,
      "Saint-Josse-ten-Noode": 0.034905627359875575,
      "Schaerbeek": 0.038228135081078876,
      "Uccle": 0.08784360929560839,
      "Watermael-Boitsfort": 0.05634470925544558,
      "Woluwe-Saint-Lambert": 0.03762597531705348,
      "Woluwe-Saint-Pierre": 0.03645678414028071
    },
    "Ganshoren": {
      "Anderlecht": 0.043053378155040574,
      "Auderghem": 0.03238322060508209,
      "Berchem-Sainte-Agathe": 0.12372904784291862,
      "Bruxelles": 0.05971366098916148,
      "Etterbeek": 0.04249558106739605,
      "Evere": 0.04264817772735428,
      "Forest (Bruxelles-Capitale)": 0.0314239496973712,
      "Ganshoren": 0.015454975303755475,
      "Ixelles": 0.03197798304152974,
      "Jette": 0.10824641663373623,
      "Koekelberg": 0.14010246285951705,
      "Molenbeek-Saint-Jean": 0.06096657764649673,
      "Saint-Gilles": 0.04224810184505656,
      "Saint-Josse-ten-Noode": 0.03807496653065075,
      "Schaerbeek": 0.03960772419224222,
      "Uccle": 0.041775946797028646,
      "Watermael-Boitsfort": 0.041631659794271546,
      "Woluwe-Saint-Lambert": 0.032613144008865,
      "Woluwe-Saint-Pierre": 0.03185302526252575
    },
    "Ixelles": {
      "Anderlecht": 0.0474033499697692,
      "Auderghem": 0.08590400191066222,
      "Berchem-Sainte-Agathe": 0.022338979068064188,
      "Bruxelles": 0.0502577271163756,
      "Etterbeek": 0.08682383994146979,
      "Evere": 0.03439130386769057,
      "Forest (Bruxelles-Capitale)": 0.10031177884273715,
      "Ganshoren": 0.023343605308888415,
      "Ixelles": 0.01128197619846593,
      "Jette": 0.03313115934057468,
      "Koekelberg": 0.025349600928287863,
      "Molenbeek-Saint-Jean": 0.030180391917587812,
      "Saint-Gilles": 0.09602839396385997,
      "Saint-Josse-ten-Noode": 0.030362709423092802,
      "Schaerbeek": 0.04809224279933302,
      "Uccle": 0.0912284942207612,
      "Watermael-Boitsfort": 0.09172341641003323,
      "Woluwe-Saint-Lambert": 0.04697992215496235,
      "Woluwe-Saint-Pierre": 0.04486710661738394
    },
    "Jette": {
      "Anderlecht": 0.05172139524068425,